{"mm2_kernel10": {"write": {"device_start": 1586204413.2393255, "host_queued_start": 1586204496.407119, "device_queued": 1586204413.2390144, "device_end": 1586204413.2401657, "host_queued_end": 1586204496.407508}, "device": "gpu", "nd_range": {"device_start": 1586204413.2401738, "device_end": 1586204413.2428806}, "cmdq": 0, "read": {"device_start": 1586204413.242887, "device_end": 1586204413.2429717}}}