{"mm2_kernel10": {"write": {"device_start": 1586199364.7818015, "host_queued_start": 1586199447.808044, "device_queued": 1586199364.7817862, "device_end": 1586199364.7818215, "host_queued_end": 1586199447.808401}, "device": "gpu", "nd_range": {"device_start": 1586199364.7818272, "device_end": 1586199364.7818465}, "cmdq": 0, "read": {"device_start": 1586199364.7818506, "device_end": 1586199364.7818522}}}