{"mm2_kernel10": {"write": {"device_start": 1586199468.9985435, "host_queued_start": 1586199552.027648, "device_queued": 1586199468.9984734, "device_end": 1586199468.9985716, "host_queued_end": 1586199552.02804}, "device": "gpu", "nd_range": {"device_start": 1586199468.9985728, "device_end": 1586199468.9986212}, "cmdq": 0, "read": {"device_start": 1586199468.9986303, "device_end": 1586199468.9986372}}}