{"mm2_kernel10": {"write": {"device_start": 1586199487.2108037, "host_queued_start": 1586199570.240467, "device_queued": 1586199487.21078, "device_end": 1586199487.210855, "host_queued_end": 1586199570.240827}, "device": "gpu", "nd_range": {"device_start": 1586199487.210856, "device_end": 1586199487.2109313}, "cmdq": 0, "read": {"device_start": 1586199487.2109382, "device_end": 1586199487.2109451}}}