{"mm2_kernel10": {"write": {"device_start": 1586204335.0441859, "host_queued_start": 1586204418.210013, "device_queued": 1586204335.04409, "device_end": 1586204335.0444527, "host_queued_end": 1586204418.210376}, "device": "gpu", "nd_range": {"device_start": 1586204335.044461, "device_end": 1586204335.044793}, "cmdq": 0, "read": {"device_start": 1586204335.0447962, "device_end": 1586204335.044819}}}