{"mm2_kernel10": {"write": {"device_start": 1586235568.33438, "host_queued_start": 1586235652.4005, "device_queued": 1586235568.3340783, "device_end": 1586235568.337877, "host_queued_end": 1586235652.400913}, "device": "gpu", "nd_range": {"device_start": 1586235568.3378844, "device_end": 1586235568.356431}, "cmdq": 0, "read": {"device_start": 1586235568.3564327, "device_end": 1586235568.3573241}}}