{"mm2_kernel10": {"write": {"device_start": 1586235560.3766587, "host_queued_start": 1586235644.442517, "device_queued": 1586235560.3763509, "device_end": 1586235560.3800232, "host_queued_end": 1586235644.442933}, "device": "gpu", "nd_range": {"device_start": 1586235560.3800292, "device_end": 1586235560.3985512}, "cmdq": 0, "read": {"device_start": 1586235560.398553, "device_end": 1586235560.3994286}}}