{"mm2_kernel10": {"write": {"device_start": 1586204421.1122327, "host_queued_start": 1586204504.280233, "device_queued": 1586204421.1119125, "device_end": 1586204421.1130886, "host_queued_end": 1586204504.280612}, "device": "gpu", "nd_range": {"device_start": 1586204421.1130955, "device_end": 1586204421.1158347}, "cmdq": 0, "read": {"device_start": 1586204421.1158404, "device_end": 1586204421.1159253}}}