{"mm2_kernel10": {"write": {"device_start": 1586204340.2359715, "host_queued_start": 1586204423.401974, "device_queued": 1586204340.2358873, "device_end": 1586204340.236228, "host_queued_end": 1586204423.402332}, "device": "gpu", "nd_range": {"device_start": 1586204340.2362351, "device_end": 1586204340.236582}, "cmdq": 0, "read": {"device_start": 1586204340.2365868, "device_end": 1586204340.2366097}}}