{"mm2_kernel10": {"write": {"device_start": 1586199380.433409, "host_queued_start": 1586199463.460091, "device_queued": 1586199380.4333928, "device_end": 1586199380.4334326, "host_queued_end": 1586199463.460454}, "device": "gpu", "nd_range": {"device_start": 1586199380.4334388, "device_end": 1586199380.4334588}, "cmdq": 0, "read": {"device_start": 1586199380.4334633, "device_end": 1586199380.4334655}}}