{"mm2_kernel10": {"write": {"device_start": 1586204337.6401222, "host_queued_start": 1586204420.806046, "device_queued": 1586204337.6400337, "device_end": 1586204337.6404214, "host_queued_end": 1586204420.806415}, "device": "gpu", "nd_range": {"device_start": 1586204337.64043, "device_end": 1586204337.6407747}, "cmdq": 0, "read": {"device_start": 1586204337.6407838, "device_end": 1586204337.6408064}}}