{"mm2_kernel10": {"write": {"device_start": 1586199435.0126097, "host_queued_start": 1586199518.040825, "device_queued": 1586199435.0125906, "device_end": 1586199435.0126424, "host_queued_end": 1586199518.041198}, "device": "gpu", "nd_range": {"device_start": 1586199435.0126483, "device_end": 1586199435.0126846}, "cmdq": 0, "read": {"device_start": 1586199435.012694, "device_end": 1586199435.0126972}}}