{"mm2_kernel10": {"write": {"device_start": 1586199437.6198514, "host_queued_start": 1586199520.648143, "device_queued": 1586199437.6198342, "device_end": 1586199437.619878, "host_queued_end": 1586199520.648507}, "device": "gpu", "nd_range": {"device_start": 1586199437.6198826, "device_end": 1586199437.619921}, "cmdq": 0, "read": {"device_start": 1586199437.61993, "device_end": 1586199437.6199331}}}