{"mm2_kernel10": {"write": {"device_start": 1586204387.1251855, "host_queued_start": 1586204470.292236, "device_queued": 1586204387.124859, "device_end": 1586204387.1260662, "host_queued_end": 1586204470.292633}, "device": "gpu", "nd_range": {"device_start": 1586204387.1260717, "device_end": 1586204387.1284142}, "cmdq": 0, "read": {"device_start": 1586204387.12842, "device_end": 1586204387.1285045}}}