{"mm2_kernel10": {"write": {"device_start": 1586199359.5420523, "host_queued_start": 1586199442.568126, "device_queued": 1586199359.542037, "device_end": 1586199359.5420752, "host_queued_end": 1586199442.568485}, "device": "gpu", "nd_range": {"device_start": 1586199359.542081, "device_end": 1586199359.542101}, "cmdq": 0, "read": {"device_start": 1586199359.5421047, "device_end": 1586199359.5421069}}}