{"fdtd_kernel30": {"write": {"device_start": 1586198644.5226996, "host_queued_start": 1586198727.528405, "device_queued": 1586198644.5226834, "device_end": 1586198644.5227232, "host_queued_end": 1586198727.528774}, "device": "gpu", "nd_range": {"device_start": 1586198644.5227292, "device_end": 1586198644.522743}, "cmdq": 0, "read": {"device_start": 1586198644.5227532, "device_end": 1586198644.5227551}}}