{"fdtd_kernel30": {"write": {"device_start": 1586198675.7936492, "host_queued_start": 1586198758.800249, "device_queued": 1586198675.7936335, "device_end": 1586198675.7936718, "host_queued_end": 1586198758.800611}, "device": "gpu", "nd_range": {"device_start": 1586198675.7936773, "device_end": 1586198675.793691}, "cmdq": 0, "read": {"device_start": 1586198675.7937007, "device_end": 1586198675.7937028}}}