{"fdtd_kernel30": {"write": {"device_start": 1586198727.7563622, "host_queued_start": 1586198810.764395, "device_queued": 1586198727.7563443, "device_end": 1586198727.7563915, "host_queued_end": 1586198810.764759}, "device": "gpu", "nd_range": {"device_start": 1586198727.7563987, "device_end": 1586198727.7564125}, "cmdq": 0, "read": {"device_start": 1586198727.7564216, "device_end": 1586198727.7564247}}}