{"fdtd_kernel30": {"write": {"device_start": 1586198647.1104133, "host_queued_start": 1586198730.116235, "device_queued": 1586198647.1103978, "device_end": 1586198647.110433, "host_queued_end": 1586198730.116608}, "device": "gpu", "nd_range": {"device_start": 1586198647.110439, "device_end": 1586198647.110453}, "cmdq": 0, "read": {"device_start": 1586198647.110463, "device_end": 1586198647.110465}}}