{"fdtd_kernel30": {"write": {"device_start": 1586198652.294363, "host_queued_start": 1586198735.300324, "device_queued": 1586198652.2943473, "device_end": 1586198652.2943823, "host_queued_end": 1586198735.300692}, "device": "gpu", "nd_range": {"device_start": 1586198652.2943883, "device_end": 1586198652.2944012}, "cmdq": 0, "read": {"device_start": 1586198652.294411, "device_end": 1586198652.2944129}}}