{"fdtd_kernel30": {"write": {"device_start": 1586198782.6354866, "host_queued_start": 1586198865.645067, "device_queued": 1586198782.6354594, "device_end": 1586198782.6355474, "host_queued_end": 1586198865.64544}, "device": "gpu", "nd_range": {"device_start": 1586198782.6355488, "device_end": 1586198782.6355627}, "cmdq": 0, "read": {"device_start": 1586198782.63557, "device_end": 1586198782.6355848}}}