{"fdtd_kernel30": {"write": {"device_start": 1586203577.9248648, "host_queued_start": 1586203661.069703, "device_queued": 1586203577.9247797, "device_end": 1586203577.9251525, "host_queued_end": 1586203661.070065}, "device": "gpu", "nd_range": {"device_start": 1586203577.9251583, "device_end": 1586203577.9251697}, "cmdq": 0, "read": {"device_start": 1586203577.925174, "device_end": 1586203577.925197}}}