{"fdtd_kernel30": {"write": {"device_start": 1586235035.7371144, "host_queued_start": 1586235119.787463, "device_queued": 1586235035.736792, "device_end": 1586235035.7406623, "host_queued_end": 1586235119.787977}, "device": "gpu", "nd_range": {"device_start": 1586235035.7406683, "device_end": 1586235035.7407918}, "cmdq": 0, "read": {"device_start": 1586235035.7407987, "device_end": 1586235035.7417057}}}