{"fdtd_kernel30": {"write": {"device_start": 1586235001.361674, "host_queued_start": 1586235085.411166, "device_queued": 1586235001.361388, "device_end": 1586235001.3651044, "host_queued_end": 1586235085.411578}, "device": "gpu", "nd_range": {"device_start": 1586235001.365112, "device_end": 1586235001.3652396}, "cmdq": 0, "read": {"device_start": 1586235001.3652449, "device_end": 1586235001.3661442}}}