{"fdtd_kernel30": {"write": {"device_start": 1586198748.5801053, "host_queued_start": 1586198831.58872, "device_queued": 1586198748.5800812, "device_end": 1586198748.5801554, "host_queued_end": 1586198831.589089}, "device": "gpu", "nd_range": {"device_start": 1586198748.5801566, "device_end": 1586198748.58017}, "cmdq": 0, "read": {"device_start": 1586198748.5801768, "device_end": 1586198748.5801842}}}