{"fdtd_kernel30": {"write": {"device_start": 1586234998.7298138, "host_queued_start": 1586235082.779261, "device_queued": 1586234998.7295153, "device_end": 1586234998.7331235, "host_queued_end": 1586235082.779646}, "device": "gpu", "nd_range": {"device_start": 1586234998.73313, "device_end": 1586234998.7332573}, "cmdq": 0, "read": {"device_start": 1586234998.7332628, "device_end": 1586234998.7341185}}}