{"fdtd_kernel30": {"write": {"device_start": 1586203601.3647318, "host_queued_start": 1586203684.5102, "device_queued": 1586203601.3646376, "device_end": 1586203601.3649688, "host_queued_end": 1586203684.51056}, "device": "gpu", "nd_range": {"device_start": 1586203601.364975, "device_end": 1586203601.364987}, "cmdq": 0, "read": {"device_start": 1586203601.3649907, "device_end": 1586203601.3650138}}}