{"fdtd_kernel30": {"write": {"device_start": 1586203630.0465386, "host_queued_start": 1586203713.192498, "device_queued": 1586203630.0462022, "device_end": 1586203630.0473642, "host_queued_end": 1586203713.19289}, "device": "gpu", "nd_range": {"device_start": 1586203630.0473664, "device_end": 1586203630.0473998}, "cmdq": 0, "read": {"device_start": 1586203630.047407, "device_end": 1586203630.0475047}}}