{"fdtd_kernel20": {"write": {"device_start": 1586203494.4234707, "host_queued_start": 1586203577.56606, "device_queued": 1586203494.4234552, "device_end": 1586203494.42432, "host_queued_end": 1586203577.566437}, "device": "gpu", "nd_range": {"device_start": 1586203494.4243264, "device_end": 1586203494.4243598}, "cmdq": 0, "read": {"device_start": 1586203494.424367, "device_end": 1586203494.4244525}}}