{"fdtd_kernel20": {"write": {"device_start": 1586234893.755089, "host_queued_start": 1586234977.80161, "device_queued": 1586234893.7550623, "device_end": 1586234893.7575982, "host_queued_end": 1586234977.802039}, "device": "gpu", "nd_range": {"device_start": 1586234893.757601, "device_end": 1586234893.7577043}, "cmdq": 0, "read": {"device_start": 1586234893.7577093, "device_end": 1586234893.758562}}}