{"fdtd_kernel20": {"write": {"device_start": 1586203465.5807407, "host_queued_start": 1586203548.722536, "device_queued": 1586203465.5807257, "device_end": 1586203465.5815897, "host_queued_end": 1586203548.722952}, "device": "gpu", "nd_range": {"device_start": 1586203465.5815926, "device_end": 1586203465.581623}, "cmdq": 0, "read": {"device_start": 1586203465.5816247, "device_end": 1586203465.5817103}}}