{"fdtd_kernel20": {"write": {"device_start": 1586198532.3379002, "host_queued_start": 1586198615.340558, "device_queued": 1586198532.3378763, "device_end": 1586198532.33806, "host_queued_end": 1586198615.340923}, "device": "gpu", "nd_range": {"device_start": 1586198532.3380613, "device_end": 1586198532.3380756}, "cmdq": 0, "read": {"device_start": 1586198532.3380833, "device_end": 1586198532.3380914}}}