{"fdtd_kernel20": {"write": {"device_start": 1586198480.4630811, "host_queued_start": 1586198563.464286, "device_queued": 1586198480.4630666, "device_end": 1586198480.4632025, "host_queued_end": 1586198563.464644}, "device": "gpu", "nd_range": {"device_start": 1586198480.4632084, "device_end": 1586198480.4632218}, "cmdq": 0, "read": {"device_start": 1586198480.4632304, "device_end": 1586198480.4632335}}}