{"fdtd_kernel20": {"write": {"device_start": 1586198464.871904, "host_queued_start": 1586198547.87262, "device_queued": 1586198464.8718894, "device_end": 1586198464.8720427, "host_queued_end": 1586198547.872989}, "device": "gpu", "nd_range": {"device_start": 1586198464.872049, "device_end": 1586198464.8720632}, "cmdq": 0, "read": {"device_start": 1586198464.8720708, "device_end": 1586198464.8720727}}}