{"fdtd_kernel20": {"write": {"device_start": 1586203486.5603964, "host_queued_start": 1586203569.702766, "device_queued": 1586203486.560381, "device_end": 1586203486.561237, "host_queued_end": 1586203569.703183}, "device": "gpu", "nd_range": {"device_start": 1586203486.5612435, "device_end": 1586203486.5612764}, "cmdq": 0, "read": {"device_start": 1586203486.5612838, "device_end": 1586203486.5613694}}}