{"fdtd_kernel20": {"write": {"device_start": 1586203413.5175178, "host_queued_start": 1586203496.657915, "device_queued": 1586203413.5175033, "device_end": 1586203413.5178416, "host_queued_end": 1586203496.658281}, "device": "gpu", "nd_range": {"device_start": 1586203413.5178509, "device_end": 1586203413.517862}, "cmdq": 0, "read": {"device_start": 1586203413.5178668, "device_end": 1586203413.5178893}}}