{"fdtd_kernel20": {"write": {"device_start": 1586203468.1842275, "host_queued_start": 1586203551.326094, "device_queued": 1586203468.184211, "device_end": 1586203468.1850967, "host_queued_end": 1586203551.326485}, "device": "gpu", "nd_range": {"device_start": 1586203468.1851017, "device_end": 1586203468.1851325}, "cmdq": 0, "read": {"device_start": 1586203468.185134, "device_end": 1586203468.1852193}}}