{"fdtd_kernel20": {"write": {"device_start": 1586198485.6509838, "host_queued_start": 1586198568.652329, "device_queued": 1586198485.6509693, "device_end": 1586198485.6511202, "host_queued_end": 1586198568.652693}, "device": "gpu", "nd_range": {"device_start": 1586198485.6511269, "device_end": 1586198485.6511402}, "cmdq": 0, "read": {"device_start": 1586198485.6511488, "device_end": 1586198485.651152}}}