{"fdtd_kernel20": {"write": {"device_start": 1586198457.048318, "host_queued_start": 1586198540.048787, "device_queued": 1586198457.0483027, "device_end": 1586198457.048468, "host_queued_end": 1586198540.049156}, "device": "gpu", "nd_range": {"device_start": 1586198457.048474, "device_end": 1586198457.0484872}, "cmdq": 0, "read": {"device_start": 1586198457.0484962, "device_end": 1586198457.0484984}}}