{"fdtd_kernel20": {"write": {"device_start": 1586198488.2548947, "host_queued_start": 1586198571.256316, "device_queued": 1586198488.25488, "device_end": 1586198488.2550318, "host_queued_end": 1586198571.256679}, "device": "gpu", "nd_range": {"device_start": 1586198488.2550387, "device_end": 1586198488.2550514}, "cmdq": 0, "read": {"device_start": 1586198488.2550604, "device_end": 1586198488.2550633}}}