{"fdtd_kernel20": {"write": {"device_start": 1586198454.4638956, "host_queued_start": 1586198537.464292, "device_queued": 1586198454.4638798, "device_end": 1586198454.4640474, "host_queued_end": 1586198537.464654}, "device": "gpu", "nd_range": {"device_start": 1586198454.4640534, "device_end": 1586198454.4640665}, "cmdq": 0, "read": {"device_start": 1586198454.4640741, "device_end": 1586198454.464076}}}