{"FFC_sans_bias4": {"write": {"device_start": -1, "host_queued_start": 1585619341.2598, "device_queued": -1, "device_end": -1, "host_queued_end": 1585619341.26151}, "device": "gpu", "nd_range": {"device_start": 1585619274.9326587, "device_end": 1585619274.9332588}, "cmdq": 1, "read": {"device_start": -1, "device_end": -1}}, "coalesced_transpose3": {"write": {"device_start": -1, "host_queued_start": 1585619341.259482, "device_queued": -1, "device_end": -1, "host_queued_end": 1585619341.26151}, "device": "gpu", "nd_range": {"device_start": 1585619274.9321144, "device_end": 1585619274.9325032}, "cmdq": 0, "read": {"device_start": -1, "device_end": -1}}, "FFC_sans_bias6": {"write": {"device_start": -1, "host_queued_start": 1585619341.26037, "device_queued": -1, "device_end": -1, "host_queued_end": 1585619341.26151}, "device": "gpu", "nd_range": {"device_start": 1585619274.9334605, "device_end": 1585619274.9340553}, "cmdq": 3, "read": {"device_start": -1, "device_end": -1}}, "FFC_sans_bias1": {"write": {"device_start": 1585619274.9310038, "host_queued_start": 1585619341.258022, "device_queued": 1585619274.9308195, "device_end": 1585619274.9310572, "host_queued_end": 1585619341.26151}, "device": "gpu", "nd_range": {"device_start": 1585619274.9311078, "device_end": 1585619274.9321105}, "cmdq": 2, "read": {"device_start": -1, "device_end": -1}}, "FFC_sans_bias0": {"write": {"device_start": 1585619274.9309227, "host_queued_start": 1585619341.256931, "device_queued": 1585619274.9308004, "device_end": 1585619274.9309766, "host_queued_end": 1585619341.26151}, "device": "gpu", "nd_range": {"device_start": 1585619274.931087, "device_end": 1585619274.9316952}, "cmdq": 1, "read": {"device_start": -1, "device_end": -1}}, "FFC_sans_bias2": {"write": {"device_start": 1585619274.931079, "host_queued_start": 1585619341.259133, "device_queued": 1585619274.930845, "device_end": 1585619274.9311042, "host_queued_end": 1585619341.26151}, "device": "gpu", "nd_range": {"device_start": 1585619274.9311218, "device_end": 1585619274.9326546}, "cmdq": 3, "read": {"device_start": -1, "device_end": -1}}, "softmax5": {"write": {"device_start": -1, "host_queued_start": 1585619341.260056, "device_queued": -1, "device_end": -1, "host_queued_end": 1585619341.26151}, "device": "gpu", "nd_range": {"device_start": 1585619274.9332654, "device_end": 1585619274.9334564}, "cmdq": 2, "read": {"device_start": -1, "device_end": -1}}, "FFC_sans_bias7": {"write": {"device_start": 1585619274.932582, "host_queued_start": 1585619341.261399, "device_queued": 1585619274.9312825, "device_end": 1585619274.9326124, "host_queued_end": 1585619341.26151}, "device": "gpu", "nd_range": {"device_start": 1585619274.9340587, "device_end": 1585619274.9346523}, "cmdq": 0, "read": {"device_start": 1585619274.93466, "device_end": 1585619274.9346824}}, "empty8": {"write": {"device_start": 1585619274.9308302, "host_queued_start": 1585619341.255726, "device_queued": 1585619274.9306896, "device_end": 1585619274.9308705, "host_queued_end": 1585619341.26151}, "device": "gpu", "nd_range": {"device_start": 1585619274.9308798, "device_end": 1585619274.9308853}, "cmdq": 0, "read": {"device_start": -1, "device_end": -1}}}