{"FFC_sans_bias4": {"write": {"device_start": -1, "host_queued_start": 1585619367.586922, "device_queued": -1, "device_end": -1, "host_queued_end": 1585619367.588611}, "device": "gpu", "nd_range": {"device_start": 1585619301.258948, "device_end": 1585619301.2595458}, "cmdq": 0, "read": {"device_start": -1, "device_end": -1}}, "coalesced_transpose3": {"write": {"device_start": -1, "host_queued_start": 1585619367.586544, "device_queued": -1, "device_end": -1, "host_queued_end": 1585619367.588611}, "device": "gpu", "nd_range": {"device_start": 1585619301.2583833, "device_end": 1585619301.2587848}, "cmdq": 4, "read": {"device_start": -1, "device_end": -1}}, "FFC_sans_bias6": {"write": {"device_start": -1, "host_queued_start": 1585619367.587481, "device_queued": -1, "device_end": -1, "host_queued_end": 1585619367.588611}, "device": "gpu", "nd_range": {"device_start": 1585619301.2597516, "device_end": 1585619301.2603478}, "cmdq": 2, "read": {"device_start": -1, "device_end": -1}}, "FFC_sans_bias1": {"write": {"device_start": 1585619301.2572765, "host_queued_start": 1585619367.585118, "device_queued": 1585619301.2570722, "device_end": 1585619301.2573318, "host_queued_end": 1585619367.588611}, "device": "gpu", "nd_range": {"device_start": 1585619301.2573917, "device_end": 1585619301.2583792}, "cmdq": 2, "read": {"device_start": -1, "device_end": -1}}, "FFC_sans_bias0": {"write": {"device_start": 1585619301.2571766, "host_queued_start": 1585619367.584029, "device_queued": 1585619301.2570534, "device_end": 1585619301.2572412, "host_queued_end": 1585619367.588611}, "device": "gpu", "nd_range": {"device_start": 1585619301.2573626, "device_end": 1585619301.257979}, "cmdq": 1, "read": {"device_start": -1, "device_end": -1}}, "FFC_sans_bias2": {"write": {"device_start": 1585619301.257354, "host_queued_start": 1585619367.586193, "device_queued": 1585619301.2570899, "device_end": 1585619301.257378, "host_queued_end": 1585619367.588611}, "device": "gpu", "nd_range": {"device_start": 1585619301.2574048, "device_end": 1585619301.2589455}, "cmdq": 3, "read": {"device_start": -1, "device_end": -1}}, "softmax5": {"write": {"device_start": -1, "host_queued_start": 1585619367.587172, "device_queued": -1, "device_end": -1, "host_queued_end": 1585619367.588611}, "device": "gpu", "nd_range": {"device_start": 1585619301.2595534, "device_end": 1585619301.2597444}, "cmdq": 1, "read": {"device_start": -1, "device_end": -1}}, "FFC_sans_bias7": {"write": {"device_start": 1585619301.259057, "host_queued_start": 1585619367.588505, "device_queued": 1585619301.2575343, "device_end": 1585619301.259087, "host_queued_end": 1585619367.588611}, "device": "gpu", "nd_range": {"device_start": 1585619301.2603521, "device_end": 1585619301.2609491}, "cmdq": 3, "read": {"device_start": 1585619301.2609544, "device_end": 1585619301.2609773}}, "empty8": {"write": {"device_start": 1585619301.2570796, "host_queued_start": 1585619367.582822, "device_queued": 1585619301.2569668, "device_end": 1585619301.257126, "host_queued_end": 1585619367.588611}, "device": "gpu", "nd_range": {"device_start": 1585619301.2571368, "device_end": 1585619301.2571461}, "cmdq": 0, "read": {"device_start": -1, "device_end": -1}}}