{"FFC_sans_bias11": {"write": {"device_start": 1585619479.2449863, "host_queued_start": 1585619545.579223, "device_queued": 1585619479.2446804, "device_end": 1585619479.245013, "host_queued_end": 1585619545.581756}, "device": "gpu", "nd_range": {"device_start": 1585619479.245016, "device_end": 1585619479.2464118}, "cmdq": 3, "read": {"device_start": -1, "device_end": -1}}, "FFC_sans_bias4": {"write": {"device_start": -1, "host_queued_start": 1585619545.587075, "device_queued": -1, "device_end": -1, "host_queued_end": 1585619545.588778}, "device": "cpu", "nd_range": {"device_start": 2287319.790980745, "device_end": 2287319.795549795}, "cmdq": 0, "read": {"device_start": -1, "device_end": -1}}, "coalesced_transpose3": {"write": {"device_start": -1, "host_queued_start": 1585619545.586736, "device_queued": -1, "device_end": -1, "host_queued_end": 1585619545.588778}, "device": "cpu", "nd_range": {"device_start": 2287319.7907093223, "device_end": 2287319.790854006}, "cmdq": 0, "read": {"device_start": -1, "device_end": -1}}, "FFC_sans_bias6": {"write": {"device_start": -1, "host_queued_start": 1585619545.58769, "device_queued": -1, "device_end": -1, "host_queued_end": 1585619545.588778}, "device": "cpu", "nd_range": {"device_start": 2287319.7957780743, "device_end": 2287319.800063615}, "cmdq": 0, "read": {"device_start": -1, "device_end": -1}}, "FFC_sans_bias1": {"write": {"device_start": -1, "host_queued_start": 1585619545.585277, "device_queued": -1, "device_end": -1, "host_queued_end": 1585619545.588778}, "device": "cpu", "nd_range": {"device_start": 2287319.782461916, "device_end": 2287319.786518497}, "cmdq": 0, "read": {"device_start": -1, "device_end": -1}}, "FFC_sans_bias0": {"write": {"device_start": -1, "host_queued_start": 1585619545.584155, "device_queued": -1, "device_end": -1, "host_queued_end": 1585619545.588778}, "device": "cpu", "nd_range": {"device_start": 2287319.778377275, "device_end": 2287319.7822686033}, "cmdq": 0, "read": {"device_start": -1, "device_end": -1}}, "FFC_sans_bias2": {"write": {"device_start": -1, "host_queued_start": 1585619545.586399, "device_queued": -1, "device_end": -1, "host_queued_end": 1585619545.588778}, "device": "cpu", "nd_range": {"device_start": 2287319.7865346633, "device_end": 2287319.7907014852}, "cmdq": 0, "read": {"device_start": -1, "device_end": -1}}, "softmax14": {"write": {"device_start": -1, "host_queued_start": 1585619545.580321, "device_queued": -1, "device_end": -1, "host_queued_end": 1585619545.581756}, "device": "gpu", "nd_range": {"device_start": 1585619479.2470238, "device_end": 1585619479.247216}, "cmdq": 1, "read": {"device_start": -1, "device_end": -1}}, "FFC_sans_bias16": {"write": {"device_start": 1585619479.2465386, "host_queued_start": 1585619545.581648, "device_queued": 1585619479.2451196, "device_end": 1585619479.2465708, "host_queued_end": 1585619545.581756}, "device": "gpu", "nd_range": {"device_start": 1585619479.2478297, "device_end": 1585619479.248427}, "cmdq": 3, "read": {"device_start": 1585619479.248433, "device_end": 1585619479.2484589}}, "softmax5": {"write": {"device_start": -1, "host_queued_start": 1585619545.58735, "device_queued": -1, "device_end": -1, "host_queued_end": 1585619545.588778}, "device": "cpu", "nd_range": {"device_start": 2287319.7956691943, "device_end": 2287319.795772231}, "cmdq": 0, "read": {"device_start": -1, "device_end": -1}}, "FFC_sans_bias9": {"write": {"device_start": 1585619479.2447996, "host_queued_start": 1585619545.577018, "device_queued": 1585619479.2446446, "device_end": 1585619479.2448637, "host_queued_end": 1585619545.581756}, "device": "gpu", "nd_range": {"device_start": 1585619479.2449043, "device_end": 1585619479.2455184}, "cmdq": 1, "read": {"device_start": -1, "device_end": -1}}, "FFC_sans_bias7": {"write": {"device_start": -1, "host_queued_start": 1585619545.588734, "device_queued": -1, "device_end": -1, "host_queued_end": 1585619545.588778}, "device": "cpu", "nd_range": {"device_start": 2287319.800068416, "device_end": 2287319.804707015}, "cmdq": 0, "read": {"device_start": -1, "device_end": -1}}, "empty8": {"write": {"device_start": -1, "host_queued_start": 1585619545.583112, "device_queued": -1, "device_end": -1, "host_queued_end": 1585619545.588778}, "device": "cpu", "nd_range": {"device_start": 2287319.77835076, "device_end": 2287319.7783622933}, "cmdq": 0, "read": {"device_start": -1, "device_end": -1}}, "empty17": {"write": {"device_start": 1585619479.2446985, "host_queued_start": 1585619545.57581, "device_queued": 1585619479.2445667, "device_end": 1585619479.2447422, "host_queued_end": 1585619545.581756}, "device": "gpu", "nd_range": {"device_start": 1585619479.244746, "device_end": 1585619479.2447574}, "cmdq": 0, "read": {"device_start": -1, "device_end": -1}}, "FFC_sans_bias15": {"write": {"device_start": -1, "host_queued_start": 1585619545.580631, "device_queued": -1, "device_end": -1, "host_queued_end": 1585619545.581756}, "device": "gpu", "nd_range": {"device_start": 1585619479.2472224, "device_end": 1585619479.2478256}, "cmdq": 2, "read": {"device_start": -1, "device_end": -1}}, "FFC_sans_bias13": {"write": {"device_start": -1, "host_queued_start": 1585619545.580068, "device_queued": -1, "device_end": -1, "host_queued_end": 1585619545.581756}, "device": "gpu", "nd_range": {"device_start": 1585619479.246415, "device_end": 1585619479.2470157}, "cmdq": 0, "read": {"device_start": -1, "device_end": -1}}, "FFC_sans_bias10": {"write": {"device_start": 1585619479.2448864, "host_queued_start": 1585619545.578108, "device_queued": 1585619479.2446632, "device_end": 1585619479.2449403, "host_queued_end": 1585619545.581756}, "device": "gpu", "nd_range": {"device_start": 1585619479.2449439, "device_end": 1585619479.2459347}, "cmdq": 2, "read": {"device_start": -1, "device_end": -1}}, "coalesced_transpose12": {"write": {"device_start": -1, "host_queued_start": 1585619545.579713, "device_queued": -1, "device_end": -1, "host_queued_end": 1585619545.581756}, "device": "gpu", "nd_range": {"device_start": 1585619479.2459393, "device_end": 1585619479.2463226}, "cmdq": 4, "read": {"device_start": -1, "device_end": -1}}}