{"FFC_sans_bias11": {"write": {"device_start": 1585619383.5444326, "host_queued_start": 1585619449.875117, "device_queued": 1585619383.5438108, "device_end": 1585619383.544457, "host_queued_end": 1585619449.877583}, "device": "gpu", "nd_range": {"device_start": 1585619383.5444596, "device_end": 1585619383.5452657}, "cmdq": 1, "read": {"device_start": -1, "device_end": -1}}, "FFC_sans_bias4": {"write": {"device_start": -1, "host_queued_start": 1585619449.882977, "device_queued": -1, "device_end": -1, "host_queued_end": 1585619449.884695}, "device": "cpu", "nd_range": {"device_start": 2287224.0859014504, "device_end": 2287224.091110601}, "cmdq": 1, "read": {"device_start": -1, "device_end": -1}}, "coalesced_transpose3": {"write": {"device_start": -1, "host_queued_start": 1585619449.882566, "device_queued": -1, "device_end": -1, "host_queued_end": 1585619449.884695}, "device": "cpu", "nd_range": {"device_start": 2287224.084515883, "device_end": 2287224.0847503943}, "cmdq": 0, "read": {"device_start": -1, "device_end": -1}}, "FFC_sans_bias6": {"write": {"device_start": -1, "host_queued_start": 1585619449.883603, "device_queued": -1, "device_end": -1, "host_queued_end": 1585619449.884695}, "device": "cpu", "nd_range": {"device_start": 2287224.0922259362, "device_end": 2287224.098661911}, "cmdq": 3, "read": {"device_start": -1, "device_end": -1}}, "FFC_sans_bias1": {"write": {"device_start": -1, "host_queued_start": 1585619449.881053, "device_queued": -1, "device_end": -1, "host_queued_end": 1585619449.884695}, "device": "cpu", "nd_range": {"device_start": 2287224.0743075293, "device_end": 2287224.082921606}, "cmdq": 2, "read": {"device_start": -1, "device_end": -1}}, "FFC_sans_bias0": {"write": {"device_start": -1, "host_queued_start": 1585619449.879912, "device_queued": -1, "device_end": -1, "host_queued_end": 1585619449.884695}, "device": "cpu", "nd_range": {"device_start": 2287224.0743052093, "device_end": 2287224.0857754233}, "cmdq": 1, "read": {"device_start": -1, "device_end": -1}}, "FFC_sans_bias2": {"write": {"device_start": -1, "host_queued_start": 1585619449.882203, "device_queued": -1, "device_end": -1, "host_queued_end": 1585619449.884695}, "device": "cpu", "nd_range": {"device_start": 2287224.074314259, "device_end": 2287224.0869184732}, "cmdq": 3, "read": {"device_start": -1, "device_end": -1}}, "softmax14": {"write": {"device_start": -1, "host_queued_start": 1585619449.876133, "device_queued": -1, "device_end": -1, "host_queued_end": 1585619449.877583}, "device": "gpu", "nd_range": {"device_start": 1585619383.5458746, "device_end": 1585619383.546087}, "cmdq": 0, "read": {"device_start": -1, "device_end": -1}}, "FFC_sans_bias16": {"write": {"device_start": 1585619383.5462153, "host_queued_start": 1585619449.877472, "device_queued": 1585619383.544019, "device_end": 1585619383.5462458, "host_queued_end": 1585619449.877583}, "device": "gpu", "nd_range": {"device_start": 1585619383.546689, "device_end": 1585619383.5472791}, "cmdq": 0, "read": {"device_start": 1585619383.5472834, "device_end": 1585619383.5473068}}, "softmax5": {"write": {"device_start": -1, "host_queued_start": 1585619449.883254, "device_queued": -1, "device_end": -1, "host_queued_end": 1585619449.884695}, "device": "cpu", "nd_range": {"device_start": 2287224.091117442, "device_end": 2287224.0912658}, "cmdq": 2, "read": {"device_start": -1, "device_end": -1}}, "FFC_sans_bias9": {"write": {"device_start": 1585619383.5436294, "host_queued_start": 1585619449.872964, "device_queued": 1585619383.5434802, "device_end": 1585619383.5436893, "host_queued_end": 1585619449.877583}, "device": "gpu", "nd_range": {"device_start": 1585619383.5436938, "device_end": 1585619383.5442944}, "cmdq": 1, "read": {"device_start": -1, "device_end": -1}}, "FFC_sans_bias7": {"write": {"device_start": -1, "host_queued_start": 1585619449.88465, "device_queued": -1, "device_end": -1, "host_queued_end": 1585619449.884695}, "device": "cpu", "nd_range": {"device_start": 2287224.0986987064, "device_end": 2287224.102697595}, "cmdq": 0, "read": {"device_start": -1, "device_end": -1}}, "empty8": {"write": {"device_start": -1, "host_queued_start": 1585619449.878824, "device_queued": -1, "device_end": -1, "host_queued_end": 1585619449.884695}, "device": "cpu", "nd_range": {"device_start": 2287224.074260997, "device_end": 2287224.07427283}, "cmdq": 0, "read": {"device_start": -1, "device_end": -1}}, "empty17": {"write": {"device_start": 1585619383.5435152, "host_queued_start": 1585619449.871763, "device_queued": 1585619383.543383, "device_end": 1585619383.5435615, "host_queued_end": 1585619449.877583}, "device": "gpu", "nd_range": {"device_start": 1585619383.543566, "device_end": 1585619383.543578}, "cmdq": 0, "read": {"device_start": -1, "device_end": -1}}, "FFC_sans_bias15": {"write": {"device_start": -1, "host_queued_start": 1585619449.876445, "device_queued": -1, "device_end": -1, "host_queued_end": 1585619449.877583}, "device": "gpu", "nd_range": {"device_start": 1585619383.54609, "device_end": 1585619383.5466857}, "cmdq": 1, "read": {"device_start": -1, "device_end": -1}}, "FFC_sans_bias13": {"write": {"device_start": -1, "host_queued_start": 1585619449.875875, "device_queued": -1, "device_end": -1, "host_queued_end": 1585619449.877583}, "device": "gpu", "nd_range": {"device_start": 1585619383.5452676, "device_end": 1585619383.5458705}, "cmdq": 1, "read": {"device_start": -1, "device_end": -1}}, "FFC_sans_bias10": {"write": {"device_start": 1585619383.5437176, "host_queued_start": 1585619449.874046, "device_queued": 1585619383.5435355, "device_end": 1585619383.5437424, "host_queued_end": 1585619449.877583}, "device": "gpu", "nd_range": {"device_start": 1585619383.5437987, "device_end": 1585619383.5447035}, "cmdq": 0, "read": {"device_start": -1, "device_end": -1}}, "coalesced_transpose12": {"write": {"device_start": -1, "host_queued_start": 1585619449.875551, "device_queued": -1, "device_end": -1, "host_queued_end": 1585619449.877583}, "device": "gpu", "nd_range": {"device_start": 1585619383.5447054, "device_end": 1585619383.5451016}, "cmdq": 0, "read": {"device_start": -1, "device_end": -1}}}