{"FFC_sans_bias11": {"write": {"device_start": 1585619367.6050355, "host_queued_start": 1585619433.935235, "device_queued": 1585619367.6043317, "device_end": 1585619367.6050668, "host_queued_end": 1585619433.937712}, "device": "gpu", "nd_range": {"device_start": 1585619367.6050696, "device_end": 1585619367.6058645}, "cmdq": 1, "read": {"device_start": -1, "device_end": -1}}, "FFC_sans_bias4": {"write": {"device_start": -1, "host_queued_start": 1585619433.943028, "device_queued": -1, "device_end": -1, "host_queued_end": 1585619433.944763}, "device": "cpu", "nd_range": {"device_start": 2287208.146247906, "device_end": 2287208.151457391}, "cmdq": 1, "read": {"device_start": -1, "device_end": -1}}, "coalesced_transpose3": {"write": {"device_start": -1, "host_queued_start": 1585619433.942682, "device_queued": -1, "device_end": -1, "host_queued_end": 1585619433.944763}, "device": "cpu", "nd_range": {"device_start": 2287208.142388776, "device_end": 2287208.1426199563}, "cmdq": 0, "read": {"device_start": -1, "device_end": -1}}, "FFC_sans_bias6": {"write": {"device_start": -1, "host_queued_start": 1585619433.943644, "device_queued": -1, "device_end": -1, "host_queued_end": 1585619433.944763}, "device": "cpu", "nd_range": {"device_start": 2287208.151741114, "device_end": 2287208.1562796873}, "cmdq": 1, "read": {"device_start": -1, "device_end": -1}}, "FFC_sans_bias1": {"write": {"device_start": -1, "host_queued_start": 1585619433.941202, "device_queued": -1, "device_end": -1, "host_queued_end": 1585619433.944763}, "device": "cpu", "nd_range": {"device_start": 2287208.134606496, "device_end": 2287208.1422787244}, "cmdq": 0, "read": {"device_start": -1, "device_end": -1}}, "FFC_sans_bias0": {"write": {"device_start": -1, "host_queued_start": 1585619433.940055, "device_queued": -1, "device_end": -1, "host_queued_end": 1585619433.944763}, "device": "cpu", "nd_range": {"device_start": 2287208.13438278, "device_end": 2287208.141106027}, "cmdq": 1, "read": {"device_start": -1, "device_end": -1}}, "FFC_sans_bias2": {"write": {"device_start": -1, "host_queued_start": 1585619433.942324, "device_queued": -1, "device_end": -1, "host_queued_end": 1585619433.944763}, "device": "cpu", "nd_range": {"device_start": 2287208.14205006, "device_end": 2287208.146226239}, "cmdq": 1, "read": {"device_start": -1, "device_end": -1}}, "softmax14": {"write": {"device_start": -1, "host_queued_start": 1585619433.936271, "device_queued": -1, "device_end": -1, "host_queued_end": 1585619433.937712}, "device": "gpu", "nd_range": {"device_start": 1585619367.6064715, "device_end": 1585619367.6066864}, "cmdq": 0, "read": {"device_start": -1, "device_end": -1}}, "FFC_sans_bias16": {"write": {"device_start": 1585619367.6068087, "host_queued_start": 1585619433.937603, "device_queued": 1585619367.6045315, "device_end": 1585619367.606839, "host_queued_end": 1585619433.937712}, "device": "gpu", "nd_range": {"device_start": 1585619367.6072886, "device_end": 1585619367.6078837}, "cmdq": 0, "read": {"device_start": 1585619367.6078877, "device_end": 1585619367.6079116}}, "softmax5": {"write": {"device_start": -1, "host_queued_start": 1585619433.943305, "device_queued": -1, "device_end": -1, "host_queued_end": 1585619433.944763}, "device": "cpu", "nd_range": {"device_start": 2287208.151463143, "device_end": 2287208.151563112}, "cmdq": 0, "read": {"device_start": -1, "device_end": -1}}, "FFC_sans_bias9": {"write": {"device_start": 1585619367.6042347, "host_queued_start": 1585619433.933069, "device_queued": 1585619367.6040766, "device_end": 1585619367.6042926, "host_queued_end": 1585619433.937712}, "device": "gpu", "nd_range": {"device_start": 1585619367.6042976, "device_end": 1585619367.6049023}, "cmdq": 1, "read": {"device_start": -1, "device_end": -1}}, "FFC_sans_bias7": {"write": {"device_start": -1, "host_queued_start": 1585619433.944719, "device_queued": -1, "device_end": -1, "host_queued_end": 1585619433.944763}, "device": "cpu", "nd_range": {"device_start": 2287208.156286206, "device_end": 2287208.168311504}, "cmdq": 0, "read": {"device_start": -1, "device_end": -1}}, "empty8": {"write": {"device_start": -1, "host_queued_start": 1585619433.938992, "device_queued": -1, "device_end": -1, "host_queued_end": 1585619433.944763}, "device": "cpu", "nd_range": {"device_start": 2287208.134338022, "device_end": 2287208.134347406}, "cmdq": 0, "read": {"device_start": -1, "device_end": -1}}, "empty17": {"write": {"device_start": 1585619367.6041293, "host_queued_start": 1585619433.93186, "device_queued": 1585619367.6040032, "device_end": 1585619367.604177, "host_queued_end": 1585619433.937712}, "device": "gpu", "nd_range": {"device_start": 1585619367.604182, "device_end": 1585619367.6041944}, "cmdq": 0, "read": {"device_start": -1, "device_end": -1}}, "FFC_sans_bias15": {"write": {"device_start": -1, "host_queued_start": 1585619433.936582, "device_queued": -1, "device_end": -1, "host_queued_end": 1585619433.937712}, "device": "gpu", "nd_range": {"device_start": 1585619367.6066895, "device_end": 1585619367.6072853}, "cmdq": 1, "read": {"device_start": -1, "device_end": -1}}, "FFC_sans_bias13": {"write": {"device_start": -1, "host_queued_start": 1585619433.936013, "device_queued": -1, "device_end": -1, "host_queued_end": 1585619433.937712}, "device": "gpu", "nd_range": {"device_start": 1585619367.6058667, "device_end": 1585619367.606468}, "cmdq": 1, "read": {"device_start": -1, "device_end": -1}}, "FFC_sans_bias10": {"write": {"device_start": 1585619367.6043236, "host_queued_start": 1585619433.934153, "device_queued": 1585619367.604122, "device_end": 1585619367.60435, "host_queued_end": 1585619433.937712}, "device": "gpu", "nd_range": {"device_start": 1585619367.6043537, "device_end": 1585619367.6053095}, "cmdq": 0, "read": {"device_start": -1, "device_end": -1}}, "coalesced_transpose12": {"write": {"device_start": -1, "host_queued_start": 1585619433.935555, "device_queued": -1, "device_end": -1, "host_queued_end": 1585619433.937712}, "device": "gpu", "nd_range": {"device_start": 1585619367.6053112, "device_end": 1585619367.6057096}, "cmdq": 0, "read": {"device_start": -1, "device_end": -1}}}