{"FFC_sans_bias11": {"write": {"device_start": 1585619375.5772686, "host_queued_start": 1585619441.907619, "device_queued": 1585619375.5766044, "device_end": 1585619375.5772986, "host_queued_end": 1585619441.91016}, "device": "gpu", "nd_range": {"device_start": 1585619375.5773025, "device_end": 1585619375.5779965}, "cmdq": 1, "read": {"device_start": -1, "device_end": -1}}, "FFC_sans_bias4": {"write": {"device_start": -1, "host_queued_start": 1585619441.915496, "device_queued": -1, "device_end": -1, "host_queued_end": 1585619441.917207}, "device": "cpu", "nd_range": {"device_start": 2287216.119786399, "device_end": 2287216.127333871}, "cmdq": 2, "read": {"device_start": -1, "device_end": -1}}, "coalesced_transpose3": {"write": {"device_start": -1, "host_queued_start": 1585619441.915156, "device_queued": -1, "device_end": -1, "host_queued_end": 1585619441.917207}, "device": "cpu", "nd_range": {"device_start": 2287216.119514735, "device_end": 2287216.1196392}, "cmdq": 1, "read": {"device_start": -1, "device_end": -1}}, "FFC_sans_bias6": {"write": {"device_start": -1, "host_queued_start": 1585619441.916108, "device_queued": -1, "device_end": -1, "host_queued_end": 1585619441.917207}, "device": "cpu", "nd_range": {"device_start": 2287216.12746853, "device_end": 2287216.1314792633}, "cmdq": 1, "read": {"device_start": -1, "device_end": -1}}, "FFC_sans_bias1": {"write": {"device_start": -1, "host_queued_start": 1585619441.913657, "device_queued": -1, "device_end": -1, "host_queued_end": 1585619441.917207}, "device": "cpu", "nd_range": {"device_start": 2287216.106822087, "device_end": 2287216.1194956424}, "cmdq": 2, "read": {"device_start": -1, "device_end": -1}}, "FFC_sans_bias0": {"write": {"device_start": -1, "host_queued_start": 1585619441.912494, "device_queued": -1, "device_end": -1, "host_queued_end": 1585619441.917207}, "device": "cpu", "nd_range": {"device_start": 2287216.106819866, "device_end": 2287216.1154618543}, "cmdq": 1, "read": {"device_start": -1, "device_end": -1}}, "FFC_sans_bias2": {"write": {"device_start": -1, "host_queued_start": 1585619441.914825, "device_queued": -1, "device_end": -1, "host_queued_end": 1585619441.917207}, "device": "cpu", "nd_range": {"device_start": 2287216.106827572, "device_end": 2287216.1185907084}, "cmdq": 0, "read": {"device_start": -1, "device_end": -1}}, "softmax14": {"write": {"device_start": -1, "host_queued_start": 1585619441.908698, "device_queued": -1, "device_end": -1, "host_queued_end": 1585619441.91016}, "device": "gpu", "nd_range": {"device_start": 1585619375.578598, "device_end": 1585619375.57881}, "cmdq": 0, "read": {"device_start": -1, "device_end": -1}}, "FFC_sans_bias16": {"write": {"device_start": 1585619375.5789342, "host_queued_start": 1585619441.910052, "device_queued": 1585619375.5768144, "device_end": 1585619375.5789661, "host_queued_end": 1585619441.91016}, "device": "gpu", "nd_range": {"device_start": 1585619375.5794141, "device_end": 1585619375.579914}, "cmdq": 0, "read": {"device_start": 1585619375.5799162, "device_end": 1585619375.5799396}}, "softmax5": {"write": {"device_start": -1, "host_queued_start": 1585619441.915772, "device_queued": -1, "device_end": -1, "host_queued_end": 1585619441.917207}, "device": "cpu", "nd_range": {"device_start": 2287216.127340536, "device_end": 2287216.12744865}, "cmdq": 0, "read": {"device_start": -1, "device_end": -1}}, "FFC_sans_bias9": {"write": {"device_start": 1585619375.5764315, "host_queued_start": 1585619441.905349, "device_queued": 1585619375.5763166, "device_end": 1585619375.5764933, "host_queued_end": 1585619441.91016}, "device": "gpu", "nd_range": {"device_start": 1585619375.5765004, "device_end": 1585619375.5771015}, "cmdq": 1, "read": {"device_start": -1, "device_end": -1}}, "FFC_sans_bias7": {"write": {"device_start": -1, "host_queued_start": 1585619441.917163, "device_queued": -1, "device_end": -1, "host_queued_end": 1585619441.917207}, "device": "cpu", "nd_range": {"device_start": 2287216.131498001, "device_end": 2287216.1365780993}, "cmdq": 2, "read": {"device_start": -1, "device_end": -1}}, "empty8": {"write": {"device_start": -1, "host_queued_start": 1585619441.911427, "device_queued": -1, "device_end": -1, "host_queued_end": 1585619441.917207}, "device": "cpu", "nd_range": {"device_start": 2287216.106776942, "device_end": 2287216.106788371}, "cmdq": 0, "read": {"device_start": -1, "device_end": -1}}, "empty17": {"write": {"device_start": 1585619375.5763397, "host_queued_start": 1585619441.904076, "device_queued": 1585619375.5762284, "device_end": 1585619375.5763655, "host_queued_end": 1585619441.91016}, "device": "gpu", "nd_range": {"device_start": 1585619375.5763698, "device_end": 1585619375.5763762}, "cmdq": 0, "read": {"device_start": -1, "device_end": -1}}, "FFC_sans_bias15": {"write": {"device_start": -1, "host_queued_start": 1585619441.909008, "device_queued": -1, "device_end": -1, "host_queued_end": 1585619441.91016}, "device": "gpu", "nd_range": {"device_start": 1585619375.5788145, "device_end": 1585619375.5794108}, "cmdq": 1, "read": {"device_start": -1, "device_end": -1}}, "FFC_sans_bias13": {"write": {"device_start": -1, "host_queued_start": 1585619441.90844, "device_queued": -1, "device_end": -1, "host_queued_end": 1585619441.91016}, "device": "gpu", "nd_range": {"device_start": 1585619375.5779984, "device_end": 1585619375.578594}, "cmdq": 1, "read": {"device_start": -1, "device_end": -1}}, "FFC_sans_bias10": {"write": {"device_start": 1585619375.5765083, "host_queued_start": 1585619441.906492, "device_queued": 1585619375.5763886, "device_end": 1585619375.5765321, "host_queued_end": 1585619441.91016}, "device": "gpu", "nd_range": {"device_start": 1585619375.5765953, "device_end": 1585619375.5775301}, "cmdq": 0, "read": {"device_start": -1, "device_end": -1}}, "coalesced_transpose12": {"write": {"device_start": -1, "host_queued_start": 1585619441.90795, "device_queued": -1, "device_end": -1, "host_queued_end": 1585619441.91016}, "device": "gpu", "nd_range": {"device_start": 1585619375.5775316, "device_end": 1585619375.5779157}, "cmdq": 0, "read": {"device_start": -1, "device_end": -1}}}