{"FFC_sans_bias11": {"write": {"device_start": 1585619447.462104, "host_queued_start": 1585619513.795315, "device_queued": 1585619447.4617805, "device_end": 1585619447.4621289, "host_queued_end": 1585619513.797843}, "device": "gpu", "nd_range": {"device_start": 1585619447.462134, "device_end": 1585619447.463583}, "cmdq": 3, "read": {"device_start": -1, "device_end": -1}}, "FFC_sans_bias4": {"write": {"device_start": -1, "host_queued_start": 1585619513.803067, "device_queued": -1, "device_end": -1, "host_queued_end": 1585619513.804799}, "device": "cpu", "nd_range": {"device_start": 2287288.006567118, "device_end": 2287288.011608213}, "cmdq": 1, "read": {"device_start": -1, "device_end": -1}}, "coalesced_transpose3": {"write": {"device_start": -1, "host_queued_start": 1585619513.802719, "device_queued": -1, "device_end": -1, "host_queued_end": 1585619513.804799}, "device": "cpu", "nd_range": {"device_start": 2287288.0023822063, "device_end": 2287288.002618648}, "cmdq": 0, "read": {"device_start": -1, "device_end": -1}}, "FFC_sans_bias6": {"write": {"device_start": -1, "host_queued_start": 1585619513.803696, "device_queued": -1, "device_end": -1, "host_queued_end": 1585619513.804799}, "device": "cpu", "nd_range": {"device_start": 2287288.011951847, "device_end": 2287288.016006355}, "cmdq": 1, "read": {"device_start": -1, "device_end": -1}}, "FFC_sans_bias1": {"write": {"device_start": -1, "host_queued_start": 1585619513.801268, "device_queued": -1, "device_end": -1, "host_queued_end": 1585619513.804799}, "device": "cpu", "nd_range": {"device_start": 2287287.994412975, "device_end": 2287288.002246167}, "cmdq": 0, "read": {"device_start": -1, "device_end": -1}}, "FFC_sans_bias0": {"write": {"device_start": -1, "host_queued_start": 1585619513.800129, "device_queued": -1, "device_end": -1, "host_queued_end": 1585619513.804799}, "device": "cpu", "nd_range": {"device_start": 2287287.994406327, "device_end": 2287288.0021137143}, "cmdq": 1, "read": {"device_start": -1, "device_end": -1}}, "FFC_sans_bias2": {"write": {"device_start": -1, "host_queued_start": 1585619513.802366, "device_queued": -1, "device_end": -1, "host_queued_end": 1585619513.804799}, "device": "cpu", "nd_range": {"device_start": 2287288.002127252, "device_end": 2287288.0064177183}, "cmdq": 1, "read": {"device_start": -1, "device_end": -1}}, "softmax14": {"write": {"device_start": -1, "host_queued_start": 1585619513.796388, "device_queued": -1, "device_end": -1, "host_queued_end": 1585619513.797843}, "device": "gpu", "nd_range": {"device_start": 1585619447.464193, "device_end": 1585619447.4643846}, "cmdq": 2, "read": {"device_start": -1, "device_end": -1}}, "FFC_sans_bias16": {"write": {"device_start": 1585619447.4635231, "host_queued_start": 1585619513.79773, "device_queued": 1585619447.462236, "device_end": 1585619447.4635537, "host_queued_end": 1585619513.797843}, "device": "gpu", "nd_range": {"device_start": 1585619447.4649863, "device_end": 1585619447.4655812}, "cmdq": 0, "read": {"device_start": 1585619447.465583, "device_end": 1585619447.4656062}}, "softmax5": {"write": {"device_start": -1, "host_queued_start": 1585619513.803348, "device_queued": -1, "device_end": -1, "host_queued_end": 1585619513.804799}, "device": "cpu", "nd_range": {"device_start": 2287288.011631749, "device_end": 2287288.0118231634}, "cmdq": 0, "read": {"device_start": -1, "device_end": -1}}, "FFC_sans_bias9": {"write": {"device_start": 1585619447.4619193, "host_queued_start": 1585619513.793097, "device_queued": 1585619447.461739, "device_end": 1585619447.4619842, "host_queued_end": 1585619513.797843}, "device": "gpu", "nd_range": {"device_start": 1585619447.462007, "device_end": 1585619447.4626172}, "cmdq": 1, "read": {"device_start": -1, "device_end": -1}}, "FFC_sans_bias7": {"write": {"device_start": -1, "host_queued_start": 1585619513.804755, "device_queued": -1, "device_end": -1, "host_queued_end": 1585619513.804799}, "device": "cpu", "nd_range": {"device_start": 2287288.016024025, "device_end": 2287288.020809593}, "cmdq": 0, "read": {"device_start": -1, "device_end": -1}}, "empty8": {"write": {"device_start": -1, "host_queued_start": 1585619513.799072, "device_queued": -1, "device_end": -1, "host_queued_end": 1585619513.804799}, "device": "cpu", "nd_range": {"device_start": 2287287.994383643, "device_end": 2287287.994395106}, "cmdq": 0, "read": {"device_start": -1, "device_end": -1}}, "empty17": {"write": {"device_start": 1585619447.4617677, "host_queued_start": 1585619513.791888, "device_queued": 1585619447.4616525, "device_end": 1585619447.461809, "host_queued_end": 1585619513.797843}, "device": "gpu", "nd_range": {"device_start": 1585619447.4618158, "device_end": 1585619447.4618206}, "cmdq": 0, "read": {"device_start": -1, "device_end": -1}}, "FFC_sans_bias15": {"write": {"device_start": -1, "host_queued_start": 1585619513.796705, "device_queued": -1, "device_end": -1, "host_queued_end": 1585619513.797843}, "device": "gpu", "nd_range": {"device_start": 1585619447.4643886, "device_end": 1585619447.4649825}, "cmdq": 3, "read": {"device_start": -1, "device_end": -1}}, "FFC_sans_bias13": {"write": {"device_start": -1, "host_queued_start": 1585619513.796127, "device_queued": -1, "device_end": -1, "host_queued_end": 1585619513.797843}, "device": "gpu", "nd_range": {"device_start": 1585619447.4635868, "device_end": 1585619447.4641864}, "cmdq": 1, "read": {"device_start": -1, "device_end": -1}}, "FFC_sans_bias10": {"write": {"device_start": 1585619447.462026, "host_queued_start": 1585619513.794185, "device_queued": 1585619447.46176, "device_end": 1585619447.462103, "host_queued_end": 1585619513.797843}, "device": "gpu", "nd_range": {"device_start": 1585619447.462116, "device_end": 1585619447.4630241}, "cmdq": 2, "read": {"device_start": -1, "device_end": -1}}, "coalesced_transpose12": {"write": {"device_start": -1, "host_queued_start": 1585619513.795801, "device_queued": -1, "device_end": -1, "host_queued_end": 1585619513.797843}, "device": "gpu", "nd_range": {"device_start": 1585619447.4630294, "device_end": 1585619447.4634252}, "cmdq": 0, "read": {"device_start": -1, "device_end": -1}}}