{"FFC_sans_bias11": {"write": {"device_start": 1585619508.4590232, "host_queued_start": 1585619574.791303, "device_queued": 1585619508.458515, "device_end": 1585619508.4590526, "host_queued_end": 1585619574.795855}, "device": "gpu", "nd_range": {"device_start": 1585619508.4590578, "device_end": 1585619508.46128}, "cmdq": 2, "read": {"device_start": -1, "device_end": -1}}, "FFC_sans_bias4": {"write": {"device_start": -1, "host_queued_start": 1585619574.792234, "device_queued": -1, "device_end": -1, "host_queued_end": 1585619574.795855}, "device": "gpu", "nd_range": {"device_start": 1585619508.4611504, "device_end": 1585619508.461759}, "cmdq": 0, "read": {"device_start": -1, "device_end": -1}}, "coalesced_transpose3": {"write": {"device_start": -1, "host_queued_start": 1585619574.791619, "device_queued": -1, "device_end": -1, "host_queued_end": 1585619574.795855}, "device": "gpu", "nd_range": {"device_start": 1585619508.4592922, "device_end": 1585619508.461142}, "cmdq": 3, "read": {"device_start": -1, "device_end": -1}}, "FFC_sans_bias6": {"write": {"device_start": -1, "host_queued_start": 1585619574.793341, "device_queued": -1, "device_end": -1, "host_queued_end": 1585619574.795855}, "device": "gpu", "nd_range": {"device_start": 1585619508.4622772, "device_end": 1585619508.4628792}, "cmdq": 4, "read": {"device_start": -1, "device_end": -1}}, "FFC_sans_bias1": {"write": {"device_start": 1585619508.4583142, "host_queued_start": 1585619574.786874, "device_queued": 1585619508.4579973, "device_end": 1585619508.4583812, "host_queued_end": 1585619574.795855}, "device": "gpu", "nd_range": {"device_start": 1585619508.4583855, "device_end": 1585619508.4592912}, "cmdq": 3, "read": {"device_start": -1, "device_end": -1}}, "FFC_sans_bias0": {"write": {"device_start": 1585619508.4582052, "host_queued_start": 1585619574.785834, "device_queued": 1585619508.4579742, "device_end": 1585619508.458279, "host_queued_end": 1585619574.795855}, "device": "gpu", "nd_range": {"device_start": 1585619508.4582858, "device_end": 1585619508.4588914}, "cmdq": 2, "read": {"device_start": -1, "device_end": -1}}, "FFC_sans_bias2": {"write": {"device_start": 1585619508.4583995, "host_queued_start": 1585619574.787956, "device_queued": 1585619508.4581738, "device_end": 1585619508.4584239, "host_queued_end": 1585619574.795855}, "device": "gpu", "nd_range": {"device_start": 1585619508.4584262, "device_end": 1585619508.4598467}, "cmdq": 4, "read": {"device_start": -1, "device_end": -1}}, "softmax14": {"write": {"device_start": -1, "host_queued_start": 1585619574.793037, "device_queued": -1, "device_end": -1, "host_queued_end": 1585619574.795855}, "device": "gpu", "nd_range": {"device_start": 1585619508.4622667, "device_end": 1585619508.462646}, "cmdq": 3, "read": {"device_start": -1, "device_end": -1}}, "FFC_sans_bias16": {"write": {"device_start": 1585619508.4624424, "host_queued_start": 1585619574.795755, "device_queued": 1585619508.4591253, "device_end": 1585619508.4624736, "host_queued_end": 1585619574.795855}, "device": "gpu", "nd_range": {"device_start": 1585619508.4632936, "device_end": 1585619508.4642587}, "cmdq": 2, "read": {"device_start": 1585619508.4642599, "device_end": 1585619508.4642825}}, "softmax5": {"write": {"device_start": -1, "host_queued_start": 1585619574.792797, "device_queued": -1, "device_end": -1, "host_queued_end": 1585619574.795855}, "device": "gpu", "nd_range": {"device_start": 1585619508.4617648, "device_end": 1585619508.462274}, "cmdq": 2, "read": {"device_start": -1, "device_end": -1}}, "FFC_sans_bias9": {"write": {"device_start": 1585619508.4585388, "host_queued_start": 1585619574.789177, "device_queued": 1585619508.458443, "device_end": 1585619508.4585986, "host_queued_end": 1585619574.795855}, "device": "gpu", "nd_range": {"device_start": 1585619508.4586027, "device_end": 1585619508.4602919}, "cmdq": 0, "read": {"device_start": -1, "device_end": -1}}, "FFC_sans_bias7": {"write": {"device_start": 1585619508.4623723, "host_queued_start": 1585619574.794696, "device_queued": 1585619508.459099, "device_end": 1585619508.4624283, "host_queued_end": 1585619574.795855}, "device": "gpu", "nd_range": {"device_start": 1585619508.4628825, "device_end": 1585619508.4638493}, "cmdq": 1, "read": {"device_start": 1585619508.4638512, "device_end": 1585619508.463874}}, "empty8": {"write": {"device_start": 1585619508.4579813, "host_queued_start": 1585619574.783715, "device_queued": 1585619508.4578614, "device_end": 1585619508.4580286, "host_queued_end": 1585619574.795855}, "device": "gpu", "nd_range": {"device_start": 1585619508.4580402, "device_end": 1585619508.458045}, "cmdq": 0, "read": {"device_start": -1, "device_end": -1}}, "empty17": {"write": {"device_start": 1585619508.4581034, "host_queued_start": 1585619574.784753, "device_queued": 1585619508.4579542, "device_end": 1585619508.4581606, "host_queued_end": 1585619574.795855}, "device": "gpu", "nd_range": {"device_start": 1585619508.458205, "device_end": 1585619508.4582357}, "cmdq": 1, "read": {"device_start": -1, "device_end": -1}}, "FFC_sans_bias15": {"write": {"device_start": -1, "host_queued_start": 1585619574.793651, "device_queued": -1, "device_end": -1, "host_queued_end": 1585619574.795855}, "device": "gpu", "nd_range": {"device_start": 1585619508.4626493, "device_end": 1585619508.463288}, "cmdq": 0, "read": {"device_start": -1, "device_end": -1}}, "FFC_sans_bias13": {"write": {"device_start": -1, "host_queued_start": 1585619574.792545, "device_queued": -1, "device_end": -1, "host_queued_end": 1585619574.795855}, "device": "gpu", "nd_range": {"device_start": 1585619508.461288, "device_end": 1585619508.4622524}, "cmdq": 1, "read": {"device_start": -1, "device_end": -1}}, "FFC_sans_bias10": {"write": {"device_start": 1585619508.4586298, "host_queued_start": 1585619574.790232, "device_queued": 1585619508.458497, "device_end": 1585619508.4586549, "host_queued_end": 1585619574.795855}, "device": "gpu", "nd_range": {"device_start": 1585619508.4587018, "device_end": 1585619508.4608119}, "cmdq": 1, "read": {"device_start": -1, "device_end": -1}}, "coalesced_transpose12": {"write": {"device_start": -1, "host_queued_start": 1585619574.791925, "device_queued": -1, "device_end": -1, "host_queued_end": 1585619574.795855}, "device": "gpu", "nd_range": {"device_start": 1585619508.4611452, "device_end": 1585619508.4611642}, "cmdq": 4, "read": {"device_start": -1, "device_end": -1}}}