{"FFC_sans_bias11": {"write": {"device_start": 1585619484.56773, "host_queued_start": 1585619550.899225, "device_queued": 1585619484.5672786, "device_end": 1585619484.5677605, "host_queued_end": 1585619550.903828}, "device": "gpu", "nd_range": {"device_start": 1585619484.5677674, "device_end": 1585619484.5700183}, "cmdq": 2, "read": {"device_start": -1, "device_end": -1}}, "FFC_sans_bias4": {"write": {"device_start": -1, "host_queued_start": 1585619550.900168, "device_queued": -1, "device_end": -1, "host_queued_end": 1585619550.903828}, "device": "gpu", "nd_range": {"device_start": 1585619484.5698829, "device_end": 1585619484.5704947}, "cmdq": 0, "read": {"device_start": -1, "device_end": -1}}, "coalesced_transpose3": {"write": {"device_start": -1, "host_queued_start": 1585619550.89955, "device_queued": -1, "device_end": -1, "host_queued_end": 1585619550.903828}, "device": "gpu", "nd_range": {"device_start": 1585619484.5680416, "device_end": 1585619484.569875}, "cmdq": 3, "read": {"device_start": -1, "device_end": -1}}, "FFC_sans_bias6": {"write": {"device_start": -1, "host_queued_start": 1585619550.901289, "device_queued": -1, "device_end": -1, "host_queued_end": 1585619550.903828}, "device": "gpu", "nd_range": {"device_start": 1585619484.5710363, "device_end": 1585619484.5716445}, "cmdq": 4, "read": {"device_start": -1, "device_end": -1}}, "FFC_sans_bias1": {"write": {"device_start": 1585619484.5670455, "host_queued_start": 1585619550.894841, "device_queued": 1585619484.5666878, "device_end": 1585619484.5671144, "host_queued_end": 1585619550.903828}, "device": "gpu", "nd_range": {"device_start": 1585619484.5671215, "device_end": 1585619484.5680401}, "cmdq": 3, "read": {"device_start": -1, "device_end": -1}}, "FFC_sans_bias0": {"write": {"device_start": 1585619484.5669408, "host_queued_start": 1585619550.893699, "device_queued": 1585619484.5666676, "device_end": 1585619484.5670042, "host_queued_end": 1585619550.903828}, "device": "gpu", "nd_range": {"device_start": 1585619484.5670278, "device_end": 1585619484.5676363}, "cmdq": 2, "read": {"device_start": -1, "device_end": -1}}, "FFC_sans_bias2": {"write": {"device_start": 1585619484.5671391, "host_queued_start": 1585619550.895922, "device_queued": 1585619484.5669248, "device_end": 1585619484.5671637, "host_queued_end": 1585619550.903828}, "device": "gpu", "nd_range": {"device_start": 1585619484.567167, "device_end": 1585619484.5686}, "cmdq": 4, "read": {"device_start": -1, "device_end": -1}}, "softmax14": {"write": {"device_start": -1, "host_queued_start": 1585619550.900978, "device_queued": -1, "device_end": -1, "host_queued_end": 1585619550.903828}, "device": "gpu", "nd_range": {"device_start": 1585619484.570994, "device_end": 1585619484.571321}, "cmdq": 3, "read": {"device_start": -1, "device_end": -1}}, "FFC_sans_bias16": {"write": {"device_start": 1585619484.571172, "host_queued_start": 1585619550.903731, "device_queued": 1585619484.5678303, "device_end": 1585619484.571202, "host_queued_end": 1585619550.903828}, "device": "gpu", "nd_range": {"device_start": 1585619484.572048, "device_end": 1585619484.5730336}, "cmdq": 2, "read": {"device_start": 1585619484.5730405, "device_end": 1585619484.573063}}, "softmax5": {"write": {"device_start": -1, "host_queued_start": 1585619550.900734, "device_queued": -1, "device_end": -1, "host_queued_end": 1585619550.903828}, "device": "gpu", "nd_range": {"device_start": 1585619484.570506, "device_end": 1585619484.5710328}, "cmdq": 2, "read": {"device_start": -1, "device_end": -1}}, "FFC_sans_bias9": {"write": {"device_start": 1585619484.567303, "host_queued_start": 1585619550.897108, "device_queued": 1585619484.5672069, "device_end": 1585619484.5673585, "host_queued_end": 1585619550.903828}, "device": "gpu", "nd_range": {"device_start": 1585619484.5673652, "device_end": 1585619484.5690355}, "cmdq": 0, "read": {"device_start": -1, "device_end": -1}}, "FFC_sans_bias7": {"write": {"device_start": 1585619484.5711002, "host_queued_start": 1585619550.902675, "device_queued": 1585619484.5678027, "device_end": 1585619484.5711534, "host_queued_end": 1585619550.903828}, "device": "gpu", "nd_range": {"device_start": 1585619484.5716474, "device_end": 1585619484.5726085}, "cmdq": 1, "read": {"device_start": 1585619484.572613, "device_end": 1585619484.5726357}}, "empty8": {"write": {"device_start": 1585619484.5667088, "host_queued_start": 1585619550.891652, "device_queued": 1585619484.5665548, "device_end": 1585619484.5667493, "host_queued_end": 1585619550.903828}, "device": "gpu", "nd_range": {"device_start": 1585619484.5667565, "device_end": 1585619484.5667617}, "cmdq": 0, "read": {"device_start": -1, "device_end": -1}}, "empty17": {"write": {"device_start": 1585619484.5668309, "host_queued_start": 1585619550.892692, "device_queued": 1585619484.5666478, "device_end": 1585619484.5669012, "host_queued_end": 1585619550.903828}, "device": "gpu", "nd_range": {"device_start": 1585619484.5670047, "device_end": 1585619484.5670106}, "cmdq": 1, "read": {"device_start": -1, "device_end": -1}}, "FFC_sans_bias15": {"write": {"device_start": -1, "host_queued_start": 1585619550.901605, "device_queued": -1, "device_end": -1, "host_queued_end": 1585619550.903828}, "device": "gpu", "nd_range": {"device_start": 1585619484.5713236, "device_end": 1585619484.5720432}, "cmdq": 0, "read": {"device_start": -1, "device_end": -1}}, "FFC_sans_bias13": {"write": {"device_start": -1, "host_queued_start": 1585619550.90048, "device_queued": -1, "device_end": -1, "host_queued_end": 1585619550.903828}, "device": "gpu", "nd_range": {"device_start": 1585619484.5700295, "device_end": 1585619484.570979}, "cmdq": 1, "read": {"device_start": -1, "device_end": -1}}, "FFC_sans_bias10": {"write": {"device_start": 1585619484.5673869, "host_queued_start": 1585619550.898146, "device_queued": 1585619484.5672612, "device_end": 1585619484.5674121, "host_queued_end": 1585619550.903828}, "device": "gpu", "nd_range": {"device_start": 1585619484.567458, "device_end": 1585619484.5695436}, "cmdq": 1, "read": {"device_start": -1, "device_end": -1}}, "coalesced_transpose12": {"write": {"device_start": -1, "host_queued_start": 1585619550.89985, "device_queued": -1, "device_end": -1, "host_queued_end": 1585619550.903828}, "device": "gpu", "nd_range": {"device_start": 1585619484.5698783, "device_end": 1585619484.569898}, "cmdq": 4, "read": {"device_start": -1, "device_end": -1}}}