{"FFC_sans_bias4": {"write": {"device_start": -1, "host_queued_start": 1585619732.801517, "device_queued": -1, "device_end": -1, "host_queued_end": 1585619732.807259}, "device": "gpu", "nd_range": {"device_start": 1585619666.469431, "device_end": 1585619666.470042}, "cmdq": 0, "read": {"device_start": -1, "device_end": -1}}, "FFC_sans_bias7": {"write": {"device_start": 1585619666.4715781, "host_queued_start": 1585619732.805033, "device_queued": 1585619666.4664989, "device_end": 1585619666.471609, "host_queued_end": 1585619732.807259}, "device": "gpu", "nd_range": {"device_start": 1585619666.4716163, "device_end": 1585619666.4724593}, "cmdq": 0, "read": {"device_start": 1585619666.472461, "device_end": 1585619666.472484}}, "FFC_sans_bias6": {"write": {"device_start": -1, "host_queued_start": 1585619732.80337, "device_queued": -1, "device_end": -1, "host_queued_end": 1585619732.807259}, "device": "gpu", "nd_range": {"device_start": 1585619666.4707832, "device_end": 1585619666.4714875}, "cmdq": 0, "read": {"device_start": -1, "device_end": -1}}, "FFC_sans_bias1": {"write": {"device_start": 1585619666.4652057, "host_queued_start": 1585619732.792831, "device_queued": 1585619666.465106, "device_end": 1585619666.465265, "host_queued_end": 1585619732.807259}, "device": "gpu", "nd_range": {"device_start": 1585619666.4652698, "device_end": 1585619666.4661129}, "cmdq": 1, "read": {"device_start": -1, "device_end": -1}}, "FFC_sans_bias0": {"write": {"device_start": 1585619666.4650412, "host_queued_start": 1585619732.791781, "device_queued": 1585619666.4648793, "device_end": 1585619666.4650655, "host_queued_end": 1585619732.807259}, "device": "gpu", "nd_range": {"device_start": 1585619666.4650955, "device_end": 1585619666.4657016}, "cmdq": 0, "read": {"device_start": -1, "device_end": -1}}, "FFC_sans_bias2": {"write": {"device_start": 1585619666.4652863, "host_queued_start": 1585619732.793889, "device_queued": 1585619666.465129, "device_end": 1585619666.4653156, "host_queued_end": 1585619732.807259}, "device": "gpu", "nd_range": {"device_start": 1585619666.4653196, "device_end": 1585619666.4666812}, "cmdq": 2, "read": {"device_start": -1, "device_end": -1}}, "FFC_sans_bias9": {"write": {"device_start": 1585619666.4657998, "host_queued_start": 1585619732.794992, "device_queued": 1585619666.4653027, "device_end": 1585619666.4658303, "host_queued_end": 1585619732.807259}, "device": "gpu", "nd_range": {"device_start": 1585619666.4658341, "device_end": 1585619666.4671059}, "cmdq": 0, "read": {"device_start": -1, "device_end": -1}}, "softmax23": {"write": {"device_start": -1, "host_queued_start": 1585619732.803051, "device_queued": -1, "device_end": -1, "host_queued_end": 1585619732.807259}, "device": "gpu", "nd_range": {"device_start": 1585619666.4710271, "device_end": 1585619666.4716678}, "cmdq": 2, "read": {"device_start": -1, "device_end": -1}}, "FFC_sans_bias11": {"write": {"device_start": 1585619666.4667618, "host_queued_start": 1585619732.797083, "device_queued": 1585619666.465487, "device_end": 1585619666.4667873, "host_queued_end": 1585619732.807259}, "device": "gpu", "nd_range": {"device_start": 1585619666.4667919, "device_end": 1585619666.4680972}, "cmdq": 2, "read": {"device_start": -1, "device_end": -1}}, "FFC_sans_bias10": {"write": {"device_start": 1585619666.466221, "host_queued_start": 1585619732.796031, "device_queued": 1585619666.4653537, "device_end": 1585619666.4662461, "host_queued_end": 1585619732.807259}, "device": "gpu", "nd_range": {"device_start": 1585619666.466251, "device_end": 1585619666.4676442}, "cmdq": 1, "read": {"device_start": -1, "device_end": -1}}, "coalesced_transpose3": {"write": {"device_start": -1, "host_queued_start": 1585619732.800592, "device_queued": -1, "device_end": -1, "host_queued_end": 1585619732.807259}, "device": "gpu", "nd_range": {"device_start": 1585619666.4685915, "device_end": 1585619666.4694295}, "cmdq": 0, "read": {"device_start": -1, "device_end": -1}}, "FFC_sans_bias15": {"write": {"device_start": -1, "host_queued_start": 1585619732.80369, "device_queued": -1, "device_end": -1, "host_queued_end": 1585619732.807259}, "device": "gpu", "nd_range": {"device_start": 1585619666.471202, "device_end": 1585619666.4720097}, "cmdq": 1, "read": {"device_start": -1, "device_end": -1}}, "FFC_sans_bias16": {"write": {"device_start": 1585619666.4720986, "host_queued_start": 1585619732.806088, "device_queued": 1585619666.4665375, "device_end": 1585619666.4721284, "host_queued_end": 1585619732.807259}, "device": "gpu", "nd_range": {"device_start": 1585619666.4721313, "device_end": 1585619666.47343}, "cmdq": 1, "read": {"device_start": 1585619666.4734397, "device_end": 1585619666.473462}}, "FFC_sans_bias19": {"write": {"device_start": 1585619666.467741, "host_queued_start": 1585619732.799186, "device_queued": 1585619666.4656954, "device_end": 1585619666.467773, "host_queued_end": 1585619732.807259}, "device": "gpu", "nd_range": {"device_start": 1585619666.4677782, "device_end": 1585619666.469073}, "cmdq": 1, "read": {"device_start": -1, "device_end": -1}}, "FFC_sans_bias18": {"write": {"device_start": 1585619666.4672031, "host_queued_start": 1585619732.798118, "device_queued": 1585619666.4655523, "device_end": 1585619666.4672356, "host_queued_end": 1585619732.807259}, "device": "gpu", "nd_range": {"device_start": 1585619666.4672413, "device_end": 1585619666.46859}, "cmdq": 0, "read": {"device_start": -1, "device_end": -1}}, "empty26": {"write": {"device_start": 1585619666.4649591, "host_queued_start": 1585619732.790771, "device_queued": 1585619666.464764, "device_end": 1585619666.4650266, "host_queued_end": 1585619732.807259}, "device": "gpu", "nd_range": {"device_start": 1585619666.465034, "device_end": 1585619666.4650378}, "cmdq": 2, "read": {"device_start": -1, "device_end": -1}}, "coalesced_transpose12": {"write": {"device_start": -1, "host_queued_start": 1585619732.800896, "device_queued": -1, "device_end": -1, "host_queued_end": 1585619732.807259}, "device": "gpu", "nd_range": {"device_start": 1585619666.469074, "device_end": 1585619666.4694493}, "cmdq": 1, "read": {"device_start": -1, "device_end": -1}}, "coalesced_transpose21": {"write": {"device_start": -1, "host_queued_start": 1585619732.801194, "device_queued": -1, "device_end": -1, "host_queued_end": 1585619732.807259}, "device": "gpu", "nd_range": {"device_start": 1585619666.4695506, "device_end": 1585619666.4704216}, "cmdq": 2, "read": {"device_start": -1, "device_end": -1}}, "softmax14": {"write": {"device_start": -1, "host_queued_start": 1585619732.802806, "device_queued": -1, "device_end": -1, "host_queued_end": 1585619732.807259}, "device": "gpu", "nd_range": {"device_start": 1585619666.470497, "device_end": 1585619666.471201}, "cmdq": 1, "read": {"device_start": -1, "device_end": -1}}, "FFC_sans_bias13": {"write": {"device_start": -1, "host_queued_start": 1585619732.801832, "device_queued": -1, "device_end": -1, "host_queued_end": 1585619732.807259}, "device": "gpu", "nd_range": {"device_start": 1585619666.4694507, "device_end": 1585619666.4704957}, "cmdq": 1, "read": {"device_start": -1, "device_end": -1}}, "empty8": {"write": {"device_start": 1585619666.4647627, "host_queued_start": 1585619732.788719, "device_queued": 1585619666.464626, "device_end": 1585619666.4648135, "host_queued_end": 1585619732.807259}, "device": "gpu", "nd_range": {"device_start": 1585619666.4648178, "device_end": 1585619666.4648247}, "cmdq": 0, "read": {"device_start": -1, "device_end": -1}}, "FFC_sans_bias24": {"write": {"device_start": -1, "host_queued_start": 1585619732.804007, "device_queued": -1, "device_end": -1, "host_queued_end": 1585619732.807259}, "device": "gpu", "nd_range": {"device_start": 1585619666.4716692, "device_end": 1585619666.4729724}, "cmdq": 2, "read": {"device_start": -1, "device_end": -1}}, "FFC_sans_bias25": {"write": {"device_start": 1585619666.473057, "host_queued_start": 1585619732.807159, "device_queued": 1585619666.4666626,