{"FFC_sans_bias4": {"write": {"device_start": -1, "host_queued_start": 1585619703.346665, "device_queued": -1, "device_end": -1, "host_queued_end": 1585619703.348535}, "device": "cpu", "nd_range": {"device_start": 2287477.5500718444, "device_end": 2287477.554365903}, "cmdq": 1, "read": {"device_start": -1, "device_end": -1}}, "FFC_sans_bias7": {"write": {"device_start": -1, "host_queued_start": 1585619703.34846, "device_queued": -1, "device_end": -1, "host_queued_end": 1585619703.348535}, "device": "cpu", "nd_range": {"device_start": 2287477.559347217, "device_end": 2287477.563742881}, "cmdq": 0, "read": {"device_start": -1, "device_end": -1}}, "FFC_sans_bias6": {"write": {"device_start": -1, "host_queued_start": 1585619703.347344, "device_queued": -1, "device_end": -1, "host_queued_end": 1585619703.348535}, "device": "cpu", "nd_range": {"device_start": 2287477.554759753, "device_end": 2287477.559340423}, "cmdq": 1, "read": {"device_start": -1, "device_end": -1}}, "FFC_sans_bias1": {"write": {"device_start": -1, "host_queued_start": 1585619703.344823, "device_queued": -1, "device_end": -1, "host_queued_end": 1585619703.348535}, "device": "cpu", "nd_range": {"device_start": 2287477.53816179, "device_end": 2287477.5469935713}, "cmdq": 0, "read": {"device_start": -1, "device_end": -1}}, "FFC_sans_bias0": {"write": {"device_start": -1, "host_queued_start": 1585619703.343666, "device_queued": -1, "device_end": -1, "host_queued_end": 1585619703.348535}, "device": "cpu", "nd_range": {"device_start": 2287477.5381543334, "device_end": 2287477.5443432373}, "cmdq": 1, "read": {"device_start": -1, "device_end": -1}}, "FFC_sans_bias2": {"write": {"device_start": -1, "host_queued_start": 1585619703.345899, "device_queued": -1, "device_end": -1, "host_queued_end": 1585619703.348535}, "device": "cpu", "nd_range": {"device_start": 2287477.54435636, "device_end": 2287477.550066412}, "cmdq": 1, "read": {"device_start": -1, "device_end": -1}}, "FFC_sans_bias9": {"write": {"device_start": 1585619636.999603, "host_queued_start": 1585619703.330833, "device_queued": 1585619636.999377, "device_end": 1585619636.9996583, "host_queued_end": 1585619703.341093}, "device": "gpu", "nd_range": {"device_start": 1585619636.9996643, "device_end": 1585619637.0002666}, "cmdq": 2, "read": {"device_start": -1, "device_end": -1}}, "softmax23": {"write": {"device_start": -1, "host_queued_start": 1585619703.338086, "device_queued": -1, "device_end": -1, "host_queued_end": 1585619703.341093}, "device": "gpu", "nd_range": {"device_start": 1585619637.003647, "device_end": 1585619637.0038404}, "cmdq": 1, "read": {"device_start": -1, "device_end": -1}}, "FFC_sans_bias11": {"write": {"device_start": 1585619636.999814, "host_queued_start": 1585619703.333023, "device_queued": 1585619636.9996595, "device_end": 1585619636.9998484, "host_queued_end": 1585619703.341093}, "device": "gpu", "nd_range": {"device_start": 1585619636.9998524, "device_end": 1585619637.001229}, "cmdq": 1, "read": {"device_start": -1, "device_end": -1}}, "FFC_sans_bias10": {"write": {"device_start": 1585619636.9997015, "host_queued_start": 1585619703.331946, "device_queued": 1585619636.9996033, "device_end": 1585619636.9997618, "host_queued_end": 1585619703.341093}, "device": "gpu", "nd_range": {"device_start": 1585619636.9997659, "device_end": 1585619637.0006807}, "cmdq": 0, "read": {"device_start": -1, "device_end": -1}}, "coalesced_transpose3": {"write": {"device_start": -1, "host_queued_start": 1585619703.346252, "device_queued": -1, "device_end": -1, "host_queued_end": 1585619703.348535}, "device": "cpu", "nd_range": {"device_start": 2287477.547206893, "device_end": 2287477.547441089}, "cmdq": 0, "read": {"device_start": -1, "device_end": -1}}, "FFC_sans_bias15": {"write": {"device_start": -1, "host_queued_start": 1585619703.338401, "device_queued": -1, "device_end": -1, "host_queued_end": 1585619703.341093}, "device": "gpu", "nd_range": {"device_start": 1585619637.0038462, "device_end": 1585619637.004449}, "cmdq": 2, "read": {"device_start": -1, "device_end": -1}}, "FFC_sans_bias16": {"write": {"device_start": 1585619637.00397, "host_queued_start": 1585619703.339794, "device_queued": 1585619637.0004983, "device_end": 1585619637.004001, "host_queued_end": 1585619703.341093}, "device": "gpu", "nd_range": {"device_start": 1585619637.004464, "device_end": 1585619637.0054567}, "cmdq": 1, "read": {"device_start": 1585619637.005466, "device_end": 1585619637.0054898}}, "FFC_sans_bias19": {"write": {"device_start": 1585619637.0007753, "host_queued_start": 1585619703.335216, "device_queued": 1585619636.999856, "device_end": 1585619637.0008068, "host_queued_end": 1585619703.341093}, "device": "gpu", "nd_range": {"device_start": 1585619637.0008109, "device_end": 1585619637.0021787}, "cmdq": 0, "read": {"device_start": -1, "device_end": -1}}, "FFC_sans_bias18": {"write": {"device_start": 1585619637.0004115, "host_queued_start": 1585619703.334097, "device_queued": 1585619636.9996762, "device_end": 1585619637.0004408, "host_queued_end": 1585619703.341093}, "device": "gpu", "nd_range": {"device_start": 1585619637.0004442, "device_end": 1585619637.0016766}, "cmdq": 2, "read": {"device_start": -1, "device_end": -1}}, "empty26": {"write": {"device_start": 1585619636.9995146, "host_queued_start": 1585619703.329775, "device_queued": 1585619636.999354, "device_end": 1585619636.9995887, "host_queued_end": 1585619703.341093}, "device": "gpu", "nd_range": {"device_start": 1585619636.999597, "device_end": 1585619636.9996033}, "cmdq": 1, "read": {"device_start": -1, "device_end": -1}}, "coalesced_transpose12": {"write": {"device_start": -1, "host_queued_start": 1585619703.336609, "device_queued": -1, "device_end": -1, "host_queued_end": 1585619703.341093}, "device": "gpu", "nd_range": {"device_start": 1585619637.001678, "device_end": 1585619637.0025353}, "cmdq": 2, "read": {"device_start": -1, "device_end": -1}}, "coalesced_transpose21": {"write": {"device_start": -1, "host_queued_start": 1585619703.336924, "device_queued": -1, "device_end": -1, "host_queued_end": 1585619703.341093}, "device": "gpu", "nd_range": {"device_start": 1585619637.0021799, "device_end": 1585619637.0025427}, "cmdq": 0, "read": {"device_start": -1, "device_end": -1}}, "softmax14": {"write": {"device_start": -1, "host_queued_start": 1585619703.337831, "device_queued": -1, "device_end": -1, "host_queued_end": 1585619703.341093}, "device": "gpu", "nd_range": {"device_start": 1585619637.003643, "device_end": 1585619637.0038385}, "cmdq": 0, "read": {"device_start": -1, "device_end": -1}}, "FFC_sans_bias13": {"write": {"device_start": -1, "host_queued_start": 1585619703.337251, "device_queued": -1, "device_end": -1, "host_queued_end": 1585619703.341093}, "device": "gpu", "nd_range": {"device_start": 1585619637.0026302, "device_end": 1585619637.0032337}, "cmdq": 1, "read": {"device_start": -1, "device_end": -1}}, "empty8": {"write": {"device_start": -1, "host_queued_start": 1585619703.342408, "device_queued": -1, "device_end": -1, "host_queued_end": 1585619703.348535}, "device": "cpu", "nd_range": {"device_start": 2287477.5381314363, "device_end": 2287477.538143396}, "cmdq": 0, "read": {"device_start": -1, "device_end": -1}}, "FFC_sans_bias24": {"write": {"device_start": -1, "host_queued_start": 1585619703.338756, "device_queued": -1, "device_end": -1, "host_queued_end": 1585619703.341093}, "device": "gpu", "nd_range": {"device_start": 1585619637.0044522, "device_end": 1585619637.0050573}, "cmdq": 0, "read": {"device_start": -1, "device_end": -1}}, "FFC_sans_bias25": {"write": {"device_start": 1585619637.0045745, "host_queued_start": 1585619703.340984, "device_queued": 1585619637.0004697, "device_end": 1585619637.0046048, "host_queued_end": 1585619703.341093}, "device": "gpu", "nd_range": {"device_start": 1585619637.0050616, "device_end": 1585619637.006035}, "cmdq": 2, "read": {"device_start": 1585619637.006041, "device_end": 1585619637.006064}},