{"FFC_sans_bias4": {"write": {"device_start": -1, "host_queued_start": 1585619821.202388, "device_queued": -1, "device_end": -1, "host_queued_end": 1585619821.204246}, "device": "cpu", "nd_range": {"device_start": 2287595.4057851774, "device_end": 2287595.409880989}, "cmdq": 2, "read": {"device_start": -1, "device_end": -1}}, "FFC_sans_bias7": {"write": {"device_start": -1, "host_queued_start": 1585619821.204201, "device_queued": -1, "device_end": -1, "host_queued_end": 1585619821.204246}, "device": "cpu", "nd_range": {"device_start": 2287595.415038175, "device_end": 2287595.419339959}, "cmdq": 2, "read": {"device_start": -1, "device_end": -1}}, "FFC_sans_bias6": {"write": {"device_start": -1, "host_queued_start": 1585619821.203034, "device_queued": -1, "device_end": -1, "host_queued_end": 1585619821.204246}, "device": "cpu", "nd_range": {"device_start": 2287595.410226262, "device_end": 2287595.415002137}, "cmdq": 1, "read": {"device_start": -1, "device_end": -1}}, "FFC_sans_bias1": {"write": {"device_start": -1, "host_queued_start": 1585619821.200533, "device_queued": -1, "device_end": -1, "host_queued_end": 1585619821.204246}, "device": "cpu", "nd_range": {"device_start": 2287595.393864164, "device_end": 2287595.405464938}, "cmdq": 2, "read": {"device_start": -1, "device_end": -1}}, "FFC_sans_bias0": {"write": {"device_start": -1, "host_queued_start": 1585619821.199441, "device_queued": -1, "device_end": -1, "host_queued_end": 1585619821.204246}, "device": "cpu", "nd_range": {"device_start": 2287595.393840842, "device_end": 2287595.4054332483}, "cmdq": 1, "read": {"device_start": -1, "device_end": -1}}, "FFC_sans_bias2": {"write": {"device_start": -1, "host_queued_start": 1585619821.201627, "device_queued": -1, "device_end": -1, "host_queued_end": 1585619821.204246}, "device": "cpu", "nd_range": {"device_start": 2287595.393849913, "device_end": 2287595.402441753}, "cmdq": 0, "read": {"device_start": -1, "device_end": -1}}, "FFC_sans_bias9": {"write": {"device_start": 1585619754.8520079, "host_queued_start": 1585619821.186793, "device_queued": 1585619754.8518035, "device_end": 1585619754.8520796, "host_queued_end": 1585619821.196877}, "device": "gpu", "nd_range": {"device_start": 1585619754.8520854, "device_end": 1585619754.8526897}, "cmdq": 2, "read": {"device_start": -1, "device_end": -1}}, "softmax23": {"write": {"device_start": -1, "host_queued_start": 1585619821.193928, "device_queued": -1, "device_end": -1, "host_queued_end": 1585619821.196877}, "device": "gpu", "nd_range": {"device_start": 1585619754.8560636, "device_end": 1585619754.856419}, "cmdq": 3, "read": {"device_start": -1, "device_end": -1}}, "FFC_sans_bias11": {"write": {"device_start": 1585619754.8522136, "host_queued_start": 1585619821.188944, "device_queued": 1585619754.8519773, "device_end": 1585619754.8522892, "host_queued_end": 1585619821.196877}, "device": "gpu", "nd_range": {"device_start": 1585619754.8522975, "device_end": 1585619754.8536813}, "cmdq": 4, "read": {"device_start": -1, "device_end": -1}}, "FFC_sans_bias10": {"write": {"device_start": 1585619754.852116, "host_queued_start": 1585619821.187868, "device_queued": 1585619754.8518288, "device_end": 1585619754.8521836, "host_queued_end": 1585619821.196877}, "device": "gpu", "nd_range": {"device_start": 1585619754.852189, "device_end": 1585619754.853095}, "cmdq": 3, "read": {"device_start": -1, "device_end": -1}}, "coalesced_transpose3": {"write": {"device_start": -1, "host_queued_start": 1585619821.202043, "device_queued": -1, "device_end": -1, "host_queued_end": 1585619821.204246}, "device": "cpu", "nd_range": {"device_start": 2287595.405575682, "device_end": 2287595.405663057}, "cmdq": 1, "read": {"device_start": -1, "device_end": -1}}, "FFC_sans_bias15": {"write": {"device_start": -1, "host_queued_start": 1585619821.194347, "device_queued": -1, "device_end": -1, "host_queued_end": 1585619821.196877}, "device": "gpu", "nd_range": {"device_start": 1585619754.8560882, "device_end": 1585619754.8566878}, "cmdq": 4, "read": {"device_start": -1, "device_end": -1}}, "FFC_sans_bias16": {"write": {"device_start": 1585619754.856188, "host_queued_start": 1585619821.195727, "device_queued": 1585619754.852928, "device_end": 1585619754.8562455, "host_queued_end": 1585619821.196877}, "device": "gpu", "nd_range": {"device_start": 1585619754.856691, "device_end": 1585619754.8576543}, "cmdq": 1, "read": {"device_start": 1585619754.8576617, "device_end": 1585619754.857685}}, "FFC_sans_bias19": {"write": {"device_start": 1585619754.8524444, "host_queued_start": 1585619821.191119, "device_queued": 1585619754.8522844, "device_end": 1585619754.852479, "host_queued_end": 1585619821.196877}, "device": "gpu", "nd_range": {"device_start": 1585619754.8524888, "device_end": 1585619754.8546472}, "cmdq": 1, "read": {"device_start": -1, "device_end": -1}}, "FFC_sans_bias18": {"write": {"device_start": 1585619754.8523357, "host_queued_start": 1585619821.190021, "device_queued": 1585619754.852212, "device_end": 1585619754.8524144, "host_queued_end": 1585619821.196877}, "device": "gpu", "nd_range": {"device_start": 1585619754.8524194, "device_end": 1585619754.8540883}, "cmdq": 0, "read": {"device_start": -1, "device_end": -1}}, "empty26": {"write": {"device_start": 1585619754.851898, "host_queued_start": 1585619821.185759, "device_queued": 1585619754.8517687, "device_end": 1585619754.8519626, "host_queued_end": 1585619821.196877}, "device": "gpu", "nd_range": {"device_start": 1585619754.8520076, "device_end": 1585619754.852034}, "cmdq": 1, "read": {"device_start": -1, "device_end": -1}}, "coalesced_transpose12": {"write": {"device_start": -1, "host_queued_start": 1585619821.192496, "device_queued": -1, "device_end": -1, "host_queued_end": 1585619821.196877}, "device": "gpu", "nd_range": {"device_start": 1585619754.8530962, "device_end": 1585619754.8548982}, "cmdq": 3, "read": {"device_start": -1, "device_end": -1}}, "coalesced_transpose21": {"write": {"device_start": -1, "host_queued_start": 1585619821.1928, "device_queued": -1, "device_end": -1, "host_queued_end": 1585619821.196877}, "device": "gpu", "nd_range": {"device_start": 1585619754.8549016, "device_end": 1585619754.8549314}, "cmdq": 4, "read": {"device_start": -1, "device_end": -1}}, "softmax14": {"write": {"device_start": -1, "host_queued_start": 1585619821.193683, "device_queued": -1, "device_end": -1, "host_queued_end": 1585619821.196877}, "device": "gpu", "nd_range": {"device_start": 1585619754.8556209, "device_end": 1585619754.856085}, "cmdq": 2, "read": {"device_start": -1, "device_end": -1}}, "FFC_sans_bias13": {"write": {"device_start": -1, "host_queued_start": 1585619821.193117, "device_queued": -1, "device_end": -1, "host_queued_end": 1585619821.196877}, "device": "gpu", "nd_range": {"device_start": 1585619754.8549058, "device_end": 1585619754.8556135}, "cmdq": 0, "read": {"device_start": -1, "device_end": -1}}, "empty8": {"write": {"device_start": -1, "host_queued_start": 1585619821.198296, "device_queued": -1, "device_end": -1, "host_queued_end": 1585619821.204246}, "device": "cpu", "nd_range": {"device_start": 2287595.393818432, "device_end": 2287595.393828627}, "cmdq": 0, "read": {"device_start": -1, "device_end": -1}}, "FFC_sans_bias24": {"write": {"device_start": -1, "host_queued_start": 1585619821.19469, "device_queued": -1, "device_end": -1, "host_queued_end": 1585619821.196877}, "device": "gpu", "nd_range": {"device_start": 1585619754.8564217, "device_end": 1585619754.857107}, "cmdq": 0, "read": {"device_start": -1, "device_end": -1}}, "FFC_sans_bias25": {"write": {"device_start": 1585619754.8562617, "host_queued_start": 1585619821.196779, "device_queued": 1585619754.852956, "device_end": 1585619754.856288, "host_queued_end": 1585619821.196877}, "device": "gpu", "nd_range": {"device_start": 1585619754.8571115, "device_end": 1585619754.858068}, "cmdq": 2, "read": {"device_start": 1585619754.858073, "device_end": 1585619754.858097}},