{"FFC_sans_bias4": {"write": {"device_start": -1, "host_queued_start": 1585619593.445284, "device_queued": -1, "device_end": -1, "host_queued_end": 1585619593.451018}, "device": "gpu", "nd_range": {"device_start": 1585619527.1197872, "device_end": 1585619527.1203868}, "cmdq": 0, "read": {"device_start": -1, "device_end": -1}}, "FFC_sans_bias7": {"write": {"device_start": 1585619527.1241357, "host_queued_start": 1585619593.448779, "device_queued": 1585619527.114069, "device_end": 1585619527.124166, "host_queued_end": 1585619593.451018}, "device": "gpu", "nd_range": {"device_start": 1585619527.1241689, "device_end": 1585619527.1247659}, "cmdq": 0, "read": {"device_start": 1585619527.1247737, "device_end": 1585619527.124797}}, "FFC_sans_bias6": {"write": {"device_start": -1, "host_queued_start": 1585619593.447122, "device_queued": -1, "device_end": -1, "host_queued_end": 1585619593.451018}, "device": "gpu", "nd_range": {"device_start": 1585619527.122215, "device_end": 1585619527.1228151}, "cmdq": 0, "read": {"device_start": -1, "device_end": -1}}, "FFC_sans_bias1": {"write": {"device_start": 1585619527.1138172, "host_queued_start": 1585619593.436609, "device_queued": 1585619527.1128109, "device_end": 1585619527.1138475, "host_queued_end": 1585619593.451018}, "device": "gpu", "nd_range": {"device_start": 1585619527.1138544, "device_end": 1585619527.1144655}, "cmdq": 0, "read": {"device_start": -1, "device_end": -1}}, "FFC_sans_bias0": {"write": {"device_start": 1585619527.1130571, "host_queued_start": 1585619593.435562, "device_queued": 1585619527.1126497, "device_end": 1585619527.1130815, "host_queued_end": 1585619593.451018}, "device": "gpu", "nd_range": {"device_start": 1585619527.1130853, "device_end": 1585619527.1136854}, "cmdq": 0, "read": {"device_start": -1, "device_end": -1}}, "FFC_sans_bias2": {"write": {"device_start": 1585619527.114593, "host_queued_start": 1585619593.437662, "device_queued": 1585619527.1128466, "device_end": 1585619527.114623, "host_queued_end": 1585619593.451018}, "device": "gpu", "nd_range": {"device_start": 1585619527.114626, "device_end": 1585619527.1152246}, "cmdq": 0, "read": {"device_start": -1, "device_end": -1}}, "FFC_sans_bias9": {"write": {"device_start": 1585619527.115351, "host_queued_start": 1585619593.438731, "device_queued": 1585619527.113, "device_end": 1585619527.1153808, "host_queued_end": 1585619593.451018}, "device": "gpu", "nd_range": {"device_start": 1585619527.1153865, "device_end": 1585619527.1159854}, "cmdq": 0, "read": {"device_start": -1, "device_end": -1}}, "softmax23": {"write": {"device_start": -1, "host_queued_start": 1585619593.446808, "device_queued": -1, "device_end": -1, "host_queued_end": 1585619593.451018}, "device": "gpu", "nd_range": {"device_start": 1585619527.1220129, "device_end": 1585619527.122214}, "cmdq": 0, "read": {"device_start": -1, "device_end": -1}}, "FFC_sans_bias11": {"write": {"device_start": 1585619527.116848, "host_queued_start": 1585619593.440814, "device_queued": 1585619527.1131725, "device_end": 1585619527.1168783, "host_queued_end": 1585619593.451018}, "device": "gpu", "nd_range": {"device_start": 1585619527.1168857, "device_end": 1585619527.1174948}, "cmdq": 0, "read": {"device_start": -1, "device_end": -1}}, "FFC_sans_bias10": {"write": {"device_start": 1585619527.1161127, "host_queued_start": 1585619593.439771, "device_queued": 1585619527.1130357, "device_end": 1585619527.1161425, "host_queued_end": 1585619593.451018}, "device": "gpu", "nd_range": {"device_start": 1585619527.1161456, "device_end": 1585619527.1167433}, "cmdq": 0, "read": {"device_start": -1, "device_end": -1}}, "coalesced_transpose3": {"write": {"device_start": -1, "host_queued_start": 1585619593.444361, "device_queued": -1, "device_end": -1, "host_queued_end": 1585619593.451018}, "device": "gpu", "nd_range": {"device_start": 1585619527.1197577, "device_end": 1585619527.119766}, "cmdq": 0, "read": {"device_start": -1, "device_end": -1}}, "FFC_sans_bias15": {"write": {"device_start": -1, "host_queued_start": 1585619593.447447, "device_queued": -1, "device_end": -1, "host_queued_end": 1585619593.451018}, "device": "gpu", "nd_range": {"device_start": 1585619527.122816, "device_end": 1585619527.1234133}, "cmdq": 0, "read": {"device_start": -1, "device_end": -1}}, "FFC_sans_bias16": {"write": {"device_start": 1585619527.124976, "host_queued_start": 1585619593.449835, "device_queued": 1585619527.114128, "device_end": 1585619527.125005, "host_queued_end": 1585619593.451018}, "device": "gpu", "nd_range": {"device_start": 1585619527.1250088, "device_end": 1585619527.1256065}, "cmdq": 0, "read": {"device_start": 1585619527.1256118, "device_end": 1585619527.1256342}}, "FFC_sans_bias19": {"write": {"device_start": 1585619527.1183717, "host_queued_start": 1585619593.442978, "device_queued": 1585619527.1133666, "device_end": 1585619527.1184015, "host_queued_end": 1585619593.451018}, "device": "gpu", "nd_range": {"device_start": 1585619527.1184082, "device_end": 1585619527.118997}, "cmdq": 0, "read": {"device_start": -1, "device_end": -1}}, "FFC_sans_bias18": {"write": {"device_start": 1585619527.1176212, "host_queued_start": 1585619593.44186, "device_queued": 1585619527.113212, "device_end": 1585619527.117651, "host_queued_end": 1585619593.451018}, "device": "gpu", "nd_range": {"device_start": 1585619527.1176567, "device_end": 1585619527.1182554}, "cmdq": 0, "read": {"device_start": -1, "device_end": -1}}, "empty26": {"write": {"device_start": 1585619527.1128995, "host_queued_start": 1585619593.434566, "device_queued": 1585619527.1126068, "device_end": 1585619527.1129284, "host_queued_end": 1585619593.451018}, "device": "gpu", "nd_range": {"device_start": 1585619527.112931, "device_end": 1585619527.1129348}, "cmdq": 0, "read": {"device_start": -1, "device_end": -1}}, "coalesced_transpose12": {"write": {"device_start": -1, "host_queued_start": 1585619593.444663, "device_queued": -1, "device_end": -1, "host_queued_end": 1585619593.451018}, "device": "gpu", "nd_range": {"device_start": 1585619527.1197674, "device_end": 1585619527.119776}, "cmdq": 0, "read": {"device_start": -1, "device_end": -1}}, "coalesced_transpose21": {"write": {"device_start": -1, "host_queued_start": 1585619593.444967, "device_queued": -1, "device_end": -1, "host_queued_end": 1585619593.451018}, "device": "gpu", "nd_range": {"device_start": 1585619527.1197772, "device_end": 1585619527.1197855}, "cmdq": 0, "read": {"device_start": -1, "device_end": -1}}, "softmax14": {"write": {"device_start": -1, "host_queued_start": 1585619593.446526, "device_queued": -1, "device_end": -1, "host_queued_end": 1585619593.451018}, "device": "gpu", "nd_range": {"device_start": 1585619527.1218033, "device_end": 1585619527.1220117}, "cmdq": 0, "read": {"device_start": -1, "device_end": -1}}, "FFC_sans_bias13": {"write": {"device_start": -1, "host_queued_start": 1585619593.445599, "device_queued": -1, "device_end": -1, "host_queued_end": 1585619593.451018}, "device": "gpu", "nd_range": {"device_start": 1585619527.120388, "device_end": 1585619527.1209884}, "cmdq": 0, "read": {"device_start": -1, "device_end": -1}}, "empty8": {"write": {"device_start": 1585619527.1125748, "host_queued_start": 1585619593.432708, "device_queued": 1585619527.1124551, "device_end": 1585619527.112601, "host_queued_end": 1585619593.451018}, "device": "gpu", "nd_range": {"device_start": 1585619527.1126091, "device_end": 1585619527.1126192}, "cmdq": 0, "read": {"device_start": -1, "device_end": -1}}, "FFC_sans_bias24": {"write": {"device_start": -1, "host_queued_start": 1585619593.447761, "device_queued": -1, "device_end": -1, "host_queued_end": 1585619593.451018}, "device": "gpu", "nd_range": {"device_start": 1585619527.1234145, "device_end": 1585619527.1240106}, "cmdq": 0, "read": {"device_start": -1, "device_end": -1}}, "FFC_sans_bias25": {"write": {"device_start": 1585619527.125803, "host_queued_start": 1585619593.450913, "device_queued": 1585619527.1142871,