{"FFC_sans_bias4": {"write": {"device_start": -1, "host_queued_start": 1585619743.480586, "device_queued": -1, "device_end": -1, "host_queued_end": 1585619743.486412}, "device": "gpu", "nd_range": {"device_start": 1585619677.148388, "device_end": 1585619677.1489902}, "cmdq": 3, "read": {"device_start": -1, "device_end": -1}}, "FFC_sans_bias7": {"write": {"device_start": 1585619677.150308, "host_queued_start": 1585619743.484184, "device_queued": 1585619677.1453536, "device_end": 1585619677.1503382, "host_queued_end": 1585619743.486412}, "device": "gpu", "nd_range": {"device_start": 1585619677.150803, "device_end": 1585619677.152185}, "cmdq": 0, "read": {"device_start": 1585619677.1521897, "device_end": 1585619677.1522126}}, "FFC_sans_bias6": {"write": {"device_start": -1, "host_queued_start": 1585619743.482477, "device_queued": -1, "device_end": -1, "host_queued_end": 1585619743.486412}, "device": "gpu", "nd_range": {"device_start": 1585619677.1501732, "device_end": 1585619677.1507888}, "cmdq": 1, "read": {"device_start": -1, "device_end": -1}}, "FFC_sans_bias1": {"write": {"device_start": 1585619677.1440659, "host_queued_start": 1585619743.47189, "device_queued": 1585619677.1439722, "device_end": 1585619677.1441154, "host_queued_end": 1585619743.486412}, "device": "gpu", "nd_range": {"device_start": 1585619677.14412, "device_end": 1585619677.1449707}, "cmdq": 0, "read": {"device_start": -1, "device_end": -1}}, "FFC_sans_bias0": {"write": {"device_start": 1585619677.143907, "host_queued_start": 1585619743.470807, "device_queued": 1585619677.1436594, "device_end": 1585619677.1439357, "host_queued_end": 1585619743.486412}, "device": "gpu", "nd_range": {"device_start": 1585619677.1439598, "device_end": 1585619677.1445668}, "cmdq": 3, "read": {"device_start": -1, "device_end": -1}}, "FFC_sans_bias2": {"write": {"device_start": 1585619677.144151, "host_queued_start": 1585619743.47295, "device_queued": 1585619677.1440241, "device_end": 1585619677.1442013, "host_queued_end": 1585619743.486412}, "device": "gpu", "nd_range": {"device_start": 1585619677.1442165, "device_end": 1585619677.1455274}, "cmdq": 1, "read": {"device_start": -1, "device_end": -1}}, "FFC_sans_bias9": {"write": {"device_start": 1585619677.1442392, "host_queued_start": 1585619743.473997, "device_queued": 1585619677.1441495, "device_end": 1585619677.1442652, "host_queued_end": 1585619743.486412}, "device": "gpu", "nd_range": {"device_start": 1585619677.1442747, "device_end": 1585619677.145965}, "cmdq": 2, "read": {"device_start": -1, "device_end": -1}}, "softmax23": {"write": {"device_start": -1, "host_queued_start": 1585619743.482138, "device_queued": -1, "device_end": -1, "host_queued_end": 1585619743.486412}, "device": "gpu", "nd_range": {"device_start": 1585619677.1499875, "device_end": 1585619677.1501894}, "cmdq": 0, "read": {"device_start": -1, "device_end": -1}}, "FFC_sans_bias11": {"write": {"device_start": 1585619677.1450715, "host_queued_start": 1585619743.476132, "device_queued": 1585619677.144363, "device_end": 1585619677.145103, "host_queued_end": 1585619743.486412}, "device": "gpu", "nd_range": {"device_start": 1585619677.1451077, "device_end": 1585619677.1469526}, "cmdq": 0, "read": {"device_start": -1, "device_end": -1}}, "FFC_sans_bias10": {"write": {"device_start": 1585619677.1446412, "host_queued_start": 1585619743.47508, "device_queued": 1585619677.144179, "device_end": 1585619677.1446707, "host_queued_end": 1585619743.486412}, "device": "gpu", "nd_range": {"device_start": 1585619677.1446757, "device_end": 1585619677.1464856}, "cmdq": 3, "read": {"device_start": -1, "device_end": -1}}, "coalesced_transpose3": {"write": {"device_start": -1, "host_queued_start": 1585619743.479651, "device_queued": -1, "device_end": -1, "host_queued_end": 1585619743.486412}, "device": "gpu", "nd_range": {"device_start": 1585619677.1469536, "device_end": 1585619677.1482837}, "cmdq": 0, "read": {"device_start": -1, "device_end": -1}}, "FFC_sans_bias15": {"write": {"device_start": -1, "host_queued_start": 1585619743.482839, "device_queued": -1, "device_end": -1, "host_queued_end": 1585619743.486412}, "device": "gpu", "nd_range": {"device_start": 1585619677.1501782, "device_end": 1585619677.1511946}, "cmdq": 2, "read": {"device_start": -1, "device_end": -1}}, "FFC_sans_bias16": {"write": {"device_start": 1585619677.1509101, "host_queued_start": 1585619743.485251, "device_queued": 1585619677.1453984, "device_end": 1585619677.1509402, "host_queued_end": 1585619743.486412}, "device": "gpu", "nd_range": {"device_start": 1585619677.1512105, "device_end": 1585619677.1527221}, "cmdq": 1, "read": {"device_start": 1585619677.1527283, "device_end": 1585619677.1527512}}, "FFC_sans_bias19": {"write": {"device_start": 1585619677.1463318, "host_queued_start": 1585619743.478221, "device_queued": 1585619677.1445425, "device_end": 1585619677.1463637, "host_queued_end": 1585619743.486412}, "device": "gpu", "nd_range": {"device_start": 1585619677.1463685, "device_end": 1585619677.1479225}, "cmdq": 2, "read": {"device_start": -1, "device_end": -1}}, "FFC_sans_bias18": {"write": {"device_start": 1585619677.1456456, "host_queued_start": 1585619743.477176, "device_queued": 1585619677.1444063, "device_end": 1585619677.1456718, "host_queued_end": 1585619743.486412}, "device": "gpu", "nd_range": {"device_start": 1585619677.1456797, "device_end": 1585619677.1474407}, "cmdq": 1, "read": {"device_start": -1, "device_end": -1}}, "empty26": {"write": {"device_start": 1585619677.1438138, "host_queued_start": 1585619743.469733, "device_queued": 1585619677.1436324, "device_end": 1585619677.1438773, "host_queued_end": 1585619743.486412}, "device": "gpu", "nd_range": {"device_start": 1585619677.1438823, "device_end": 1585619677.1438863}, "cmdq": 2, "read": {"device_start": -1, "device_end": -1}}, "coalesced_transpose12": {"write": {"device_start": -1, "host_queued_start": 1585619743.479961, "device_queued": -1, "device_end": -1, "host_queued_end": 1585619743.486412}, "device": "gpu", "nd_range": {"device_start": 1585619677.1474435, "device_end": 1585619677.148295}, "cmdq": 1, "read": {"device_start": -1, "device_end": -1}}, "coalesced_transpose21": {"write": {"device_start": -1, "host_queued_start": 1585619743.480264, "device_queued": -1, "device_end": -1, "host_queued_end": 1585619743.486412}, "device": "gpu", "nd_range": {"device_start": 1585619677.1479237, "device_end": 1585619677.1483054}, "cmdq": 2, "read": {"device_start": -1, "device_end": -1}}, "softmax14": {"write": {"device_start": -1, "host_queued_start": 1585619743.48188, "device_queued": -1, "device_end": -1, "host_queued_end": 1585619743.486412}, "device": "gpu", "nd_range": {"device_start": 1585619677.1494107, "device_end": 1585619677.150166}, "cmdq": 3, "read": {"device_start": -1, "device_end": -1}}, "FFC_sans_bias13": {"write": {"device_start": -1, "host_queued_start": 1585619743.480906, "device_queued": -1, "device_end": -1, "host_queued_end": 1585619743.486412}, "device": "gpu", "nd_range": {"device_start": 1585619677.1483955, "device_end": 1585619677.1494017}, "cmdq": 0, "read": {"device_start": -1, "device_end": -1}}, "empty8": {"write": {"device_start": 1585619677.1436179, "host_queued_start": 1585619743.46784, "device_queued": 1585619677.1434815, "device_end": 1585619677.143656, "host_queued_end": 1585619743.486412}, "device": "gpu", "nd_range": {"device_start": 1585619677.1436641, "device_end": 1585619677.1436694}, "cmdq": 0, "read": {"device_start": -1, "device_end": -1}}, "FFC_sans_bias24": {"write": {"device_start": -1, "host_queued_start": 1585619743.483155, "device_queued": -1, "device_end": -1, "host_queued_end": 1585619743.486412}, "device": "gpu", "nd_range": {"device_start": 1585619677.150197, "device_end": 1585619677.1517692}, "cmdq": 3, "read": {"device_start": -1, "device_end": -1}}, "FFC_sans_bias25": {"write": {"device_start": 1585619677.1513147, "host_queued_start": 1585619743.486308, "device_queued": 1585619677.1455379,