{"FFC_sans_bias4": {"write": {"device_start": -1, "host_queued_start": 1585619582.757245, "device_queued": -1, "device_end": -1, "host_queued_end": 1585619582.76299}, "device": "gpu", "nd_range": {"device_start": 1585619516.4321332, "device_end": 1585619516.4327333}, "cmdq": 0, "read": {"device_start": -1, "device_end": -1}}, "FFC_sans_bias7": {"write": {"device_start": 1585619516.4363744, "host_queued_start": 1585619582.76076, "device_queued": 1585619516.4264562, "device_end": 1585619516.4364033, "host_queued_end": 1585619582.76299}, "device": "gpu", "nd_range": {"device_start": 1585619516.436412, "device_end": 1585619516.4370008}, "cmdq": 0, "read": {"device_start": 1585619516.437004, "device_end": 1585619516.437027}}, "FFC_sans_bias6": {"write": {"device_start": -1, "host_queued_start": 1585619582.759105, "device_queued": -1, "device_end": -1, "host_queued_end": 1585619582.76299}, "device": "gpu", "nd_range": {"device_start": 1585619516.4345527, "device_end": 1585619516.4351532}, "cmdq": 0, "read": {"device_start": -1, "device_end": -1}}, "FFC_sans_bias1": {"write": {"device_start": 1585619516.4262214, "host_queued_start": 1585619582.7486, "device_queued": 1585619516.4251587, "device_end": 1585619516.426251, "host_queued_end": 1585619582.76299}, "device": "gpu", "nd_range": {"device_start": 1585619516.4262536, "device_end": 1585619516.4268436}, "cmdq": 0, "read": {"device_start": -1, "device_end": -1}}, "FFC_sans_bias0": {"write": {"device_start": 1585619516.4254596, "host_queued_start": 1585619582.747546, "device_queued": 1585619516.4249184, "device_end": 1585619516.4254882, "host_queued_end": 1585619582.76299}, "device": "gpu", "nd_range": {"device_start": 1585619516.4254942, "device_end": 1585619516.4260933}, "cmdq": 0, "read": {"device_start": -1, "device_end": -1}}, "FFC_sans_bias2": {"write": {"device_start": 1585619516.426972, "host_queued_start": 1585619582.74965, "device_queued": 1585619516.425209, "device_end": 1585619516.427002, "host_queued_end": 1585619582.76299}, "device": "gpu", "nd_range": {"device_start": 1585619516.4270086, "device_end": 1585619516.427621}, "cmdq": 0, "read": {"device_start": -1, "device_end": -1}}, "FFC_sans_bias9": {"write": {"device_start": 1585619516.4277408, "host_queued_start": 1585619582.75076, "device_queued": 1585619516.4253836, "device_end": 1585619516.427766, "host_queued_end": 1585619582.76299}, "device": "gpu", "nd_range": {"device_start": 1585619516.4277694, "device_end": 1585619516.428369}, "cmdq": 0, "read": {"device_start": -1, "device_end": -1}}, "softmax23": {"write": {"device_start": -1, "host_queued_start": 1585619582.758791, "device_queued": -1, "device_end": -1, "host_queued_end": 1585619582.76299}, "device": "gpu", "nd_range": {"device_start": 1585619516.4343505, "device_end": 1585619516.4345517}, "cmdq": 0, "read": {"device_start": -1, "device_end": -1}}, "FFC_sans_bias11": {"write": {"device_start": 1585619516.4292536, "host_queued_start": 1585619582.752858, "device_queued": 1585619516.4256058, "device_end": 1585619516.429283, "host_queued_end": 1585619582.76299}, "device": "gpu", "nd_range": {"device_start": 1585619516.4292862, "device_end": 1585619516.4298854}, "cmdq": 0, "read": {"device_start": -1, "device_end": -1}}, "FFC_sans_bias10": {"write": {"device_start": 1585619516.4284883, "host_queued_start": 1585619582.751816, "device_queued": 1585619516.4254308, "device_end": 1585619516.4285178, "host_queued_end": 1585619582.76299}, "device": "gpu", "nd_range": {"device_start": 1585619516.428533, "device_end": 1585619516.429137}, "cmdq": 0, "read": {"device_start": -1, "device_end": -1}}, "coalesced_transpose3": {"write": {"device_start": -1, "host_queued_start": 1585619582.756336, "device_queued": -1, "device_end": -1, "host_queued_end": 1585619582.76299}, "device": "gpu", "nd_range": {"device_start": 1585619516.4321046, "device_end": 1585619516.4321125}, "cmdq": 0, "read": {"device_start": -1, "device_end": -1}}, "FFC_sans_bias15": {"write": {"device_start": -1, "host_queued_start": 1585619582.759429, "device_queued": -1, "device_end": -1, "host_queued_end": 1585619582.76299}, "device": "gpu", "nd_range": {"device_start": 1585619516.4351552, "device_end": 1585619516.4357512}, "cmdq": 0, "read": {"device_start": -1, "device_end": -1}}, "FFC_sans_bias16": {"write": {"device_start": 1585619516.4372149, "host_queued_start": 1585619582.761816, "device_queued": 1585619516.4265237, "device_end": 1585619516.4372432, "host_queued_end": 1585619582.76299}, "device": "gpu", "nd_range": {"device_start": 1585619516.4372578, "device_end": 1585619516.4378567}, "cmdq": 0, "read": {"device_start": 1585619516.4378657, "device_end": 1585619516.437888}}, "FFC_sans_bias19": {"write": {"device_start": 1585619516.4307609, "host_queued_start": 1585619582.754965, "device_queued": 1585619516.425787, "device_end": 1585619516.4307902, "host_queued_end": 1585619582.76299}, "device": "gpu", "nd_range": {"device_start": 1585619516.4307985, "device_end": 1585619516.4313874}, "cmdq": 0, "read": {"device_start": -1, "device_end": -1}}, "FFC_sans_bias18": {"write": {"device_start": 1585619516.430001, "host_queued_start": 1585619582.753902, "device_queued": 1585619516.4256432, "device_end": 1585619516.430031, "host_queued_end": 1585619582.76299}, "device": "gpu", "nd_range": {"device_start": 1585619516.430034, "device_end": 1585619516.4306407}, "cmdq": 0, "read": {"device_start": -1, "device_end": -1}}, "empty26": {"write": {"device_start": 1585619516.4252272, "host_queued_start": 1585619582.74655, "device_queued": 1585619516.424892, "device_end": 1585619516.4252512, "host_queued_end": 1585619582.76299}, "device": "gpu", "nd_range": {"device_start": 1585619516.4252594, "device_end": 1585619516.425263}, "cmdq": 0, "read": {"device_start": -1, "device_end": -1}}, "coalesced_transpose12": {"write": {"device_start": -1, "host_queued_start": 1585619582.756634, "device_queued": -1, "device_end": -1, "host_queued_end": 1585619582.76299}, "device": "gpu", "nd_range": {"device_start": 1585619516.4321136, "device_end": 1585619516.432122}, "cmdq": 0, "read": {"device_start": -1, "device_end": -1}}, "coalesced_transpose21": {"write": {"device_start": -1, "host_queued_start": 1585619582.756931, "device_queued": -1, "device_end": -1, "host_queued_end": 1585619582.76299}, "device": "gpu", "nd_range": {"device_start": 1585619516.4321237, "device_end": 1585619516.432132}, "cmdq": 0, "read": {"device_start": -1, "device_end": -1}}, "softmax14": {"write": {"device_start": -1, "host_queued_start": 1585619582.758503, "device_queued": -1, "device_end": -1, "host_queued_end": 1585619582.76299}, "device": "gpu", "nd_range": {"device_start": 1585619516.4341433, "device_end": 1585619516.4343493}, "cmdq": 0, "read": {"device_start": -1, "device_end": -1}}, "FFC_sans_bias13": {"write": {"device_start": -1, "host_queued_start": 1585619582.757566, "device_queued": -1, "device_end": -1, "host_queued_end": 1585619582.76299}, "device": "gpu", "nd_range": {"device_start": 1585619516.4327343, "device_end": 1585619516.433332}, "cmdq": 0, "read": {"device_start": -1, "device_end": -1}}, "empty8": {"write": {"device_start": 1585619516.42489, "host_queued_start": 1585619582.744672, "device_queued": 1585619516.424762, "device_end": 1585619516.4249156, "host_queued_end": 1585619582.76299}, "device": "gpu", "nd_range": {"device_start": 1585619516.4249215, "device_end": 1585619516.424926}, "cmdq": 0, "read": {"device_start": -1, "device_end": -1}}, "FFC_sans_bias24": {"write": {"device_start": -1, "host_queued_start": 1585619582.759743, "device_queued": -1, "device_end": -1, "host_queued_end": 1585619582.76299}, "device": "gpu", "nd_range": {"device_start": 1585619516.4357529, "device_end": 1585619516.4362543}, "cmdq": 0, "read": {"device_start": -1, "device_end": -1}}, "FFC_sans_bias25": {"write": {"device_start": 1585619516.4380655, "host_queued_start": 1585619582.76289, "device_queued": 1585619516.4266732, "device_end": 1585619516.4380944,