{"FFC_sans_bias4": {"write": {"device_start": -1, "host_queued_start": 1585619668.533204, "device_queued": -1, "device_end": -1, "host_queued_end": 1585619668.538946}, "device": "gpu", "nd_range": {"device_start": 1585619602.2030659, "device_end": 1585619602.2036662}, "cmdq": 1, "read": {"device_start": -1, "device_end": -1}}, "FFC_sans_bias7": {"write": {"device_start": 1585619602.2059858, "host_queued_start": 1585619668.536695, "device_queued": 1585619602.2000067, "device_end": 1585619602.2060175, "host_queued_end": 1585619668.538946}, "device": "gpu", "nd_range": {"device_start": 1585619602.2060235, "device_end": 1585619602.2068522}, "cmdq": 0, "read": {"device_start": 1585619602.2068563, "device_end": 1585619602.20688}}, "FFC_sans_bias6": {"write": {"device_start": -1, "host_queued_start": 1585619668.535041, "device_queued": -1, "device_end": -1, "host_queued_end": 1585619668.538946}, "device": "gpu", "nd_range": {"device_start": 1585619602.204848, "device_end": 1585619602.2054527}, "cmdq": 1, "read": {"device_start": -1, "device_end": -1}}, "FFC_sans_bias1": {"write": {"device_start": 1585619602.1986792, "host_queued_start": 1585619668.524582, "device_queued": 1585619602.1985958, "device_end": 1585619602.198709, "host_queued_end": 1585619668.538946}, "device": "gpu", "nd_range": {"device_start": 1585619602.1987123, "device_end": 1585619602.1996133}, "cmdq": 0, "read": {"device_start": -1, "device_end": -1}}, "FFC_sans_bias0": {"write": {"device_start": 1585619602.198575, "host_queued_start": 1585619668.523537, "device_queued": 1585619602.1983738, "device_end": 1585619602.1986008, "host_queued_end": 1585619668.538946}, "device": "gpu", "nd_range": {"device_start": 1585619602.1986039, "device_end": 1585619602.1992092}, "cmdq": 1, "read": {"device_start": -1, "device_end": -1}}, "FFC_sans_bias2": {"write": {"device_start": 1585619602.1993215, "host_queued_start": 1585619668.525627, "device_queued": 1585619602.1986341, "device_end": 1585619602.1993515, "host_queued_end": 1585619668.538946}, "device": "gpu", "nd_range": {"device_start": 1585619602.1993544, "device_end": 1585619602.2001812}, "cmdq": 1, "read": {"device_start": -1, "device_end": -1}}, "FFC_sans_bias9": {"write": {"device_start": 1585619602.199745, "host_queued_start": 1585619668.526748, "device_queued": 1585619602.198782, "device_end": 1585619602.1997707, "host_queued_end": 1585619668.538946}, "device": "gpu", "nd_range": {"device_start": 1585619602.1997743, "device_end": 1585619602.2006147}, "cmdq": 0, "read": {"device_start": -1, "device_end": -1}}, "softmax23": {"write": {"device_start": -1, "host_queued_start": 1585619668.534732, "device_queued": -1, "device_end": -1, "host_queued_end": 1585619668.538946}, "device": "gpu", "nd_range": {"device_start": 1585619602.2047048, "device_end": 1585619602.2049394}, "cmdq": 0, "read": {"device_start": -1, "device_end": -1}}, "FFC_sans_bias11": {"write": {"device_start": 1585619602.2007535, "host_queued_start": 1585619668.528838, "device_queued": 1585619602.1989744, "device_end": 1585619602.200786, "host_queued_end": 1585619668.538946}, "device": "gpu", "nd_range": {"device_start": 1585619602.20079, "device_end": 1585619602.2016175}, "cmdq": 0, "read": {"device_start": -1, "device_end": -1}}, "FFC_sans_bias10": {"write": {"device_start": 1585619602.2003207, "host_queued_start": 1585619668.527803, "device_queued": 1585619602.1988227, "device_end": 1585619602.200347, "host_queued_end": 1585619668.538946}, "device": "gpu", "nd_range": {"device_start": 1585619602.2003562, "device_end": 1585619602.2011468}, "cmdq": 1, "read": {"device_start": -1, "device_end": -1}}, "coalesced_transpose3": {"write": {"device_start": -1, "host_queued_start": 1585619668.532296, "device_queued": -1, "device_end": -1, "host_queued_end": 1585619668.538946}, "device": "gpu", "nd_range": {"device_start": 1585619602.2026162, "device_end": 1585619602.2029467}, "cmdq": 0, "read": {"device_start": -1, "device_end": -1}}, "FFC_sans_bias15": {"write": {"device_start": -1, "host_queued_start": 1585619668.535361, "device_queued": -1, "device_end": -1, "host_queued_end": 1585619668.538946}, "device": "gpu", "nd_range": {"device_start": 1585619602.2049441, "device_end": 1585619602.2058609}, "cmdq": 0, "read": {"device_start": -1, "device_end": -1}}, "FFC_sans_bias16": {"write": {"device_start": 1585619602.206532, "host_queued_start": 1585619668.53776, "device_queued": 1585619602.2000492, "device_end": 1585619602.2065616, "host_queued_end": 1585619668.538946}, "device": "gpu", "nd_range": {"device_start": 1585619602.2065678, "device_end": 1585619602.2073684}, "cmdq": 1, "read": {"device_start": 1585619602.2073703, "device_end": 1585619602.2073934}}, "FFC_sans_bias19": {"write": {"device_start": 1585619602.201756, "host_queued_start": 1585619668.530934, "device_queued": 1585619602.1991642, "device_end": 1585619602.2017875, "host_queued_end": 1585619668.538946}, "device": "gpu", "nd_range": {"device_start": 1585619602.201791, "device_end": 1585619602.2026148}, "cmdq": 0, "read": {"device_start": -1, "device_end": -1}}, "FFC_sans_bias18": {"write": {"device_start": 1585619602.2013068, "host_queued_start": 1585619668.529874, "device_queued": 1585619602.199015, "device_end": 1585619602.2013378, "host_queued_end": 1585619668.538946}, "device": "gpu", "nd_range": {"device_start": 1585619602.2013423, "device_end": 1585619602.2021136}, "cmdq": 1, "read": {"device_start": -1, "device_end": -1}}, "empty26": {"write": {"device_start": 1585619602.1984866, "host_queued_start": 1585619668.522535, "device_queued": 1585619602.1983385, "device_end": 1585619602.1985557, "host_queued_end": 1585619668.538946}, "device": "gpu", "nd_range": {"device_start": 1585619602.1985679, "device_end": 1585619602.198572}, "cmdq": 0, "read": {"device_start": -1, "device_end": -1}}, "coalesced_transpose12": {"write": {"device_start": -1, "host_queued_start": 1585619668.532597, "device_queued": -1, "device_end": -1, "host_queued_end": 1585619668.538946}, "device": "gpu", "nd_range": {"device_start": 1585619602.2030506, "device_end": 1585619602.2030606}, "cmdq": 1, "read": {"device_start": -1, "device_end": -1}}, "coalesced_transpose21": {"write": {"device_start": -1, "host_queued_start": 1585619668.532888, "device_queued": -1, "device_end": -1, "host_queued_end": 1585619668.538946}, "device": "gpu", "nd_range": {"device_start": 1585619602.2029476, "device_end": 1585619602.2029717}, "cmdq": 0, "read": {"device_start": -1, "device_end": -1}}, "softmax14": {"write": {"device_start": -1, "host_queued_start": 1585619668.534454, "device_queued": -1, "device_end": -1, "host_queued_end": 1585619668.538946}, "device": "gpu", "nd_range": {"device_start": 1585619602.2046447, "device_end": 1585619602.2048435}, "cmdq": 1, "read": {"device_start": -1, "device_end": -1}}, "FFC_sans_bias13": {"write": {"device_start": -1, "host_queued_start": 1585619668.533517, "device_queued": -1, "device_end": -1, "host_queued_end": 1585619668.538946}, "device": "gpu", "nd_range": {"device_start": 1585619602.2030737, "device_end": 1585619602.2040744}, "cmdq": 0, "read": {"device_start": -1, "device_end": -1}}, "empty8": {"write": {"device_start": 1585619602.1982884, "host_queued_start": 1585619668.520646, "device_queued": 1585619602.1981645, "device_end": 1585619602.198333, "host_queued_end": 1585619668.538946}, "device": "gpu", "nd_range": {"device_start": 1585619602.1983387, "device_end": 1585619602.1983464}, "cmdq": 0, "read": {"device_start": -1, "device_end": -1}}, "FFC_sans_bias24": {"write": {"device_start": -1, "host_queued_start": 1585619668.535673, "device_queued": -1, "device_end": -1, "host_queued_end": 1585619668.538946}, "device": "gpu", "nd_range": {"device_start": 1585619602.205457, "device_end": 1585619602.2064161}, "cmdq": 1, "read": {"device_start": -1, "device_end": -1}}, "FFC_sans_bias25": {"write": {"device_start": 1585619602.2070606, "host_queued_start": 1585619668.53884, "device_queued": 1585619602.2002604,