{"FFC_sans_bias4": {"write": {"device_start": -1, "host_queued_start": 1585620148.306615, "device_queued": -1, "device_end": -1, "host_queued_end": 1585620148.314169}, "device": "gpu", "nd_range": {"device_start": 1585620081.9666717, "device_end": 1585620081.9672744}, "cmdq": 0, "read": {"device_start": -1, "device_end": -1}}, "FFC_sans_bias7": {"write": {"device_start": 1585620081.969, "host_queued_start": 1585620148.310932, "device_queued": 1585620081.9625583, "device_end": 1585620081.969031, "host_queued_end": 1585620148.314169}, "device": "gpu", "nd_range": {"device_start": 1585620081.9705226, "device_end": 1585620081.971469}, "cmdq": 2, "read": {"device_start": 1585620081.9714718, "device_end": 1585620081.971495}}, "FFC_sans_bias6": {"write": {"device_start": -1, "host_queued_start": 1585620148.308851, "device_queued": -1, "device_end": -1, "host_queued_end": 1585620148.314169}, "device": "gpu", "nd_range": {"device_start": 1585620081.96894, "device_end": 1585620081.9705033}, "cmdq": 3, "read": {"device_start": -1, "device_end": -1}}, "FFC_sans_bias1": {"write": {"device_start": 1585620081.9607878, "host_queued_start": 1585620148.294446, "device_queued": 1585620081.960629, "device_end": 1585620081.960812, "host_queued_end": 1585620148.314169}, "device": "gpu", "nd_range": {"device_start": 1585620081.9608214, "device_end": 1585620081.9617708}, "cmdq": 0, "read": {"device_start": -1, "device_end": -1}}, "FFC_sans_bias0": {"write": {"device_start": 1585620081.9606981, "host_queued_start": 1585620148.293365, "device_queued": 1585620081.9604778, "device_end": 1585620081.960759, "host_queued_end": 1585620148.314169}, "device": "gpu", "nd_range": {"device_start": 1585620081.9607642, "device_end": 1585620081.961365}, "cmdq": 4, "read": {"device_start": -1, "device_end": -1}}, "FFC_sans_bias2": {"write": {"device_start": 1585620081.960934, "host_queued_start": 1585620148.295559, "device_queued": 1585620081.9608295, "device_end": 1585620081.960996, "host_queued_end": 1585620148.314169}, "device": "gpu", "nd_range": {"device_start": 1585620081.961115, "device_end": 1585620081.9623454}, "cmdq": 1, "read": {"device_start": -1, "device_end": -1}}, "FFC_sans_bias9": {"write": {"device_start": 1585620081.961023, "host_queued_start": 1585620148.2966, "device_queued": 1585620081.9608588, "device_end": 1585620081.961079, "host_queued_end": 1585620148.314169}, "device": "gpu", "nd_range": {"device_start": 1585620081.9611654, "device_end": 1585620081.962758}, "cmdq": 2, "read": {"device_start": -1, "device_end": -1}}, "softmax23": {"write": {"device_start": -1, "host_queued_start": 1585620148.308299, "device_queued": -1, "device_end": -1, "host_queued_end": 1585620148.314169}, "device": "gpu", "nd_range": {"device_start": 1585620081.9682605, "device_end": 1585620081.9687164}, "cmdq": 1, "read": {"device_start": -1, "device_end": -1}}, "FFC_sans_bias11": {"write": {"device_start": 1585620081.9614534, "host_queued_start": 1585620148.298765, "device_queued": 1585620081.960892, "device_end": 1585620081.9614835, "host_queued_end": 1585620148.314169}, "device": "gpu", "nd_range": {"device_start": 1585620081.961489, "device_end": 1585620081.9637506}, "cmdq": 4, "read": {"device_start": -1, "device_end": -1}}, "FFC_sans_bias10": {"write": {"device_start": 1585620081.961118, "host_queued_start": 1585620148.297676, "device_queued": 1585620081.960874, "device_end": 1585620081.9611475, "host_queued_end": 1585620148.314169}, "device": "gpu", "nd_range": {"device_start": 1585620081.9611804, "device_end": 1585620081.9633155}, "cmdq": 3, "read": {"device_start": -1, "device_end": -1}}, "coalesced_transpose3": {"write": {"device_start": -1, "host_queued_start": 1585620148.305352, "device_queued": -1, "device_end": -1, "host_queued_end": 1585620148.314169}, "device": "gpu", "nd_range": {"device_start": 1585620081.9647467, "device_end": 1585620081.966549}, "cmdq": 1, "read": {"device_start": -1, "device_end": -1}}, "FFC_sans_bias34": {"write": {"device_start": 1585620081.9707766, "host_queued_start": 1585620148.314066, "device_queued": 1585620081.9629154, "device_end": 1585620081.9708073, "host_queued_end": 1585620148.314169}, "device": "gpu", "nd_range": {"device_start": 1585620081.971092, "device_end": 1585620081.9724224}, "cmdq": 0, "read": {"device_start": 1585620081.9724262, "device_end": 1585620081.9724483}}, "FFC_sans_bias15": {"write": {"device_start": -1, "host_queued_start": 1585620148.30917, "device_queued": -1, "device_end": -1, "host_queued_end": 1585620148.314169}, "device": "gpu", "nd_range": {"device_start": 1585620081.968952, "device_end": 1585620081.9709349}, "cmdq": 4, "read": {"device_start": -1, "device_end": -1}}, "FFC_sans_bias31": {"write": {"device_start": -1, "host_queued_start": 1585620148.307555, "device_queued": -1, "device_end": -1, "host_queued_end": 1585620148.314169}, "device": "gpu", "nd_range": {"device_start": 1585620081.9667034, "device_end": 1585620081.9686515}, "cmdq": 3, "read": {"device_start": -1, "device_end": -1}}, "FFC_sans_bias16": {"write": {"device_start": 1585620081.9706252, "host_queued_start": 1585620148.311991, "device_queued": 1585620081.962672, "device_end": 1585620081.970656, "host_queued_end": 1585620148.314169}, "device": "gpu", "nd_range": {"device_start": 1585620081.9709542, "device_end": 1585620081.9719045}, "cmdq": 3, "read": {"device_start": 1585620081.9719143, "device_end": 1585620081.9719372}}, "FFC_sans_bias19": {"write": {"device_start": 1585620081.9632292, "host_queued_start": 1585620148.300827, "device_queued": 1585620081.9613457, "device_end": 1585620081.9632866, "host_queued_end": 1585620148.314169}, "device": "gpu", "nd_range": {"device_start": 1585620081.9632938, "device_end": 1585620081.9647455}, "cmdq": 1, "read": {"device_start": -1, "device_end": -1}}, "FFC_sans_bias18": {"write": {"device_start": 1585620081.9618645, "host_queued_start": 1585620148.299799, "device_queued": 1585620081.9612882, "device_end": 1585620081.9618962, "host_queued_end": 1585620148.314169}, "device": "gpu", "nd_range": {"device_start": 1585620081.9619043, "device_end": 1585620081.9642665}, "cmdq": 0, "read": {"device_start": -1, "device_end": -1}}, "coalesced_transpose30": {"write": {"device_start": -1, "host_queued_start": 1585620148.30626, "device_queued": -1, "device_end": -1, "host_queued_end": 1585620148.314169}, "device": "gpu", "nd_range": {"device_start": 1585620081.9661882, "device_end": 1585620081.9665756}, "cmdq": 4, "read": {"device_start": -1, "device_end": -1}}, "empty26": {"write": {"device_start": 1585620081.960484, "host_queued_start": 1585620148.29152, "device_queued": 1585620081.9602582, "device_end": 1585620081.9605575, "host_queued_end": 1585620148.314169}, "device": "gpu", "nd_range": {"device_start": 1585620081.960562, "device_end": 1585620081.9605665}, "cmdq": 2, "read": {"device_start": -1, "device_end": -1}}, "coalesced_transpose12": {"write": {"device_start": -1, "host_queued_start": 1585620148.305655, "device_queued": -1, "device_end": -1, "host_queued_end": 1585620148.314169}, "device": "gpu", "nd_range": {"device_start": 1585620081.9652426, "device_end": 1585620081.9665582}, "cmdq": 2, "read": {"device_start": -1, "device_end": -1}}, "coalesced_transpose21": {"write": {"device_start": -1, "host_queued_start": 1585620148.305959, "device_queued": -1, "device_end": -1, "host_queued_end": 1585620148.314169}, "device": "gpu", "nd_range": {"device_start": 1585620081.9657264, "device_end": 1585620081.9665732}, "cmdq": 3, "read": {"device_start": -1, "device_end": -1}}, "softmax14": {"write": {"device_start": -1, "host_queued_start": 1585620148.308051, "device_queued": -1, "device_end": -1, "host_queued_end": 1585620148.314169}, "device": "gpu", "nd_range": {"device_start": 1585620081.9676902, "device_end": 1585620081.9689012}, "cmdq": 0, "read": {"device_start": -1, "device_end": -1}}, "FFC_sans_bias13": {"write": {"device_start": -1, "host_queued_start": 1585620148.30693, "device_queued": -1, "device_end": -1,