{"FFC_sans_bias4": {"write": {"device_start": -1, "host_queued_start": 1585619864.206425, "device_queued": -1, "device_end": -1, "host_queued_end": 1585619864.214108}, "device": "gpu", "nd_range": {"device_start": 1585619797.8774076, "device_end": 1585619797.8780067}, "cmdq": 0, "read": {"device_start": -1, "device_end": -1}}, "FFC_sans_bias7": {"write": {"device_start": 1585619797.8831604, "host_queued_start": 1585619864.21084, "device_queued": 1585619797.8700519, "device_end": 1585619797.8831887, "host_queued_end": 1585619864.214108}, "device": "gpu", "nd_range": {"device_start": 1585619797.8831928, "device_end": 1585619797.883791}, "cmdq": 0, "read": {"device_start": 1585619797.8837943, "device_end": 1585619797.8838177}}, "FFC_sans_bias6": {"write": {"device_start": -1, "host_queued_start": 1585619864.208745, "device_queued": -1, "device_end": -1, "host_queued_end": 1585619864.214108}, "device": "gpu", "nd_range": {"device_start": 1585619797.8806636, "device_end": 1585619797.8812594}, "cmdq": 0, "read": {"device_start": -1, "device_end": -1}}, "FFC_sans_bias1": {"write": {"device_start": 1585619797.8692477, "host_queued_start": 1585619864.194309, "device_queued": 1585619797.8681567, "device_end": 1585619797.8692768, "host_queued_end": 1585619864.214108}, "device": "gpu", "nd_range": {"device_start": 1585619797.8692858, "device_end": 1585619797.869884}, "cmdq": 0, "read": {"device_start": -1, "device_end": -1}}, "FFC_sans_bias0": {"write": {"device_start": 1585619797.8685982, "host_queued_start": 1585619864.193266, "device_queued": 1585619797.8680964, "device_end": 1585619797.8686225, "host_queued_end": 1585619864.214108}, "device": "gpu", "nd_range": {"device_start": 1585619797.868631, "device_end": 1585619797.8691313}, "cmdq": 0, "read": {"device_start": -1, "device_end": -1}}, "FFC_sans_bias2": {"write": {"device_start": 1585619797.8700123, "host_queued_start": 1585619864.195383, "device_queued": 1585619797.8683257, "device_end": 1585619797.8700414, "host_queued_end": 1585619864.214108}, "device": "gpu", "nd_range": {"device_start": 1585619797.8700516, "device_end": 1585619797.8706536}, "cmdq": 0, "read": {"device_start": -1, "device_end": -1}}, "FFC_sans_bias9": {"write": {"device_start": 1585619797.870765, "host_queued_start": 1585619864.196422, "device_queued": 1585619797.8683841, "device_end": 1585619797.8707888, "host_queued_end": 1585619864.214108}, "device": "gpu", "nd_range": {"device_start": 1585619797.8707952, "device_end": 1585619797.8713932}, "cmdq": 0, "read": {"device_start": -1, "device_end": -1}}, "softmax23": {"write": {"device_start": -1, "host_queued_start": 1585619864.208181, "device_queued": -1, "device_end": -1, "host_queued_end": 1585619864.214108}, "device": "gpu", "nd_range": {"device_start": 1585619797.8802378, "device_end": 1585619797.8804514}, "cmdq": 0, "read": {"device_start": -1, "device_end": -1}}, "FFC_sans_bias11": {"write": {"device_start": 1585619797.8722405, "host_queued_start": 1585619864.198512, "device_queued": 1585619797.8686213, "device_end": 1585619797.8722699, "host_queued_end": 1585619864.214108}, "device": "gpu", "nd_range": {"device_start": 1585619797.8722863, "device_end": 1585619797.8728878}, "cmdq": 0, "read": {"device_start": -1, "device_end": -1}}, "FFC_sans_bias10": {"write": {"device_start": 1585619797.871503, "host_queued_start": 1585619864.19746, "device_queued": 1585619797.868574, "device_end": 1585619797.8715265, "host_queued_end": 1585619864.214108}, "device": "gpu", "nd_range": {"device_start": 1585619797.8715327, "device_end": 1585619797.8721287}, "cmdq": 0, "read": {"device_start": -1, "device_end": -1}}, "coalesced_transpose3": {"write": {"device_start": -1, "host_queued_start": 1585619864.205191, "device_queued": -1, "device_end": -1, "host_queued_end": 1585619864.214108}, "device": "gpu", "nd_range": {"device_start": 1585619797.8773687, "device_end": 1585619797.877378}, "cmdq": 0, "read": {"device_start": -1, "device_end": -1}}, "FFC_sans_bias34": {"write": {"device_start": 1585619797.8856688, "host_queued_start": 1585619864.214008, "device_queued": 1585619797.870352, "device_end": 1585619797.8856971, "host_queued_end": 1585619864.214108}, "device": "gpu", "nd_range": {"device_start": 1585619797.8857045, "device_end": 1585619797.8862069}, "cmdq": 0, "read": {"device_start": 1585619797.8862123, "device_end": 1585619797.8862348}}, "FFC_sans_bias15": {"write": {"device_start": -1, "host_queued_start": 1585619864.209079, "device_queued": -1, "device_end": -1, "host_queued_end": 1585619864.214108}, "device": "gpu", "nd_range": {"device_start": 1585619797.8812604, "device_end": 1585619797.8818452}, "cmdq": 0, "read": {"device_start": -1, "device_end": -1}}, "FFC_sans_bias31": {"write": {"device_start": -1, "host_queued_start": 1585619864.207441, "device_queued": -1, "device_end": -1, "host_queued_end": 1585619864.214108}, "device": "gpu", "nd_range": {"device_start": 1585619797.8792114, "device_end": 1585619797.8798125}, "cmdq": 0, "read": {"device_start": -1, "device_end": -1}}, "FFC_sans_bias16": {"write": {"device_start": 1585619797.8839965, "host_queued_start": 1585619864.211907, "device_queued": 1585619797.8701246, "device_end": 1585619797.8840253, "host_queued_end": 1585619864.214108}, "device": "gpu", "nd_range": {"device_start": 1585619797.8840313, "device_end": 1585619797.884629}, "cmdq": 0, "read": {"device_start": 1585619797.8846323, "device_end": 1585619797.8846552}}, "FFC_sans_bias19": {"write": {"device_start": 1585619797.873758, "host_queued_start": 1585619864.200628, "device_queued": 1585619797.868821, "device_end": 1585619797.873788, "host_queued_end": 1585619864.214108}, "device": "gpu", "nd_range": {"device_start": 1585619797.8737907, "device_end": 1585619797.8744035}, "cmdq": 0, "read": {"device_start": -1, "device_end": -1}}, "FFC_sans_bias18": {"write": {"device_start": 1585619797.8730054, "host_queued_start": 1585619864.199585, "device_queued": 1585619797.8687675, "device_end": 1585619797.873035, "host_queued_end": 1585619864.214108}, "device": "gpu", "nd_range": {"device_start": 1585619797.873041, "device_end": 1585619797.8736393}, "cmdq": 0, "read": {"device_start": -1, "device_end": -1}}, "coalesced_transpose30": {"write": {"device_start": -1, "host_queued_start": 1585619864.206098, "device_queued": -1, "device_end": -1, "host_queued_end": 1585619864.214108}, "device": "gpu", "nd_range": {"device_start": 1585619797.877398, "device_end": 1585619797.8774061}, "cmdq": 0, "read": {"device_start": -1, "device_end": -1}}, "empty26": {"write": {"device_start": 1585619797.8682032, "host_queued_start": 1585619864.19148, "device_queued": 1585619797.8678856, "device_end": 1585619797.8682315, "host_queued_end": 1585619864.214108}, "device": "gpu", "nd_range": {"device_start": 1585619797.8682344, "device_end": 1585619797.868238}, "cmdq": 0, "read": {"device_start": -1, "device_end": -1}}, "coalesced_transpose12": {"write": {"device_start": -1, "host_queued_start": 1585619864.205493, "device_queued": -1, "device_end": -1, "host_queued_end": 1585619864.214108}, "device": "gpu", "nd_range": {"device_start": 1585619797.877379, "device_end": 1585619797.8773873}, "cmdq": 0, "read": {"device_start": -1, "device_end": -1}}, "coalesced_transpose21": {"write": {"device_start": -1, "host_queued_start": 1585619864.205795, "device_queued": -1, "device_end": -1, "host_queued_end": 1585619864.214108}, "device": "gpu", "nd_range": {"device_start": 1585619797.8773885, "device_end": 1585619797.877397}, "cmdq": 0, "read": {"device_start": -1, "device_end": -1}}, "softmax14": {"write": {"device_start": -1, "host_queued_start": 1585619864.207939, "device_queued": -1, "device_end": -1, "host_queued_end": 1585619864.214108}, "device": "gpu", "nd_range": {"device_start": 1585619797.8800273, "device_end": 1585619797.8802369}, "cmdq": 0, "read": {"device_start": -1, "device_end": -1}}, "FFC_sans_bias13": {"write": {"device_start": -1, "host_queued_start": 1585619864.206787, "device_queued": -1,