{"FFC_sans_bias4": {"write": {"device_start": -1, "host_queued_start": 1585619972.482615, "device_queued": -1, "device_end": -1, "host_queued_end": 1585619972.490255}, "device": "gpu", "nd_range": {"device_start": 1585619906.1474774, "device_end": 1585619906.1480775}, "cmdq": 0, "read": {"device_start": -1, "device_end": -1}}, "FFC_sans_bias7": {"write": {"device_start": 1585619906.1514418, "host_queued_start": 1585619972.48696, "device_queued": 1585619906.1435702, "device_end": 1585619906.1514714, "host_queued_end": 1585619972.490255}, "device": "gpu", "nd_range": {"device_start": 1585619906.1514745, "device_end": 1585619906.1522996}, "cmdq": 0, "read": {"device_start": 1585619906.152301, "device_end": 1585619906.152325}}, "FFC_sans_bias6": {"write": {"device_start": -1, "host_queued_start": 1585619972.484853, "device_queued": -1, "device_end": -1, "host_queued_end": 1585619972.490255}, "device": "gpu", "nd_range": {"device_start": 1585619906.1497488, "device_end": 1585619906.1503522}, "cmdq": 0, "read": {"device_start": -1, "device_end": -1}}, "FFC_sans_bias1": {"write": {"device_start": 1585619906.1416814, "host_queued_start": 1585619972.470474, "device_queued": 1585619906.141544, "device_end": 1585619906.1417098, "host_queued_end": 1585619972.490255}, "device": "gpu", "nd_range": {"device_start": 1585619906.1417139, "device_end": 1585619906.142676}, "cmdq": 1, "read": {"device_start": -1, "device_end": -1}}, "FFC_sans_bias0": {"write": {"device_start": 1585619906.141593, "host_queued_start": 1585619972.469424, "device_queued": 1585619906.1414917, "device_end": 1585619906.141657, "host_queued_end": 1585619972.490255}, "device": "gpu", "nd_range": {"device_start": 1585619906.1416626, "device_end": 1585619906.142265}, "cmdq": 0, "read": {"device_start": -1, "device_end": -1}}, "FFC_sans_bias2": {"write": {"device_start": 1585619906.1424131, "host_queued_start": 1585619972.471586, "device_queued": 1585619906.1417432, "device_end": 1585619906.1424437, "host_queued_end": 1585619972.490255}, "device": "gpu", "nd_range": {"device_start": 1585619906.1424463, "device_end": 1585619906.1432307}, "cmdq": 0, "read": {"device_start": -1, "device_end": -1}}, "FFC_sans_bias9": {"write": {"device_start": 1585619906.142813, "host_queued_start": 1585619972.47263, "device_queued": 1585619906.141798, "device_end": 1585619906.1428442, "host_queued_end": 1585619972.490255}, "device": "gpu", "nd_range": {"device_start": 1585619906.1428478, "device_end": 1585619906.1436641}, "cmdq": 1, "read": {"device_start": -1, "device_end": -1}}, "softmax23": {"write": {"device_start": -1, "host_queued_start": 1585619972.484306, "device_queued": -1, "device_end": -1, "host_queued_end": 1585619972.490255}, "device": "gpu", "nd_range": {"device_start": 1585619906.1495454, "device_end": 1585619906.1497478}, "cmdq": 0, "read": {"device_start": -1, "device_end": -1}}, "FFC_sans_bias11": {"write": {"device_start": 1585619906.143803, "host_queued_start": 1585619972.474749, "device_queued": 1585619906.1419818, "device_end": 1585619906.1438348, "host_queued_end": 1585619972.490255}, "device": "gpu", "nd_range": {"device_start": 1585619906.1438384, "device_end": 1585619906.1446695}, "cmdq": 1, "read": {"device_start": -1, "device_end": -1}}, "FFC_sans_bias10": {"write": {"device_start": 1585619906.1433582, "host_queued_start": 1585619972.47367, "device_queued": 1585619906.1419373, "device_end": 1585619906.1433907, "host_queued_end": 1585619972.490255}, "device": "gpu", "nd_range": {"device_start": 1585619906.1433954, "device_end": 1585619906.1441808}, "cmdq": 0, "read": {"device_start": -1, "device_end": -1}}, "coalesced_transpose3": {"write": {"device_start": -1, "host_queued_start": 1585619972.481364, "device_queued": -1, "device_end": -1, "host_queued_end": 1585619972.490255}, "device": "gpu", "nd_range": {"device_start": 1585619906.147082, "device_end": 1585619906.1474543}, "cmdq": 0, "read": {"device_start": -1, "device_end": -1}}, "FFC_sans_bias34": {"write": {"device_start": 1585619906.15294, "host_queued_start": 1585619972.49015, "device_queued": 1585619906.1439114, "device_end": 1585619906.1529713, "host_queued_end": 1585619972.490255}, "device": "gpu", "nd_range": {"device_start": 1585619906.1529744, "device_end": 1585619906.1537142}, "cmdq": 1, "read": {"device_start": 1585619906.1537201, "device_end": 1585619906.1537426}}, "FFC_sans_bias15": {"write": {"device_start": -1, "host_queued_start": 1585619972.485173, "device_queued": -1, "device_end": -1, "host_queued_end": 1585619972.490255}, "device": "gpu", "nd_range": {"device_start": 1585619906.1501012, "device_end": 1585619906.1507545}, "cmdq": 1, "read": {"device_start": -1, "device_end": -1}}, "FFC_sans_bias31": {"write": {"device_start": -1, "host_queued_start": 1585619972.483562, "device_queued": -1, "device_end": -1, "host_queued_end": 1585619972.490255}, "device": "gpu", "nd_range": {"device_start": 1585619906.148566, "device_end": 1585619906.1495256}, "cmdq": 1, "read": {"device_start": -1, "device_end": -1}}, "FFC_sans_bias16": {"write": {"device_start": 1585619906.1518674, "host_queued_start": 1585619972.488041, "device_queued": 1585619906.1436238, "device_end": 1585619906.151898, "host_queued_end": 1585619972.490255}, "device": "gpu", "nd_range": {"device_start": 1585619906.151903, "device_end": 1585619906.1527333}, "cmdq": 1, "read": {"device_start": 1585619906.1527364, "device_end": 1585619906.1527603}}, "FFC_sans_bias19": {"write": {"device_start": 1585619906.144793, "host_queued_start": 1585619972.476831, "device_queued": 1585619906.14217, "device_end": 1585619906.1448197, "host_queued_end": 1585619972.490255}, "device": "gpu", "nd_range": {"device_start": 1585619906.1448238, "device_end": 1585619906.1456592}, "cmdq": 1, "read": {"device_start": -1, "device_end": -1}}, "FFC_sans_bias18": {"write": {"device_start": 1585619906.1443079, "host_queued_start": 1585619972.475788, "device_queued": 1585619906.142127, "device_end": 1585619906.1443338, "host_queued_end": 1585619972.490255}, "device": "gpu", "nd_range": {"device_start": 1585619906.1443384, "device_end": 1585619906.1451352}, "cmdq": 0, "read": {"device_start": -1, "device_end": -1}}, "coalesced_transpose30": {"write": {"device_start": -1, "host_queued_start": 1585619972.482271, "device_queued": -1, "device_end": -1, "host_queued_end": 1585619972.490255}, "device": "gpu", "nd_range": {"device_start": 1585619906.1479144, "device_end": 1585619906.1479356}, "cmdq": 1, "read": {"device_start": -1, "device_end": -1}}, "empty26": {"write": {"device_start": 1585619906.141327, "host_queued_start": 1585619972.467634, "device_queued": 1585619906.1411498, "device_end": 1585619906.1413984, "host_queued_end": 1585619972.490255}, "device": "gpu", "nd_range": {"device_start": 1585619906.141406, "device_end": 1585619906.1414108}, "cmdq": 0, "read": {"device_start": -1, "device_end": -1}}, "coalesced_transpose12": {"write": {"device_start": -1, "host_queued_start": 1585619972.481665, "device_queued": -1, "device_end": -1, "host_queued_end": 1585619972.490255}, "device": "gpu", "nd_range": {"device_start": 1585619906.1476252, "device_end": 1585619906.1479077}, "cmdq": 1, "read": {"device_start": -1, "device_end": -1}}, "coalesced_transpose21": {"write": {"device_start": -1, "host_queued_start": 1585619972.481969, "device_queued": -1, "device_end": -1, "host_queued_end": 1585619972.490255}, "device": "gpu", "nd_range": {"device_start": 1585619906.1474595, "device_end": 1585619906.147476}, "cmdq": 0, "read": {"device_start": -1, "device_end": -1}}, "softmax14": {"write": {"device_start": -1, "host_queued_start": 1585619972.484055, "device_queued": -1, "device_end": -1, "host_queued_end": 1585619972.490255}, "device": "gpu", "nd_range": {"device_start": 1585619906.1495268, "device_end": 1585619906.1497297}, "cmdq": 1, "read": {"device_start": -1, "device_end": -1}}, "FFC_sans_bias13": {"write": {"device_start": -1, "host_queued_start": 1585619972.482936, "device_queued": -1,