{"FFC_sans_bias4": {"write": {"device_start": -1, "host_queued_start": 1585620238.05757, "device_queued": -1, "device_end": -1, "host_queued_end": 1585620238.067139}, "device": "gpu", "nd_range": {"device_start": 1585620171.7225645, "device_end": 1585620171.7231596}, "cmdq": 0, "read": {"device_start": -1, "device_end": -1}}, "FFC_sans_bias7": {"write": {"device_start": 1585620171.7297878, "host_queued_start": 1585620238.062812, "device_queued": 1585620171.7136211, "device_end": 1585620171.7298162, "host_queued_end": 1585620238.067139}, "device": "gpu", "nd_range": {"device_start": 1585620171.729825, "device_end": 1585620171.730422}, "cmdq": 0, "read": {"device_start": 1585620171.7304277, "device_end": 1585620171.7304509}}, "FFC_sans_bias6": {"write": {"device_start": -1, "host_queued_start": 1585620238.060479, "device_queued": -1, "device_end": -1, "host_queued_end": 1585620238.067139}, "device": "gpu", "nd_range": {"device_start": 1585620171.726657, "device_end": 1585620171.7272544}, "cmdq": 0, "read": {"device_start": -1, "device_end": -1}}, "FFC_sans_bias1": {"write": {"device_start": 1585620171.712391, "host_queued_start": 1585620238.041632, "device_queued": 1585620171.7113, "device_end": 1585620171.712421, "host_queued_end": 1585620238.067139}, "device": "gpu", "nd_range": {"device_start": 1585620171.7124283, "device_end": 1585620171.7130246}, "cmdq": 0, "read": {"device_start": -1, "device_end": -1}}, "FFC_sans_bias0": {"write": {"device_start": 1585620171.7116394, "host_queued_start": 1585620238.040534, "device_queued": 1585620171.7112541, "device_end": 1585620171.7116635, "host_queued_end": 1585620238.067139}, "device": "gpu", "nd_range": {"device_start": 1585620171.711672, "device_end": 1585620171.7122617}, "cmdq": 0, "read": {"device_start": -1, "device_end": -1}}, "FFC_sans_bias2": {"write": {"device_start": 1585620171.7131476, "host_queued_start": 1585620238.042758, "device_queued": 1585620171.7115517, "device_end": 1585620171.7131777, "host_queued_end": 1585620238.067139}, "device": "gpu", "nd_range": {"device_start": 1585620171.713184, "device_end": 1585620171.7137814}, "cmdq": 0, "read": {"device_start": -1, "device_end": -1}}, "FFC_sans_bias9": {"write": {"device_start": 1585620171.7138698, "host_queued_start": 1585620238.043811, "device_queued": 1585620171.7116034, "device_end": 1585620171.7138941, "host_queued_end": 1585620238.067139}, "device": "gpu", "nd_range": {"device_start": 1585620171.7139063, "device_end": 1585620171.7145064}, "cmdq": 0, "read": {"device_start": -1, "device_end": -1}}, "coalesced_transpose39": {"write": {"device_start": -1, "host_queued_start": 1585620238.057243, "device_queued": -1, "device_end": -1, "host_queued_end": 1585620238.067139}, "device": "gpu", "nd_range": {"device_start": 1585620171.722554, "device_end": 1585620171.722563}, "cmdq": 0, "read": {"device_start": -1, "device_end": -1}}, "softmax23": {"write": {"device_start": -1, "host_queued_start": 1585620238.059628, "device_queued": -1, "device_end": -1, "host_queued_end": 1585620238.067139}, "device": "gpu", "nd_range": {"device_start": 1585620171.725995, "device_end": 1585620171.7262142}, "cmdq": 0, "read": {"device_start": -1, "device_end": -1}}, "FFC_sans_bias37": {"write": {"device_start": 1585620171.7212393, "host_queued_start": 1585620238.054634, "device_queued": 1585620171.7126148, "device_end": 1585620171.7212694, "host_queued_end": 1585620238.067139}, "device": "gpu", "nd_range": {"device_start": 1585620171.721272, "device_end": 1585620171.7217784}, "cmdq": 0, "read": {"device_start": -1, "device_end": -1}}, "softmax41": {"write": {"device_start": -1, "host_queued_start": 1585620238.060154, "device_queued": -1, "device_end": -1, "host_queued_end": 1585620238.067139}, "device": "gpu", "nd_range": {"device_start": 1585620171.7264466, "device_end": 1585620171.7266555}, "cmdq": 0, "read": {"device_start": -1, "device_end": -1}}, "FFC_sans_bias11": {"write": {"device_start": 1585620171.715334, "host_queued_start": 1585620238.045924, "device_queued": 1585620171.7117991, "device_end": 1585620171.7153637, "host_queued_end": 1585620238.067139}, "device": "gpu", "nd_range": {"device_start": 1585620171.7153695, "device_end": 1585620171.715965}, "cmdq": 0, "read": {"device_start": -1, "device_end": -1}}, "FFC_sans_bias10": {"write": {"device_start": 1585620171.7146099, "host_queued_start": 1585620238.044865, "device_queued": 1585620171.7117598, "device_end": 1585620171.7146332, "host_queued_end": 1585620238.067139}, "device": "gpu", "nd_range": {"device_start": 1585620171.7146385, "device_end": 1585620171.7152314}, "cmdq": 0, "read": {"device_start": -1, "device_end": -1}}, "coalesced_transpose3": {"write": {"device_start": -1, "host_queued_start": 1585620238.056021, "device_queued": -1, "device_end": -1, "host_queued_end": 1585620238.067139}, "device": "gpu", "nd_range": {"device_start": 1585620171.722516, "device_end": 1585620171.722525}, "cmdq": 0, "read": {"device_start": -1, "device_end": -1}}, "FFC_sans_bias34": {"write": {"device_start": 1585620171.7323084, "host_queued_start": 1585620238.065979, "device_queued": 1585620171.7140973, "device_end": 1585620171.7323313, "host_queued_end": 1585620238.067139}, "device": "gpu", "nd_range": {"device_start": 1585620171.732335, "device_end": 1585620171.7329316}, "cmdq": 0, "read": {"device_start": 1585620171.732934, "device_end": 1585620171.7329562}}, "FFC_sans_bias15": {"write": {"device_start": -1, "host_queued_start": 1585620238.060803, "device_queued": -1, "device_end": -1, "host_queued_end": 1585620238.067139}, "device": "gpu", "nd_range": {"device_start": 1585620171.7272556, "device_end": 1585620171.7278576}, "cmdq": 0, "read": {"device_start": -1, "device_end": -1}}, "FFC_sans_bias31": {"write": {"device_start": -1, "host_queued_start": 1585620238.058531, "device_queued": -1, "device_end": -1, "host_queued_end": 1585620238.067139}, "device": "gpu", "nd_range": {"device_start": 1585620171.7243598, "device_end": 1585620171.7249594}, "cmdq": 0, "read": {"device_start": -1, "device_end": -1}}, "FFC_sans_bias16": {"write": {"device_start": 1585620171.730634, "host_queued_start": 1585620238.063876, "device_queued": 1585620171.7137823, "device_end": 1585620171.7306626, "host_queued_end": 1585620238.067139}, "device": "gpu", "nd_range": {"device_start": 1585620171.730666, "device_end": 1585620171.7312634}, "cmdq": 0, "read": {"device_start": 1585620171.73127, "device_end": 1585620171.7312922}}, "FFC_sans_bias19": {"write": {"device_start": 1585620171.7168322, "host_queued_start": 1585620238.048057, "device_queued": 1585620171.7119865, "device_end": 1585620171.7168617, "host_queued_end": 1585620238.067139}, "device": "gpu", "nd_range": {"device_start": 1585620171.7168677, "device_end": 1585620171.717372}, "cmdq": 0, "read": {"device_start": -1, "device_end": -1}}, "FFC_sans_bias18": {"write": {"device_start": 1585620171.7160845, "host_queued_start": 1585620238.047009, "device_queued": 1585620171.711947, "device_end": 1585620171.7161138, "host_queued_end": 1585620238.067139}, "device": "gpu", "nd_range": {"device_start": 1585620171.7161164, "device_end": 1585620171.716716}, "cmdq": 0, "read": {"device_start": -1, "device_end": -1}}, "coalesced_transpose30": {"write": {"device_start": -1, "host_queued_start": 1585620238.056943, "device_queued": -1, "device_end": -1, "host_queued_end": 1585620238.067139}, "device": "gpu", "nd_range": {"device_start": 1585620171.7225447, "device_end": 1585620171.722553}, "cmdq": 0, "read": {"device_start": -1, "device_end": -1}}, "FFC_sans_bias38": {"write": {"device_start": 1585620171.7218869, "host_queued_start": 1585620238.055685, "device_queued": 1585620171.7127507, "device_end": 1585620171.7219157, "host_queued_end": 1585620238.067139}, "device": "gpu", "nd_range": {"device_start": 1585620171.7219255, "device_end": 1585620171.7225146}, "cmdq": 0, "read": {"device_start": -1, "device_end": -1}}, "empty26": {"write": {"device_start": 1585620171.7111347,