{"FFC_sans_bias4": {"write": {"device_start": -1, "host_queued_start": 1585620551.913622, "device_queued": -1, "device_end": -1, "host_queued_end": 1585620551.915401}, "device": "cpu", "nd_range": {"device_start": 2288326.1170288813, "device_end": 2288326.120952755}, "cmdq": 2, "read": {"device_start": -1, "device_end": -1}}, "FFC_sans_bias7": {"write": {"device_start": -1, "host_queued_start": 1585620551.915356, "device_queued": -1, "device_end": -1, "host_queued_end": 1585620551.915401}, "device": "cpu", "nd_range": {"device_start": 2288326.126109898, "device_end": 2288326.130541684}, "cmdq": 2, "read": {"device_start": -1, "device_end": -1}}, "FFC_sans_bias6": {"write": {"device_start": -1, "host_queued_start": 1585620551.914259, "device_queued": -1, "device_end": -1, "host_queued_end": 1585620551.915401}, "device": "cpu", "nd_range": {"device_start": 2288326.121251678, "device_end": 2288326.1261010203}, "cmdq": 1, "read": {"device_start": -1, "device_end": -1}}, "FFC_sans_bias1": {"write": {"device_start": -1, "host_queued_start": 1585620551.91178, "device_queued": -1, "device_end": -1, "host_queued_end": 1585620551.915401}, "device": "cpu", "nd_range": {"device_start": 2288326.105012923, "device_end": 2288326.1169118593}, "cmdq": 2, "read": {"device_start": -1, "device_end": -1}}, "FFC_sans_bias0": {"write": {"device_start": -1, "host_queued_start": 1585620551.910291, "device_queued": -1, "device_end": -1, "host_queued_end": 1585620551.915401}, "device": "cpu", "nd_range": {"device_start": 2288326.105001696, "device_end": 2288326.1133066923}, "cmdq": 1, "read": {"device_start": -1, "device_end": -1}}, "FFC_sans_bias2": {"write": {"device_start": -1, "host_queued_start": 1585620551.912959, "device_queued": -1, "device_end": -1, "host_queued_end": 1585620551.915401}, "device": "cpu", "nd_range": {"device_start": 2288326.1050101253, "device_end": 2288326.116636341}, "cmdq": 0, "read": {"device_start": -1, "device_end": -1}}, "FFC_sans_bias9": {"write": {"device_start": 1585620485.5428655, "host_queued_start": 1585620551.886267, "device_queued": 1585620485.5426588, "device_end": 1585620485.542922, "host_queued_end": 1585620551.907229}, "device": "gpu", "nd_range": {"device_start": 1585620485.5429277, "device_end": 1585620485.5435362}, "cmdq": 4, "read": {"device_start": -1, "device_end": -1}}, "coalesced_transpose39": {"write": {"device_start": -1, "host_queued_start": 1585620551.899356, "device_queued": -1, "device_end": -1, "host_queued_end": 1585620551.907229}, "device": "gpu", "nd_range": {"device_start": 1585620485.548351, "device_end": 1585620485.548748}, "cmdq": 4, "read": {"device_start": -1, "device_end": -1}}, "softmax23": {"write": {"device_start": -1, "host_queued_start": 1585620551.901134, "device_queued": -1, "device_end": -1, "host_queued_end": 1585620551.907229}, "device": "gpu", "nd_range": {"device_start": 1585620485.5498877, "device_end": 1585620485.5512552}, "cmdq": 0, "read": {"device_start": -1, "device_end": -1}}, "FFC_sans_bias37": {"write": {"device_start": 1585620485.546034, "host_queued_start": 1585620551.897047, "device_queued": 1585620485.54375, "device_end": 1585620485.5460658, "host_queued_end": 1585620551.907229}, "device": "gpu", "nd_range": {"device_start": 1585620485.5460732, "device_end": 1585620485.5483499}, "cmdq": 4, "read": {"device_start": -1, "device_end": -1}}, "softmax41": {"write": {"device_start": -1, "host_queued_start": 1585620551.901636, "device_queued": -1, "device_end": -1, "host_queued_end": 1585620551.907229}, "device": "gpu", "nd_range": {"device_start": 1585620485.5508673, "device_end": 1585620485.5510652}, "cmdq": 2, "read": {"device_start": -1, "device_end": -1}}, "FFC_sans_bias11": {"write": {"device_start": 1585620485.543112, "host_queued_start": 1585620551.88844, "device_queued": 1585620485.5430045, "device_end": 1585620485.5431724, "host_queued_end": 1585620551.907229}, "device": "gpu", "nd_range": {"device_start": 1585620485.5432324, "device_end": 1585620485.544517}, "cmdq": 1, "read": {"device_start": -1, "device_end": -1}}, "FFC_sans_bias10": {"write": {"device_start": 1585620485.5429614, "host_queued_start": 1585620551.887388, "device_queued": 1585620485.5428092, "device_end": 1585620485.5429866, "host_queued_end": 1585620551.907229}, "device": "gpu", "nd_range": {"device_start": 1585620485.542989, "device_end": 1585620485.543949}, "cmdq": 0, "read": {"device_start": -1, "device_end": -1}}, "coalesced_transpose3": {"write": {"device_start": -1, "host_queued_start": 1585620551.91328, "device_queued": -1, "device_end": -1, "host_queued_end": 1585620551.915401}, "device": "cpu", "nd_range": {"device_start": 2288326.116931462, "device_end": 2288326.1170203583}, "cmdq": 1, "read": {"device_start": -1, "device_end": -1}}, "FFC_sans_bias34": {"write": {"device_start": 1585620485.5533562, "host_queued_start": 1585620551.90605, "device_queued": 1585620485.5451813, "device_end": 1585620485.5534184, "host_queued_end": 1585620551.907229}, "device": "gpu", "nd_range": {"device_start": 1585620485.5534275, "device_end": 1585620485.5548046}, "cmdq": 4, "read": {"device_start": 1585620485.5548084, "device_end": 1585620485.5548306}}, "FFC_sans_bias15": {"write": {"device_start": -1, "host_queued_start": 1585620551.901949, "device_queued": -1, "device_end": -1, "host_queued_end": 1585620551.907229}, "device": "gpu", "nd_range": {"device_start": 1585620485.5512757, "device_end": 1585620485.5528405}, "cmdq": 3, "read": {"device_start": -1, "device_end": -1}}, "FFC_sans_bias31": {"write": {"device_start": -1, "host_queued_start": 1585620551.900311, "device_queued": -1, "device_end": -1, "host_queued_end": 1585620551.907229}, "device": "gpu", "nd_range": {"device_start": 1585620485.5488942, "device_end": 1585620485.550455}, "cmdq": 2, "read": {"device_start": -1, "device_end": -1}}, "FFC_sans_bias16": {"write": {"device_start": 1585620485.553181, "host_queued_start": 1585620551.903944, "device_queued": 1585620485.5448623, "device_end": 1585620485.5532205, "host_queued_end": 1585620551.907229}, "device": "gpu", "nd_range": {"device_start": 1585620485.5532336, "device_end": 1585620485.5538418}, "cmdq": 2, "read": {"device_start": 1585620485.5538476, "device_end": 1585620485.5538714}}, "FFC_sans_bias19": {"write": {"device_start": 1585620485.5433202, "host_queued_start": 1585620551.890527, "device_queued": 1585620485.5430481, "device_end": 1585620485.5433455, "host_queued_end": 1585620551.907229}, "device": "gpu", "nd_range": {"device_start": 1585620485.5433564, "device_end": 1585620485.5454922}, "cmdq": 3, "read": {"device_start": -1, "device_end": -1}}, "FFC_sans_bias18": {"write": {"device_start": 1585620485.5432174, "host_queued_start": 1585620551.889479, "device_queued": 1585620485.5430322, "device_end": 1585620485.5432866, "host_queued_end": 1585620551.907229}, "device": "gpu", "nd_range": {"device_start": 1585620485.543294, "device_end": 1585620485.5449262}, "cmdq": 2, "read": {"device_start": -1, "device_end": -1}}, "coalesced_transpose30": {"write": {"device_start": -1, "host_queued_start": 1585620551.899059, "device_queued": -1, "device_end": -1, "host_queued_end": 1585620551.907229}, "device": "gpu", "nd_range": {"device_start": 1585620485.5478904, "device_end": 1585620485.548746}, "cmdq": 3, "read": {"device_start": -1, "device_end": -1}}, "FFC_sans_bias38": {"write": {"device_start": 1585620485.5465684, "host_queued_start": 1585620551.898093, "device_queued": 1585620485.5439796, "device_end": 1585620485.5465941, "host_queued_end": 1585620551.907229}, "device": "gpu", "nd_range": {"device_start": 1585620485.5465987, "device_end": 1585620485.5488577}, "cmdq": 0, "read": {"device_start": -1, "device_end": -1}}, "empty26": {"write": {"device_start": 1585620485.5425472, "host_queued_start": 1585620551.883571, "device_queued": 1585620485.5423996, "device_end": 1585620485.5426276, "host_queued_end": 1585620551.907229}, "device": "gpu", "nd_range": {"device_start": 1585620485.5427196,