{"FFC_sans_bias4": {"write": {"device_start": -1, "host_queued_start": 1585620959.147903, "device_queued": -1, "device_end": -1, "host_queued_end": 1585620959.157464}, "device": "cpu", "nd_range": {"device_start": 2288733.422751136, "device_end": 2288733.428940596}, "cmdq": 1, "read": {"device_start": -1, "device_end": -1}}, "FFC_sans_bias7": {"write": {"device_start": -1, "host_queued_start": 1585620959.153422, "device_queued": -1, "device_end": -1, "host_queued_end": 1585620959.157464}, "device": "cpu", "nd_range": {"device_start": 2288733.4549901662, "device_end": 2288733.473099608}, "cmdq": 0, "read": {"device_start": -1, "device_end": -1}}, "FFC_sans_bias6": {"write": {"device_start": -1, "host_queued_start": 1585620959.150974, "device_queued": -1, "device_end": -1, "host_queued_end": 1585620959.157464}, "device": "cpu", "nd_range": {"device_start": 2288733.4306429303, "device_end": 2288733.439239899}, "cmdq": 3, "read": {"device_start": -1, "device_end": -1}}, "FFC_sans_bias1": {"write": {"device_start": -1, "host_queued_start": 1585620959.131975, "device_queued": -1, "device_end": -1, "host_queued_end": 1585620959.157464}, "device": "cpu", "nd_range": {"device_start": 2288733.347598899, "device_end": 2288733.3628105973}, "cmdq": 2, "read": {"device_start": -1, "device_end": -1}}, "FFC_sans_bias0": {"write": {"device_start": -1, "host_queued_start": 1585620959.130928, "device_queued": -1, "device_end": -1, "host_queued_end": 1585620959.157464}, "device": "cpu", "nd_range": {"device_start": 2288733.347097874, "device_end": 2288733.362471003}, "cmdq": 1, "read": {"device_start": -1, "device_end": -1}}, "FFC_sans_bias2": {"write": {"device_start": -1, "host_queued_start": 1585620959.133024, "device_queued": -1, "device_end": -1, "host_queued_end": 1585620959.157464}, "device": "cpu", "nd_range": {"device_start": 2288733.347132698, "device_end": 2288733.363330448}, "cmdq": 3, "read": {"device_start": -1, "device_end": -1}}, "FFC_sans_bias52": {"write": {"device_start": 1585620892.751191, "host_queued_start": 1585620959.125053, "device_queued": 1585620892.7498357, "device_end": 1585620892.7512212, "host_queued_end": 1585620959.125157}, "device": "gpu", "nd_range": {"device_start": 1585620892.7526445, "device_end": 1585620892.7532387}, "cmdq": 0, "read": {"device_start": 1585620892.753247, "device_end": 1585620892.7532697}}, "FFC_sans_bias9": {"write": {"device_start": -1, "host_queued_start": 1585620959.134077, "device_queued": -1, "device_end": -1, "host_queued_end": 1585620959.157464}, "device": "cpu", "nd_range": {"device_start": 2288733.34710517, "device_end": 2288733.362678346}, "cmdq": 0, "read": {"device_start": -1, "device_end": -1}}, "coalesced_transpose39": {"write": {"device_start": -1, "host_queued_start": 1585620959.147564, "device_queued": -1, "device_end": -1, "host_queued_end": 1585620959.157464}, "device": "cpu", "nd_range": {"device_start": 2288733.4221166833, "device_end": 2288733.422338956}, "cmdq": 0, "read": {"device_start": -1, "device_end": -1}}, "FFC_sans_bias51": {"write": {"device_start": -1, "host_queued_start": 1585620959.12404, "device_queued": -1, "device_end": -1, "host_queued_end": 1585620959.125157}, "device": "gpu", "nd_range": {"device_start": 1585620892.752041, "device_end": 1585620892.7526412}, "cmdq": 3, "read": {"device_start": -1, "device_end": -1}}, "softmax23": {"write": {"device_start": -1, "host_queued_start": 1585620959.150075, "device_queued": -1, "device_end": -1, "host_queued_end": 1585620959.157464}, "device": "cpu", "nd_range": {"device_start": 2288733.431546641, "device_end": 2288733.431762768}, "cmdq": 0, "read": {"device_start": -1, "device_end": -1}}, "FFC_sans_bias37": {"write": {"device_start": -1, "host_queued_start": 1585620959.144829, "device_queued": -1, "device_end": -1, "host_queued_end": 1585620959.157464}, "device": "cpu", "nd_range": {"device_start": 2288733.3935863553, "device_end": 2288733.4088244913}, "cmdq": 2, "read": {"device_start": -1, "device_end": -1}}, "softmax41": {"write": {"device_start": -1, "host_queued_start": 1585620959.150639, "device_queued": -1, "device_end": -1, "host_queued_end": 1585620959.157464}, "device": "cpu", "nd_range": {"device_start": 2288733.4450170742, "device_end": 2288733.445225756}, "cmdq": 2, "read": {"device_start": -1, "device_end": -1}}, "FFC_sans_bias11": {"write": {"device_start": -1, "host_queued_start": 1585620959.136206, "device_queued": -1, "device_end": -1, "host_queued_end": 1585620959.157464}, "device": "cpu", "nd_range": {"device_start": 2288733.3628305322, "device_end": 2288733.3781287433}, "cmdq": 2, "read": {"device_start": -1, "device_end": -1}}, "FFC_sans_bias10": {"write": {"device_start": -1, "host_queued_start": 1585620959.135152, "device_queued": -1, "device_end": -1, "host_queued_end": 1585620959.157464}, "device": "cpu", "nd_range": {"device_start": 2288733.36248364, "device_end": 2288733.3777197353}, "cmdq": 1, "read": {"device_start": -1, "device_end": -1}}, "coalesced_transpose3": {"write": {"device_start": -1, "host_queued_start": 1585620959.146217, "device_queued": -1, "device_end": -1, "host_queued_end": 1585620959.157464}, "device": "cpu", "nd_range": {"device_start": 2288733.421853634, "device_end": 2288733.422103045}, "cmdq": 0, "read": {"device_start": -1, "device_end": -1}}, "FFC_sans_bias34": {"write": {"device_start": -1, "host_queued_start": 1585620959.156424, "device_queued": -1, "device_end": -1, "host_queued_end": 1585620959.157464}, "device": "cpu", "nd_range": {"device_start": 2288733.473122208, "device_end": 2288733.4802937564}, "cmdq": 3, "read": {"device_start": -1, "device_end": -1}}, "FFC_sans_bias15": {"write": {"device_start": -1, "host_queued_start": 1585620959.151313, "device_queued": -1, "device_end": -1, "host_queued_end": 1585620959.157464}, "device": "cpu", "nd_range": {"device_start": 2288733.4317692393, "device_end": 2288733.454981999}, "cmdq": 0, "read": {"device_start": -1, "device_end": -1}}, "FFC_sans_bias31": {"write": {"device_start": -1, "host_queued_start": 1585620959.14892, "device_queued": -1, "device_end": -1, "host_queued_end": 1585620959.157464}, "device": "cpu", "nd_range": {"device_start": 2288733.4229604052, "device_end": 2288733.431538368}, "cmdq": 0, "read": {"device_start": -1, "device_end": -1}}, "FFC_sans_bias16": {"write": {"device_start": -1, "host_queued_start": 1585620959.154412, "device_queued": -1, "device_end": -1, "host_queued_end": 1585620959.157464}, "device": "cpu", "nd_range": {"device_start": 2288733.4580735243, "device_end": 2288733.4718901003}, "cmdq": 1, "read": {"device_start": -1, "device_end": -1}}, "FFC_sans_bias19": {"write": {"device_start": -1, "host_queued_start": 1585620959.138311, "device_queued": -1, "device_end": -1, "host_queued_end": 1585620959.157464}, "device": "cpu", "nd_range": {"device_start": 2288733.366344289, "device_end": 2288733.3913469194}, "cmdq": 0, "read": {"device_start": -1, "device_end": -1}}, "FFC_sans_bias18": {"write": {"device_start": -1, "host_queued_start": 1585620959.13726, "device_queued": -1, "device_end": -1, "host_queued_end": 1585620959.157464}, "device": "cpu", "nd_range": {"device_start": 2288733.3634458682, "device_end": 2288733.3786545093}, "cmdq": 3, "read": {"device_start": -1, "device_end": -1}}, "coalesced_transpose30": {"write": {"device_start": -1, "host_queued_start": 1585620959.147239, "device_queued": -1, "device_end": -1, "host_queued_end": 1585620959.157464}, "device": "cpu", "nd_range": {"device_start": 2288733.411198873, "device_end": 2288733.4114593333}, "cmdq": 3, "read": {"device_start": -1, "device_end": -1}}, "FFC_sans_bias38": {"write": {"device_start": -1, "host_queued_start": 1585620959.145882, "device_queued": -1, "device_end": -1, "host_queued_end": 1585620959.157464}, "device": "cpu", "nd_range": {"device_start": 2288733.395730624, "device_end": 2288733.411189685}, "cmdq": 3, "read": {"device_start": -1, "device_end": -1}}, "empty26": {"write": {"device_start": -1,