{"FFC_sans_bias4": {"write": {"device_start": -1, "host_queued_start": 1585620838.015769, "device_queued": -1, "device_end": -1, "host_queued_end": 1585620838.021972}, "device": "cpu", "nd_range": {"device_start": 2288612.244759968, "device_end": 2288612.254320614}, "cmdq": 0, "read": {"device_start": -1, "device_end": -1}}, "FFC_sans_bias7": {"write": {"device_start": -1, "host_queued_start": 1585620838.019709, "device_queued": -1, "device_end": -1, "host_queued_end": 1585620838.021972}, "device": "cpu", "nd_range": {"device_start": 2288612.27088479, "device_end": 2288612.279746824}, "cmdq": 0, "read": {"device_start": -1, "device_end": -1}}, "FFC_sans_bias6": {"write": {"device_start": -1, "host_queued_start": 1585620838.017823, "device_queued": -1, "device_end": -1, "host_queued_end": 1585620838.021972}, "device": "cpu", "nd_range": {"device_start": 2288612.2547813253, "device_end": 2288612.270857727}, "cmdq": 0, "read": {"device_start": -1, "device_end": -1}}, "FFC_sans_bias1": {"write": {"device_start": -1, "host_queued_start": 1585620838.005996, "device_queued": -1, "device_end": -1, "host_queued_end": 1585620838.021972}, "device": "cpu", "nd_range": {"device_start": 2288612.2116053603, "device_end": 2288612.220334841}, "cmdq": 1, "read": {"device_start": -1, "device_end": -1}}, "FFC_sans_bias0": {"write": {"device_start": -1, "host_queued_start": 1585620838.00385, "device_queued": -1, "device_end": -1, "host_queued_end": 1585620838.021972}, "device": "cpu", "nd_range": {"device_start": 2288612.2116054404, "device_end": 2288612.223770015}, "cmdq": 0, "read": {"device_start": -1, "device_end": -1}}, "FFC_sans_bias2": {"write": {"device_start": -1, "host_queued_start": 1585620838.007339, "device_queued": -1, "device_end": -1, "host_queued_end": 1585620838.021972}, "device": "cpu", "nd_range": {"device_start": 2288612.211626524, "device_end": 2288612.225871749}, "cmdq": 2, "read": {"device_start": -1, "device_end": -1}}, "FFC_sans_bias52": {"write": {"device_start": 1585620771.6351886, "host_queued_start": 1585620837.997708, "device_queued": 1585620771.627547, "device_end": 1585620771.6352272, "host_queued_end": 1585620837.997894}, "device": "gpu", "nd_range": {"device_start": 1585620771.6352744, "device_end": 1585620771.6358702}, "cmdq": 2, "read": {"device_start": 1585620771.635879, "device_end": 1585620771.6359017}}, "FFC_sans_bias9": {"write": {"device_start": -1, "host_queued_start": 1585620838.008481, "device_queued": -1, "device_end": -1, "host_queued_end": 1585620838.021972}, "device": "cpu", "nd_range": {"device_start": 2288612.223779871, "device_end": 2288612.2333918894}, "cmdq": 0, "read": {"device_start": -1, "device_end": -1}}, "coalesced_transpose39": {"write": {"device_start": -1, "host_queued_start": 1585620837.991526, "device_queued": -1, "device_end": -1, "host_queued_end": 1585620837.997894}, "device": "gpu", "nd_range": {"device_start": 1585620771.6300933, "device_end": 1585620771.6303568}, "cmdq": 1, "read": {"device_start": -1, "device_end": -1}}, "FFC_sans_bias51": {"write": {"device_start": -1, "host_queued_start": 1585620837.994526, "device_queued": -1, "device_end": -1, "host_queued_end": 1585620837.997894}, "device": "gpu", "nd_range": {"device_start": 1585620771.6343758, "device_end": 1585620771.6350648}, "cmdq": 2, "read": {"device_start": -1, "device_end": -1}}, "softmax23": {"write": {"device_start": -1, "host_queued_start": 1585620838.017449, "device_queued": -1, "device_end": -1, "host_queued_end": 1585620838.021972}, "device": "cpu", "nd_range": {"device_start": 2288612.287463061, "device_end": 2288612.287546136}, "cmdq": 2, "read": {"device_start": -1, "device_end": -1}}, "FFC_sans_bias37": {"write": {"device_start": 1585620771.6268756, "host_queued_start": 1585620837.986645, "device_queued": 1585620771.6260493, "device_end": 1585620771.6269066, "host_queued_end": 1585620837.997894}, "device": "gpu", "nd_range": {"device_start": 1585620771.626912, "device_end": 1585620771.628309}, "cmdq": 1, "read": {"device_start": -1, "device_end": -1}}, "softmax41": {"write": {"device_start": -1, "host_queued_start": 1585620837.993311, "device_queued": -1, "device_end": -1, "host_queued_end": 1585620837.997894}, "device": "gpu", "nd_range": {"device_start": 1585620771.6309822, "device_end": 1585620771.6312983}, "cmdq": 1, "read": {"device_start": -1, "device_end": -1}}, "FFC_sans_bias11": {"write": {"device_start": -1, "host_queued_start": 1585620838.010812, "device_queued": -1, "device_end": -1, "host_queued_end": 1585620838.021972}, "device": "cpu", "nd_range": {"device_start": 2288612.227862195, "device_end": 2288612.248188275}, "cmdq": 2, "read": {"device_start": -1, "device_end": -1}}, "FFC_sans_bias10": {"write": {"device_start": -1, "host_queued_start": 1585620838.009631, "device_queued": -1, "device_end": -1, "host_queued_end": 1585620838.021972}, "device": "cpu", "nd_range": {"device_start": 2288612.220344903, "device_end": 2288612.238879262}, "cmdq": 1, "read": {"device_start": -1, "device_end": -1}}, "coalesced_transpose3": {"write": {"device_start": -1, "host_queued_start": 1585620838.014661, "device_queued": -1, "device_end": -1, "host_queued_end": 1585620838.021972}, "device": "cpu", "nd_range": {"device_start": 2288612.244369976, "device_end": 2288612.244634602}, "cmdq": 0, "read": {"device_start": -1, "device_end": -1}}, "FFC_sans_bias34": {"write": {"device_start": 1585620771.6319501, "host_queued_start": 1585620837.995588, "device_queued": 1585620771.6273022, "device_end": 1585620771.6319768, "host_queued_end": 1585620837.997894}, "device": "gpu", "nd_range": {"device_start": 1585620771.6319816, "device_end": 1585620771.6330838}, "cmdq": 0, "read": {"device_start": 1585620771.633089, "device_end": 1585620771.6331193}}, "FFC_sans_bias15": {"write": {"device_start": -1, "host_queued_start": 1585620838.018193, "device_queued": -1, "device_end": -1, "host_queued_end": 1585620838.021972}, "device": "cpu", "nd_range": {"device_start": 2288612.262230696, "device_end": 2288612.27079252}, "cmdq": 1, "read": {"device_start": -1, "device_end": -1}}, "FFC_sans_bias31": {"write": {"device_start": -1, "host_queued_start": 1585620837.992157, "device_queued": -1, "device_end": -1, "host_queued_end": 1585620837.997894}, "device": "gpu", "nd_range": {"device_start": 1585620771.6299157, "device_end": 1585620771.6305408}, "cmdq": 0, "read": {"device_start": -1, "device_end": -1}}, "FFC_sans_bias16": {"write": {"device_start": -1, "host_queued_start": 1585620838.020811, "device_queued": -1, "device_end": -1, "host_queued_end": 1585620838.021972}, "device": "cpu", "nd_range": {"device_start": 2288612.2710127593, "device_end": 2288612.282460681}, "cmdq": 1, "read": {"device_start": -1, "device_end": -1}}, "FFC_sans_bias19": {"write": {"device_start": -1, "host_queued_start": 1585620838.013117, "device_queued": -1, "device_end": -1, "host_queued_end": 1585620838.021972}, "device": "cpu", "nd_range": {"device_start": 2288612.239295593, "device_end": 2288612.252211158}, "cmdq": 1, "read": {"device_start": -1, "device_end": -1}}, "FFC_sans_bias18": {"write": {"device_start": -1, "host_queued_start": 1585620838.011958, "device_queued": -1, "device_end": -1, "host_queued_end": 1585620838.021972}, "device": "cpu", "nd_range": {"device_start": 2288612.233615439, "device_end": 2288612.244225883}, "cmdq": 0, "read": {"device_start": -1, "device_end": -1}}, "coalesced_transpose30": {"write": {"device_start": -1, "host_queued_start": 1585620837.991219, "device_queued": -1, "device_end": -1, "host_queued_end": 1585620837.997894}, "device": "gpu", "nd_range": {"device_start": 1585620771.629515, "device_end": 1585620771.6299143}, "cmdq": 0, "read": {"device_start": -1, "device_end": -1}}, "FFC_sans_bias38": {"write": {"device_start": 1585620771.6274893, "host_queued_start": 1585620837.987709, "device_queued": 1585620771.626181, "device_end": 1585620771.6275227, "host_queued_end": 1585620837.997894}, "device": "gpu",