{"FFC_sans_bias4": {"write": {"device_start": -1, "host_queued_start": 1585621003.373549, "device_queued": -1, "device_end": -1, "host_queued_end": 1585621003.385077}, "device": "gpu", "nd_range": {"device_start": 1585620937.0177066, "device_end": 1585620937.018323}, "cmdq": 0, "read": {"device_start": -1, "device_end": -1}}, "FFC_sans_bias7": {"write": {"device_start": 1585620937.023493, "host_queued_start": 1585621003.37966, "device_queued": 1585620937.0118644, "device_end": 1585620937.023524, "host_queued_end": 1585621003.385077}, "device": "gpu", "nd_range": {"device_start": 1585620937.0235312, "device_end": 1585620937.0258145}, "cmdq": 3, "read": {"device_start": 1585620937.0258188, "device_end": 1585620937.0258422}}, "FFC_sans_bias6": {"write": {"device_start": -1, "host_queued_start": 1585621003.376999, "device_queued": -1, "device_end": -1, "host_queued_end": 1585621003.385077}, "device": "gpu", "nd_range": {"device_start": 1585620937.0213814, "device_end": 1585620937.022954}, "cmdq": 2, "read": {"device_start": -1, "device_end": -1}}, "FFC_sans_bias1": {"write": {"device_start": 1585620937.0089164, "host_queued_start": 1585621003.354181, "device_queued": 1585620937.0086849, "device_end": 1585620937.0089903, "host_queued_end": 1585621003.385077}, "device": "gpu", "nd_range": {"device_start": 1585620937.00903, "device_end": 1585620937.0100017}, "cmdq": 2, "read": {"device_start": -1, "device_end": -1}}, "FFC_sans_bias0": {"write": {"device_start": 1585620937.0088325, "host_queued_start": 1585621003.353126, "device_queued": 1585620937.008664, "device_end": 1585620937.008884, "host_queued_end": 1585621003.385077}, "device": "gpu", "nd_range": {"device_start": 1585620937.0089886, "device_end": 1585620937.009596}, "cmdq": 1, "read": {"device_start": -1, "device_end": -1}}, "FFC_sans_bias2": {"write": {"device_start": 1585620937.0090115, "host_queued_start": 1585621003.355291, "device_queued": 1585620937.0089097, "device_end": 1585620937.009064, "host_queued_end": 1585621003.385077}, "device": "gpu", "nd_range": {"device_start": 1585620937.0091598, "device_end": 1585620937.010574}, "cmdq": 3, "read": {"device_start": -1, "device_end": -1}}, "FFC_sans_bias52": {"write": {"device_start": 1585620937.0276954, "host_queued_start": 1585621003.384972, "device_queued": 1585620937.0126553, "device_end": 1585620937.0277443, "host_queued_end": 1585621003.385077}, "device": "gpu", "nd_range": {"device_start": 1585620937.0277567, "device_end": 1585620937.0283537}, "cmdq": 3, "read": {"device_start": 1585620937.0283623, "device_end": 1585620937.0283847}}, "FFC_sans_bias9": {"write": {"device_start": 1585620937.0091038, "host_queued_start": 1585621003.356339, "device_queued": 1585620937.0089347, "device_end": 1585620937.009128, "host_queued_end": 1585621003.385077}, "device": "gpu", "nd_range": {"device_start": 1585620937.0091739, "device_end": 1585620937.0109954}, "cmdq": 4, "read": {"device_start": -1, "device_end": -1}}, "coalesced_transpose39": {"write": {"device_start": -1, "host_queued_start": 1585621003.372927, "device_queued": -1, "device_end": -1, "host_queued_end": 1585621003.385077}, "device": "gpu", "nd_range": {"device_start": 1585620937.0178015, "device_end": 1585620937.0181649}, "cmdq": 3, "read": {"device_start": -1, "device_end": -1}}, "FFC_sans_bias51": {"write": {"device_start": -1, "host_queued_start": 1585621003.378606, "device_queued": -1, "device_end": -1, "host_queued_end": 1585621003.385077}, "device": "gpu", "nd_range": {"device_start": 1585620937.022963, "device_end": 1585620937.0248644}, "cmdq": 2, "read": {"device_start": -1, "device_end": -1}}, "softmax23": {"write": {"device_start": -1, "host_queued_start": 1585621003.37593, "device_queued": -1, "device_end": -1, "host_queued_end": 1585621003.385077}, "device": "gpu", "nd_range": {"device_start": 1585620937.0203247, "device_end": 1585620937.0213473}, "cmdq": 3, "read": {"device_start": -1, "device_end": -1}}, "FFC_sans_bias37": {"write": {"device_start": 1585620937.0135496, "host_queued_start": 1585621003.366996, "device_queued": 1585620937.0099802, "device_end": 1585620937.013576, "host_queued_end": 1585621003.385077}, "device": "gpu", "nd_range": {"device_start": 1585620937.0135927, "device_end": 1585620937.015888}, "cmdq": 4, "read": {"device_start": -1, "device_end": -1}}, "softmax41": {"write": {"device_start": -1, "host_queued_start": 1585621003.376431, "device_queued": -1, "device_end": -1, "host_queued_end": 1585621003.385077}, "device": "gpu", "nd_range": {"device_start": 1585620937.0207388, "device_end": 1585620937.020945}, "cmdq": 0, "read": {"device_start": -1, "device_end": -1}}, "FFC_sans_bias11": {"write": {"device_start": 1585620937.009727, "host_queued_start": 1585621003.358445, "device_queued": 1585620937.0093327, "device_end": 1585620937.0097523, "host_queued_end": 1585621003.385077}, "device": "gpu", "nd_range": {"device_start": 1585620937.009763, "device_end": 1585620937.0119917}, "cmdq": 1, "read": {"device_start": -1, "device_end": -1}}, "FFC_sans_bias10": {"write": {"device_start": 1585620937.0092707, "host_queued_start": 1585621003.357385, "device_queued": 1585620937.0091813, "device_end": 1585620937.0093002, "host_queued_end": 1585621003.385077}, "device": "gpu", "nd_range": {"device_start": 1585620937.0093057, "device_end": 1585620937.0115452}, "cmdq": 0, "read": {"device_start": -1, "device_end": -1}}, "coalesced_transpose3": {"write": {"device_start": -1, "host_queued_start": 1585621003.371592, "device_queued": -1, "device_end": -1, "host_queued_end": 1585621003.385077}, "device": "gpu", "nd_range": {"device_start": 1585620937.0158894, "device_end": 1585620937.0176697}, "cmdq": 4, "read": {"device_start": -1, "device_end": -1}}, "FFC_sans_bias34": {"write": {"device_start": 1585620937.0240319, "host_queued_start": 1585621003.382838, "device_queued": 1585620937.0123494, "device_end": 1585620937.0240624, "host_queued_end": 1585621003.385077}, "device": "gpu", "nd_range": {"device_start": 1585620937.024073, "device_end": 1585620937.0263083}, "cmdq": 1, "read": {"device_start": 1585620937.0263145, "device_end": 1585620937.0263379}}, "FFC_sans_bias15": {"write": {"device_start": -1, "host_queued_start": 1585621003.377317, "device_queued": -1, "device_end": -1, "host_queued_end": 1585621003.385077}, "device": "gpu", "nd_range": {"device_start": 1585620937.0213907, "device_end": 1585620937.0233688}, "cmdq": 3, "read": {"device_start": -1, "device_end": -1}}, "FFC_sans_bias31": {"write": {"device_start": -1, "host_queued_start": 1585621003.374508, "device_queued": -1, "device_end": -1, "host_queued_end": 1585621003.385077}, "device": "gpu", "nd_range": {"device_start": 1585620937.0181756, "device_end": 1585620937.0197544}, "cmdq": 3, "read": {"device_start": -1, "device_end": -1}}, "FFC_sans_bias16": {"write": {"device_start": 1585620937.0220988, "host_queued_start": 1585621003.380724, "device_queued": 1585620937.0118146, "device_end": 1585620937.0221298, "host_queued_end": 1585621003.385077}, "device": "gpu", "nd_range": {"device_start": 1585620937.0233865, "device_end": 1585620937.0253482}, "cmdq": 4, "read": {"device_start": 1585620937.025355, "device_end": 1585620937.0253785}}, "FFC_sans_bias19": {"write": {"device_start": 1585620937.0107057, "host_queued_start": 1585621003.360568, "device_queued": 1585620937.009374, "device_end": 1585620937.0107317, "host_queued_end": 1585621003.385077}, "device": "gpu", "nd_range": {"device_start": 1585620937.0107374, "device_end": 1585620937.012983}, "cmdq": 3, "read": {"device_start": -1, "device_end": -1}}, "FFC_sans_bias18": {"write": {"device_start": 1585620937.0101113, "host_queued_start": 1585621003.35952, "device_queued": 1585620937.0093596, "device_end": 1585620937.0101364, "host_queued_end": 1585621003.385077}, "device": "gpu", "nd_range": {"device_start": 1585620937.0101392, "device_end": 1585620937.0124898}, "cmdq": 2, "read": {"device_start": -1, "device_end": -1}},