{"FFC_sans_bias4": {"write": {"device_start": -1, "host_queued_start": 1585620661.679037, "device_queued": -1, "device_end": -1, "host_queued_end": 1585620661.682789}, "device": "cpu", "nd_range": {"device_start": 2288435.896987428, "device_end": 2288435.904696193}, "cmdq": 2, "read": {"device_start": -1, "device_end": -1}}, "FFC_sans_bias7": {"write": {"device_start": -1, "host_queued_start": 1585620661.681702, "device_queued": -1, "device_end": -1, "host_queued_end": 1585620661.682789}, "device": "cpu", "nd_range": {"device_start": 2288435.921559094, "device_end": 2288435.9255671413}, "cmdq": 0, "read": {"device_start": -1, "device_end": -1}}, "FFC_sans_bias6": {"write": {"device_start": -1, "host_queued_start": 1585620661.680294, "device_queued": -1, "device_end": -1, "host_queued_end": 1585620661.682789}, "device": "cpu", "nd_range": {"device_start": 2288435.9061652874, "device_end": 2288435.921539125}, "cmdq": 2, "read": {"device_start": -1, "device_end": -1}}, "FFC_sans_bias1": {"write": {"device_start": -1, "host_queued_start": 1585620661.673212, "device_queued": -1, "device_end": -1, "host_queued_end": 1585620661.682789}, "device": "cpu", "nd_range": {"device_start": 2288435.8724886794, "device_end": 2288435.8882892174}, "cmdq": 3, "read": {"device_start": -1, "device_end": -1}}, "FFC_sans_bias0": {"write": {"device_start": -1, "host_queued_start": 1585620661.672034, "device_queued": -1, "device_end": -1, "host_queued_end": 1585620661.682789}, "device": "cpu", "nd_range": {"device_start": 2288435.8724587103, "device_end": 2288435.8877433403}, "cmdq": 2, "read": {"device_start": -1, "device_end": -1}}, "FFC_sans_bias2": {"write": {"device_start": -1, "host_queued_start": 1585620661.674488, "device_queued": -1, "device_end": -1, "host_queued_end": 1585620661.682789}, "device": "cpu", "nd_range": {"device_start": 2288435.872401763, "device_end": 2288435.8882080223}, "cmdq": 0, "read": {"device_start": -1, "device_end": -1}}, "FFC_sans_bias52": {"write": {"device_start": 1585620595.3285584, "host_queued_start": 1585620661.668165, "device_queued": 1585620595.3029323, "device_end": 1585620595.3285816, "host_queued_end": 1585620661.668265}, "device": "gpu", "nd_range": {"device_start": 1585620595.3285851, "device_end": 1585620595.3291795}, "cmdq": 0, "read": {"device_start": 1585620595.3291833, "device_end": 1585620595.329205}}, "FFC_sans_bias9": {"write": {"device_start": -1, "host_queued_start": 1585620661.675628, "device_queued": -1, "device_end": -1, "host_queued_end": 1585620661.682789}, "device": "cpu", "nd_range": {"device_start": 2288435.872370777, "device_end": 2288435.8878345992}, "cmdq": 1, "read": {"device_start": -1, "device_end": -1}}, "coalesced_transpose39": {"write": {"device_start": -1, "host_queued_start": 1585620661.659899, "device_queued": -1, "device_end": -1, "host_queued_end": 1585620661.668265}, "device": "gpu", "nd_range": {"device_start": 1585620595.3102171, "device_end": 1585620595.3102255}, "cmdq": 0, "read": {"device_start": -1, "device_end": -1}}, "FFC_sans_bias51": {"write": {"device_start": -1, "host_queued_start": 1585620661.663935, "device_queued": -1, "device_end": -1, "host_queued_end": 1585620661.668265}, "device": "gpu", "nd_range": {"device_start": 1585620595.3153036, "device_end": 1585620595.3159006}, "cmdq": 0, "read": {"device_start": -1, "device_end": -1}}, "softmax23": {"write": {"device_start": -1, "host_queued_start": 1585620661.661751, "device_queued": -1, "device_end": -1, "host_queued_end": 1585620661.668265}, "device": "gpu", "nd_range": {"device_start": 1585620595.3126457, "device_end": 1585620595.3128586}, "cmdq": 0, "read": {"device_start": -1, "device_end": -1}}, "FFC_sans_bias37": {"write": {"device_start": 1585620595.3065164, "host_queued_start": 1585620661.654728, "device_queued": 1585620595.3013966, "device_end": 1585620595.3065462, "host_queued_end": 1585620661.668265}, "device": "gpu", "nd_range": {"device_start": 1585620595.3065493, "device_end": 1585620595.30715}, "cmdq": 0, "read": {"device_start": -1, "device_end": -1}}, "softmax41": {"write": {"device_start": -1, "host_queued_start": 1585620661.662249, "device_queued": -1, "device_end": -1, "host_queued_end": 1585620661.668265}, "device": "gpu", "nd_range": {"device_start": 1585620595.313071, "device_end": 1585620595.313281}, "cmdq": 0, "read": {"device_start": -1, "device_end": -1}}, "FFC_sans_bias11": {"write": {"device_start": -1, "host_queued_start": 1585620661.677983, "device_queued": -1, "device_end": -1, "host_queued_end": 1585620661.682789}, "device": "cpu", "nd_range": {"device_start": 2288435.888325583, "device_end": 2288435.896556688}, "cmdq": 3, "read": {"device_start": -1, "device_end": -1}}, "FFC_sans_bias10": {"write": {"device_start": -1, "host_queued_start": 1585620661.676809, "device_queued": -1, "device_end": -1, "host_queued_end": 1585620661.682789}, "device": "cpu", "nd_range": {"device_start": 2288435.887893836, "device_end": 2288435.89696543}, "cmdq": 2, "read": {"device_start": -1, "device_end": -1}}, "coalesced_transpose3": {"write": {"device_start": -1, "host_queued_start": 1585620661.678335, "device_queued": -1, "device_end": -1, "host_queued_end": 1585620661.682789}, "device": "cpu", "nd_range": {"device_start": 2288435.8884179783, "device_end": 2288435.888659878}, "cmdq": 0, "read": {"device_start": -1, "device_end": -1}}, "FFC_sans_bias34": {"write": {"device_start": 1585620595.3269966, "host_queued_start": 1585620661.666029, "device_queued": 1585620595.30266, "device_end": 1585620595.3270204, "host_queued_end": 1585620661.668265}, "device": "gpu", "nd_range": {"device_start": 1585620595.327024, "device_end": 1585620595.327622}, "cmdq": 0, "read": {"device_start": 1585620595.3276296, "device_end": 1585620595.3276517}}, "FFC_sans_bias15": {"write": {"device_start": -1, "host_queued_start": 1585620661.680651, "device_queued": -1, "device_end": -1, "host_queued_end": 1585620661.682789}, "device": "cpu", "nd_range": {"device_start": 2288435.9071488283, "device_end": 2288435.915035766}, "cmdq": 3, "read": {"device_start": -1, "device_end": -1}}, "FFC_sans_bias31": {"write": {"device_start": -1, "host_queued_start": 1585620661.660868, "device_queued": -1, "device_end": -1, "host_queued_end": 1585620661.668265}, "device": "gpu", "nd_range": {"device_start": 1585620595.3108375, "device_end": 1585620595.311439}, "cmdq": 0, "read": {"device_start": -1, "device_end": -1}}, "FFC_sans_bias16": {"write": {"device_start": -1, "host_queued_start": 1585620661.682743, "device_queued": -1, "device_end": -1, "host_queued_end": 1585620661.682789}, "device": "cpu", "nd_range": {"device_start": 2288435.915165185, "device_end": 2288435.920419109}, "cmdq": 1, "read": {"device_start": -1, "device_end": -1}}, "FFC_sans_bias19": {"write": {"device_start": 1585620595.30197, "host_queued_start": 1585620661.648329, "device_queued": 1585620595.3007336, "device_end": 1585620595.3020005, "host_queued_end": 1585620661.668265}, "device": "gpu", "nd_range": {"device_start": 1585620595.3020039, "device_end": 1585620595.3026047}, "cmdq": 0, "read": {"device_start": -1, "device_end": -1}}, "FFC_sans_bias18": {"write": {"device_start": 1585620595.3012307, "host_queued_start": 1585620661.647285, "device_queued": 1585620595.3006983, "device_end": 1585620595.3012598, "host_queued_end": 1585620661.668265}, "device": "gpu", "nd_range": {"device_start": 1585620595.3012688, "device_end": 1585620595.301867}, "cmdq": 0, "read": {"device_start": -1, "device_end": -1}}, "coalesced_transpose30": {"write": {"device_start": -1, "host_queued_start": 1585620661.659597, "device_queued": -1, "device_end": -1, "host_queued_end": 1585620661.668265}, "device": "gpu", "nd_range": {"device_start": 1585620595.3102067, "device_end": 1585620595.3102152}, "cmdq": 0, "read": {"device_start": -1, "device_end": -1}}, "FFC_sans_bias38": {"write": {"device_start": 1585620595.3072762, "host_queued_start": 1585620661.655768, "device_queued": 1585620595.3015652,