{"FFC_sans_bias4": {"write": {"device_start": -1, "host_queued_start": 1585621036.284178, "device_queued": -1, "device_end": -1, "host_queued_end": 1585621036.293838}, "device": "cpu", "nd_range": {"device_start": 2288810.548592579, "device_end": 2288810.556192689}, "cmdq": 1, "read": {"device_start": -1, "device_end": -1}}, "FFC_sans_bias7": {"write": {"device_start": -1, "host_queued_start": 1585621036.289739, "device_queued": -1, "device_end": -1, "host_queued_end": 1585621036.293838}, "device": "cpu", "nd_range": {"device_start": 2288810.6029214733, "device_end": 2288810.618431937}, "cmdq": 1, "read": {"device_start": -1, "device_end": -1}}, "FFC_sans_bias6": {"write": {"device_start": -1, "host_queued_start": 1585621036.287298, "device_queued": -1, "device_end": -1, "host_queued_end": 1585621036.293838}, "device": "cpu", "nd_range": {"device_start": 2288810.5803252393, "device_end": 2288810.590384019}, "cmdq": 2, "read": {"device_start": -1, "device_end": -1}}, "FFC_sans_bias1": {"write": {"device_start": -1, "host_queued_start": 1585621036.268123, "device_queued": -1, "device_end": -1, "host_queued_end": 1585621036.293838}, "device": "cpu", "nd_range": {"device_start": 2288810.483476125, "device_end": 2288810.497177896}, "cmdq": 0, "read": {"device_start": -1, "device_end": -1}}, "FFC_sans_bias0": {"write": {"device_start": -1, "host_queued_start": 1585621036.267067, "device_queued": -1, "device_end": -1, "host_queued_end": 1585621036.293838}, "device": "cpu", "nd_range": {"device_start": 2288810.483504013, "device_end": 2288810.4922419763}, "cmdq": 2, "read": {"device_start": -1, "device_end": -1}}, "FFC_sans_bias2": {"write": {"device_start": -1, "host_queued_start": 1585621036.269184, "device_queued": -1, "device_end": -1, "host_queued_end": 1585621036.293838}, "device": "cpu", "nd_range": {"device_start": 2288810.483475731, "device_end": 2288810.494391865}, "cmdq": 1, "read": {"device_start": -1, "device_end": -1}}, "FFC_sans_bias52": {"write": {"device_start": 1585620969.8854995, "host_queued_start": 1585621036.261216, "device_queued": 1585620969.8839417, "device_end": 1585620969.88553, "host_queued_end": 1585621036.26133}, "device": "gpu", "nd_range": {"device_start": 1585620969.8867047, "device_end": 1585620969.8872952}, "cmdq": 3, "read": {"device_start": 1585620969.8873036, "device_end": 1585620969.8873262}}, "FFC_sans_bias9": {"write": {"device_start": -1, "host_queued_start": 1585621036.270235, "device_queued": -1, "device_end": -1, "host_queued_end": 1585621036.293838}, "device": "cpu", "nd_range": {"device_start": 2288810.4942753823, "device_end": 2288810.509287763}, "cmdq": 2, "read": {"device_start": -1, "device_end": -1}}, "coalesced_transpose39": {"write": {"device_start": -1, "host_queued_start": 1585621036.283828, "device_queued": -1, "device_end": -1, "host_queued_end": 1585621036.293838}, "device": "cpu", "nd_range": {"device_start": 2288810.5623037633, "device_end": 2288810.56271197}, "cmdq": 0, "read": {"device_start": -1, "device_end": -1}}, "FFC_sans_bias51": {"write": {"device_start": -1, "host_queued_start": 1585621036.260188, "device_queued": -1, "device_end": -1, "host_queued_end": 1585621036.26133}, "device": "gpu", "nd_range": {"device_start": 1585620969.8861055, "device_end": 1585620969.886701}, "cmdq": 2, "read": {"device_start": -1, "device_end": -1}}, "softmax23": {"write": {"device_start": -1, "host_queued_start": 1585621036.286402, "device_queued": -1, "device_end": -1, "host_queued_end": 1585621036.293838}, "device": "cpu", "nd_range": {"device_start": 2288810.580111139, "device_end": 2288810.580318489}, "cmdq": 2, "read": {"device_start": -1, "device_end": -1}}, "FFC_sans_bias37": {"write": {"device_start": -1, "host_queued_start": 1585621036.281084, "device_queued": -1, "device_end": -1, "host_queued_end": 1585621036.293838}, "device": "cpu", "nd_range": {"device_start": 2288810.5477881473, "device_end": 2288810.5544573283}, "cmdq": 0, "read": {"device_start": -1, "device_end": -1}}, "softmax41": {"write": {"device_start": -1, "host_queued_start": 1585621036.286959, "device_queued": -1, "device_end": -1, "host_queued_end": 1585621036.293838}, "device": "cpu", "nd_range": {"device_start": 2288810.587020583, "device_end": 2288810.587229764}, "cmdq": 1, "read": {"device_start": -1, "device_end": -1}}, "FFC_sans_bias11": {"write": {"device_start": -1, "host_queued_start": 1585621036.272379, "device_queued": -1, "device_end": -1, "host_queued_end": 1585621036.293838}, "device": "cpu", "nd_range": {"device_start": 2288810.494514041, "device_end": 2288810.503935206}, "cmdq": 1, "read": {"device_start": -1, "device_end": -1}}, "FFC_sans_bias10": {"write": {"device_start": -1, "host_queued_start": 1585621036.271317, "device_queued": -1, "device_end": -1, "host_queued_end": 1585621036.293838}, "device": "cpu", "nd_range": {"device_start": 2288810.4988533403, "device_end": 2288810.50717443}, "cmdq": 0, "read": {"device_start": -1, "device_end": -1}}, "coalesced_transpose3": {"write": {"device_start": -1, "host_queued_start": 1585621036.282485, "device_queued": -1, "device_end": -1, "host_queued_end": 1585621036.293838}, "device": "cpu", "nd_range": {"device_start": 2288810.547821363, "device_end": 2288810.5481180493}, "cmdq": 2, "read": {"device_start": -1, "device_end": -1}}, "FFC_sans_bias34": {"write": {"device_start": -1, "host_queued_start": 1585621036.292789, "device_queued": -1, "device_end": -1, "host_queued_end": 1585621036.293838}, "device": "cpu", "nd_range": {"device_start": 2288810.618442005, "device_end": 2288810.624852905}, "cmdq": 1, "read": {"device_start": -1, "device_end": -1}}, "FFC_sans_bias15": {"write": {"device_start": -1, "host_queued_start": 1585621036.287645, "device_queued": -1, "device_end": -1, "host_queued_end": 1585621036.293838}, "device": "cpu", "nd_range": {"device_start": 2288810.574822251, "device_end": 2288810.587228847}, "cmdq": 0, "read": {"device_start": -1, "device_end": -1}}, "FFC_sans_bias31": {"write": {"device_start": -1, "host_queued_start": 1585621036.285217, "device_queued": -1, "device_end": -1, "host_queued_end": 1585621036.293838}, "device": "cpu", "nd_range": {"device_start": 2288810.556310853, "device_end": 2288810.561540381}, "cmdq": 1, "read": {"device_start": -1, "device_end": -1}}, "FFC_sans_bias16": {"write": {"device_start": -1, "host_queued_start": 1585621036.290748, "device_queued": -1, "device_end": -1, "host_queued_end": 1585621036.293838}, "device": "cpu", "nd_range": {"device_start": 2288810.605977685, "device_end": 2288810.62220066}, "cmdq": 2, "read": {"device_start": -1, "device_end": -1}}, "FFC_sans_bias19": {"write": {"device_start": -1, "host_queued_start": 1585621036.274517, "device_queued": -1, "device_end": -1, "host_queued_end": 1585621036.293838}, "device": "cpu", "nd_range": {"device_start": 2288810.5156221543, "device_end": 2288810.532556726}, "cmdq": 0, "read": {"device_start": -1, "device_end": -1}}, "FFC_sans_bias18": {"write": {"device_start": -1, "host_queued_start": 1585621036.273455, "device_queued": -1, "device_end": -1, "host_queued_end": 1585621036.293838}, "device": "cpu", "nd_range": {"device_start": 2288810.509404888, "device_end": 2288810.520828707}, "cmdq": 2, "read": {"device_start": -1, "device_end": -1}}, "coalesced_transpose30": {"write": {"device_start": -1, "host_queued_start": 1585621036.2835, "device_queued": -1, "device_end": -1, "host_queued_end": 1585621036.293838}, "device": "cpu", "nd_range": {"device_start": 2288810.548241686, "device_end": 2288810.548481257}, "cmdq": 2, "read": {"device_start": -1, "device_end": -1}}, "FFC_sans_bias38": {"write": {"device_start": -1, "host_queued_start": 1585621036.282146, "device_queued": -1, "device_end": -1, "host_queued_end": 1585621036.293838}, "device": "cpu", "nd_range": {"device_start": 2288810.532931501, "device_end": 2288810.5436564893}, "cmdq": 1, "read": {"device_start": -1, "device_end": -1}}, "empty26": {"write": {"device_start": -1,