{"FFC_sans_bias4": {"write": {"device_start": -1, "host_queued_start": 1585620598.39304, "device_queued": -1, "device_end": -1, "host_queued_end": 1585620598.404441}, "device": "gpu", "nd_range": {"device_start": 1585620532.052863, "device_end": 1585620532.0534647}, "cmdq": 0, "read": {"device_start": -1, "device_end": -1}}, "FFC_sans_bias7": {"write": {"device_start": 1585620532.0614493, "host_queued_start": 1585620598.399059, "device_queued": 1585620532.0415592, "device_end": 1585620532.0614774, "host_queued_end": 1585620598.404441}, "device": "gpu", "nd_range": {"device_start": 1585620532.0614865, "device_end": 1585620532.0620844}, "cmdq": 0, "read": {"device_start": 1585620532.062088, "device_end": 1585620532.062111}}, "FFC_sans_bias6": {"write": {"device_start": -1, "host_queued_start": 1585620598.396441, "device_queued": -1, "device_end": -1, "host_queued_end": 1585620598.404441}, "device": "gpu", "nd_range": {"device_start": 1585620532.057746, "device_end": 1585620532.0583444}, "cmdq": 0, "read": {"device_start": -1, "device_end": -1}}, "FFC_sans_bias1": {"write": {"device_start": 1585620532.0404305, "host_queued_start": 1585620598.373835, "device_queued": 1585620532.0389109, "device_end": 1585620532.0404541, "host_queued_end": 1585620598.404441}, "device": "gpu", "nd_range": {"device_start": 1585620532.0404625, "device_end": 1585620532.041059}, "cmdq": 0, "read": {"device_start": -1, "device_end": -1}}, "FFC_sans_bias0": {"write": {"device_start": 1585620532.039688, "host_queued_start": 1585620598.372789, "device_queued": 1585620532.0387278, "device_end": 1585620532.039717, "host_queued_end": 1585620598.404441}, "device": "gpu", "nd_range": {"device_start": 1585620532.0397215, "device_end": 1585620532.0403214}, "cmdq": 0, "read": {"device_start": -1, "device_end": -1}}, "FFC_sans_bias2": {"write": {"device_start": 1585620532.0411615, "host_queued_start": 1585620598.374953, "device_queued": 1585620532.0389683, "device_end": 1585620532.0411909, "host_queued_end": 1585620598.404441}, "device": "gpu", "nd_range": {"device_start": 1585620532.0411932, "device_end": 1585620532.0417926}, "cmdq": 0, "read": {"device_start": -1, "device_end": -1}}, "FFC_sans_bias52": {"write": {"device_start": 1585620532.0656161, "host_queued_start": 1585620598.404345, "device_queued": 1585620532.042213, "device_end": 1585620532.0656447, "host_queued_end": 1585620598.404441}, "device": "gpu", "nd_range": {"device_start": 1585620532.0656471, "device_end": 1585620532.066244}, "cmdq": 0, "read": {"device_start": 1585620532.066251, "device_end": 1585620532.0662735}}, "FFC_sans_bias9": {"write": {"device_start": 1585620532.0418844, "host_queued_start": 1585620598.376001, "device_queued": 1585620532.0391343, "device_end": 1585620532.041908, "host_queued_end": 1585620598.404441}, "device": "gpu", "nd_range": {"device_start": 1585620532.0419178, "device_end": 1585620532.0424342}, "cmdq": 0, "read": {"device_start": -1, "device_end": -1}}, "coalesced_transpose39": {"write": {"device_start": -1, "host_queued_start": 1585620598.392312, "device_queued": -1, "device_end": -1, "host_queued_end": 1585620598.404441}, "device": "gpu", "nd_range": {"device_start": 1585620532.052844, "device_end": 1585620532.0528524}, "cmdq": 0, "read": {"device_start": -1, "device_end": -1}}, "FFC_sans_bias51": {"write": {"device_start": -1, "host_queued_start": 1585620598.398028, "device_queued": -1, "device_end": -1, "host_queued_end": 1585620598.404441}, "device": "gpu", "nd_range": {"device_start": 1585620532.0607352, "device_end": 1585620532.061331}, "cmdq": 0, "read": {"device_start": -1, "device_end": -1}}, "softmax23": {"write": {"device_start": -1, "host_queued_start": 1585620598.395381, "device_queued": -1, "device_end": -1, "host_queued_end": 1585620598.404441}, "device": "gpu", "nd_range": {"device_start": 1585620532.0569038, "device_end": 1585620532.0571132}, "cmdq": 0, "read": {"device_start": -1, "device_end": -1}}, "FFC_sans_bias37": {"write": {"device_start": 1585620532.0491886, "host_queued_start": 1585620598.386513, "device_queued": 1585620532.0401762, "device_end": 1585620532.0492172, "host_queued_end": 1585620598.404441}, "device": "gpu", "nd_range": {"device_start": 1585620532.04922, "device_end": 1585620532.04981}, "cmdq": 0, "read": {"device_start": -1, "device_end": -1}}, "softmax41": {"write": {"device_start": -1, "host_queued_start": 1585620598.395868, "device_queued": -1, "device_end": -1, "host_queued_end": 1585620598.404441}, "device": "gpu", "nd_range": {"device_start": 1585620532.0573256, "device_end": 1585620532.0575352}, "cmdq": 0, "read": {"device_start": -1, "device_end": -1}}, "FFC_sans_bias11": {"write": {"device_start": 1585620532.0432966, "host_queued_start": 1585620598.378084, "device_queued": 1585620532.0393586, "device_end": 1585620532.0433261, "host_queued_end": 1585620598.404441}, "device": "gpu", "nd_range": {"device_start": 1585620532.0433285, "device_end": 1585620532.0439198}, "cmdq": 0, "read": {"device_start": -1, "device_end": -1}}, "FFC_sans_bias10": {"write": {"device_start": 1585620532.042551, "host_queued_start": 1585620598.377041, "device_queued": 1585620532.0391922, "device_end": 1585620532.0425806, "host_queued_end": 1585620598.404441}, "device": "gpu", "nd_range": {"device_start": 1585620532.0425835, "device_end": 1585620532.0431805}, "cmdq": 0, "read": {"device_start": -1, "device_end": -1}}, "coalesced_transpose3": {"write": {"device_start": -1, "host_queued_start": 1585620598.391073, "device_queued": -1, "device_end": -1, "host_queued_end": 1585620598.404441}, "device": "gpu", "nd_range": {"device_start": 1585620532.0528057, "device_end": 1585620532.052814}, "cmdq": 0, "read": {"device_start": -1, "device_end": -1}}, "FFC_sans_bias34": {"write": {"device_start": 1585620532.0639598, "host_queued_start": 1585620598.40222, "device_queued": 1585620532.041979, "device_end": 1585620532.063989, "host_queued_end": 1585620598.404441}, "device": "gpu", "nd_range": {"device_start": 1585620532.0639923, "device_end": 1585620532.0645864}, "cmdq": 0, "read": {"device_start": 1585620532.0645952, "device_end": 1585620532.0646174}}, "FFC_sans_bias15": {"write": {"device_start": -1, "host_queued_start": 1585620598.396773, "device_queued": -1, "device_end": -1, "host_queued_end": 1585620598.404441}, "device": "gpu", "nd_range": {"device_start": 1585620532.0583453, "device_end": 1585620532.0589428}, "cmdq": 0, "read": {"device_start": -1, "device_end": -1}}, "FFC_sans_bias31": {"write": {"device_start": -1, "host_queued_start": 1585620598.393999, "device_queued": -1, "device_end": -1, "host_queued_end": 1585620598.404441}, "device": "gpu", "nd_range": {"device_start": 1585620532.0546682, "device_end": 1585620532.0552702}, "cmdq": 0, "read": {"device_start": -1, "device_end": -1}}, "FFC_sans_bias16": {"write": {"device_start": 1585620532.0622904, "host_queued_start": 1585620598.400127, "device_queued": 1585620532.0417352, "device_end": 1585620532.0623195, "host_queued_end": 1585620598.404441}, "device": "gpu", "nd_range": {"device_start": 1585620532.062323, "device_end": 1585620532.0629208}, "cmdq": 0, "read": {"device_start": 1585620532.062925, "device_end": 1585620532.0629473}}, "FFC_sans_bias19": {"write": {"device_start": 1585620532.0447814, "host_queued_start": 1585620598.380191, "device_queued": 1585620532.0395782, "device_end": 1585620532.0448108, "host_queued_end": 1585620598.404441}, "device": "gpu", "nd_range": {"device_start": 1585620532.0448139, "device_end": 1585620532.0454032}, "cmdq": 0, "read": {"device_start": -1, "device_end": -1}}, "FFC_sans_bias18": {"write": {"device_start": 1585620532.0440297, "host_queued_start": 1585620598.37916, "device_queued": 1585620532.0394156, "device_end": 1585620532.0440583, "host_queued_end": 1585620598.404441}, "device": "gpu", "nd_range": {"device_start": 1585620532.0440643, "device_end": 1585620532.0446608}, "cmdq": 0, "read": {"device_start": -1, "device_end": -1}},