{"FFC_sans_bias4": {"write": {"device_start": -1, "host_queued_start": 1585620667.162514, "device_queued": -1, "device_end": -1, "host_queued_end": 1585620667.170171}, "device": "cpu", "nd_range": {"device_start": 2288441.4063327713, "device_end": 2288441.4215783873}, "cmdq": 0, "read": {"device_start": -1, "device_end": -1}}, "FFC_sans_bias7": {"write": {"device_start": -1, "host_queued_start": 1585620667.167116, "device_queued": -1, "device_end": -1, "host_queued_end": 1585620667.170171}, "device": "cpu", "nd_range": {"device_start": 2288441.437372778, "device_end": 2288441.4526322773}, "cmdq": 0, "read": {"device_start": -1, "device_end": -1}}, "FFC_sans_bias6": {"write": {"device_start": -1, "host_queued_start": 1585620667.165001, "device_queued": -1, "device_end": -1, "host_queued_end": 1585620667.170171}, "device": "cpu", "nd_range": {"device_start": 2288441.422018216, "device_end": 2288441.437253583}, "cmdq": 0, "read": {"device_start": -1, "device_end": -1}}, "FFC_sans_bias1": {"write": {"device_start": -1, "host_queued_start": 1585620667.149932, "device_queued": -1, "device_end": -1, "host_queued_end": 1585620667.170171}, "device": "cpu", "nd_range": {"device_start": 2288441.3597877803, "device_end": 2288441.37495287}, "cmdq": 1, "read": {"device_start": -1, "device_end": -1}}, "FFC_sans_bias0": {"write": {"device_start": -1, "host_queued_start": 1585620667.148879, "device_queued": -1, "device_end": -1, "host_queued_end": 1585620667.170171}, "device": "cpu", "nd_range": {"device_start": 2288441.3597621303, "device_end": 2288441.3752746973}, "cmdq": 0, "read": {"device_start": -1, "device_end": -1}}, "FFC_sans_bias2": {"write": {"device_start": -1, "host_queued_start": 1585620667.151015, "device_queued": -1, "device_end": -1, "host_queued_end": 1585620667.170171}, "device": "cpu", "nd_range": {"device_start": 2288441.360045636, "device_end": 2288441.405135659}, "cmdq": 2, "read": {"device_start": -1, "device_end": -1}}, "FFC_sans_bias52": {"write": {"device_start": 1585620600.784261, "host_queued_start": 1585620667.143474, "device_queued": 1585620600.7768161, "device_end": 1585620600.7842898, "host_queued_end": 1585620667.143579}, "device": "gpu", "nd_range": {"device_start": 1585620600.7842927, "device_end": 1585620600.784887}, "cmdq": 0, "read": {"device_start": 1585620600.7848911, "device_end": 1585620600.784914}}, "FFC_sans_bias9": {"write": {"device_start": -1, "host_queued_start": 1585620667.152164, "device_queued": -1, "device_end": -1, "host_queued_end": 1585620667.170171}, "device": "cpu", "nd_range": {"device_start": 2288441.3680348103, "device_end": 2288441.391522758}, "cmdq": 3, "read": {"device_start": -1, "device_end": -1}}, "coalesced_transpose39": {"write": {"device_start": -1, "host_queued_start": 1585620667.139302, "device_queued": -1, "device_end": -1, "host_queued_end": 1585620667.143579}, "device": "gpu", "nd_range": {"device_start": 1585620600.7804475, "device_end": 1585620600.7804556}, "cmdq": 0, "read": {"device_start": -1, "device_end": -1}}, "FFC_sans_bias51": {"write": {"device_start": -1, "host_queued_start": 1585620667.141343, "device_queued": -1, "device_end": -1, "host_queued_end": 1585620667.143579}, "device": "gpu", "nd_range": {"device_start": 1585620600.7826633, "device_end": 1585620600.7832623}, "cmdq": 0, "read": {"device_start": -1, "device_end": -1}}, "softmax23": {"write": {"device_start": -1, "host_queued_start": 1585620667.16439, "device_queued": -1, "device_end": -1, "host_queued_end": 1585620667.170171}, "device": "cpu", "nd_range": {"device_start": 2288441.467222625, "device_end": 2288441.467362666}, "cmdq": 2, "read": {"device_start": -1, "device_end": -1}}, "FFC_sans_bias37": {"write": {"device_start": 1585620600.7768207, "host_queued_start": 1585620667.134744, "device_queued": 1585620600.7758386, "device_end": 1585620600.776844, "host_queued_end": 1585620667.143579}, "device": "gpu", "nd_range": {"device_start": 1585620600.7768471, "device_end": 1585620600.777447}, "cmdq": 0, "read": {"device_start": -1, "device_end": -1}}, "softmax41": {"write": {"device_start": -1, "host_queued_start": 1585620667.140481, "device_queued": -1, "device_end": -1, "host_queued_end": 1585620667.143579}, "device": "gpu", "nd_range": {"device_start": 1585620600.781665, "device_end": 1585620600.7818656}, "cmdq": 0, "read": {"device_start": -1, "device_end": -1}}, "FFC_sans_bias11": {"write": {"device_start": -1, "host_queued_start": 1585620667.154477, "device_queued": -1, "device_end": -1, "host_queued_end": 1585620667.170171}, "device": "cpu", "nd_range": {"device_start": 2288441.374962447, "device_end": 2288441.39017493}, "cmdq": 1, "read": {"device_start": -1, "device_end": -1}}, "FFC_sans_bias10": {"write": {"device_start": -1, "host_queued_start": 1585620667.153365, "device_queued": -1, "device_end": -1, "host_queued_end": 1585620667.170171}, "device": "cpu", "nd_range": {"device_start": 2288441.375296011, "device_end": 2288441.3905796353}, "cmdq": 0, "read": {"device_start": -1, "device_end": -1}}, "coalesced_transpose3": {"write": {"device_start": -1, "host_queued_start": 1585620667.161177, "device_queued": -1, "device_end": -1, "host_queued_end": 1585620667.170171}, "device": "cpu", "nd_range": {"device_start": 2288441.405976015, "device_end": 2288441.406224421}, "cmdq": 0, "read": {"device_start": -1, "device_end": -1}}, "FFC_sans_bias34": {"write": {"device_start": -1, "host_queued_start": 1585620667.170126, "device_queued": -1, "device_end": -1, "host_queued_end": 1585620667.170171}, "device": "cpu", "nd_range": {"device_start": 2288441.4831105433, "device_end": 2288441.488320392}, "cmdq": 3, "read": {"device_start": -1, "device_end": -1}}, "FFC_sans_bias15": {"write": {"device_start": -1, "host_queued_start": 1585620667.165342, "device_queued": -1, "device_end": -1, "host_queued_end": 1585620667.170171}, "device": "cpu", "nd_range": {"device_start": 2288441.42149071, "device_end": 2288441.436825362}, "cmdq": 1, "read": {"device_start": -1, "device_end": -1}}, "FFC_sans_bias31": {"write": {"device_start": -1, "host_queued_start": 1585620667.163564, "device_queued": -1, "device_end": -1, "host_queued_end": 1585620667.170171}, "device": "cpu", "nd_range": {"device_start": 2288441.461104811, "device_end": 2288441.471395593}, "cmdq": 3, "read": {"device_start": -1, "device_end": -1}}, "FFC_sans_bias16": {"write": {"device_start": -1, "host_queued_start": 1585620667.168118, "device_queued": -1, "device_end": -1, "host_queued_end": 1585620667.170171}, "device": "cpu", "nd_range": {"device_start": 2288441.436954103, "device_end": 2288441.452228045}, "cmdq": 1, "read": {"device_start": -1, "device_end": -1}}, "FFC_sans_bias19": {"write": {"device_start": -1, "host_queued_start": 1585620667.156581, "device_queued": -1, "device_end": -1, "host_queued_end": 1585620667.170171}, "device": "cpu", "nd_range": {"device_start": 2288441.3920118622, "device_end": 2288441.430528512}, "cmdq": 3, "read": {"device_start": -1, "device_end": -1}}, "FFC_sans_bias18": {"write": {"device_start": -1, "host_queued_start": 1585620667.155533, "device_queued": -1, "device_end": -1, "host_queued_end": 1585620667.170171}, "device": "cpu", "nd_range": {"device_start": 2288441.411404688, "device_end": 2288441.446559409}, "cmdq": 2, "read": {"device_start": -1, "device_end": -1}}, "coalesced_transpose30": {"write": {"device_start": -1, "host_queued_start": 1585620667.162174, "device_queued": -1, "device_end": -1, "host_queued_end": 1585620667.170171}, "device": "cpu", "nd_range": {"device_start": 2288441.4608601592, "device_end": 2288441.461097454}, "cmdq": 3, "read": {"device_start": -1, "device_end": -1}}, "FFC_sans_bias38": {"write": {"device_start": 1585620600.777569, "host_queued_start": 1585620667.135782, "device_queued": 1585620600.7758887, "device_end": 1585620600.7775934, "host_queued_end": 1585620667.143579}, "device": "gpu", "nd_range": {"device_start": 1585620600.7775996, "device_end": 1585620600.7781925}, "cmdq": 0,