{"FFC_sans_bias4": {"write": {"device_start": -1, "host_queued_start": 1585620675.585203, "device_queued": -1, "device_end": -1, "host_queued_end": 1585620675.596728}, "device": "gpu", "nd_range": {"device_start": 1585620609.2430863, "device_end": 1585620609.243685}, "cmdq": 0, "read": {"device_start": -1, "device_end": -1}}, "FFC_sans_bias7": {"write": {"device_start": 1585620609.2516801, "host_queued_start": 1585620675.59132, "device_queued": 1585620609.2318025, "device_end": 1585620609.2517083, "host_queued_end": 1585620675.596728}, "device": "gpu", "nd_range": {"device_start": 1585620609.2517164, "device_end": 1585620609.2523117}, "cmdq": 0, "read": {"device_start": 1585620609.252317, "device_end": 1585620609.2523398}}, "FFC_sans_bias6": {"write": {"device_start": -1, "host_queued_start": 1585620675.588662, "device_queued": -1, "device_end": -1, "host_queued_end": 1585620675.596728}, "device": "gpu", "nd_range": {"device_start": 1585620609.2479634, "device_end": 1585620609.2485626}, "cmdq": 0, "read": {"device_start": -1, "device_end": -1}}, "FFC_sans_bias1": {"write": {"device_start": 1585620609.230473, "host_queued_start": 1585620675.565942, "device_queued": 1585620609.2291389, "device_end": 1585620609.2305028, "host_queued_end": 1585620675.596728}, "device": "gpu", "nd_range": {"device_start": 1585620609.2305074, "device_end": 1585620609.231104}, "cmdq": 0, "read": {"device_start": -1, "device_end": -1}}, "FFC_sans_bias0": {"write": {"device_start": 1585620609.22971, "host_queued_start": 1585620675.564887, "device_queued": 1585620609.2289517, "device_end": 1585620609.2297392, "host_queued_end": 1585620675.596728}, "device": "gpu", "nd_range": {"device_start": 1585620609.2297485, "device_end": 1585620609.2303467}, "cmdq": 0, "read": {"device_start": -1, "device_end": -1}}, "FFC_sans_bias2": {"write": {"device_start": 1585620609.231229, "host_queued_start": 1585620675.567035, "device_queued": 1585620609.2291923, "device_end": 1585620609.23126, "host_queued_end": 1585620675.596728}, "device": "gpu", "nd_range": {"device_start": 1585620609.231265, "device_end": 1585620609.2318609}, "cmdq": 0, "read": {"device_start": -1, "device_end": -1}}, "FFC_sans_bias52": {"write": {"device_start": 1585620609.2558036, "host_queued_start": 1585620675.596628, "device_queued": 1585620609.2324524, "device_end": 1585620609.255833, "host_queued_end": 1585620675.596728}, "device": "gpu", "nd_range": {"device_start": 1585620609.255837, "device_end": 1585620609.2564354}, "cmdq": 0, "read": {"device_start": 1585620609.2564433, "device_end": 1585620609.256465}}, "FFC_sans_bias9": {"write": {"device_start": 1585620609.2319567, "host_queued_start": 1585620675.568088, "device_queued": 1585620609.2293859, "device_end": 1585620609.2319868, "host_queued_end": 1585620675.596728}, "device": "gpu", "nd_range": {"device_start": 1585620609.2319934, "device_end": 1585620609.2325945}, "cmdq": 0, "read": {"device_start": -1, "device_end": -1}}, "coalesced_transpose39": {"write": {"device_start": -1, "host_queued_start": 1585620675.584461, "device_queued": -1, "device_end": -1, "host_queued_end": 1585620675.596728}, "device": "gpu", "nd_range": {"device_start": 1585620609.2430675, "device_end": 1585620609.2430758}, "cmdq": 0, "read": {"device_start": -1, "device_end": -1}}, "FFC_sans_bias51": {"write": {"device_start": -1, "host_queued_start": 1585620675.590277, "device_queued": -1, "device_end": -1, "host_queued_end": 1585620675.596728}, "device": "gpu", "nd_range": {"device_start": 1585620609.2509663, "device_end": 1585620609.2515614}, "cmdq": 0, "read": {"device_start": -1, "device_end": -1}}, "softmax23": {"write": {"device_start": -1, "host_queued_start": 1585620675.587601, "device_queued": -1, "device_end": -1, "host_queued_end": 1585620675.596728}, "device": "gpu", "nd_range": {"device_start": 1585620609.247119, "device_end": 1585620609.247331}, "cmdq": 0, "read": {"device_start": -1, "device_end": -1}}, "FFC_sans_bias37": {"write": {"device_start": 1585620609.2393532, "host_queued_start": 1585620675.578688, "device_queued": 1585620609.230373, "device_end": 1585620609.2393832, "host_queued_end": 1585620675.596728}, "device": "gpu", "nd_range": {"device_start": 1585620609.239399, "device_end": 1585620609.2400026}, "cmdq": 0, "read": {"device_start": -1, "device_end": -1}}, "softmax41": {"write": {"device_start": -1, "host_queued_start": 1585620675.588104, "device_queued": -1, "device_end": -1, "host_queued_end": 1585620675.596728}, "device": "gpu", "nd_range": {"device_start": 1585620609.2475424, "device_end": 1585620609.2477515}, "cmdq": 0, "read": {"device_start": -1, "device_end": -1}}, "FFC_sans_bias11": {"write": {"device_start": 1585620609.2334294, "host_queued_start": 1585620675.570208, "device_queued": 1585620609.2296178, "device_end": 1585620609.2334526, "host_queued_end": 1585620675.596728}, "device": "gpu", "nd_range": {"device_start": 1585620609.2334597, "device_end": 1585620609.2340653}, "cmdq": 0, "read": {"device_start": -1, "device_end": -1}}, "FFC_sans_bias10": {"write": {"device_start": 1585620609.2326975, "host_queued_start": 1585620675.569138, "device_queued": 1585620609.2294333, "device_end": 1585620609.2327216, "host_queued_end": 1585620675.596728}, "device": "gpu", "nd_range": {"device_start": 1585620609.2327287, "device_end": 1585620609.2333276}, "cmdq": 0, "read": {"device_start": -1, "device_end": -1}}, "coalesced_transpose3": {"write": {"device_start": -1, "host_queued_start": 1585620675.583226, "device_queued": -1, "device_end": -1, "host_queued_end": 1585620675.596728}, "device": "gpu", "nd_range": {"device_start": 1585620609.2430296, "device_end": 1585620609.2430377}, "cmdq": 0, "read": {"device_start": -1, "device_end": -1}}, "FFC_sans_bias34": {"write": {"device_start": 1585620609.254174, "host_queued_start": 1585620675.594514, "device_queued": 1585620609.232272, "device_end": 1585620609.254203, "host_queued_end": 1585620675.596728}, "device": "gpu", "nd_range": {"device_start": 1585620609.2542055, "device_end": 1585620609.2548037}, "cmdq": 0, "read": {"device_start": 1585620609.254811, "device_end": 1585620609.2548332}}, "FFC_sans_bias15": {"write": {"device_start": -1, "host_queued_start": 1585620675.588984, "device_queued": -1, "device_end": -1, "host_queued_end": 1585620675.596728}, "device": "gpu", "nd_range": {"device_start": 1585620609.2485635, "device_end": 1585620609.2491608}, "cmdq": 0, "read": {"device_start": -1, "device_end": -1}}, "FFC_sans_bias31": {"write": {"device_start": -1, "host_queued_start": 1585620675.586168, "device_queued": -1, "device_end": -1, "host_queued_end": 1585620675.596728}, "device": "gpu", "nd_range": {"device_start": 1585620609.2448878, "device_end": 1585620609.2454875}, "cmdq": 0, "read": {"device_start": -1, "device_end": -1}}, "FFC_sans_bias16": {"write": {"device_start": 1585620609.2525198, "host_queued_start": 1585620675.592407, "device_queued": 1585620609.2320335, "device_end": 1585620609.2525487, "host_queued_end": 1585620675.596728}, "device": "gpu", "nd_range": {"device_start": 1585620609.252553, "device_end": 1585620609.2531512}, "cmdq": 0, "read": {"device_start": 1585620609.2531571, "device_end": 1585620609.2531796}}, "FFC_sans_bias19": {"write": {"device_start": 1585620609.2348988, "host_queued_start": 1585620675.57236, "device_queued": 1585620609.229823, "device_end": 1585620609.2349226, "host_queued_end": 1585620675.596728}, "device": "gpu", "nd_range": {"device_start": 1585620609.2349293, "device_end": 1585620609.2355258}, "cmdq": 0, "read": {"device_start": -1, "device_end": -1}}, "FFC_sans_bias18": {"write": {"device_start": 1585620609.234188, "host_queued_start": 1585620675.571315, "device_queued": 1585620609.229668, "device_end": 1585620609.2342112, "host_queued_end": 1585620675.596728}, "device": "gpu", "nd_range": {"device_start": 1585620609.2342176, "device_end": 1585620609.2348163}, "cmdq": 0, "read": {"device_start": -1, "device_end": -1}},