{"FFC_sans_bias4": {"write": {"device_start": -1, "host_queued_start": 1585620601.100407, "device_queued": -1, "device_end": -1, "host_queued_end": 1585620601.102253}, "device": "cpu", "nd_range": {"device_start": 2288375.304976303, "device_end": 2288375.3091142583}, "cmdq": 0, "read": {"device_start": -1, "device_end": -1}}, "FFC_sans_bias7": {"write": {"device_start": -1, "host_queued_start": 1585620601.102207, "device_queued": -1, "device_end": -1, "host_queued_end": 1585620601.102253}, "device": "cpu", "nd_range": {"device_start": 2288375.314344454, "device_end": 2288375.318718293}, "cmdq": 0, "read": {"device_start": -1, "device_end": -1}}, "FFC_sans_bias6": {"write": {"device_start": -1, "host_queued_start": 1585620601.101067, "device_queued": -1, "device_end": -1, "host_queued_end": 1585620601.102253}, "device": "cpu", "nd_range": {"device_start": 2288375.3094219593, "device_end": 2288375.3143375493}, "cmdq": 0, "read": {"device_start": -1, "device_end": -1}}, "FFC_sans_bias1": {"write": {"device_start": -1, "host_queued_start": 1585620601.098562, "device_queued": -1, "device_end": -1, "host_queued_end": 1585620601.102253}, "device": "cpu", "nd_range": {"device_start": 2288375.296207076, "device_end": 2288375.300563894}, "cmdq": 0, "read": {"device_start": -1, "device_end": -1}}, "FFC_sans_bias0": {"write": {"device_start": -1, "host_queued_start": 1585620601.097324, "device_queued": -1, "device_end": -1, "host_queued_end": 1585620601.102253}, "device": "cpu", "nd_range": {"device_start": 2288375.291820081, "device_end": 2288375.296185012}, "cmdq": 0, "read": {"device_start": -1, "device_end": -1}}, "FFC_sans_bias2": {"write": {"device_start": -1, "host_queued_start": 1585620601.099688, "device_queued": -1, "device_end": -1, "host_queued_end": 1585620601.102253}, "device": "cpu", "nd_range": {"device_start": 2288375.300583016, "device_end": 2288375.304668929}, "cmdq": 0, "read": {"device_start": -1, "device_end": -1}}, "FFC_sans_bias52": {"write": {"device_start": 1585620534.7545063, "host_queued_start": 1585620601.09435, "device_queued": 1585620534.731667, "device_end": 1585620534.7545297, "host_queued_end": 1585620601.094447}, "device": "gpu", "nd_range": {"device_start": 1585620534.7545357, "device_end": 1585620534.755134}, "cmdq": 0, "read": {"device_start": 1585620534.755142, "device_end": 1585620534.7551649}}, "FFC_sans_bias9": {"write": {"device_start": 1585620534.7291913, "host_queued_start": 1585620601.068141, "device_queued": 1585620534.728791, "device_end": 1585620534.7292159, "host_queued_end": 1585620601.094447}, "device": "gpu", "nd_range": {"device_start": 1585620534.729225, "device_end": 1585620534.7298121}, "cmdq": 0, "read": {"device_start": -1, "device_end": -1}}, "coalesced_transpose39": {"write": {"device_start": -1, "host_queued_start": 1585620601.084228, "device_queued": -1, "device_end": -1, "host_queued_end": 1585620601.094447}, "device": "gpu", "nd_range": {"device_start": 1585620534.744188, "device_end": 1585620534.7441964}, "cmdq": 0, "read": {"device_start": -1, "device_end": -1}}, "FFC_sans_bias51": {"write": {"device_start": -1, "host_queued_start": 1585620601.089097, "device_queued": -1, "device_end": -1, "host_queued_end": 1585620601.094447}, "device": "gpu", "nd_range": {"device_start": 1585620534.750659, "device_end": 1585620534.75126}, "cmdq": 0, "read": {"device_start": -1, "device_end": -1}}, "softmax23": {"write": {"device_start": -1, "host_queued_start": 1585620601.086762, "device_queued": -1, "device_end": -1, "host_queued_end": 1585620601.094447}, "device": "gpu", "nd_range": {"device_start": 1585620534.7474122, "device_end": 1585620534.747622}, "cmdq": 0, "read": {"device_start": -1, "device_end": -1}}, "FFC_sans_bias37": {"write": {"device_start": 1585620534.740742, "host_queued_start": 1585620601.078789, "device_queued": 1585620534.729935, "device_end": 1585620534.740765, "host_queued_end": 1585620601.094447}, "device": "gpu", "nd_range": {"device_start": 1585620534.7407715, "device_end": 1585620534.74136}, "cmdq": 0, "read": {"device_start": -1, "device_end": -1}}, "softmax41": {"write": {"device_start": -1, "host_queued_start": 1585620601.087266, "device_queued": -1, "device_end": -1, "host_queued_end": 1585620601.094447}, "device": "gpu", "nd_range": {"device_start": 1585620534.747834, "device_end": 1585620534.748045}, "cmdq": 0, "read": {"device_start": -1, "device_end": -1}}, "FFC_sans_bias11": {"write": {"device_start": 1585620534.7307878, "host_queued_start": 1585620601.070252, "device_queued": 1585620534.7291076, "device_end": 1585620534.730811, "host_queued_end": 1585620601.094447}, "device": "gpu", "nd_range": {"device_start": 1585620534.730816, "device_end": 1585620534.7314124}, "cmdq": 0, "read": {"device_start": -1, "device_end": -1}}, "FFC_sans_bias10": {"write": {"device_start": 1585620534.7300096, "host_queued_start": 1585620601.069197, "device_queued": 1585620534.7288363, "device_end": 1585620534.7300384, "host_queued_end": 1585620601.094447}, "device": "gpu", "nd_range": {"device_start": 1585620534.7300482, "device_end": 1585620534.7306507}, "cmdq": 0, "read": {"device_start": -1, "device_end": -1}}, "coalesced_transpose3": {"write": {"device_start": -1, "host_queued_start": 1585620601.100073, "device_queued": -1, "device_end": -1, "host_queued_end": 1585620601.102253}, "device": "cpu", "nd_range": {"device_start": 2288375.3046739493, "device_end": 2288375.304830559}, "cmdq": 0, "read": {"device_start": -1, "device_end": -1}}, "FFC_sans_bias34": {"write": {"device_start": 1585620534.7529445, "host_queued_start": 1585620601.09225, "device_queued": 1585620534.7314272, "device_end": 1585620534.7529716, "host_queued_end": 1585620601.094447}, "device": "gpu", "nd_range": {"device_start": 1585620534.7529805, "device_end": 1585620534.753574}, "cmdq": 0, "read": {"device_start": 1585620534.7535796, "device_end": 1585620534.753602}}, "FFC_sans_bias15": {"write": {"device_start": -1, "host_queued_start": 1585620601.08783, "device_queued": -1, "device_end": -1, "host_queued_end": 1585620601.094447}, "device": "gpu", "nd_range": {"device_start": 1585620534.7482648, "device_end": 1585620534.7488592}, "cmdq": 0, "read": {"device_start": -1, "device_end": -1}}, "FFC_sans_bias31": {"write": {"device_start": -1, "host_queued_start": 1585620601.085558, "device_queued": -1, "device_end": -1, "host_queued_end": 1585620601.094447}, "device": "gpu", "nd_range": {"device_start": 1585620534.7454028, "device_end": 1585620534.7459998}, "cmdq": 0, "read": {"device_start": -1, "device_end": -1}}, "FFC_sans_bias16": {"write": {"device_start": 1585620534.7513454, "host_queued_start": 1585620601.09012, "device_queued": 1585620534.731206, "device_end": 1585620534.7513692, "host_queued_end": 1585620601.094447}, "device": "gpu", "nd_range": {"device_start": 1585620534.7513747, "device_end": 1585620534.7519703}, "cmdq": 0, "read": {"device_start": 1585620534.7519722, "device_end": 1585620534.7519956}}, "FFC_sans_bias19": {"write": {"device_start": 1585620534.732253, "host_queued_start": 1585620601.072414, "device_queued": 1585620534.729313, "device_end": 1585620534.7322764, "host_queued_end": 1585620601.094447}, "device": "gpu", "nd_range": {"device_start": 1585620534.7322824, "device_end": 1585620534.7328718}, "cmdq": 0, "read": {"device_start": -1, "device_end": -1}}, "FFC_sans_bias18": {"write": {"device_start": 1585620534.7315178, "host_queued_start": 1585620601.071365, "device_queued": 1585620534.7291548, "device_end": 1585620534.7315419, "host_queued_end": 1585620601.094447}, "device": "gpu", "nd_range": {"device_start": 1585620534.7315483, "device_end": 1585620534.732147}, "cmdq": 0, "read": {"device_start": -1, "device_end": -1}}, "coalesced_transpose30": {"write": {"device_start": -1, "host_queued_start": 1585620601.083927, "device_queued": -1, "device_end": -1, "host_queued_end": 1585620601.094447}, "device": "gpu", "nd_range": {"device_start": 1585620534.7441785, "device_end": 1585620534.7441869},