{"FFC_sans_bias4": {"write": {"device_start": -1, "host_queued_start": 1585620603.79487, "device_queued": -1, "device_end": -1, "host_queued_end": 1585620603.798519}, "device": "cpu", "nd_range": {"device_start": 2288378.0143707353, "device_end": 2288378.0191712743}, "cmdq": 0, "read": {"device_start": -1, "device_end": -1}}, "FFC_sans_bias7": {"write": {"device_start": -1, "host_queued_start": 1585620603.797482, "device_queued": -1, "device_end": -1, "host_queued_end": 1585620603.798519}, "device": "cpu", "nd_range": {"device_start": 2288378.032957288, "device_end": 2288378.037726094}, "cmdq": 0, "read": {"device_start": -1, "device_end": -1}}, "FFC_sans_bias6": {"write": {"device_start": -1, "host_queued_start": 1585620603.796098, "device_queued": -1, "device_end": -1, "host_queued_end": 1585620603.798519}, "device": "cpu", "nd_range": {"device_start": 2288378.0239698864, "device_end": 2288378.0285197822}, "cmdq": 0, "read": {"device_start": -1, "device_end": -1}}, "FFC_sans_bias1": {"write": {"device_start": -1, "host_queued_start": 1585620603.789184, "device_queued": -1, "device_end": -1, "host_queued_end": 1585620603.798519}, "device": "cpu", "nd_range": {"device_start": 2288377.99248922, "device_end": 2288377.9967105393}, "cmdq": 0, "read": {"device_start": -1, "device_end": -1}}, "FFC_sans_bias0": {"write": {"device_start": -1, "host_queued_start": 1585620603.788064, "device_queued": -1, "device_end": -1, "host_queued_end": 1585620603.798519}, "device": "cpu", "nd_range": {"device_start": 2288377.988148382, "device_end": 2288377.9924670462}, "cmdq": 0, "read": {"device_start": -1, "device_end": -1}}, "FFC_sans_bias2": {"write": {"device_start": -1, "host_queued_start": 1585620603.790349, "device_queued": -1, "device_end": -1, "host_queued_end": 1585620603.798519}, "device": "cpu", "nd_range": {"device_start": 2288377.996719738, "device_end": 2288378.0006899224}, "cmdq": 0, "read": {"device_start": -1, "device_end": -1}}, "FFC_sans_bias52": {"write": {"device_start": 1585620537.4398253, "host_queued_start": 1585620603.784316, "device_queued": 1585620537.420651, "device_end": 1585620537.4398487, "host_queued_end": 1585620603.784416}, "device": "gpu", "nd_range": {"device_start": 1585620537.439854, "device_end": 1585620537.4404504}, "cmdq": 0, "read": {"device_start": 1585620537.4404528, "device_end": 1585620537.4404783}}, "FFC_sans_bias9": {"write": {"device_start": -1, "host_queued_start": 1585620603.791464, "device_queued": -1, "device_end": -1, "host_queued_end": 1585620603.798519}, "device": "cpu", "nd_range": {"device_start": 2288378.0006954554, "device_end": 2288378.004630051}, "cmdq": 0, "read": {"device_start": -1, "device_end": -1}}, "coalesced_transpose39": {"write": {"device_start": -1, "host_queued_start": 1585620603.77605, "device_queued": -1, "device_end": -1, "host_queued_end": 1585620603.784416}, "device": "gpu", "nd_range": {"device_start": 1585620537.4275007, "device_end": 1585620537.4275088}, "cmdq": 0, "read": {"device_start": -1, "device_end": -1}}, "FFC_sans_bias51": {"write": {"device_start": -1, "host_queued_start": 1585620603.7801, "device_queued": -1, "device_end": -1, "host_queued_end": 1585620603.784416}, "device": "gpu", "nd_range": {"device_start": 1585620537.4325604, "device_end": 1585620537.4331598}, "cmdq": 0, "read": {"device_start": -1, "device_end": -1}}, "softmax23": {"write": {"device_start": -1, "host_queued_start": 1585620603.777857, "device_queued": -1, "device_end": -1, "host_queued_end": 1585620603.784416}, "device": "gpu", "nd_range": {"device_start": 1585620537.4299183, "device_end": 1585620537.4301307}, "cmdq": 0, "read": {"device_start": -1, "device_end": -1}}, "FFC_sans_bias37": {"write": {"device_start": 1585620537.4240193, "host_queued_start": 1585620603.770883, "device_queued": 1585620537.419167, "device_end": 1585620537.4240491, "host_queued_end": 1585620603.784416}, "device": "gpu", "nd_range": {"device_start": 1585620537.4240518, "device_end": 1585620537.4246514}, "cmdq": 0, "read": {"device_start": -1, "device_end": -1}}, "softmax41": {"write": {"device_start": -1, "host_queued_start": 1585620603.77835, "device_queued": -1, "device_end": -1, "host_queued_end": 1585620603.784416}, "device": "gpu", "nd_range": {"device_start": 1585620537.4303432, "device_end": 1585620537.430553}, "cmdq": 0, "read": {"device_start": -1, "device_end": -1}}, "FFC_sans_bias11": {"write": {"device_start": -1, "host_queued_start": 1585620603.793845, "device_queued": -1, "device_end": -1, "host_queued_end": 1585620603.798519}, "device": "cpu", "nd_range": {"device_start": 2288378.0093927854, "device_end": 2288378.013840776}, "cmdq": 0, "read": {"device_start": -1, "device_end": -1}}, "FFC_sans_bias10": {"write": {"device_start": -1, "host_queued_start": 1585620603.792662, "device_queued": -1, "device_end": -1, "host_queued_end": 1585620603.798519}, "device": "cpu", "nd_range": {"device_start": 2288378.0046351943, "device_end": 2288378.009387879}, "cmdq": 0, "read": {"device_start": -1, "device_end": -1}}, "coalesced_transpose3": {"write": {"device_start": -1, "host_queued_start": 1585620603.794174, "device_queued": -1, "device_end": -1, "host_queued_end": 1585620603.798519}, "device": "cpu", "nd_range": {"device_start": 2288378.0138471643, "device_end": 2288378.0140188453}, "cmdq": 0, "read": {"device_start": -1, "device_end": -1}}, "FFC_sans_bias34": {"write": {"device_start": 1585620537.4358337, "host_queued_start": 1585620603.782186, "device_queued": 1585620537.4204316, "device_end": 1585620537.4358575, "host_queued_end": 1585620603.784416}, "device": "gpu", "nd_range": {"device_start": 1585620537.4358604, "device_end": 1585620537.4364564}, "cmdq": 0, "read": {"device_start": 1585620537.4364626, "device_end": 1585620537.4364853}}, "FFC_sans_bias15": {"write": {"device_start": -1, "host_queued_start": 1585620603.796437, "device_queued": -1, "device_end": -1, "host_queued_end": 1585620603.798519}, "device": "cpu", "nd_range": {"device_start": 2288378.028524871, "device_end": 2288378.032951205}, "cmdq": 0, "read": {"device_start": -1, "device_end": -1}}, "FFC_sans_bias31": {"write": {"device_start": -1, "host_queued_start": 1585620603.776974, "device_queued": -1, "device_end": -1, "host_queued_end": 1585620603.784416}, "device": "gpu", "nd_range": {"device_start": 1585620537.4281251, "device_end": 1585620537.4287238}, "cmdq": 0, "read": {"device_start": -1, "device_end": -1}}, "FFC_sans_bias16": {"write": {"device_start": -1, "host_queued_start": 1585620603.798476, "device_queued": -1, "device_end": -1, "host_queued_end": 1585620603.798519}, "device": "cpu", "nd_range": {"device_start": 2288378.037729234, "device_end": 2288378.042265554}, "cmdq": 0, "read": {"device_start": -1, "device_end": -1}}, "FFC_sans_bias19": {"write": {"device_start": 1585620537.4196744, "host_queued_start": 1585620603.764474, "device_queued": 1585620537.4185271, "device_end": 1585620537.4196982, "host_queued_end": 1585620603.784416}, "device": "gpu", "nd_range": {"device_start": 1585620537.4197068, "device_end": 1585620537.420297}, "cmdq": 0, "read": {"device_start": -1, "device_end": -1}}, "FFC_sans_bias18": {"write": {"device_start": 1585620537.4189637, "host_queued_start": 1585620603.763489, "device_queued": 1585620537.4184668, "device_end": 1585620537.4189942, "host_queued_end": 1585620603.784416}, "device": "gpu", "nd_range": {"device_start": 1585620537.418997, "device_end": 1585620537.4195945}, "cmdq": 0, "read": {"device_start": -1, "device_end": -1}}, "coalesced_transpose30": {"write": {"device_start": -1, "host_queued_start": 1585620603.77574, "device_queued": -1, "device_end": -1, "host_queued_end": 1585620603.784416}, "device": "gpu", "nd_range": {"device_start": 1585620537.427491, "device_end": 1585620537.4274995}, "cmdq": 0, "read": {"device_start": -1, "device_end": -1}}, "FFC_sans_bias38": {"write": {"device_start": 1585620537.4247925, "host_queued_start": 1585620603.771925, "device_queued": 1585620537.4193294,