{"FFC_sans_bias4": {"write": {"device_start": -1, "host_queued_start": 1585620763.626388, "device_queued": -1, "device_end": -1, "host_queued_end": 1585620763.634068}, "device": "cpu", "nd_range": {"device_start": 2288537.8720996683, "device_end": 2288537.888451334}, "cmdq": 0, "read": {"device_start": -1, "device_end": -1}}, "FFC_sans_bias7": {"write": {"device_start": -1, "host_queued_start": 1585620763.631023, "device_queued": -1, "device_end": -1, "host_queued_end": 1585620763.634068}, "device": "cpu", "nd_range": {"device_start": 2288537.905350524, "device_end": 2288537.9198112953}, "cmdq": 0, "read": {"device_start": -1, "device_end": -1}}, "FFC_sans_bias6": {"write": {"device_start": -1, "host_queued_start": 1585620763.628915, "device_queued": -1, "device_end": -1, "host_queued_end": 1585620763.634068}, "device": "cpu", "nd_range": {"device_start": 2288537.88889499, "device_end": 2288537.905238091}, "cmdq": 0, "read": {"device_start": -1, "device_end": -1}}, "FFC_sans_bias1": {"write": {"device_start": -1, "host_queued_start": 1585620763.61385, "device_queued": -1, "device_end": -1, "host_queued_end": 1585620763.634068}, "device": "cpu", "nd_range": {"device_start": 2288537.823688316, "device_end": 2288537.839270683}, "cmdq": 1, "read": {"device_start": -1, "device_end": -1}}, "FFC_sans_bias0": {"write": {"device_start": -1, "host_queued_start": 1585620763.612692, "device_queued": -1, "device_end": -1, "host_queued_end": 1585620763.634068}, "device": "cpu", "nd_range": {"device_start": 2288537.8236897793, "device_end": 2288537.8398635923}, "cmdq": 0, "read": {"device_start": -1, "device_end": -1}}, "FFC_sans_bias2": {"write": {"device_start": -1, "host_queued_start": 1585620763.615026, "device_queued": -1, "device_end": -1, "host_queued_end": 1585620763.634068}, "device": "cpu", "nd_range": {"device_start": 2288537.823726404, "device_end": 2288537.839353459}, "cmdq": 2, "read": {"device_start": -1, "device_end": -1}}, "FFC_sans_bias52": {"write": {"device_start": 1585620697.2423358, "host_queued_start": 1585620763.607353, "device_queued": 1585620697.2382216, "device_end": 1585620697.2423658, "host_queued_end": 1585620763.607454}, "device": "gpu", "nd_range": {"device_start": 1585620697.2423697, "device_end": 1585620697.2431903}, "cmdq": 1, "read": {"device_start": 1585620697.2431972, "device_end": 1585620697.2432206}}, "FFC_sans_bias9": {"write": {"device_start": -1, "host_queued_start": 1585620763.616073, "device_queued": -1, "device_end": -1, "host_queued_end": 1585620763.634068}, "device": "cpu", "nd_range": {"device_start": 2288537.8240632713, "device_end": 2288537.8395853643}, "cmdq": 3, "read": {"device_start": -1, "device_end": -1}}, "coalesced_transpose39": {"write": {"device_start": -1, "host_queued_start": 1585620763.603157, "device_queued": -1, "device_end": -1, "host_queued_end": 1585620763.607454}, "device": "gpu", "nd_range": {"device_start": 1585620697.2397792, "device_end": 1585620697.24006}, "cmdq": 0, "read": {"device_start": -1, "device_end": -1}}, "FFC_sans_bias51": {"write": {"device_start": -1, "host_queued_start": 1585620763.605205, "device_queued": -1, "device_end": -1, "host_queued_end": 1585620763.607454}, "device": "gpu", "nd_range": {"device_start": 1585620697.2415657, "device_end": 1585620697.2422104}, "cmdq": 1, "read": {"device_start": -1, "device_end": -1}}, "softmax23": {"write": {"device_start": -1, "host_queued_start": 1585620763.628304, "device_queued": -1, "device_end": -1, "host_queued_end": 1585620763.634068}, "device": "cpu", "nd_range": {"device_start": 2288537.886123519, "device_end": 2288537.886343516}, "cmdq": 2, "read": {"device_start": -1, "device_end": -1}}, "FFC_sans_bias37": {"write": {"device_start": 1585620697.2373228, "host_queued_start": 1585620763.598556, "device_queued": 1585620697.2372165, "device_end": 1585620697.237353, "host_queued_end": 1585620763.607454}, "device": "gpu", "nd_range": {"device_start": 1585620697.2373557, "device_end": 1585620697.2382238}, "cmdq": 1, "read": {"device_start": -1, "device_end": -1}}, "softmax41": {"write": {"device_start": -1, "host_queued_start": 1585620763.604343, "device_queued": -1, "device_end": -1, "host_queued_end": 1585620763.607454}, "device": "gpu", "nd_range": {"device_start": 1585620697.24071, "device_end": 1585620697.2412057}, "cmdq": 0, "read": {"device_start": -1, "device_end": -1}}, "FFC_sans_bias11": {"write": {"device_start": -1, "host_queued_start": 1585620763.618309, "device_queued": -1, "device_end": -1, "host_queued_end": 1585620763.634068}, "device": "cpu", "nd_range": {"device_start": 2288537.842325551, "device_end": 2288537.8671992454}, "cmdq": 1, "read": {"device_start": -1, "device_end": -1}}, "FFC_sans_bias10": {"write": {"device_start": -1, "host_queued_start": 1585620763.617244, "device_queued": -1, "device_end": -1, "host_queued_end": 1585620763.634068}, "device": "cpu", "nd_range": {"device_start": 2288537.8400057983, "device_end": 2288537.8561922493}, "cmdq": 0, "read": {"device_start": -1, "device_end": -1}}, "coalesced_transpose3": {"write": {"device_start": -1, "host_queued_start": 1585620763.625061, "device_queued": -1, "device_end": -1, "host_queued_end": 1585620763.634068}, "device": "cpu", "nd_range": {"device_start": 2288537.871733833, "device_end": 2288537.871985963}, "cmdq": 0, "read": {"device_start": -1, "device_end": -1}}, "FFC_sans_bias34": {"write": {"device_start": -1, "host_queued_start": 1585620763.634025, "device_queued": -1, "device_end": -1, "host_queued_end": 1585620763.634068}, "device": "cpu", "nd_range": {"device_start": 2288537.9022259153, "device_end": 2288537.917634056}, "cmdq": 3, "read": {"device_start": -1, "device_end": -1}}, "FFC_sans_bias15": {"write": {"device_start": -1, "host_queued_start": 1585620763.629255, "device_queued": -1, "device_end": -1, "host_queued_end": 1585620763.634068}, "device": "cpu", "nd_range": {"device_start": 2288537.920959099, "device_end": 2288537.9249282693}, "cmdq": 1, "read": {"device_start": -1, "device_end": -1}}, "FFC_sans_bias31": {"write": {"device_start": -1, "host_queued_start": 1585620763.627466, "device_queued": -1, "device_end": -1, "host_queued_end": 1585620763.634068}, "device": "cpu", "nd_range": {"device_start": 2288537.871105487, "device_end": 2288537.88634931}, "cmdq": 3, "read": {"device_start": -1, "device_end": -1}}, "FFC_sans_bias16": {"write": {"device_start": -1, "host_queued_start": 1585620763.632024, "device_queued": -1, "device_end": -1, "host_queued_end": 1585620763.634068}, "device": "cpu", "nd_range": {"device_start": 2288537.92493462, "device_end": 2288537.929016462}, "cmdq": 1, "read": {"device_start": -1, "device_end": -1}}, "FFC_sans_bias19": {"write": {"device_start": -1, "host_queued_start": 1585620763.620466, "device_queued": -1, "device_end": -1, "host_queued_end": 1585620763.634068}, "device": "cpu", "nd_range": {"device_start": 2288537.839701399, "device_end": 2288537.855115387}, "cmdq": 3, "read": {"device_start": -1, "device_end": -1}}, "FFC_sans_bias18": {"write": {"device_start": -1, "host_queued_start": 1585620763.619409, "device_queued": -1, "device_end": -1, "host_queued_end": 1585620763.634068}, "device": "cpu", "nd_range": {"device_start": 2288537.8393714703, "device_end": 2288537.854825839}, "cmdq": 2, "read": {"device_start": -1, "device_end": -1}}, "coalesced_transpose30": {"write": {"device_start": -1, "host_queued_start": 1585620763.626046, "device_queued": -1, "device_end": -1, "host_queued_end": 1585620763.634068}, "device": "cpu", "nd_range": {"device_start": 2288537.8706276733, "device_end": 2288537.870997127}, "cmdq": 3, "read": {"device_start": -1, "device_end": -1}}, "FFC_sans_bias38": {"write": {"device_start": 1585620697.23797, "host_queued_start": 1585620763.599662, "device_queued": 1585620697.2372653, "device_end": 1585620697.2380016, "host_queued_end": 1585620763.607454}, "device": "gpu", "nd_range": {"device_start": 1585620697.2380052, "device_end": 1585620697.2387981}, "cmdq": 0,