{"FFC_sans_bias4": {"write": {"device_start": -1, "host_queued_start": 1585620994.930551, "device_queued": -1, "device_end": -1, "host_queued_end": 1585620994.938288}, "device": "cpu", "nd_range": {"device_start": 2288769.181954122, "device_end": 2288769.1862658733}, "cmdq": 0, "read": {"device_start": -1, "device_end": -1}}, "FFC_sans_bias7": {"write": {"device_start": -1, "host_queued_start": 1585620994.935203, "device_queued": -1, "device_end": -1, "host_queued_end": 1585620994.938288}, "device": "cpu", "nd_range": {"device_start": 2288769.232350482, "device_end": 2288769.236647786}, "cmdq": 0, "read": {"device_start": -1, "device_end": -1}}, "FFC_sans_bias6": {"write": {"device_start": -1, "host_queued_start": 1585620994.933087, "device_queued": -1, "device_end": -1, "host_queued_end": 1585620994.938288}, "device": "cpu", "nd_range": {"device_start": 2288769.207664362, "device_end": 2288769.215324462}, "cmdq": 0, "read": {"device_start": -1, "device_end": -1}}, "FFC_sans_bias1": {"write": {"device_start": -1, "host_queued_start": 1585620994.917936, "device_queued": -1, "device_end": -1, "host_queued_end": 1585620994.938288}, "device": "cpu", "nd_range": {"device_start": 2288769.1322889063, "device_end": 2288769.136111798}, "cmdq": 0, "read": {"device_start": -1, "device_end": -1}}, "FFC_sans_bias0": {"write": {"device_start": -1, "host_queued_start": 1585620994.916821, "device_queued": -1, "device_end": -1, "host_queued_end": 1585620994.938288}, "device": "cpu", "nd_range": {"device_start": 2288769.1279309522, "device_end": 2288769.132277896}, "cmdq": 0, "read": {"device_start": -1, "device_end": -1}}, "FFC_sans_bias2": {"write": {"device_start": -1, "host_queued_start": 1585620994.919115, "device_queued": -1, "device_end": -1, "host_queued_end": 1585620994.938288}, "device": "cpu", "nd_range": {"device_start": 2288769.1361911953, "device_end": 2288769.1401369004}, "cmdq": 0, "read": {"device_start": -1, "device_end": -1}}, "FFC_sans_bias52": {"write": {"device_start": 1585620928.5396233, "host_queued_start": 1585620994.911646, "device_queued": 1585620928.5362635, "device_end": 1585620928.539654, "host_queued_end": 1585620994.911756}, "device": "gpu", "nd_range": {"device_start": 1585620928.5404503, "device_end": 1585620928.5414224}, "cmdq": 2, "read": {"device_start": 1585620928.5414307, "device_end": 1585620928.541457}}, "FFC_sans_bias9": {"write": {"device_start": -1, "host_queued_start": 1585620994.920177, "device_queued": -1, "device_end": -1, "host_queued_end": 1585620994.938288}, "device": "cpu", "nd_range": {"device_start": 2288769.140142694, "device_end": 2288769.1441638093}, "cmdq": 0, "read": {"device_start": -1, "device_end": -1}}, "coalesced_transpose39": {"write": {"device_start": -1, "host_queued_start": 1585620994.907425, "device_queued": -1, "device_end": -1, "host_queued_end": 1585620994.911756}, "device": "gpu", "nd_range": {"device_start": 1585620928.5364418, "device_end": 1585620928.5382621}, "cmdq": 3, "read": {"device_start": -1, "device_end": -1}}, "FFC_sans_bias51": {"write": {"device_start": -1, "host_queued_start": 1585620994.909516, "device_queued": -1, "device_end": -1, "host_queued_end": 1585620994.911756}, "device": "gpu", "nd_range": {"device_start": 1585620928.5397594, "device_end": 1585620928.540445}, "cmdq": 0, "read": {"device_start": -1, "device_end": -1}}, "softmax23": {"write": {"device_start": -1, "host_queued_start": 1585620994.93247, "device_queued": -1, "device_end": -1, "host_queued_end": 1585620994.938288}, "device": "cpu", "nd_range": {"device_start": 2288769.206981636, "device_end": 2288769.2072150223}, "cmdq": 0, "read": {"device_start": -1, "device_end": -1}}, "FFC_sans_bias37": {"write": {"device_start": 1585620928.5353673, "host_queued_start": 1585620994.902771, "device_queued": 1585620928.5350757, "device_end": 1585620928.5354297, "host_queued_end": 1585620994.911756}, "device": "gpu", "nd_range": {"device_start": 1585620928.5354335, "device_end": 1585620928.5364406}, "cmdq": 3, "read": {"device_start": -1, "device_end": -1}}, "softmax41": {"write": {"device_start": -1, "host_queued_start": 1585620994.908629, "device_queued": -1, "device_end": -1, "host_queued_end": 1585620994.911756}, "device": "gpu", "nd_range": {"device_start": 1585620928.538912, "device_end": 1585620928.5394328}, "cmdq": 2, "read": {"device_start": -1, "device_end": -1}}, "FFC_sans_bias11": {"write": {"device_start": -1, "host_queued_start": 1585620994.922449, "device_queued": -1, "device_end": -1, "host_queued_end": 1585620994.938288}, "device": "cpu", "nd_range": {"device_start": 2288769.14900681, "device_end": 2288769.153301198}, "cmdq": 0, "read": {"device_start": -1, "device_end": -1}}, "FFC_sans_bias10": {"write": {"device_start": -1, "host_queued_start": 1585620994.921359, "device_queued": -1, "device_end": -1, "host_queued_end": 1585620994.938288}, "device": "cpu", "nd_range": {"device_start": 2288769.144169288, "device_end": 2288769.149002213}, "cmdq": 0, "read": {"device_start": -1, "device_end": -1}}, "coalesced_transpose3": {"write": {"device_start": -1, "host_queued_start": 1585620994.9292, "device_queued": -1, "device_end": -1, "host_queued_end": 1585620994.938288}, "device": "cpu", "nd_range": {"device_start": 2288769.180906734, "device_end": 2288769.181073022}, "cmdq": 0, "read": {"device_start": -1, "device_end": -1}}, "FFC_sans_bias34": {"write": {"device_start": -1, "host_queued_start": 1585620994.938243, "device_queued": -1, "device_end": -1, "host_queued_end": 1585620994.938288}, "device": "cpu", "nd_range": {"device_start": 2288769.245483946, "device_end": 2288769.2500567073}, "cmdq": 0, "read": {"device_start": -1, "device_end": -1}}, "FFC_sans_bias15": {"write": {"device_start": -1, "host_queued_start": 1585620994.933436, "device_queued": -1, "device_end": -1, "host_queued_end": 1585620994.938288}, "device": "cpu", "nd_range": {"device_start": 2288769.215653025, "device_end": 2288769.222663619}, "cmdq": 0, "read": {"device_start": -1, "device_end": -1}}, "FFC_sans_bias31": {"write": {"device_start": -1, "host_queued_start": 1585620994.93163, "device_queued": -1, "device_end": -1, "host_queued_end": 1585620994.938288}, "device": "cpu", "nd_range": {"device_start": 2288769.201112938, "device_end": 2288769.2062864234}, "cmdq": 0, "read": {"device_start": -1, "device_end": -1}}, "FFC_sans_bias16": {"write": {"device_start": -1, "host_queued_start": 1585620994.936202, "device_queued": -1, "device_end": -1, "host_queued_end": 1585620994.938288}, "device": "cpu", "nd_range": {"device_start": 2288769.2366520283, "device_end": 2288769.2411785433}, "cmdq": 0, "read": {"device_start": -1, "device_end": -1}}, "FFC_sans_bias19": {"write": {"device_start": -1, "host_queued_start": 1585620994.924599, "device_queued": -1, "device_end": -1, "host_queued_end": 1585620994.938288}, "device": "cpu", "nd_range": {"device_start": 2288769.158261287, "device_end": 2288769.1626603203}, "cmdq": 0, "read": {"device_start": -1, "device_end": -1}}, "FFC_sans_bias18": {"write": {"device_start": -1, "host_queued_start": 1585620994.923541, "device_queued": -1, "device_end": -1, "host_queued_end": 1585620994.938288}, "device": "cpu", "nd_range": {"device_start": 2288769.1534347013, "device_end": 2288769.158255667}, "cmdq": 0, "read": {"device_start": -1, "device_end": -1}}, "coalesced_transpose30": {"write": {"device_start": -1, "host_queued_start": 1585620994.930203, "device_queued": -1, "device_end": -1, "host_queued_end": 1585620994.938288}, "device": "cpu", "nd_range": {"device_start": 2288769.181712037, "device_end": 2288769.181831816}, "cmdq": 0, "read": {"device_start": -1, "device_end": -1}}, "FFC_sans_bias38": {"write": {"device_start": 1585620928.5354533, "host_queued_start": 1585620994.903874, "device_queued": 1585620928.5353413, "device_end": 1585620928.5354784, "host_queued_end": 1585620994.911756}, "device": "gpu", "nd_range": {"device_start": 1585620928.5354826, "device_end": 1585620928.5370152}, "cmdq": 4,