{"FFC_sans_bias4": {"write": {"device_start": -1, "host_queued_start": 1585620716.861175, "device_queued": -1, "device_end": -1, "host_queued_end": 1585620716.863135}, "device": "cpu", "nd_range": {"device_start": 2288491.065233326, "device_end": 2288491.069159231}, "cmdq": 1, "read": {"device_start": -1, "device_end": -1}}, "FFC_sans_bias7": {"write": {"device_start": -1, "host_queued_start": 1585620716.86309, "device_queued": -1, "device_end": -1, "host_queued_end": 1585620716.863135}, "device": "cpu", "nd_range": {"device_start": 2288491.074130645, "device_end": 2288491.078493296}, "cmdq": 0, "read": {"device_start": -1, "device_end": -1}}, "FFC_sans_bias6": {"write": {"device_start": -1, "host_queued_start": 1585620716.861865, "device_queued": -1, "device_end": -1, "host_queued_end": 1585620716.863135}, "device": "cpu", "nd_range": {"device_start": 2288491.069567025, "device_end": 2288491.0741086043}, "cmdq": 1, "read": {"device_start": -1, "device_end": -1}}, "FFC_sans_bias1": {"write": {"device_start": -1, "host_queued_start": 1585620716.858973, "device_queued": -1, "device_end": -1, "host_queued_end": 1585620716.863135}, "device": "cpu", "nd_range": {"device_start": 2288491.052751801, "device_end": 2288491.05949736}, "cmdq": 0, "read": {"device_start": -1, "device_end": -1}}, "FFC_sans_bias0": {"write": {"device_start": -1, "host_queued_start": 1585620716.857554, "device_queued": -1, "device_end": -1, "host_queued_end": 1585620716.863135}, "device": "cpu", "nd_range": {"device_start": 2288491.052743331, "device_end": 2288491.0611459604}, "cmdq": 1, "read": {"device_start": -1, "device_end": -1}}, "FFC_sans_bias2": {"write": {"device_start": -1, "host_queued_start": 1585620716.86032, "device_queued": -1, "device_end": -1, "host_queued_end": 1585620716.863135}, "device": "cpu", "nd_range": {"device_start": 2288491.061170109, "device_end": 2288491.065216542}, "cmdq": 1, "read": {"device_start": -1, "device_end": -1}}, "FFC_sans_bias52": {"write": {"device_start": 1585620650.499967, "host_queued_start": 1585620716.854622, "device_queued": 1585620650.4888675, "device_end": 1585620650.4999921, "host_queued_end": 1585620716.854741}, "device": "gpu", "nd_range": {"device_start": 1585620650.5000012, "device_end": 1585620650.5007668}, "cmdq": 0, "read": {"device_start": 1585620650.5013645, "device_end": 1585620650.5013871}}, "FFC_sans_bias9": {"write": {"device_start": 1585620650.4860518, "host_queued_start": 1585620716.828068, "device_queued": 1585620650.4858406, "device_end": 1585620650.4861128, "host_queued_end": 1585620716.854741}, "device": "gpu", "nd_range": {"device_start": 1585620650.4861174, "device_end": 1585620650.4867244}, "cmdq": 1, "read": {"device_start": -1, "device_end": -1}}, "coalesced_transpose39": {"write": {"device_start": -1, "host_queued_start": 1585620716.844323, "device_queued": -1, "device_end": -1, "host_queued_end": 1585620716.854741}, "device": "gpu", "nd_range": {"device_start": 1585620650.4934783, "device_end": 1585620650.493495}, "cmdq": 1, "read": {"device_start": -1, "device_end": -1}}, "FFC_sans_bias51": {"write": {"device_start": -1, "host_queued_start": 1585620716.849242, "device_queued": -1, "device_end": -1, "host_queued_end": 1585620716.854741}, "device": "gpu", "nd_range": {"device_start": 1585620650.4983504, "device_end": 1585620650.4993336}, "cmdq": 1, "read": {"device_start": -1, "device_end": -1}}, "softmax23": {"write": {"device_start": -1, "host_queued_start": 1585620716.846897, "device_queued": -1, "device_end": -1, "host_queued_end": 1585620716.854741}, "device": "gpu", "nd_range": {"device_start": 1585620650.4960918, "device_end": 1585620650.4962945}, "cmdq": 1, "read": {"device_start": -1, "device_end": -1}}, "FFC_sans_bias37": {"write": {"device_start": 1585620650.4906754, "host_queued_start": 1585620716.83871, "device_queued": 1585620650.486919, "device_end": 1585620650.4907079, "host_queued_end": 1585620716.854741}, "device": "gpu", "nd_range": {"device_start": 1585620650.4907146, "device_end": 1585620650.491529}, "cmdq": 1, "read": {"device_start": -1, "device_end": -1}}, "softmax41": {"write": {"device_start": -1, "host_queued_start": 1585620716.847398, "device_queued": -1, "device_end": -1, "host_queued_end": 1585620716.854741}, "device": "gpu", "nd_range": {"device_start": 1585620650.4963021, "device_end": 1585620650.496653}, "cmdq": 1, "read": {"device_start": -1, "device_end": -1}}, "FFC_sans_bias11": {"write": {"device_start": 1585620650.4868488, "host_queued_start": 1585620716.830179, "device_queued": 1585620650.4860642, "device_end": 1585620650.4868798, "host_queued_end": 1585620716.854741}, "device": "gpu", "nd_range": {"device_start": 1585620650.4868822, "device_end": 1585620650.4877088}, "cmdq": 1, "read": {"device_start": -1, "device_end": -1}}, "FFC_sans_bias10": {"write": {"device_start": 1585620650.4861639, "host_queued_start": 1585620716.829124, "device_queued": 1585620650.4858963, "device_end": 1585620650.4861882, "host_queued_end": 1585620716.854741}, "device": "gpu", "nd_range": {"device_start": 1585620650.4861913, "device_end": 1585620650.487132}, "cmdq": 0, "read": {"device_start": -1, "device_end": -1}}, "coalesced_transpose3": {"write": {"device_start": -1, "host_queued_start": 1585620716.860765, "device_queued": -1, "device_end": -1, "host_queued_end": 1585620716.863135}, "device": "cpu", "nd_range": {"device_start": 2288491.059827826, "device_end": 2288491.060086642}, "cmdq": 0, "read": {"device_start": -1, "device_end": -1}}, "FFC_sans_bias34": {"write": {"device_start": 1585620650.4990413, "host_queued_start": 1585620716.852432, "device_queued": 1585620650.4885905, "device_end": 1585620650.4990664, "host_queued_end": 1585620716.854741}, "device": "gpu", "nd_range": {"device_start": 1585620650.4990747, "device_end": 1585620650.4998062}, "cmdq": 0, "read": {"device_start": 1585620650.499813, "device_end": 1585620650.499836}}, "FFC_sans_bias15": {"write": {"device_start": -1, "host_queued_start": 1585620716.847959, "device_queued": -1, "device_end": -1, "host_queued_end": 1585620716.854741}, "device": "gpu", "nd_range": {"device_start": 1585620650.496661, "device_end": 1585620650.4973423}, "cmdq": 1, "read": {"device_start": -1, "device_end": -1}}, "FFC_sans_bias31": {"write": {"device_start": -1, "host_queued_start": 1585620716.845709, "device_queued": -1, "device_end": -1, "host_queued_end": 1585620716.854741}, "device": "gpu", "nd_range": {"device_start": 1585620650.4945104, "device_end": 1585620650.495479}, "cmdq": 1, "read": {"device_start": -1, "device_end": -1}}, "FFC_sans_bias16": {"write": {"device_start": 1585620650.4979997, "host_queued_start": 1585620716.850278, "device_queued": 1585620650.4883935, "device_end": 1585620650.4980264, "host_queued_end": 1585620716.854741}, "device": "gpu", "nd_range": {"device_start": 1585620650.4980357, "device_end": 1585620650.4988637}, "cmdq": 0, "read": {"device_start": 1585620650.4988685, "device_end": 1585620650.4988928}}, "FFC_sans_bias19": {"write": {"device_start": 1585620650.487834, "host_queued_start": 1585620716.832312, "device_queued": 1585620650.4862747, "device_end": 1585620650.4878666, "host_queued_end": 1585620716.854741}, "device": "gpu", "nd_range": {"device_start": 1585620650.4878702, "device_end": 1585620650.4886327}, "cmdq": 1, "read": {"device_start": -1, "device_end": -1}}, "FFC_sans_bias18": {"write": {"device_start": 1585620650.4872189, "host_queued_start": 1585620716.83126, "device_queued": 1585620650.486115, "device_end": 1585620650.4872506, "host_queued_end": 1585620716.854741}, "device": "gpu", "nd_range": {"device_start": 1585620650.4872537, "device_end": 1585620650.4881268}, "cmdq": 0, "read": {"device_start": -1, "device_end": -1}}, "coalesced_transpose30": {"write": {"device_start": -1, "host_queued_start": 1585620716.844013, "device_queued": -1, "device_end": -1, "host_queued_end": 1585620716.854741}, "device": "gpu", "nd_range": {"device_start": 1585620650.493334,