{"FFC_sans_bias4": {"write": {"device_start": -1, "host_queued_start": 1585620647.826647, "device_queued": -1, "device_end": -1, "host_queued_end": 1585620647.834335}, "device": "cpu", "nd_range": {"device_start": 2288422.0809905473, "device_end": 2288422.0872274563}, "cmdq": 2, "read": {"device_start": -1, "device_end": -1}}, "FFC_sans_bias7": {"write": {"device_start": -1, "host_queued_start": 1585620647.831278, "device_queued": -1, "device_end": -1, "host_queued_end": 1585620647.834335}, "device": "cpu", "nd_range": {"device_start": 2288422.1171310972, "device_end": 2288422.1251770672}, "cmdq": 2, "read": {"device_start": -1, "device_end": -1}}, "FFC_sans_bias6": {"write": {"device_start": -1, "host_queued_start": 1585620647.829144, "device_queued": -1, "device_end": -1, "host_queued_end": 1585620647.834335}, "device": "cpu", "nd_range": {"device_start": 2288422.099134902, "device_end": 2288422.117125243}, "cmdq": 1, "read": {"device_start": -1, "device_end": -1}}, "FFC_sans_bias1": {"write": {"device_start": -1, "host_queued_start": 1585620647.813936, "device_queued": -1, "device_end": -1, "host_queued_end": 1585620647.834335}, "device": "cpu", "nd_range": {"device_start": 2288422.024067069, "device_end": 2288422.040509196}, "cmdq": 2, "read": {"device_start": -1, "device_end": -1}}, "FFC_sans_bias0": {"write": {"device_start": -1, "host_queued_start": 1585620647.812881, "device_queued": -1, "device_end": -1, "host_queued_end": 1585620647.834335}, "device": "cpu", "nd_range": {"device_start": 2288422.02395708, "device_end": 2288422.032708297}, "cmdq": 1, "read": {"device_start": -1, "device_end": -1}}, "FFC_sans_bias2": {"write": {"device_start": -1, "host_queued_start": 1585620647.815028, "device_queued": -1, "device_end": -1, "host_queued_end": 1585620647.834335}, "device": "cpu", "nd_range": {"device_start": 2288422.023965332, "device_end": 2288422.035387802}, "cmdq": 0, "read": {"device_start": -1, "device_end": -1}}, "FFC_sans_bias52": {"write": {"device_start": 1585620581.448493, "host_queued_start": 1585620647.807507, "device_queued": 1585620581.4412532, "device_end": 1585620581.4485211, "host_queued_end": 1585620647.80761}, "device": "gpu", "nd_range": {"device_start": 1585620581.4485292, "device_end": 1585620581.4491262}, "cmdq": 0, "read": {"device_start": 1585620581.4491355, "device_end": 1585620581.4491577}}, "FFC_sans_bias9": {"write": {"device_start": -1, "host_queued_start": 1585620647.816167, "device_queued": -1, "device_end": -1, "host_queued_end": 1585620647.834335}, "device": "cpu", "nd_range": {"device_start": 2288422.033773341, "device_end": 2288422.042337234}, "cmdq": 1, "read": {"device_start": -1, "device_end": -1}}, "coalesced_transpose39": {"write": {"device_start": -1, "host_queued_start": 1585620647.80327, "device_queued": -1, "device_end": -1, "host_queued_end": 1585620647.80761}, "device": "gpu", "nd_range": {"device_start": 1585620581.4447408, "device_end": 1585620581.4447494}, "cmdq": 0, "read": {"device_start": -1, "device_end": -1}}, "FFC_sans_bias51": {"write": {"device_start": -1, "host_queued_start": 1585620647.805392, "device_queued": -1, "device_end": -1, "host_queued_end": 1585620647.80761}, "device": "gpu", "nd_range": {"device_start": 1585620581.4469633, "device_end": 1585620581.4475522}, "cmdq": 0, "read": {"device_start": -1, "device_end": -1}}, "softmax23": {"write": {"device_start": -1, "host_queued_start": 1585620647.828516, "device_queued": -1, "device_end": -1, "host_queued_end": 1585620647.834335}, "device": "cpu", "nd_range": {"device_start": 2288422.098824357, "device_end": 2288422.098976734}, "cmdq": 2, "read": {"device_start": -1, "device_end": -1}}, "FFC_sans_bias37": {"write": {"device_start": 1585620581.4411929, "host_queued_start": 1585620647.798712, "device_queued": 1585620581.4403799, "device_end": 1585620581.4412222, "host_queued_end": 1585620647.80761}, "device": "gpu", "nd_range": {"device_start": 1585620581.4412305, "device_end": 1585620581.4418156}, "cmdq": 0, "read": {"device_start": -1, "device_end": -1}}, "softmax41": {"write": {"device_start": -1, "host_queued_start": 1585620647.804459, "device_queued": -1, "device_end": -1, "host_queued_end": 1585620647.80761}, "device": "gpu", "nd_range": {"device_start": 1585620581.4459562, "device_end": 1585620581.446157}, "cmdq": 0, "read": {"device_start": -1, "device_end": -1}}, "FFC_sans_bias11": {"write": {"device_start": -1, "host_queued_start": 1585620647.818592, "device_queued": -1, "device_end": -1, "host_queued_end": 1585620647.834335}, "device": "cpu", "nd_range": {"device_start": 2288422.0355194593, "device_end": 2288422.0505052553}, "cmdq": 0, "read": {"device_start": -1, "device_end": -1}}, "FFC_sans_bias10": {"write": {"device_start": -1, "host_queued_start": 1585620647.817378, "device_queued": -1, "device_end": -1, "host_queued_end": 1585620647.834335}, "device": "cpu", "nd_range": {"device_start": 2288422.040637225, "device_end": 2288422.048132886}, "cmdq": 2, "read": {"device_start": -1, "device_end": -1}}, "coalesced_transpose3": {"write": {"device_start": -1, "host_queued_start": 1585620647.825282, "device_queued": -1, "device_end": -1, "host_queued_end": 1585620647.834335}, "device": "cpu", "nd_range": {"device_start": 2288422.08061034, "device_end": 2288422.080973857}, "cmdq": 1, "read": {"device_start": -1, "device_end": -1}}, "FFC_sans_bias34": {"write": {"device_start": -1, "host_queued_start": 1585620647.834291, "device_queued": -1, "device_end": -1, "host_queued_end": 1585620647.834335}, "device": "cpu", "nd_range": {"device_start": 2288422.131417335, "device_end": 2288422.1390693802}, "cmdq": 2, "read": {"device_start": -1, "device_end": -1}}, "FFC_sans_bias15": {"write": {"device_start": -1, "host_queued_start": 1585620647.829499, "device_queued": -1, "device_end": -1, "host_queued_end": 1585620647.834335}, "device": "cpu", "nd_range": {"device_start": 2288422.0992536773, "device_end": 2288422.1113882}, "cmdq": 2, "read": {"device_start": -1, "device_end": -1}}, "FFC_sans_bias31": {"write": {"device_start": -1, "host_queued_start": 1585620647.827676, "device_queued": -1, "device_end": -1, "host_queued_end": 1585620647.834335}, "device": "cpu", "nd_range": {"device_start": 2288422.087367611, "device_end": 2288422.094440684}, "cmdq": 2, "read": {"device_start": -1, "device_end": -1}}, "FFC_sans_bias16": {"write": {"device_start": -1, "host_queued_start": 1585620647.832282, "device_queued": -1, "device_end": -1, "host_queued_end": 1585620647.834335}, "device": "cpu", "nd_range": {"device_start": 2288422.11150502, "device_end": 2288422.1169711663}, "cmdq": 0, "read": {"device_start": -1, "device_end": -1}}, "FFC_sans_bias19": {"write": {"device_start": -1, "host_queued_start": 1585620647.820712, "device_queued": -1, "device_end": -1, "host_queued_end": 1585620647.834335}, "device": "cpu", "nd_range": {"device_start": 2288422.048251391, "device_end": 2288422.062301616}, "cmdq": 2, "read": {"device_start": -1, "device_end": -1}}, "FFC_sans_bias18": {"write": {"device_start": -1, "host_queued_start": 1585620647.819663, "device_queued": -1, "device_end": -1, "host_queued_end": 1585620647.834335}, "device": "cpu", "nd_range": {"device_start": 2288422.04866431, "device_end": 2288422.063362377}, "cmdq": 1, "read": {"device_start": -1, "device_end": -1}}, "coalesced_transpose30": {"write": {"device_start": -1, "host_queued_start": 1585620647.826272, "device_queued": -1, "device_end": -1, "host_queued_end": 1585620647.834335}, "device": "cpu", "nd_range": {"device_start": 2288422.080994129, "device_end": 2288422.082159317}, "cmdq": 1, "read": {"device_start": -1, "device_end": -1}}, "FFC_sans_bias38": {"write": {"device_start": 1585620581.4419167, "host_queued_start": 1585620647.799757, "device_queued": 1585620581.440427, "device_end": 1585620581.4419463, "host_queued_end": 1585620647.80761}, "device": "gpu", "nd_range": {"device_start": 1585620581.4419525, "device_end": 1585620581.4425435}, "cmdq": 0,