{"0": {"write": {"host_queued": 1580893563.282253, "device_start": 1580881525.1523926, "device_end": 1580881525.1541142, "device_queued": 1580881525.15205}, "read": {"device_start": 1580881525.1795816, "host_end": 1580893563.312396, "device_end": 1580881525.1806426}, "nd_range": {"device_start": 1580881525.154119, "device_end": 1580881525.1795375}}, "1": {"write": {"host_queued": 1580893563.309543, "device_start": 1580881525.179073, "device_end": 1580881525.181192, "device_queued": 1580881525.1788511}, "read": {"device_start": 1580881525.2066329, "host_end": 1580893563.339384, "device_end": 1580881525.2076812}, "nd_range": {"device_start": 1580881525.181197, "device_end": 1580881525.2066116}}, "2": {"write": {"host_queued": 1580893563.337425, "device_start": 1580881525.2072287, "device_end": 1580881525.2091649, "device_queued": 1580881525.2068322}, "read": {"device_start": 1580881525.2346535, "host_end": 1580893563.367242, "device_end": 1580881525.2354417}, "nd_range": {"device_start": 1580881525.2091687, "device_end": 1580881525.234588}}, "3": {"write": {"host_queued": 1580893563.364873, "device_start": 1580881525.234327, "device_end": 1580881525.2362802, "device_queued": 1580881525.2340844}, "read": {"device_start": 1580881525.2617626, "host_end": 1580893563.394069, "device_end": 1580881525.262567}, "nd_range": {"device_start": 1580881525.2362852, "device_end": 1580881525.2617407}}}