{"0": {"write": {"host_queued": 1581315465.9067, "device_start": 1581303422.2865434, "device_end": 1581303422.288495, "device_queued": 1581303422.2862325}, "device": "gpu", "nd_range": {"device_start": 1581303422.2885022, "device_end": 1581303422.3138986}, "read": {"device_start": 1581303422.313909, "device_end": 1581303422.3147335}}, "1": {"write": {"host_queued": 1581315465.939541, "device_start": 1581303422.3187559, "device_end": 1581303422.320655, "device_queued": 1581303422.3185246}, "device": "gpu", "nd_range": {"device_start": 1581303422.3206604, "device_end": 1581303422.3460815}, "read": {"device_start": 1581303422.346095, "device_end": 1581303422.3469062}}, "2": {"write": {"host_queued": 1581315465.971269, "device_start": 1581303422.350502, "device_end": 1581303422.3523908, "device_queued": 1581303422.3502774}, "device": "gpu", "nd_range": {"device_start": 1581303422.3524132, "device_end": 1581303422.3778436}, "read": {"device_start": 1581303422.377868, "device_end": 1581303422.3786647}}, "3": {"write": {"host_queued": 1581315466.002716, "device_start": 1581303422.3818955, "device_end": 1581303422.383761, "device_queued": 1581303422.3816483}, "device": "gpu", "nd_range": {"device_start": 1581303422.3837664, "device_end": 1581303422.409207}, "read": {"device_start": 1581303422.4092174, "device_end": 1581303422.4100192}}}