{"0": {"write": {"host_queued": 1581441588.901375, "device_start": 1581429545.9111319, "device_end": 1581429545.9344733, "device_queued": 1581429545.9108107}, "device": "gpu", "nd_range": {"device_start": 1581429545.9344854, "device_end": 1581429549.0250525}, "read": {"device_start": 1581429549.0250576, "device_end": 1581429549.095783}}, "1": {"write": {"host_queued": 1581441589.32866, "device_start": 1581429549.0972002, "device_end": 1581429549.1833606, "device_queued": 1581429545.9344728}, "device": "gpu", "nd_range": {"device_start": 1581429549.183366, "device_end": 1581429552.274254}, "read": {"device_start": 1581429552.2742608, "device_end": 1581429552.3427892}}, "2": {"write": {"host_queued": 1581441589.757011, "device_start": 1581429552.3449697, "device_end": 1581429552.4294589, "device_queued": 1581429549.1836672}, "device": "gpu", "nd_range": {"device_start": 1581429552.4294698, "device_end": 1581429555.5182247}, "read": {"device_start": 1581429555.5182395, "device_end": 1581429555.5844321}}, "3": {"write": {"host_queued": 1581441590.184717, "device_start": 1581429555.5931563, "device_end": 1581429555.6757085, "device_queued": 1581429552.4297092}, "device": "gpu", "nd_range": {"device_start": 1581429555.6757135, "device_end": 1581429558.76515}, "read": {"device_start": 1581429558.7651548, "device_end": 1581429558.8190317}}, "4": {"write": {"host_queued": 1581441590.613546, "device_start": 713287.165400179, "device_end": 713287.2166792081, "device_queued": 713285.882682872}, "device": "cpu", "nd_range": {"device_start": 713287.216707916, "device_end": 713290.4580603951}, "read": {"device_start": 713290.458097003, "device_end": 713290.483584185}}, "5": {"write": {"host_queued": 1581441591.041605, "device_start": 713290.483605857, "device_end": 713290.5346704881, "device_queued": 713286.3106148341}, "device": "cpu", "nd_range": {"device_start": 713290.534684936, "device_end": 713293.786335392}, "read": {"device_start": 713293.7863613111, "device_end": 713293.81215282}}, "6": {"write": {"host_queued": 1581441591.469538, "device_start": 713293.8121747291, "device_end": 713293.864143544, "device_queued": 713286.738568692}, "device": "cpu", "nd_range": {"device_start": 713293.8641598531, "device_end": 713297.153879388}, "read": {"device_start": 713297.153905179, "device_end": 713297.179760503}}, "7": {"write": {"host_queued": 1581441591.896006, "device_start": 713297.179781581, "device_end": 713297.231630904, "device_queued": 713287.165013185}, "device": "cpu", "nd_range": {"device_start": 713297.2316489321, "device_end": 713300.407605353}, "read": {"device_start": 713300.40764578, "device_end": 713300.433142656}}}