{"0": {"write": {"host_queued": 1581085427.072303, "device_start": 1581073386.8247244, "device_end": 1581073386.887679, "device_queued": 1581073386.8242712}, "device": "gpu", "nd_range": {"device_start": 1581073386.887684, "device_end": 1581073389.8867853}, "read": {"device_start": 1581073389.8868492, "device_end": 1581073389.9572732}}, "1": {"write": {"host_queued": 1581085429.779213, "device_start": 1581073389.8897781, "device_end": 1581073390.0047247, "device_queued": 1581073389.5326567}, "device": "gpu", "nd_range": {"device_start": 1581073390.0047297, "device_end": 1581073393.004499}, "read": {"device_start": 1581073393.0045674, "device_end": 1581073393.0494063}}, "2": {"write": {"host_queued": 1581085432.40669, "device_start": 1581073393.014982, "device_end": 1581073393.0766292, "device_queued": 1581073392.157804}, "device": "gpu", "nd_range": {"device_start": 1581073393.0766342, "device_end": 1581073396.0760877}, "read": {"device_start": 1581073396.0761487, "device_end": 1581073396.1229734}}, "3": {"write": {"host_queued": 1581085434.745693, "device_start": 1581073396.0856333, "device_end": 1581073396.1471684, "device_queued": 1581073394.4978926}, "device": "gpu", "nd_range": {"device_start": 1581073396.147173, "device_end": 1581073399.1461093}, "read": {"device_start": 1581073399.1461773, "device_end": 1581073399.1718214}}, "4": {"write": {"host_queued": 1581085424.129909, "device_start": 1574376.402501753, "device_end": 1574376.446246108, "device_queued": 1574376.4021171362}, "device": "cpu", "nd_range": {"device_start": 1574376.4463017671, "device_end": 1574381.542495269}, "read": {"device_start": 1574381.568526787, "device_end": 1574381.595597115}}, "5": {"write": {"host_queued": 1581085425.096699, "device_start": 1574377.491747441, "device_end": 1574377.568428809, "device_queued": 1574377.368790449}, "device": "cpu", "nd_range": {"device_start": 1574377.568472532, "device_end": 1574385.718700804}, "read": {"device_start": 1574385.726440473, "device_end": 1574385.777369481}}, "6": {"write": {"host_queued": 1581085427.51492, "device_start": 1574381.595649054, "device_end": 1574381.651736879, "device_queued": 1574379.7868690472}, "device": "cpu", "nd_range": {"device_start": 1574381.6517655451, "device_end": 1574387.8216818392}, "read": {"device_start": 1574387.8589631561, "device_end": 1574387.902725106}}, "7": {"write": {"host_queued": 1581085430.204164, "device_start": 1574385.7774528242, "device_end": 1574385.8816261021, "device_queued": 1574382.4761205232}, "device": "cpu", "nd_range": {"device_start": 1574385.881676737, "device_end": 1574389.893674062}, "read": {"device_start": 1574389.893708348, "device_end": 1574389.92000603}}}