{"gesummv_kernel0": {"write": {"device_start": 1586198861.1088474, "host_queued_start": 1586198944.12064, "device_queued": 1586198861.10883, "device_end": 1586198861.1090066, "host_queued_end": 1586198944.121036}, "device": "gpu", "nd_range": {"device_start": 1586198861.1090152, "device_end": 1586198861.1090596}, "cmdq": 0, "read": {"device_start": 1586198861.1090617, "device_end": 1586198861.1090825}}}