{"gesummv_kernel0": {"write": {"device_start": 1586203870.4045753, "host_queued_start": 1586203953.557282, "device_queued": 1586203870.4042394, "device_end": 1586203870.405443, "host_queued_end": 1586203953.557721}, "device": "gpu", "nd_range": {"device_start": 1586203870.4054441, "device_end": 1586203870.4057603}, "cmdq": 0, "read": {"device_start": 1586203870.405769, "device_end": 1586203870.4061272}}}