{"gesummv_kernel0": {"write": {"device_start": 1586235138.2292018, "host_queued_start": 1586235222.282665, "device_queued": 1586235138.2289133, "device_end": 1586235138.2326574, "host_queued_end": 1586235222.283105}, "device": "gpu", "nd_range": {"device_start": 1586235138.2326586, "device_end": 1586235138.2332585}, "cmdq": 0, "read": {"device_start": 1586235138.2332618, "device_end": 1586235138.2343884}}}