{"gesummv_kernel0": {"write": {"device_start": 1586198889.7559066, "host_queued_start": 1586198972.768553, "device_queued": 1586198889.7558835, "device_end": 1586198889.7560666, "host_queued_end": 1586198972.768943}, "device": "gpu", "nd_range": {"device_start": 1586198889.7560732, "device_end": 1586198889.75615}, "cmdq": 0, "read": {"device_start": 1586198889.7561588, "device_end": 1586198889.7562265}}}