{"gesummv_kernel0": {"write": {"device_start": 1586203791.9425688, "host_queued_start": 1586203875.093425, "device_queued": 1586203791.942491, "device_end": 1586203791.9428623, "host_queued_end": 1586203875.093817}, "device": "gpu", "nd_range": {"device_start": 1586203791.9428635, "device_end": 1586203791.9430003}, "cmdq": 0, "read": {"device_start": 1586203791.943002, "device_end": 1586203791.9431286}}}