{"gesummv_kernel0": {"write": {"device_start": 1586235164.885083, "host_queued_start": 1586235248.939472, "device_queued": 1586235164.8848011, "device_end": 1586235164.8885612, "host_queued_end": 1586235248.939921}, "device": "gpu", "nd_range": {"device_start": 1586235164.8885622, "device_end": 1586235164.8892145}, "cmdq": 0, "read": {"device_start": 1586235164.889223, "device_end": 1586235164.8904}}}