{"gesummv_kernel0": {"write": {"device_start": 1586203873.0514123, "host_queued_start": 1586203956.204241, "device_queued": 1586203873.0511062, "device_end": 1586203873.0522385, "host_queued_end": 1586203956.204651}, "device": "gpu", "nd_range": {"device_start": 1586203873.0522394, "device_end": 1586203873.0525517}, "cmdq": 0, "read": {"device_start": 1586203873.052556, "device_end": 1586203873.052902}}}