{"gesummv_kernel0": {"write": {"device_start": 1586203823.280948, "host_queued_start": 1586203906.432366, "device_queued": 1586203823.2806172, "device_end": 1586203823.2817822, "host_queued_end": 1586203906.432785}, "device": "gpu", "nd_range": {"device_start": 1586203823.2817833, "device_end": 1586203823.28207}, "cmdq": 0, "read": {"device_start": 1586203823.2820766, "device_end": 1586203823.282407}}}