{"gesummv_kernel0": {"write": {"device_start": 1586235122.32585, "host_queued_start": 1586235206.378939, "device_queued": 1586235122.325549, "device_end": 1586235122.3292494, "host_queued_end": 1586235206.379388}, "device": "gpu", "nd_range": {"device_start": 1586235122.3292503, "device_end": 1586235122.3298466}, "cmdq": 0, "read": {"device_start": 1586235122.3298528, "device_end": 1586235122.3309643}}}