{"gesummv_kernel0": {"write": {"device_start": 1586203825.9072745, "host_queued_start": 1586203909.058862, "device_queued": 1586203825.9069948, "device_end": 1586203825.9081447, "host_queued_end": 1586203909.059274}, "device": "gpu", "nd_range": {"device_start": 1586203825.9081457, "device_end": 1586203825.908432}, "cmdq": 0, "read": {"device_start": 1586203825.908438, "device_end": 1586203825.908794}}}