{"gesummv_kernel0": {"write": {"device_start": 1586235202.0677242, "host_queued_start": 1586235286.123159, "device_queued": 1586235202.0674255, "device_end": 1586235202.07122, "host_queued_end": 1586235286.123608}, "device": "gpu", "nd_range": {"device_start": 1586235202.0712209, "device_end": 1586235202.072369}, "cmdq": 0, "read": {"device_start": 1586235202.0723732, "device_end": 1586235202.073579}}}