{"gesummv_kernel0": {"write": {"device_start": 1586203789.367342, "host_queued_start": 1586203872.5181, "device_queued": 1586203789.36724, "device_end": 1586203789.367631, "host_queued_end": 1586203872.518491}, "device": "gpu", "nd_range": {"device_start": 1586203789.3676322, "device_end": 1586203789.367769}, "cmdq": 0, "read": {"device_start": 1586203789.367777, "device_end": 1586203789.3678951}}}