{"gesummv_kernel0": {"write": {"device_start": 1586203794.551128, "host_queued_start": 1586203877.702028, "device_queued": 1586203794.5510309, "device_end": 1586203794.5513833, "host_queued_end": 1586203877.702427}, "device": "gpu", "nd_range": {"device_start": 1586203794.5513842, "device_end": 1586203794.5515213}, "cmdq": 0, "read": {"device_start": 1586203794.5515294, "device_end": 1586203794.5516515}}}