{"gesummv_kernel0": {"write": {"device_start": 1586198894.9557424, "host_queued_start": 1586198977.968538, "device_queued": 1586198894.9557188, "device_end": 1586198894.9559004, "host_queued_end": 1586198977.968926}, "device": "gpu", "nd_range": {"device_start": 1586198894.955907, "device_end": 1586198894.9559836}, "cmdq": 0, "read": {"device_start": 1586198894.9559855, "device_end": 1586198894.9560611}}}