{"gesummv_kernel0": {"write": {"device_start": 1586203799.7909245, "host_queued_start": 1586203882.941982, "device_queued": 1586203799.7908254, "device_end": 1586203799.7912357, "host_queued_end": 1586203882.94238}, "device": "gpu", "nd_range": {"device_start": 1586203799.7912366, "device_end": 1586203799.7913737}, "cmdq": 0, "read": {"device_start": 1586203799.7913804, "device_end": 1586203799.7915335}}}