{"gesummv_kernel0": {"write": {"device_start": 1586198921.063221, "host_queued_start": 1586199004.076733, "device_queued": 1586198921.0631962, "device_end": 1586198921.0634184, "host_queued_end": 1586199004.077125}, "device": "gpu", "nd_range": {"device_start": 1586198921.0634255, "device_end": 1586198921.063504}, "cmdq": 0, "read": {"device_start": 1586198921.0635054, "device_end": 1586198921.0635777}}}