{"gesummv_kernel0": {"write": {"device_start": 1586198887.1360006, "host_queued_start": 1586198970.14856, "device_queued": 1586198887.1359766, "device_end": 1586198887.1361737, "host_queued_end": 1586198970.148951}, "device": "gpu", "nd_range": {"device_start": 1586198887.1361809, "device_end": 1586198887.136258}, "cmdq": 0, "read": {"device_start": 1586198887.1362672, "device_end": 1586198887.136369}}}