{"gesummv_kernel0": {"write": {"device_start": 1586235172.9525368, "host_queued_start": 1586235257.006602, "device_queued": 1586235172.9521492, "device_end": 1586235172.957925, "host_queued_end": 1586235257.007298}, "device": "gpu", "nd_range": {"device_start": 1586235172.957926, "device_end": 1586235172.9585683}, "cmdq": 0, "read": {"device_start": 1586235172.9585702, "device_end": 1586235172.9601357}}}