{"gesummv_kernel0": {"write": {"device_start": 1586203878.2793338, "host_queued_start": 1586203961.432296, "device_queued": 1586203878.279032, "device_end": 1586203878.2801337, "host_queued_end": 1586203961.432709}, "device": "gpu", "nd_range": {"device_start": 1586203878.2801347, "device_end": 1586203878.2804449}, "cmdq": 0, "read": {"device_start": 1586203878.2804508, "device_end": 1586203878.2808092}}}