{"gesummv_kernel0": {"write": {"device_start": 1586198923.6430352, "host_queued_start": 1586199006.656622, "device_queued": 1586198923.643012, "device_end": 1586198923.6432295, "host_queued_end": 1586199006.657019}, "device": "gpu", "nd_range": {"device_start": 1586198923.643238, "device_end": 1586198923.6433167}, "cmdq": 0, "read": {"device_start": 1586198923.6433244, "device_end": 1586198923.6434004}}}