{"mm2metersKernel0": {"write": {"device_start": 1586204588.001118, "host_queued_start": 1586204671.173966, "device_queued": 1586204588.0008495, "device_end": 1586204588.0012124, "host_queued_end": 1586204671.174313}, "device": "gpu", "nd_range": {"device_start": 1586204588.001216, "device_end": 1586204588.0012302}, "cmdq": 0, "read": {"device_start": 1586204588.0012317, "device_end": 1586204588.0013175}}}