{"mm2metersKernel0": {"write": {"device_start": 1586199596.8313677, "host_queued_start": 1586199679.864073, "device_queued": 1586199596.8313527, "device_end": 1586199596.8313692, "host_queued_end": 1586199679.864407}, "device": "gpu", "nd_range": {"device_start": 1586199596.8313804, "device_end": 1586199596.8313928}, "cmdq": 0, "read": {"device_start": 1586199596.8314009, "device_end": 1586199596.8314028}}}