{"mm2metersKernel0": {"write": {"device_start": 1586199700.9298124, "host_queued_start": 1586199783.965423, "device_queued": 1586199700.9297888, "device_end": 1586199700.9298208, "host_queued_end": 1586199783.965759}, "device": "gpu", "nd_range": {"device_start": 1586199700.929825, "device_end": 1586199700.9298377}, "cmdq": 0, "read": {"device_start": 1586199700.9298477, "device_end": 1586199700.9298558}}}