{"mm2metersKernel0": {"write": {"device_start": 1586199677.6211877, "host_queued_start": 1586199760.656141, "device_queued": 1586199677.621164, "device_end": 1586199677.6211963, "host_queued_end": 1586199760.656481}, "device": "gpu", "nd_range": {"device_start": 1586199677.6212008, "device_end": 1586199677.6212134}, "cmdq": 0, "read": {"device_start": 1586199677.6212232, "device_end": 1586199677.6212375}}}