{"mm2metersKernel0": {"write": {"device_start": 1586204582.7892601, "host_queued_start": 1586204665.962007, "device_queued": 1586204582.7890139, "device_end": 1586204582.7893531, "host_queued_end": 1586204665.962352}, "device": "gpu", "nd_range": {"device_start": 1586204582.7893562, "device_end": 1586204582.7893703}, "cmdq": 0, "read": {"device_start": 1586204582.7893782, "device_end": 1586204582.7894633}}}