{"mm2metersKernel0": {"write": {"device_start": 1586235699.9516664, "host_queued_start": 1586235784.021308, "device_queued": 1586235699.951249, "device_end": 1586235699.9528701, "host_queued_end": 1586235784.021826}, "device": "gpu", "nd_range": {"device_start": 1586235699.952923, "device_end": 1586235699.9529762}, "cmdq": 0, "read": {"device_start": 1586235699.9529839, "device_end": 1586235699.9546473}}}