{"mm2metersKernel0": {"write": {"device_start": 1586235697.3463864, "host_queued_start": 1586235781.416358, "device_queued": 1586235697.3460972, "device_end": 1586235697.3473325, "host_queued_end": 1586235781.416721}, "device": "gpu", "nd_range": {"device_start": 1586235697.3473377, "device_end": 1586235697.347392}, "cmdq": 0, "read": {"device_start": 1586235697.3473945, "device_end": 1586235697.3486514}}}