{"mm2metersKernel0": {"write": {"device_start": 1586204502.0579224, "host_queued_start": 1586204585.228509, "device_queued": 1586204502.0578427, "device_end": 1586204502.057946, "host_queued_end": 1586204585.228847}, "device": "gpu", "nd_range": {"device_start": 1586204502.0579507, "device_end": 1586204502.0579572}, "cmdq": 0, "read": {"device_start": 1586204502.0579588, "device_end": 1586204502.0579882}}}