{"mm2metersKernel0": {"write": {"device_start": 1586199680.20017, "host_queued_start": 1586199763.235204, "device_queued": 1586199680.2001457, "device_end": 1586199680.2001789, "host_queued_end": 1586199763.235537}, "device": "gpu", "nd_range": {"device_start": 1586199680.2001863, "device_end": 1586199680.2001987}, "cmdq": 0, "read": {"device_start": 1586199680.200209, "device_end": 1586199680.2002177}}}