{"mm2metersKernel0": {"write": {"device_start": 1586204559.4099588, "host_queued_start": 1586204642.582008, "device_queued": 1586204559.4096951, "device_end": 1586204559.4100516, "host_queued_end": 1586204642.582357}, "device": "gpu", "nd_range": {"device_start": 1586204559.4100597, "device_end": 1586204559.4100733}, "cmdq": 0, "read": {"device_start": 1586204559.4100754, "device_end": 1586204559.4101608}}}