{"coalesced_transpose": {"exec_gpu": 6.794929504394531e-05, "total_time_cpu": 0.002571582794189453, "exec_cpu": 0.0018155574798583984, "h2d_time": 0.0009779930114746094, "h2d_bytes": 0, "d2h_time": 0.001209259033203125, "total_time_gpu": 0.002571582794189453, "d2h_bytes": 0}, "FFC_sans_bias": {"exec_gpu": 0.0309445858001709, "total_time_cpu": 0.034400224685668945, "exec_cpu": 0.25747227668762207, "h2d_time": 0.002242565155029297, "h2d_bytes": 0, "d2h_time": 0.0008947849273681641, "total_time_gpu": 0.034400224685668945, "d2h_bytes": 0}, "softmax": {"exec_gpu": 0.0009608268737792969, "total_time_cpu": 0.0034847259521484375, "exec_cpu": 0.0013484954833984375, "h2d_time": 0.0010428428649902344, "h2d_bytes": 0, "d2h_time": 0.0011844635009765625, "total_time_gpu": 0.0034847259521484375, "d2h_bytes": 0}, "empty": {"exec_gpu": 4.76837158203125e-06, "total_time_cpu": 0.002220630645751953, "exec_cpu": 1.0728836059570312e-05, "h2d_time": 0.0009601116180419922, "h2d_bytes": 0, "d2h_time": 0.0009584426879882812, "total_time_gpu": 0.002220630645751953, "d2h_bytes": 0}}