{"coalesced_gemm": {"exec_gpu": 0.00036978721618652344, "total_time_cpu": 0.001971006393432617, "exec_cpu": 0.0010533332824707031, "h2d_time": 0.00018668174743652344, "h2d_bytes": 131072, "d2h_time": 4.2438507080078125e-05, "total_time_gpu": 0.001971006393432617, "d2h_bytes": 65536}, "coalesced_transpose": {"exec_gpu": 1.2874603271484375e-05, "total_time_cpu": 0.00024819374084472656, "exec_cpu": 0.0009579658508300781, "h2d_time": 4.5299530029296875e-05, "h2d_bytes": 65536, "d2h_time": 4.220008850097656e-05, "total_time_gpu": 0.00024819374084472656, "d2h_bytes": 65536}, "softmax": {"exec_gpu": 0.0006606578826904297, "total_time_cpu": 0.0009162425994873047, "exec_cpu": 0.00011301040649414062, "h2d_time": 4.5299530029296875e-05, "h2d_bytes": 65536, "d2h_time": 5.817413330078125e-05, "total_time_gpu": 0.0009162425994873047, "d2h_bytes": 65536}, "empty": {"exec_gpu": 8.58306884765625e-06, "total_time_cpu": 0.0015172958374023438, "exec_cpu": 2.5272369384765625e-05, "h2d_time": 0.0005815029144287109, "h2d_bytes": 327680, "d2h_time": 0.000438690185546875, "total_time_gpu": 0.0015172958374023438, "d2h_bytes": 327680}}