{"FFC_sans_bias4": {"write": {"device_start": -1, "host_queued_start": 1585636228.364185, "device_queued": -1, "device_end": -1, "host_queued_end": 1585636228.366036}, "device": "gpu", "nd_range": {"device_start": 1585636161.5752459, "device_end": 1585636161.575844}, "cmdq": 0, "read": {"device_start": -1, "device_end": -1}}, "coalesced_transpose3": {"write": {"device_start": -1, "host_queued_start": 1585636228.363751, "device_queued": -1, "device_end": -1, "host_queued_end": 1585636228.366036}, "device": "gpu", "nd_range": {"device_start": 1585636161.5752375, "device_end": 1585636161.5752444}, "cmdq": 0, "read": {"device_start": -1, "device_end": -1}}, "FFC_sans_bias6": {"write": {"device_start": -1, "host_queued_start": 1585636228.364803, "device_queued": -1, "device_end": -1, "host_queued_end": 1585636228.366036}, "device": "gpu", "nd_range": {"device_start": 1585636161.576056, "device_end": 1585636161.5766406}, "cmdq": 0, "read": {"device_start": -1, "device_end": -1}}, "FFC_sans_bias1": {"write": {"device_start": 1585636161.5738695, "host_queued_start": 1585636228.362318, "device_queued": 1585636161.572985, "device_end": 1585636161.5739005, "host_queued_end": 1585636228.366036}, "device": "gpu", "nd_range": {"device_start": 1585636161.573904, "device_end": 1585636161.574501}, "cmdq": 0, "read": {"device_start": -1, "device_end": -1}}, "FFC_sans_bias0": {"write": {"device_start": 1585636161.573125, "host_queued_start": 1585636228.360988, "device_queued": 1585636161.5729375, "device_end": 1585636161.5731485, "host_queued_end": 1585636228.366036}, "device": "gpu", "nd_range": {"device_start": 1585636161.5731528, "device_end": 1585636161.5737507}, "cmdq": 0, "read": {"device_start": -1, "device_end": -1}}, "FFC_sans_bias2": {"write": {"device_start": 1585636161.5746107, "host_queued_start": 1585636228.363421, "device_queued": 1585636161.5732164, "device_end": 1585636161.5746346, "host_queued_end": 1585636228.366036}, "device": "gpu", "nd_range": {"device_start": 1585636161.5746412, "device_end": 1585636161.5752366}, "cmdq": 0, "read": {"device_start": -1, "device_end": -1}}, "softmax5": {"write": {"device_start": -1, "host_queued_start": 1585636228.364473, "device_queued": -1, "device_end": -1, "host_queued_end": 1585636228.366036}, "device": "gpu", "nd_range": {"device_start": 1585636161.5758452, "device_end": 1585636161.5760548}, "cmdq": 0, "read": {"device_start": -1, "device_end": -1}}, "FFC_sans_bias7": {"write": {"device_start": 1585636161.5767314, "host_queued_start": 1585636228.365898, "device_queued": 1585636161.5734234, "device_end": 1585636161.5767615, "host_queued_end": 1585636228.366036}, "device": "gpu", "nd_range": {"device_start": 1585636161.576768, "device_end": 1585636161.5773625}, "cmdq": 0, "read": {"device_start": 1585636161.5773704, "device_end": 1585636161.5773933}}, "empty8": {"write": {"device_start": 1585636161.5729709, "host_queued_start": 1585636228.359781, "device_queued": 1585636161.5728476, "device_end": 1585636161.5729957, "host_queued_end": 1585636228.366036}, "device": "gpu", "nd_range": {"device_start": 1585636161.5730035, "device_end": 1585636161.5730083}, "cmdq": 0, "read": {"device_start": -1, "device_end": -1}}}