{"FFC_sans_bias4": {"write": {"device_start": -1, "host_queued_start": 1585647189.363366, "device_queued": -1, "device_end": -1, "host_queued_end": 1585647189.365066}, "device": "gpu", "nd_range": {"device_start": 1585647122.2835488, "device_end": 1585647122.2841487}, "cmdq": 0, "read": {"device_start": -1, "device_end": -1}}, "coalesced_transpose3": {"write": {"device_start": -1, "host_queued_start": 1585647189.363045, "device_queued": -1, "device_end": -1, "host_queued_end": 1585647189.365066}, "device": "gpu", "nd_range": {"device_start": 1585647122.2835405, "device_end": 1585647122.2835476}, "cmdq": 0, "read": {"device_start": -1, "device_end": -1}}, "FFC_sans_bias6": {"write": {"device_start": -1, "host_queued_start": 1585647189.363929, "device_queued": -1, "device_end": -1, "host_queued_end": 1585647189.365066}, "device": "gpu", "nd_range": {"device_start": 1585647122.284351, "device_end": 1585647122.2849495}, "cmdq": 0, "read": {"device_start": -1, "device_end": -1}}, "FFC_sans_bias1": {"write": {"device_start": 1585647122.282162, "host_queued_start": 1585647189.361617, "device_queued": 1585647122.2812314, "device_end": 1585647122.2821918, "host_queued_end": 1585647189.365066}, "device": "gpu", "nd_range": {"device_start": 1585647122.2821996, "device_end": 1585647122.2827957}, "cmdq": 0, "read": {"device_start": -1, "device_end": -1}}, "FFC_sans_bias0": {"write": {"device_start": 1585647122.281389, "host_queued_start": 1585647189.36052, "device_queued": 1585647122.2811854, "device_end": 1585647122.281414, "host_queued_end": 1585647189.365066}, "device": "gpu", "nd_range": {"device_start": 1585647122.2814224, "device_end": 1585647122.2820237}, "cmdq": 0, "read": {"device_start": -1, "device_end": -1}}, "FFC_sans_bias2": {"write": {"device_start": 1585647122.2829177, "host_queued_start": 1585647189.362726, "device_queued": 1585647122.281478, "device_end": 1585647122.2829466, "host_queued_end": 1585647189.365066}, "device": "gpu", "nd_range": {"device_start": 1585647122.2829502, "device_end": 1585647122.2835395}, "cmdq": 0, "read": {"device_start": -1, "device_end": -1}}, "softmax5": {"write": {"device_start": -1, "host_queued_start": 1585647189.363619, "device_queued": -1, "device_end": -1, "host_queued_end": 1585647189.365066}, "device": "gpu", "nd_range": {"device_start": 1585647122.28415, "device_end": 1585647122.2843502}, "cmdq": 0, "read": {"device_start": -1, "device_end": -1}}, "FFC_sans_bias7": {"write": {"device_start": 1585647122.2850673, "host_queued_start": 1585647189.364959, "device_queued": 1585647122.2816973, "device_end": 1585647122.2850971, "host_queued_end": 1585647189.365066}, "device": "gpu", "nd_range": {"device_start": 1585647122.2851055, "device_end": 1585647122.2857027}, "cmdq": 0, "read": {"device_start": 1585647122.2857113, "device_end": 1585647122.285734}}, "empty8": {"write": {"device_start": 1585647122.2812178, "host_queued_start": 1585647189.35928, "device_queued": 1585647122.281107, "device_end": 1585647122.2812417, "host_queued_end": 1585647189.365066}, "device": "gpu", "nd_range": {"device_start": 1585647122.2812443, "device_end": 1585647122.2812488}, "cmdq": 0, "read": {"device_start": -1, "device_end": -1}}}