{"FFC_sans_bias4": {"write": {"device_start": -1, "host_queued_start": 1585647194.638873, "device_queued": -1, "device_end": -1, "host_queued_end": 1585647194.640577}, "device": "gpu", "nd_range": {"device_start": 1585647127.5582268, "device_end": 1585647127.558823}, "cmdq": 1, "read": {"device_start": -1, "device_end": -1}}, "coalesced_transpose3": {"write": {"device_start": -1, "host_queued_start": 1585647194.638526, "device_queued": -1, "device_end": -1, "host_queued_end": 1585647194.640577}, "device": "gpu", "nd_range": {"device_start": 1585647127.5577419, "device_end": 1585647127.5581398}, "cmdq": 0, "read": {"device_start": -1, "device_end": -1}}, "FFC_sans_bias6": {"write": {"device_start": -1, "host_queued_start": 1585647194.639448, "device_queued": -1, "device_end": -1, "host_queued_end": 1585647194.640577}, "device": "gpu", "nd_range": {"device_start": 1585647127.5590441, "device_end": 1585647127.559633}, "cmdq": 1, "read": {"device_start": -1, "device_end": -1}}, "FFC_sans_bias1": {"write": {"device_start": 1585647127.5567563, "host_queued_start": 1585647194.637137, "device_queued": 1585647127.5565958, "device_end": 1585647127.5567796, "host_queued_end": 1585647194.640577}, "device": "gpu", "nd_range": {"device_start": 1585647127.556807, "device_end": 1585647127.557741}, "cmdq": 0, "read": {"device_start": -1, "device_end": -1}}, "FFC_sans_bias0": {"write": {"device_start": 1585647127.556671, "host_queued_start": 1585647194.636048, "device_queued": 1585647127.5565562, "device_end": 1585647127.5567255, "host_queued_end": 1585647194.640577}, "device": "gpu", "nd_range": {"device_start": 1585647127.5567327, "device_end": 1585647127.5573363}, "cmdq": 1, "read": {"device_start": -1, "device_end": -1}}, "FFC_sans_bias2": {"write": {"device_start": 1585647127.5574331, "host_queued_start": 1585647194.638196, "device_queued": 1585647127.5568192, "device_end": 1585647127.5574648, "host_queued_end": 1585647194.640577}, "device": "gpu", "nd_range": {"device_start": 1585647127.5574694, "device_end": 1585647127.558225}, "cmdq": 1, "read": {"device_start": -1, "device_end": -1}}, "softmax5": {"write": {"device_start": -1, "host_queued_start": 1585647194.639132, "device_queued": -1, "device_end": -1, "host_queued_end": 1585647194.640577}, "device": "gpu", "nd_range": {"device_start": 1585647127.558827, "device_end": 1585647127.559041}, "cmdq": 0, "read": {"device_start": -1, "device_end": -1}}, "FFC_sans_bias7": {"write": {"device_start": 1585647127.5591164, "host_queued_start": 1585647194.640468, "device_queued": 1585647127.5570216, "device_end": 1585647127.5591466, "host_queued_end": 1585647194.640577}, "device": "gpu", "nd_range": {"device_start": 1585647127.559637, "device_end": 1585647127.560233}, "cmdq": 0, "read": {"device_start": 1585647127.56024, "device_end": 1585647127.5602627}}, "empty8": {"write": {"device_start": 1585647127.5565853, "host_queued_start": 1585647194.634835, "device_queued": 1585647127.5564709, "device_end": 1585647127.5566316, "host_queued_end": 1585647194.640577}, "device": "gpu", "nd_range": {"device_start": 1585647127.5566368, "device_end": 1585647127.5566437}, "cmdq": 0, "read": {"device_start": -1, "device_end": -1}}}