{"FFC_sans_bias4": {"write": {"device_start": -1, "host_queued_start": 1585636350.118868, "device_queued": -1, "device_end": -1, "host_queued_end": 1585636350.120523}, "device": "gpu", "nd_range": {"device_start": 1585636283.3257732, "device_end": 1585636283.3263774}, "cmdq": 0, "read": {"device_start": -1, "device_end": -1}}, "coalesced_transpose3": {"write": {"device_start": -1, "host_queued_start": 1585636350.118493, "device_queued": -1, "device_end": -1, "host_queued_end": 1585636350.120523}, "device": "gpu", "nd_range": {"device_start": 1585636283.3252869, "device_end": 1585636283.325688}, "cmdq": 4, "read": {"device_start": -1, "device_end": -1}}, "FFC_sans_bias6": {"write": {"device_start": -1, "host_queued_start": 1585636350.119412, "device_queued": -1, "device_end": -1, "host_queued_end": 1585636350.120523}, "device": "gpu", "nd_range": {"device_start": 1585636283.3265822, "device_end": 1585636283.3271823}, "cmdq": 2, "read": {"device_start": -1, "device_end": -1}}, "FFC_sans_bias1": {"write": {"device_start": 1585636283.3240826, "host_queued_start": 1585636350.117081, "device_queued": 1585636283.323874, "device_end": 1585636283.3241482, "host_queued_end": 1585636350.120523}, "device": "gpu", "nd_range": {"device_start": 1585636283.3242908, "device_end": 1585636283.3252828}, "cmdq": 2, "read": {"device_start": -1, "device_end": -1}}, "FFC_sans_bias0": {"write": {"device_start": 1585636283.3239634, "host_queued_start": 1585636350.115968, "device_queued": 1585636283.3238482, "device_end": 1585636283.3240316, "host_queued_end": 1585636350.120523}, "device": "gpu", "nd_range": {"device_start": 1585636283.3242698, "device_end": 1585636283.3248749}, "cmdq": 1, "read": {"device_start": -1, "device_end": -1}}, "FFC_sans_bias2": {"write": {"device_start": 1585636283.3241782, "host_queued_start": 1585636350.11815, "device_queued": 1585636283.3239005, "device_end": 1585636283.3242016, "host_queued_end": 1585636350.120523}, "device": "gpu", "nd_range": {"device_start": 1585636283.324306, "device_end": 1585636283.32577}, "cmdq": 3, "read": {"device_start": -1, "device_end": -1}}, "softmax5": {"write": {"device_start": -1, "host_queued_start": 1585636350.119111, "device_queued": -1, "device_end": -1, "host_queued_end": 1585636350.120523}, "device": "gpu", "nd_range": {"device_start": 1585636283.326385, "device_end": 1585636283.3265753}, "cmdq": 1, "read": {"device_start": -1, "device_end": -1}}, "FFC_sans_bias7": {"write": {"device_start": 1585636283.32588, "host_queued_start": 1585636350.120418, "device_queued": 1585636283.3244436, "device_end": 1585636283.325912, "host_queued_end": 1585636350.120523}, "device": "gpu", "nd_range": {"device_start": 1585636283.3271866, "device_end": 1585636283.3277822}, "cmdq": 3, "read": {"device_start": 1585636283.3277888, "device_end": 1585636283.3278115}}, "empty8": {"write": {"device_start": 1585636283.323859, "host_queued_start": 1585636350.114772, "device_queued": 1585636283.323742, "device_end": 1585636283.3239162, "host_queued_end": 1585636350.120523}, "device": "gpu", "nd_range": {"device_start": 1585636283.3239198, "device_end": 1585636283.323925}, "cmdq": 0, "read": {"device_start": -1, "device_end": -1}}}