{"FFC_sans_bias4": {"write": {"device_start": -1, "host_queued_start": 1585647184.126627, "device_queued": -1, "device_end": -1, "host_queued_end": 1585647184.128364}, "device": "gpu", "nd_range": {"device_start": 1585647117.0469458, "device_end": 1585647117.0475461}, "cmdq": 0, "read": {"device_start": -1, "device_end": -1}}, "coalesced_transpose3": {"write": {"device_start": -1, "host_queued_start": 1585647184.126262, "device_queued": -1, "device_end": -1, "host_queued_end": 1585647184.128364}, "device": "gpu", "nd_range": {"device_start": 1585647117.0469382, "device_end": 1585647117.0469449}, "cmdq": 0, "read": {"device_start": -1, "device_end": -1}}, "FFC_sans_bias6": {"write": {"device_start": -1, "host_queued_start": 1585647184.127216, "device_queued": -1, "device_end": -1, "host_queued_end": 1585647184.128364}, "device": "gpu", "nd_range": {"device_start": 1585647117.0477498, "device_end": 1585647117.0483472}, "cmdq": 0, "read": {"device_start": -1, "device_end": -1}}, "FFC_sans_bias1": {"write": {"device_start": 1585647117.0455847, "host_queued_start": 1585647184.124857, "device_queued": 1585647117.0447214, "device_end": 1585647117.0456078, "host_queued_end": 1585647184.128364}, "device": "gpu", "nd_range": {"device_start": 1585647117.0456142, "device_end": 1585647117.0462093}, "cmdq": 0, "read": {"device_start": -1, "device_end": -1}}, "FFC_sans_bias0": {"write": {"device_start": 1585647117.0448306, "host_queued_start": 1585647184.123761, "device_queued": 1585647117.0446572, "device_end": 1585647117.0448608, "host_queued_end": 1585647184.128364}, "device": "gpu", "nd_range": {"device_start": 1585647117.0448654, "device_end": 1585647117.0454662}, "cmdq": 0, "read": {"device_start": -1, "device_end": -1}}, "FFC_sans_bias2": {"write": {"device_start": 1585647117.0463066, "host_queued_start": 1585647184.125932, "device_queued": 1585647117.0449498, "device_end": 1585647117.0463305, "host_queued_end": 1585647184.128364}, "device": "gpu", "nd_range": {"device_start": 1585647117.0463371, "device_end": 1585647117.0469372}, "cmdq": 0, "read": {"device_start": -1, "device_end": -1}}, "softmax5": {"write": {"device_start": -1, "host_queued_start": 1585647184.126895, "device_queued": -1, "device_end": -1, "host_queued_end": 1585647184.128364}, "device": "gpu", "nd_range": {"device_start": 1585647117.0475476, "device_end": 1585647117.0477488}, "cmdq": 0, "read": {"device_start": -1, "device_end": -1}}, "FFC_sans_bias7": {"write": {"device_start": 1585647117.0484495, "host_queued_start": 1585647184.128246, "device_queued": 1585647117.0451458, "device_end": 1585647117.0484784, "host_queued_end": 1585647184.128364}, "device": "gpu", "nd_range": {"device_start": 1585647117.0484872, "device_end": 1585647117.049084}, "cmdq": 0, "read": {"device_start": 1585647117.0490856, "device_end": 1585647117.0491083}}, "empty8": {"write": {"device_start": 1585647117.0446804, "host_queued_start": 1585647184.122518, "device_queued": 1585647117.0445557, "device_end": 1585647117.044707, "host_queued_end": 1585647184.128364}, "device": "gpu", "nd_range": {"device_start": 1585647117.0447166, "device_end": 1585647117.0447214}, "cmdq": 0, "read": {"device_start": -1, "device_end": -1}}}