{"FFC_sans_bias4": {"write": {"device_start": -1, "host_queued_start": 1585636302.527447, "device_queued": -1, "device_end": -1, "host_queued_end": 1585636302.529257}, "device": "gpu", "nd_range": {"device_start": 1585636235.7357917, "device_end": 1585636235.7364082}, "cmdq": 2, "read": {"device_start": -1, "device_end": -1}}, "coalesced_transpose3": {"write": {"device_start": -1, "host_queued_start": 1585636302.527128, "device_queued": -1, "device_end": -1, "host_queued_end": 1585636302.529257}, "device": "gpu", "nd_range": {"device_start": 1585636235.7352397, "device_end": 1585636235.735635}, "cmdq": 1, "read": {"device_start": -1, "device_end": -1}}, "FFC_sans_bias6": {"write": {"device_start": -1, "host_queued_start": 1585636302.528079, "device_queued": -1, "device_end": -1, "host_queued_end": 1585636302.529257}, "device": "gpu", "nd_range": {"device_start": 1585636235.7366052, "device_end": 1585636235.7372046}, "cmdq": 1, "read": {"device_start": -1, "device_end": -1}}, "FFC_sans_bias1": {"write": {"device_start": 1585636235.73424, "host_queued_start": 1585636302.525694, "device_queued": 1585636235.7340615, "device_end": 1585636235.734264, "host_queued_end": 1585636302.529257}, "device": "gpu", "nd_range": {"device_start": 1585636235.734302, "device_end": 1585636235.7352362}, "cmdq": 2, "read": {"device_start": -1, "device_end": -1}}, "FFC_sans_bias0": {"write": {"device_start": 1585636235.7341604, "host_queued_start": 1585636302.524556, "device_queued": 1585636235.734042, "device_end": 1585636235.7342188, "host_queued_end": 1585636302.529257}, "device": "gpu", "nd_range": {"device_start": 1585636235.7342248, "device_end": 1585636235.734826}, "cmdq": 1, "read": {"device_start": -1, "device_end": -1}}, "FFC_sans_bias2": {"write": {"device_start": 1585636235.7343762, "host_queued_start": 1585636302.526808, "device_queued": 1585636235.734315, "device_end": 1585636235.7344017, "host_queued_end": 1585636302.529257}, "device": "gpu", "nd_range": {"device_start": 1585636235.7344048, "device_end": 1585636235.735787}, "cmdq": 0, "read": {"device_start": -1, "device_end": -1}}, "softmax5": {"write": {"device_start": -1, "host_queued_start": 1585636302.527714, "device_queued": -1, "device_end": -1, "host_queued_end": 1585636302.529257}, "device": "gpu", "nd_range": {"device_start": 1585636235.7364101, "device_end": 1585636235.7366006}, "cmdq": 0, "read": {"device_start": -1, "device_end": -1}}, "FFC_sans_bias7": {"write": {"device_start": 1585636235.7364855, "host_queued_start": 1585636302.529099, "device_queued": 1585636235.7344995, "device_end": 1585636235.7365172, "host_queued_end": 1585636302.529257}, "device": "gpu", "nd_range": {"device_start": 1585636235.737208, "device_end": 1585636235.7378013}, "cmdq": 2, "read": {"device_start": 1585636235.7378047, "device_end": 1585636235.737827}}, "empty8": {"write": {"device_start": 1585636235.7340665, "host_queued_start": 1585636302.523273, "device_queued": 1585636235.7339678, "device_end": 1585636235.7341087, "host_queued_end": 1585636302.529257}, "device": "gpu", "nd_range": {"device_start": 1585636235.7341137, "device_end": 1585636235.7341218}, "cmdq": 0, "read": {"device_start": -1, "device_end": -1}}}