{"FFC_sans_bias4": {"write": {"device_start": -1, "host_queued_start": 1585636334.262449, "device_queued": -1, "device_end": -1, "host_queued_end": 1585636334.264254}, "device": "gpu", "nd_range": {"device_start": 1585636267.4697855, "device_end": 1585636267.470378}, "cmdq": 0, "read": {"device_start": -1, "device_end": -1}}, "coalesced_transpose3": {"write": {"device_start": -1, "host_queued_start": 1585636334.262053, "device_queued": -1, "device_end": -1, "host_queued_end": 1585636334.264254}, "device": "gpu", "nd_range": {"device_start": 1585636267.4693074, "device_end": 1585636267.4696982}, "cmdq": 4, "read": {"device_start": -1, "device_end": -1}}, "FFC_sans_bias6": {"write": {"device_start": -1, "host_queued_start": 1585636334.263096, "device_queued": -1, "device_end": -1, "host_queued_end": 1585636334.264254}, "device": "gpu", "nd_range": {"device_start": 1585636267.4705832, "device_end": 1585636267.4711823}, "cmdq": 2, "read": {"device_start": -1, "device_end": -1}}, "FFC_sans_bias1": {"write": {"device_start": 1585636267.4682717, "host_queued_start": 1585636334.260568, "device_queued": 1585636267.4680464, "device_end": 1585636267.4683392, "host_queued_end": 1585636334.264254}, "device": "gpu", "nd_range": {"device_start": 1585636267.468347, "device_end": 1585636267.4693027}, "cmdq": 2, "read": {"device_start": -1, "device_end": -1}}, "FFC_sans_bias0": {"write": {"device_start": 1585636267.4681756, "host_queued_start": 1585636334.259486, "device_queued": 1585636267.4680262, "device_end": 1585636267.4682488, "host_queued_end": 1585636334.264254}, "device": "gpu", "nd_range": {"device_start": 1585636267.4682722, "device_end": 1585636267.4688923}, "cmdq": 1, "read": {"device_start": -1, "device_end": -1}}, "FFC_sans_bias2": {"write": {"device_start": 1585636267.4683545, "host_queued_start": 1585636334.261669, "device_queued": 1585636267.4680684, "device_end": 1585636267.4683783, "host_queued_end": 1585636334.264254}, "device": "gpu", "nd_range": {"device_start": 1585636267.4683836, "device_end": 1585636267.4697828}, "cmdq": 3, "read": {"device_start": -1, "device_end": -1}}, "softmax5": {"write": {"device_start": -1, "host_queued_start": 1585636334.262765, "device_queued": -1, "device_end": -1, "host_queued_end": 1585636334.264254}, "device": "gpu", "nd_range": {"device_start": 1585636267.4703856, "device_end": 1585636267.4705768}, "cmdq": 1, "read": {"device_start": -1, "device_end": -1}}, "FFC_sans_bias7": {"write": {"device_start": 1585636267.4698772, "host_queued_start": 1585636334.264134, "device_queued": 1585636267.468483, "device_end": 1585636267.4699085, "host_queued_end": 1585636334.264254}, "device": "gpu", "nd_range": {"device_start": 1585636267.471186, "device_end": 1585636267.471784}, "cmdq": 3, "read": {"device_start": 1585636267.471791, "device_end": 1585636267.4718137}}, "empty8": {"write": {"device_start": 1585636267.4680572, "host_queued_start": 1585636334.258247, "device_queued": 1585636267.467946, "device_end": 1585636267.4681008, "host_queued_end": 1585636334.264254}, "device": "gpu", "nd_range": {"device_start": 1585636267.4681048, "device_end": 1585636267.4681094}, "cmdq": 0, "read": {"device_start": -1, "device_end": -1}}}