{"FFC_sans_bias4": {"write": {"device_start": -1, "host_queued_start": 1585636254.896809, "device_queued": -1, "device_end": -1, "host_queued_end": 1585636254.898745}, "device": "gpu", "nd_range": {"device_start": 1585636188.106748, "device_end": 1585636188.1072571}, "cmdq": 1, "read": {"device_start": -1, "device_end": -1}}, "coalesced_transpose3": {"write": {"device_start": -1, "host_queued_start": 1585636254.896496, "device_queued": -1, "device_end": -1, "host_queued_end": 1585636254.898745}, "device": "gpu", "nd_range": {"device_start": 1585636188.106179, "device_end": 1585636188.1065805}, "cmdq": 0, "read": {"device_start": -1, "device_end": -1}}, "FFC_sans_bias6": {"write": {"device_start": -1, "host_queued_start": 1585636254.897424, "device_queued": -1, "device_end": -1, "host_queued_end": 1585636254.898745}, "device": "gpu", "nd_range": {"device_start": 1585636188.1074777, "device_end": 1585636188.1080723}, "cmdq": 1, "read": {"device_start": -1, "device_end": -1}}, "FFC_sans_bias1": {"write": {"device_start": 1585636188.105182, "host_queued_start": 1585636254.895077, "device_queued": 1585636188.1050603, "device_end": 1585636188.1052055, "host_queued_end": 1585636254.898745}, "device": "gpu", "nd_range": {"device_start": 1585636188.1052604, "device_end": 1585636188.1061778}, "cmdq": 0, "read": {"device_start": -1, "device_end": -1}}, "FFC_sans_bias0": {"write": {"device_start": 1585636188.1051042, "host_queued_start": 1585636254.893853, "device_queued": 1585636188.1049898, "device_end": 1585636188.1051662, "host_queued_end": 1585636254.898745}, "device": "gpu", "nd_range": {"device_start": 1585636188.1051736, "device_end": 1585636188.1057808}, "cmdq": 1, "read": {"device_start": -1, "device_end": -1}}, "FFC_sans_bias2": {"write": {"device_start": 1585636188.1058724, "host_queued_start": 1585636254.896166, "device_queued": 1585636188.1052728, "device_end": 1585636188.105896, "host_queued_end": 1585636254.898745}, "device": "gpu", "nd_range": {"device_start": 1585636188.1059, "device_end": 1585636188.1067462}, "cmdq": 1, "read": {"device_start": -1, "device_end": -1}}, "softmax5": {"write": {"device_start": -1, "host_queued_start": 1585636254.897101, "device_queued": -1, "device_end": -1, "host_queued_end": 1585636254.898745}, "device": "gpu", "nd_range": {"device_start": 1585636188.107261, "device_end": 1585636188.107474}, "cmdq": 0, "read": {"device_start": -1, "device_end": -1}}, "FFC_sans_bias7": {"write": {"device_start": 1585636188.1075397, "host_queued_start": 1585636254.898635, "device_queued": 1585636188.105456, "device_end": 1585636188.1075637, "host_queued_end": 1585636254.898745}, "device": "gpu", "nd_range": {"device_start": 1585636188.108076, "device_end": 1585636188.1086733}, "cmdq": 0, "read": {"device_start": 1585636188.108679, "device_end": 1585636188.1087015}}, "empty8": {"write": {"device_start": 1585636188.1050084, "host_queued_start": 1585636254.892426, "device_queued": 1585636188.104892, "device_end": 1585636188.1050637, "host_queued_end": 1585636254.898745}, "device": "gpu", "nd_range": {"device_start": 1585636188.1050694, "device_end": 1585636188.1050766}, "cmdq": 0, "read": {"device_start": -1, "device_end": -1}}}