{"FFC_sans_bias4": {"write": {"device_start": -1, "host_queued_start": 1585636328.98347, "device_queued": -1, "device_end": -1, "host_queued_end": 1585636328.98528}, "device": "gpu", "nd_range": {"device_start": 1585636262.191115, "device_end": 1585636262.191715}, "cmdq": 1, "read": {"device_start": -1, "device_end": -1}}, "coalesced_transpose3": {"write": {"device_start": -1, "host_queued_start": 1585636328.98315, "device_queued": -1, "device_end": -1, "host_queued_end": 1585636328.98528}, "device": "gpu", "nd_range": {"device_start": 1585636262.190547, "device_end": 1585636262.190938}, "cmdq": 0, "read": {"device_start": -1, "device_end": -1}}, "FFC_sans_bias6": {"write": {"device_start": -1, "host_queued_start": 1585636328.984097, "device_queued": -1, "device_end": -1, "host_queued_end": 1585636328.98528}, "device": "gpu", "nd_range": {"device_start": 1585636262.1919148, "device_end": 1585636262.1925113}, "cmdq": 3, "read": {"device_start": -1, "device_end": -1}}, "FFC_sans_bias1": {"write": {"device_start": 1585636262.1895013, "host_queued_start": 1585636328.981628, "device_queued": 1585636262.1892624, "device_end": 1585636262.1895614, "host_queued_end": 1585636328.98528}, "device": "gpu", "nd_range": {"device_start": 1585636262.1895661, "device_end": 1585636262.1905422}, "cmdq": 2, "read": {"device_start": -1, "device_end": -1}}, "FFC_sans_bias0": {"write": {"device_start": 1585636262.1893995, "host_queued_start": 1585636328.980553, "device_queued": 1585636262.189244, "device_end": 1585636262.1894665, "host_queued_end": 1585636328.98528}, "device": "gpu", "nd_range": {"device_start": 1585636262.1895027, "device_end": 1585636262.1901352}, "cmdq": 1, "read": {"device_start": -1, "device_end": -1}}, "FFC_sans_bias2": {"write": {"device_start": 1585636262.189583, "host_queued_start": 1585636328.982794, "device_queued": 1585636262.1892807, "device_end": 1585636262.189608, "host_queued_end": 1585636328.98528}, "device": "gpu", "nd_range": {"device_start": 1585636262.1896133, "device_end": 1585636262.1911106}, "cmdq": 3, "read": {"device_start": -1, "device_end": -1}}, "softmax5": {"write": {"device_start": -1, "host_queued_start": 1585636328.98378, "device_queued": -1, "device_end": -1, "host_queued_end": 1585636328.98528}, "device": "gpu", "nd_range": {"device_start": 1585636262.1917217, "device_end": 1585636262.1919107}, "cmdq": 2, "read": {"device_start": -1, "device_end": -1}}, "FFC_sans_bias7": {"write": {"device_start": 1585636262.1910486, "host_queued_start": 1585636328.985169, "device_queued": 1585636262.1897297, "device_end": 1585636262.1910784, "host_queued_end": 1585636328.98528}, "device": "gpu", "nd_range": {"device_start": 1585636262.1925147, "device_end": 1585636262.1930141}, "cmdq": 0, "read": {"device_start": 1585636262.1930177, "device_end": 1585636262.1930401}}, "empty8": {"write": {"device_start": 1585636262.1892679, "host_queued_start": 1585636328.979293, "device_queued": 1585636262.1891634, "device_end": 1585636262.189318, "host_queued_end": 1585636328.98528}, "device": "gpu", "nd_range": {"device_start": 1585636262.1893296, "device_end": 1585636262.1893344}, "cmdq": 0, "read": {"device_start": -1, "device_end": -1}}}