{"FFC_sans_bias11": {"write": {"device_start": 1585636360.1341503, "host_queued_start": 1585636426.929773, "device_queued": 1585636360.1334841, "device_end": 1585636360.1341815, "host_queued_end": 1585636426.932275}, "device": "gpu", "nd_range": {"device_start": 1585636360.1341841, "device_end": 1585636360.1349669}, "cmdq": 1, "read": {"device_start": -1, "device_end": -1}}, "FFC_sans_bias4": {"write": {"device_start": -1, "host_queued_start": 1585636426.937584, "device_queued": -1, "device_end": -1, "host_queued_end": 1585636426.939299}, "device": "cpu", "nd_range": {"device_start": 2304201.1444465052, "device_end": 2304201.148381588}, "cmdq": 1, "read": {"device_start": -1, "device_end": -1}}, "coalesced_transpose3": {"write": {"device_start": -1, "host_queued_start": 1585636426.937246, "device_queued": -1, "device_end": -1, "host_queued_end": 1585636426.939299}, "device": "cpu", "nd_range": {"device_start": 2304201.136845996, "device_end": 2304201.137077798}, "cmdq": 0, "read": {"device_start": -1, "device_end": -1}}, "FFC_sans_bias6": {"write": {"device_start": -1, "host_queued_start": 1585636426.938189, "device_queued": -1, "device_end": -1, "host_queued_end": 1585636426.939299}, "device": "cpu", "nd_range": {"device_start": 2304201.1487327083, "device_end": 2304201.1535002533}, "cmdq": 3, "read": {"device_start": -1, "device_end": -1}}, "FFC_sans_bias1": {"write": {"device_start": -1, "host_queued_start": 1585636426.935753, "device_queued": -1, "device_end": -1, "host_queued_end": 1585636426.939299}, "device": "cpu", "nd_range": {"device_start": 2304201.128907008, "device_end": 2304201.136829732}, "cmdq": 2, "read": {"device_start": -1, "device_end": -1}}, "FFC_sans_bias0": {"write": {"device_start": -1, "host_queued_start": 1585636426.934619, "device_queued": -1, "device_end": -1, "host_queued_end": 1585636426.939299}, "device": "cpu", "nd_range": {"device_start": 2304201.128905606, "device_end": 2304201.144423913}, "cmdq": 1, "read": {"device_start": -1, "device_end": -1}}, "FFC_sans_bias2": {"write": {"device_start": -1, "host_queued_start": 1585636426.936887, "device_queued": -1, "device_end": -1, "host_queued_end": 1585636426.939299}, "device": "cpu", "nd_range": {"device_start": 2304201.128915708, "device_end": 2304201.1403628304}, "cmdq": 3, "read": {"device_start": -1, "device_end": -1}}, "softmax14": {"write": {"device_start": -1, "host_queued_start": 1585636426.930821, "device_queued": -1, "device_end": -1, "host_queued_end": 1585636426.932275}, "device": "gpu", "nd_range": {"device_start": 1585636360.1355808, "device_end": 1585636360.1357958}, "cmdq": 0, "read": {"device_start": -1, "device_end": -1}}, "FFC_sans_bias16": {"write": {"device_start": 1585636360.1359165, "host_queued_start": 1585636426.932163, "device_queued": 1585636360.133681, "device_end": 1585636360.135947, "host_queued_end": 1585636426.932275}, "device": "gpu", "nd_range": {"device_start": 1585636360.136391, "device_end": 1585636360.1369872}, "cmdq": 0, "read": {"device_start": 1585636360.1369915, "device_end": 1585636360.137015}}, "softmax5": {"write": {"device_start": -1, "host_queued_start": 1585636426.937855, "device_queued": -1, "device_end": -1, "host_queued_end": 1585636426.939299}, "device": "cpu", "nd_range": {"device_start": 2304201.148421598, "device_end": 2304201.148599896}, "cmdq": 2, "read": {"device_start": -1, "device_end": -1}}, "FFC_sans_bias9": {"write": {"device_start": 1585636360.1333368, "host_queued_start": 1585636426.927662, "device_queued": 1585636360.1331904, "device_end": 1585636360.1333873, "host_queued_end": 1585636426.932275}, "device": "gpu", "nd_range": {"device_start": 1585636360.1333969, "device_end": 1585636360.1340075}, "cmdq": 1, "read": {"device_start": -1, "device_end": -1}}, "FFC_sans_bias7": {"write": {"device_start": -1, "host_queued_start": 1585636426.939255, "device_queued": -1, "device_end": -1, "host_queued_end": 1585636426.939299}, "device": "cpu", "nd_range": {"device_start": 2304201.1535453, "device_end": 2304201.157851411}, "cmdq": 0, "read": {"device_start": -1, "device_end": -1}}, "empty8": {"write": {"device_start": -1, "host_queued_start": 1585636426.93351, "device_queued": -1, "device_end": -1, "host_queued_end": 1585636426.939299}, "device": "cpu", "nd_range": {"device_start": 2304201.128883316, "device_end": 2304201.128895097}, "cmdq": 0, "read": {"device_start": -1, "device_end": -1}}, "empty17": {"write": {"device_start": 1585636360.1332374, "host_queued_start": 1585636426.926463, "device_queued": 1585636360.1331055, "device_end": 1585636360.1332793, "host_queued_end": 1585636426.932275}, "device": "gpu", "nd_range": {"device_start": 1585636360.1332853, "device_end": 1585636360.1332972}, "cmdq": 0, "read": {"device_start": -1, "device_end": -1}}, "FFC_sans_bias15": {"write": {"device_start": -1, "host_queued_start": 1585636426.931129, "device_queued": -1, "device_end": -1, "host_queued_end": 1585636426.932275}, "device": "gpu", "nd_range": {"device_start": 1585636360.1357985, "device_end": 1585636360.1363876}, "cmdq": 1, "read": {"device_start": -1, "device_end": -1}}, "FFC_sans_bias13": {"write": {"device_start": -1, "host_queued_start": 1585636426.93052, "device_queued": -1, "device_end": -1, "host_queued_end": 1585636426.932275}, "device": "gpu", "nd_range": {"device_start": 1585636360.1349685, "device_end": 1585636360.1355767}, "cmdq": 1, "read": {"device_start": -1, "device_end": -1}}, "FFC_sans_bias10": {"write": {"device_start": 1585636360.133427, "host_queued_start": 1585636426.928741, "device_queued": 1585636360.133228, "device_end": 1585636360.133456, "host_queued_end": 1585636426.932275}, "device": "gpu", "nd_range": {"device_start": 1585636360.1334732, "device_end": 1585636360.1344144}, "cmdq": 0, "read": {"device_start": -1, "device_end": -1}}, "coalesced_transpose12": {"write": {"device_start": -1, "host_queued_start": 1585636426.930204, "device_queued": -1, "device_end": -1, "host_queued_end": 1585636426.932275}, "device": "gpu", "nd_range": {"device_start": 1585636360.1344156, "device_end": 1585636360.1348093}, "cmdq": 0, "read": {"device_start": -1, "device_end": -1}}}