{"FFC_sans_bias11": {"write": {"device_start": 1585636320.365356, "host_queued_start": 1585636387.15903, "device_queued": 1585636320.363915, "device_end": 1585636320.3653843, "host_queued_end": 1585636387.161494}, "device": "gpu", "nd_range": {"device_start": 1585636320.3653934, "device_end": 1585636320.3659782}, "cmdq": 0, "read": {"device_start": -1, "device_end": -1}}, "FFC_sans_bias4": {"write": {"device_start": -1, "host_queued_start": 1585636387.166982, "device_queued": -1, "device_end": -1, "host_queued_end": 1585636387.168673}, "device": "cpu", "nd_range": {"device_start": 2304161.3703959673, "device_end": 2304161.375651293}, "cmdq": 1, "read": {"device_start": -1, "device_end": -1}}, "coalesced_transpose3": {"write": {"device_start": -1, "host_queued_start": 1585636387.166575, "device_queued": -1, "device_end": -1, "host_queued_end": 1585636387.168673}, "device": "cpu", "nd_range": {"device_start": 2304161.370051127, "device_end": 2304161.3702902733}, "cmdq": 0, "read": {"device_start": -1, "device_end": -1}}, "FFC_sans_bias6": {"write": {"device_start": -1, "host_queued_start": 1585636387.167593, "device_queued": -1, "device_end": -1, "host_queued_end": 1585636387.168673}, "device": "cpu", "nd_range": {"device_start": 2304161.375922445, "device_end": 2304161.3799040713}, "cmdq": 3, "read": {"device_start": -1, "device_end": -1}}, "FFC_sans_bias1": {"write": {"device_start": -1, "host_queued_start": 1585636387.165055, "device_queued": -1, "device_end": -1, "host_queued_end": 1585636387.168673}, "device": "cpu", "nd_range": {"device_start": 2304161.358281618, "device_end": 2304161.3699339963}, "cmdq": 2, "read": {"device_start": -1, "device_end": -1}}, "FFC_sans_bias0": {"write": {"device_start": -1, "host_queued_start": 1585636387.163977, "device_queued": -1, "device_end": -1, "host_queued_end": 1585636387.168673}, "device": "cpu", "nd_range": {"device_start": 2304161.358269636, "device_end": 2304161.366916627}, "cmdq": 1, "read": {"device_start": -1, "device_end": -1}}, "FFC_sans_bias2": {"write": {"device_start": -1, "host_queued_start": 1585636387.166204, "device_queued": -1, "device_end": -1, "host_queued_end": 1585636387.168673}, "device": "cpu", "nd_range": {"device_start": 2304161.358283698, "device_end": 2304161.3724456984}, "cmdq": 3, "read": {"device_start": -1, "device_end": -1}}, "softmax14": {"write": {"device_start": -1, "host_queued_start": 1585636387.160066, "device_queued": -1, "device_end": -1, "host_queued_end": 1585636387.161494}, "device": "gpu", "nd_range": {"device_start": 1585636320.3665793, "device_end": 1585636320.3667889}, "cmdq": 0, "read": {"device_start": -1, "device_end": -1}}, "FFC_sans_bias16": {"write": {"device_start": 1585636320.3675237, "host_queued_start": 1585636387.161382, "device_queued": 1585636320.364093, "device_end": 1585636320.3675547, "host_queued_end": 1585636387.161494}, "device": "gpu", "nd_range": {"device_start": 1585636320.367563, "device_end": 1585636320.3681614}, "cmdq": 0, "read": {"device_start": 1585636320.3681626, "device_end": 1585636320.3681874}}, "softmax5": {"write": {"device_start": -1, "host_queued_start": 1585636387.167256, "device_queued": -1, "device_end": -1, "host_queued_end": 1585636387.168673}, "device": "cpu", "nd_range": {"device_start": 2304161.375657236, "device_end": 2304161.375794231}, "cmdq": 2, "read": {"device_start": -1, "device_end": -1}}, "FFC_sans_bias9": {"write": {"device_start": 1585636320.3638434, "host_queued_start": 1585636387.156896, "device_queued": 1585636320.363631, "device_end": 1585636320.3638735, "host_queued_end": 1585636387.161494}, "device": "gpu", "nd_range": {"device_start": 1585636320.3638792, "device_end": 1585636320.3644814}, "cmdq": 0, "read": {"device_start": -1, "device_end": -1}}, "FFC_sans_bias7": {"write": {"device_start": -1, "host_queued_start": 1585636387.168629, "device_queued": -1, "device_end": -1, "host_queued_end": 1585636387.168673}, "device": "cpu", "nd_range": {"device_start": 2304161.37991142, "device_end": 2304161.38492347}, "cmdq": 0, "read": {"device_start": -1, "device_end": -1}}, "empty8": {"write": {"device_start": -1, "host_queued_start": 1585636387.16281, "device_queued": -1, "device_end": -1, "host_queued_end": 1585636387.168673}, "device": "cpu", "nd_range": {"device_start": 2304161.358247464, "device_end": 2304161.3582574273}, "cmdq": 0, "read": {"device_start": -1, "device_end": -1}}, "empty17": {"write": {"device_start": 1585636320.363662, "host_queued_start": 1585636387.155697, "device_queued": 1585636320.363545, "device_end": 1585636320.363692, "host_queued_end": 1585636387.161494}, "device": "gpu", "nd_range": {"device_start": 1585636320.3636994, "device_end": 1585636320.363709}, "cmdq": 0, "read": {"device_start": -1, "device_end": -1}}, "FFC_sans_bias15": {"write": {"device_start": -1, "host_queued_start": 1585636387.160374, "device_queued": -1, "device_end": -1, "host_queued_end": 1585636387.161494}, "device": "gpu", "nd_range": {"device_start": 1585636320.3667903, "device_end": 1585636320.367387}, "cmdq": 0, "read": {"device_start": -1, "device_end": -1}}, "FFC_sans_bias13": {"write": {"device_start": -1, "host_queued_start": 1585636387.159811, "device_queued": -1, "device_end": -1, "host_queued_end": 1585636387.161494}, "device": "gpu", "nd_range": {"device_start": 1585636320.365988, "device_end": 1585636320.3665771}, "cmdq": 0, "read": {"device_start": -1, "device_end": -1}}, "FFC_sans_bias10": {"write": {"device_start": 1585636320.3646061, "host_queued_start": 1585636387.157931, "device_queued": 1585636320.36368, "device_end": 1585636320.3646362, "host_queued_end": 1585636387.161494}, "device": "gpu", "nd_range": {"device_start": 1585636320.364645, "device_end": 1585636320.3652313}, "cmdq": 0, "read": {"device_start": -1, "device_end": -1}}, "coalesced_transpose12": {"write": {"device_start": -1, "host_queued_start": 1585636387.159354, "device_queued": -1, "device_end": -1, "host_queued_end": 1585636387.161494}, "device": "gpu", "nd_range": {"device_start": 1585636320.3659794, "device_end": 1585636320.3659866}, "cmdq": 0, "read": {"device_start": -1, "device_end": -1}}}