{"FFC_sans_bias11": {"write": {"device_start": 1585636317.7419457, "host_queued_start": 1585636384.530864, "device_queued": 1585636317.7384357, "device_end": 1585636317.7419744, "host_queued_end": 1585636384.535469}, "device": "gpu", "nd_range": {"device_start": 1585636317.7419803, "device_end": 1585636317.7425795}, "cmdq": 0, "read": {"device_start": -1, "device_end": -1}}, "FFC_sans_bias4": {"write": {"device_start": -1, "host_queued_start": 1585636384.531807, "device_queued": -1, "device_end": -1, "host_queued_end": 1585636384.535469}, "device": "gpu", "nd_range": {"device_start": 1585636317.7425988, "device_end": 1585636317.7431989}, "cmdq": 0, "read": {"device_start": -1, "device_end": -1}}, "coalesced_transpose3": {"write": {"device_start": -1, "host_queued_start": 1585636384.531195, "device_queued": -1, "device_end": -1, "host_queued_end": 1585636384.535469}, "device": "gpu", "nd_range": {"device_start": 1585636317.7425814, "device_end": 1585636317.7425895}, "cmdq": 0, "read": {"device_start": -1, "device_end": -1}}, "FFC_sans_bias6": {"write": {"device_start": -1, "host_queued_start": 1585636384.532964, "device_queued": -1, "device_end": -1, "host_queued_end": 1585636384.535469}, "device": "gpu", "nd_range": {"device_start": 1585636317.7441964, "device_end": 1585636317.7447925}, "cmdq": 0, "read": {"device_start": -1, "device_end": -1}}, "FFC_sans_bias1": {"write": {"device_start": 1585636317.7388859, "host_queued_start": 1585636384.526492, "device_queued": 1585636317.7380533, "device_end": 1585636317.7389157, "host_queued_end": 1585636384.535469}, "device": "gpu", "nd_range": {"device_start": 1585636317.7389226, "device_end": 1585636317.7395144}, "cmdq": 0, "read": {"device_start": -1, "device_end": -1}}, "FFC_sans_bias0": {"write": {"device_start": 1585636317.7381568, "host_queued_start": 1585636384.525509, "device_queued": 1585636317.7378502, "device_end": 1585636317.7381864, "host_queued_end": 1585636384.535469}, "device": "gpu", "nd_range": {"device_start": 1585636317.7381952, "device_end": 1585636317.7387872}, "cmdq": 0, "read": {"device_start": -1, "device_end": -1}}, "FFC_sans_bias2": {"write": {"device_start": 1585636317.7396414, "host_queued_start": 1585636384.527556, "device_queued": 1585636317.7381113, "device_end": 1585636317.7396703, "host_queued_end": 1585636384.535469}, "device": "gpu", "nd_range": {"device_start": 1585636317.7396803, "device_end": 1585636317.740278}, "cmdq": 0, "read": {"device_start": -1, "device_end": -1}}, "softmax14": {"write": {"device_start": -1, "host_queued_start": 1585636384.532644, "device_queued": -1, "device_end": -1, "host_queued_end": 1585636384.535469}, "device": "gpu", "nd_range": {"device_start": 1585636317.7439969, "device_end": 1585636317.7441955}, "cmdq": 0, "read": {"device_start": -1, "device_end": -1}}, "FFC_sans_bias16": {"write": {"device_start": 1585636317.7463584, "host_queued_start": 1585636384.535366, "device_queued": 1585636317.7389665, "device_end": 1585636317.746388, "host_queued_end": 1585636384.535469}, "device": "gpu", "nd_range": {"device_start": 1585636317.7463946, "device_end": 1585636317.746981}, "cmdq": 0, "read": {"device_start": 1585636317.7469842, "device_end": 1585636317.747006}}, "softmax5": {"write": {"device_start": -1, "host_queued_start": 1585636384.532387, "device_queued": -1, "device_end": -1, "host_queued_end": 1585636384.535469}, "device": "gpu", "nd_range": {"device_start": 1585636317.743791, "device_end": 1585636317.7439957}, "cmdq": 0, "read": {"device_start": -1, "device_end": -1}}, "FFC_sans_bias9": {"write": {"device_start": 1585636317.740404, "host_queued_start": 1585636384.528588, "device_queued": 1585636317.7382495, "device_end": 1585636317.7404325, "host_queued_end": 1585636384.535469}, "device": "gpu", "nd_range": {"device_start": 1585636317.7404428, "device_end": 1585636317.741054}, "cmdq": 0, "read": {"device_start": -1, "device_end": -1}}, "FFC_sans_bias7": {"write": {"device_start": 1585636317.7455113, "host_queued_start": 1585636384.534292, "device_queued": 1585636317.7387698, "device_end": 1585636317.7455406, "host_queued_end": 1585636384.535469}, "device": "gpu", "nd_range": {"device_start": 1585636317.7455487, "device_end": 1585636317.7461464}, "cmdq": 0, "read": {"device_start": 1585636317.7461493, "device_end": 1585636317.746172}}, "empty8": {"write": {"device_start": 1585636317.7378185, "host_queued_start": 1585636384.523435, "device_queued": 1585636317.7377002, "device_end": 1585636317.7378442, "host_queued_end": 1585636384.535469}, "device": "gpu", "nd_range": {"device_start": 1585636317.7378502, "device_end": 1585636317.7378547}, "cmdq": 0, "read": {"device_start": -1, "device_end": -1}}, "empty17": {"write": {"device_start": 1585636317.7379715, "host_queued_start": 1585636384.524476, "device_queued": 1585636317.7378075, "device_end": 1585636317.738, "host_queued_end": 1585636384.535469}, "device": "gpu", "nd_range": {"device_start": 1585636317.738009, "device_end": 1585636317.7380126}, "cmdq": 0, "read": {"device_start": -1, "device_end": -1}}, "FFC_sans_bias15": {"write": {"device_start": -1, "host_queued_start": 1585636384.533278, "device_queued": -1, "device_end": -1, "host_queued_end": 1585636384.535469}, "device": "gpu", "nd_range": {"device_start": 1585636317.7447934, "device_end": 1585636317.7453926}, "cmdq": 0, "read": {"device_start": -1, "device_end": -1}}, "FFC_sans_bias13": {"write": {"device_start": -1, "host_queued_start": 1585636384.532122, "device_queued": -1, "device_end": -1, "host_queued_end": 1585636384.535469}, "device": "gpu", "nd_range": {"device_start": 1585636317.7431998, "device_end": 1585636317.7437901}, "cmdq": 0, "read": {"device_start": -1, "device_end": -1}}, "FFC_sans_bias10": {"write": {"device_start": 1585636317.7411807, "host_queued_start": 1585636384.529747, "device_queued": 1585636317.7383018, "device_end": 1585636317.7412097, "host_queued_end": 1585636384.535469}, "device": "gpu", "nd_range": {"device_start": 1585636317.7412195, "device_end": 1585636317.741817}, "cmdq": 0, "read": {"device_start": -1, "device_end": -1}}, "coalesced_transpose12": {"write": {"device_start": -1, "host_queued_start": 1585636384.531492, "device_queued": -1, "device_end": -1, "host_queued_end": 1585636384.535469}, "device": "gpu", "nd_range": {"device_start": 1585636317.7425907, "device_end": 1585636317.7425978}, "cmdq": 0, "read": {"device_start": -1, "device_end": -1}}}