{"FFC_sans_bias11": {"write": {"device_start": 1585636381.3857737, "host_queued_start": 1585636448.178894, "device_queued": 1585636381.3845904, "device_end": 1585636381.385805, "host_queued_end": 1585636448.183459}, "device": "gpu", "nd_range": {"device_start": 1585636381.3858078, "device_end": 1585636381.38706}, "cmdq": 1, "read": {"device_start": -1, "device_end": -1}}, "FFC_sans_bias4": {"write": {"device_start": -1, "host_queued_start": 1585636448.179831, "device_queued": -1, "device_end": -1, "host_queued_end": 1585636448.183459}, "device": "gpu", "nd_range": {"device_start": 1585636381.387064, "device_end": 1585636381.3876643}, "cmdq": 1, "read": {"device_start": -1, "device_end": -1}}, "coalesced_transpose3": {"write": {"device_start": -1, "host_queued_start": 1585636448.179215, "device_queued": -1, "device_end": -1, "host_queued_end": 1585636448.183459}, "device": "gpu", "nd_range": {"device_start": 1585636381.386068, "device_end": 1585636381.3869193}, "cmdq": 2, "read": {"device_start": -1, "device_end": -1}}, "FFC_sans_bias6": {"write": {"device_start": -1, "host_queued_start": 1585636448.180945, "device_queued": -1, "device_end": -1, "host_queued_end": 1585636448.183459}, "device": "gpu", "nd_range": {"device_start": 1585636381.3882692, "device_end": 1585636381.3888612}, "cmdq": 2, "read": {"device_start": -1, "device_end": -1}}, "FFC_sans_bias1": {"write": {"device_start": 1585636381.3842251, "host_queued_start": 1585636448.174487, "device_queued": 1585636381.384129, "device_end": 1585636381.384284, "host_queued_end": 1585636448.183459}, "device": "gpu", "nd_range": {"device_start": 1585636381.3842893, "device_end": 1585636381.385076}, "cmdq": 0, "read": {"device_start": -1, "device_end": -1}}, "FFC_sans_bias0": {"write": {"device_start": 1585636381.3840363, "host_queued_start": 1585636448.173483, "device_queued": 1585636381.3838933, "device_end": 1585636381.38406, "host_queued_end": 1585636448.183459}, "device": "gpu", "nd_range": {"device_start": 1585636381.3840687, "device_end": 1585636381.3846698}, "cmdq": 2, "read": {"device_start": -1, "device_end": -1}}, "FFC_sans_bias2": {"write": {"device_start": 1585636381.3843114, "host_queued_start": 1585636448.175555, "device_queued": 1585636381.3841865, "device_end": 1585636381.3843374, "host_queued_end": 1585636448.183459}, "device": "gpu", "nd_range": {"device_start": 1585636381.384423, "device_end": 1585636381.3856475}, "cmdq": 1, "read": {"device_start": -1, "device_end": -1}}, "softmax14": {"write": {"device_start": -1, "host_queued_start": 1585636448.180639, "device_queued": -1, "device_end": -1, "host_queued_end": 1585636448.183459}, "device": "gpu", "nd_range": {"device_start": 1585636381.3880775, "device_end": 1585636381.3882737}, "cmdq": 1, "read": {"device_start": -1, "device_end": -1}}, "FFC_sans_bias16": {"write": {"device_start": 1585636381.388973, "host_queued_start": 1585636448.18336, "device_queued": 1585636381.38504, "device_end": 1585636381.3890033, "host_queued_end": 1585636448.183459}, "device": "gpu", "nd_range": {"device_start": 1585636381.3894713, "device_end": 1585636381.3904333}, "cmdq": 2, "read": {"device_start": 1585636381.3904383, "device_end": 1585636381.3904617}}, "softmax5": {"write": {"device_start": -1, "host_queued_start": 1585636448.180395, "device_queued": -1, "device_end": -1, "host_queued_end": 1585636448.183459}, "device": "gpu", "nd_range": {"device_start": 1585636381.3880732, "device_end": 1585636381.3882642}, "cmdq": 0, "read": {"device_start": -1, "device_end": -1}}, "FFC_sans_bias9": {"write": {"device_start": 1585636381.3847687, "host_queued_start": 1585636448.1766, "device_queued": 1585636381.3842037, "device_end": 1585636381.3847995, "host_queued_end": 1585636448.183459}, "device": "gpu", "nd_range": {"device_start": 1585636381.3848042, "device_end": 1585636381.3860667}, "cmdq": 2, "read": {"device_start": -1, "device_end": -1}}, "FFC_sans_bias7": {"write": {"device_start": 1585636381.388373, "host_queued_start": 1585636448.182278, "device_queued": 1585636381.3850658, "device_end": 1585636381.3884027, "host_queued_end": 1585636448.183459}, "device": "gpu", "nd_range": {"device_start": 1585636381.3888688, "device_end": 1585636381.3898711}, "cmdq": 1, "read": {"device_start": 1585636381.3898797, "device_end": 1585636381.3899024}}, "empty8": {"write": {"device_start": 1585636381.383858, "host_queued_start": 1585636448.171385, "device_queued": 1585636381.3837388, "device_end": 1585636381.383887, "host_queued_end": 1585636448.183459}, "device": "gpu", "nd_range": {"device_start": 1585636381.3838975, "device_end": 1585636381.3839023}, "cmdq": 0, "read": {"device_start": -1, "device_end": -1}}, "empty17": {"write": {"device_start": 1585636381.3839495, "host_queued_start": 1585636448.172421, "device_queued": 1585636381.3838623, "device_end": 1585636381.384006, "host_queued_end": 1585636448.183459}, "device": "gpu", "nd_range": {"device_start": 1585636381.3840106, "device_end": 1585636381.3840146}, "cmdq": 1, "read": {"device_start": -1, "device_end": -1}}, "FFC_sans_bias15": {"write": {"device_start": -1, "host_queued_start": 1585636448.181258, "device_queued": -1, "device_end": -1, "host_queued_end": 1585636448.183459}, "device": "gpu", "nd_range": {"device_start": 1585636381.3888645, "device_end": 1585636381.3894675}, "cmdq": 0, "read": {"device_start": -1, "device_end": -1}}, "FFC_sans_bias13": {"write": {"device_start": -1, "host_queued_start": 1585636448.180141, "device_queued": -1, "device_end": -1, "host_queued_end": 1585636448.183459}, "device": "gpu", "nd_range": {"device_start": 1585636381.3870687, "device_end": 1585636381.388069}, "cmdq": 2, "read": {"device_start": -1, "device_end": -1}}, "FFC_sans_bias10": {"write": {"device_start": 1585636381.385182, "host_queued_start": 1585636448.177791, "device_queued": 1585636381.3844466, "device_end": 1585636381.3852127, "host_queued_end": 1585636448.183459}, "device": "gpu", "nd_range": {"device_start": 1585636381.385218, "device_end": 1585636381.3866057}, "cmdq": 0, "read": {"device_start": -1, "device_end": -1}}, "coalesced_transpose12": {"write": {"device_start": -1, "host_queued_start": 1585636448.179518, "device_queued": -1, "device_end": -1, "host_queued_end": 1585636448.183459}, "device": "gpu", "nd_range": {"device_start": 1585636381.3866067, "device_end": 1585636381.3869274}, "cmdq": 0, "read": {"device_start": -1, "device_end": -1}}}