{"FFC_sans_bias11": {"write": {"device_start": 1585636485.174147, "host_queued_start": 1585636551.971207, "device_queued": 1585636485.1736453, "device_end": 1585636485.1741765, "host_queued_end": 1585636551.975808}, "device": "gpu", "nd_range": {"device_start": 1585636485.174182, "device_end": 1585636485.176428}, "cmdq": 2, "read": {"device_start": -1, "device_end": -1}}, "FFC_sans_bias4": {"write": {"device_start": -1, "host_queued_start": 1585636551.972147, "device_queued": -1, "device_end": -1, "host_queued_end": 1585636551.975808}, "device": "gpu", "nd_range": {"device_start": 1585636485.176296, "device_end": 1585636485.1768992}, "cmdq": 0, "read": {"device_start": -1, "device_end": -1}}, "coalesced_transpose3": {"write": {"device_start": -1, "host_queued_start": 1585636551.97153, "device_queued": -1, "device_end": -1, "host_queued_end": 1585636551.975808}, "device": "gpu", "nd_range": {"device_start": 1585636485.1744375, "device_end": 1585636485.1762874}, "cmdq": 3, "read": {"device_start": -1, "device_end": -1}}, "FFC_sans_bias6": {"write": {"device_start": -1, "host_queued_start": 1585636551.973277, "device_queued": -1, "device_end": -1, "host_queued_end": 1585636551.975808}, "device": "gpu", "nd_range": {"device_start": 1585636485.1774275, "device_end": 1585636485.178041}, "cmdq": 4, "read": {"device_start": -1, "device_end": -1}}, "FFC_sans_bias1": {"write": {"device_start": 1585636485.1733484, "host_queued_start": 1585636551.966784, "device_queued": 1585636485.1730862, "device_end": 1585636485.1733723, "host_queued_end": 1585636551.975808}, "device": "gpu", "nd_range": {"device_start": 1585636485.1734507, "device_end": 1585636485.1744366}, "cmdq": 3, "read": {"device_start": -1, "device_end": -1}}, "FFC_sans_bias0": {"write": {"device_start": 1585636485.173261, "host_queued_start": 1585636551.96567, "device_queued": 1585636485.1730657, "device_end": 1585636485.1733434, "host_queued_end": 1585636551.975808}, "device": "gpu", "nd_range": {"device_start": 1585636485.173427, "device_end": 1585636485.1740348}, "cmdq": 2, "read": {"device_start": -1, "device_end": -1}}, "FFC_sans_bias2": {"write": {"device_start": 1585636485.1734443, "host_queued_start": 1585636551.967857, "device_queued": 1585636485.1733577, "device_end": 1585636485.173475, "host_queued_end": 1585636551.975808}, "device": "gpu", "nd_range": {"device_start": 1585636485.1734788, "device_end": 1585636485.1750028}, "cmdq": 4, "read": {"device_start": -1, "device_end": -1}}, "softmax14": {"write": {"device_start": -1, "host_queued_start": 1585636551.972959, "device_queued": -1, "device_end": -1, "host_queued_end": 1585636551.975808}, "device": "gpu", "nd_range": {"device_start": 1585636485.1773808, "device_end": 1585636485.1777167}, "cmdq": 3, "read": {"device_start": -1, "device_end": -1}}, "FFC_sans_bias16": {"write": {"device_start": 1585636485.1775446, "host_queued_start": 1585636551.975707, "device_queued": 1585636485.1742053, "device_end": 1585636485.177574, "host_queued_end": 1585636551.975808}, "device": "gpu", "nd_range": {"device_start": 1585636485.1784382, "device_end": 1585636485.1794264}, "cmdq": 2, "read": {"device_start": 1585636485.179428, "device_end": 1585636485.179451}}, "softmax5": {"write": {"device_start": -1, "host_queued_start": 1585636551.972708, "device_queued": -1, "device_end": -1, "host_queued_end": 1585636551.975808}, "device": "gpu", "nd_range": {"device_start": 1585636485.1769054, "device_end": 1585636485.1774232}, "cmdq": 2, "read": {"device_start": -1, "device_end": -1}}, "FFC_sans_bias9": {"write": {"device_start": 1585636485.1736653, "host_queued_start": 1585636551.969064, "device_queued": 1585636485.173574, "device_end": 1585636485.1737208, "host_queued_end": 1585636551.975808}, "device": "gpu", "nd_range": {"device_start": 1585636485.1737287, "device_end": 1585636485.1754382}, "cmdq": 0, "read": {"device_start": -1, "device_end": -1}}, "FFC_sans_bias7": {"write": {"device_start": 1585636485.1774695, "host_queued_start": 1585636551.974644, "device_queued": 1585636485.1741798, "device_end": 1585636485.1775289, "host_queued_end": 1585636551.975808}, "device": "gpu", "nd_range": {"device_start": 1585636485.1780446, "device_end": 1585636485.178999}, "cmdq": 1, "read": {"device_start": 1585636485.1790032, "device_end": 1585636485.1790257}}, "empty8": {"write": {"device_start": 1585636485.1730726, "host_queued_start": 1585636551.963563, "device_queued": 1585636485.1729045, "device_end": 1585636485.173116, "host_queued_end": 1585636551.975808}, "device": "gpu", "nd_range": {"device_start": 1585636485.173126, "device_end": 1585636485.1731315}, "cmdq": 0, "read": {"device_start": -1, "device_end": -1}}, "empty17": {"write": {"device_start": 1585636485.173171, "host_queued_start": 1585636551.964666, "device_queued": 1585636485.1730459, "device_end": 1585636485.1732452, "host_queued_end": 1585636551.975808}, "device": "gpu", "nd_range": {"device_start": 1585636485.1733978, "device_end": 1585636485.1734056}, "cmdq": 1, "read": {"device_start": -1, "device_end": -1}}, "FFC_sans_bias15": {"write": {"device_start": -1, "host_queued_start": 1585636551.973593, "device_queued": -1, "device_end": -1, "host_queued_end": 1585636551.975808}, "device": "gpu", "nd_range": {"device_start": 1585636485.1777194, "device_end": 1585636485.178434}, "cmdq": 0, "read": {"device_start": -1, "device_end": -1}}, "FFC_sans_bias13": {"write": {"device_start": -1, "host_queued_start": 1585636551.972459, "device_queued": -1, "device_end": -1, "host_queued_end": 1585636551.975808}, "device": "gpu", "nd_range": {"device_start": 1585636485.1764388, "device_end": 1585636485.1773744}, "cmdq": 1, "read": {"device_start": -1, "device_end": -1}}, "FFC_sans_bias10": {"write": {"device_start": 1585636485.1737504, "host_queued_start": 1585636551.970099, "device_queued": 1585636485.1736295, "device_end": 1585636485.1737742, "host_queued_end": 1585636551.975808}, "device": "gpu", "nd_range": {"device_start": 1585636485.1738195, "device_end": 1585636485.17594}, "cmdq": 1, "read": {"device_start": -1, "device_end": -1}}, "coalesced_transpose12": {"write": {"device_start": -1, "host_queued_start": 1585636551.971832, "device_queued": -1, "device_end": -1, "host_queued_end": 1585636551.975808}, "device": "gpu", "nd_range": {"device_start": 1585636485.1762915, "device_end": 1585636485.176308}, "cmdq": 4, "read": {"device_start": -1, "device_end": -1}}}