{"FFC_sans_bias11": {"write": {"device_start": 1585636453.2566187, "host_queued_start": 1585636520.052509, "device_queued": 1585636453.2561133, "device_end": 1585636453.2566497, "host_queued_end": 1585636520.057369}, "device": "gpu", "nd_range": {"device_start": 1585636453.2566543, "device_end": 1585636453.2588663}, "cmdq": 2, "read": {"device_start": -1, "device_end": -1}}, "FFC_sans_bias4": {"write": {"device_start": -1, "host_queued_start": 1585636520.053532, "device_queued": -1, "device_end": -1, "host_queued_end": 1585636520.057369}, "device": "gpu", "nd_range": {"device_start": 1585636453.2587354, "device_end": 1585636453.2593532}, "cmdq": 0, "read": {"device_start": -1, "device_end": -1}}, "coalesced_transpose3": {"write": {"device_start": -1, "host_queued_start": 1585636520.052834, "device_queued": -1, "device_end": -1, "host_queued_end": 1585636520.057369}, "device": "gpu", "nd_range": {"device_start": 1585636453.2568789, "device_end": 1585636453.2587273}, "cmdq": 3, "read": {"device_start": -1, "device_end": -1}}, "FFC_sans_bias6": {"write": {"device_start": -1, "host_queued_start": 1585636520.054772, "device_queued": -1, "device_end": -1, "host_queued_end": 1585636520.057369}, "device": "gpu", "nd_range": {"device_start": 1585636453.259871, "device_end": 1585636453.2604775}, "cmdq": 4, "read": {"device_start": -1, "device_end": -1}}, "FFC_sans_bias1": {"write": {"device_start": 1585636453.255906, "host_queued_start": 1585636520.047799, "device_queued": 1585636453.2555766, "device_end": 1585636453.2559814, "host_queued_end": 1585636520.057369}, "device": "gpu", "nd_range": {"device_start": 1585636453.2559843, "device_end": 1585636453.256878}, "cmdq": 3, "read": {"device_start": -1, "device_end": -1}}, "FFC_sans_bias0": {"write": {"device_start": 1585636453.255795, "host_queued_start": 1585636520.046651, "device_queued": 1585636453.2555587, "device_end": 1585636453.2558658, "host_queued_end": 1585636520.057369}, "device": "gpu", "nd_range": {"device_start": 1585636453.255872, "device_end": 1585636453.2564757}, "cmdq": 2, "read": {"device_start": -1, "device_end": -1}}, "FFC_sans_bias2": {"write": {"device_start": 1585636453.2559922, "host_queued_start": 1585636520.048947, "device_queued": 1585636453.2557771, "device_end": 1585636453.256017, "host_queued_end": 1585636520.057369}, "device": "gpu", "nd_range": {"device_start": 1585636453.2560203, "device_end": 1585636453.2574496}, "cmdq": 4, "read": {"device_start": -1, "device_end": -1}}, "softmax14": {"write": {"device_start": -1, "host_queued_start": 1585636520.05439, "device_queued": -1, "device_end": -1, "host_queued_end": 1585636520.057369}, "device": "gpu", "nd_range": {"device_start": 1585636453.25984, "device_end": 1585636453.2602088}, "cmdq": 3, "read": {"device_start": -1, "device_end": -1}}, "FFC_sans_bias16": {"write": {"device_start": 1585636453.2600114, "host_queued_start": 1585636520.057236, "device_queued": 1585636453.2567306, "device_end": 1585636453.2600362, "host_queued_end": 1585636520.057369}, "device": "gpu", "nd_range": {"device_start": 1585636453.260888, "device_end": 1585636453.2618728}, "cmdq": 2, "read": {"device_start": 1585636453.2618752, "device_end": 1585636453.2618976}}, "softmax5": {"write": {"device_start": -1, "host_queued_start": 1585636520.05409, "device_queued": -1, "device_end": -1, "host_queued_end": 1585636520.057369}, "device": "gpu", "nd_range": {"device_start": 1585636453.2593608, "device_end": 1585636453.259868}, "cmdq": 2, "read": {"device_start": -1, "device_end": -1}}, "FFC_sans_bias9": {"write": {"device_start": 1585636453.2561185, "host_queued_start": 1585636520.050213, "device_queued": 1585636453.2560284, "device_end": 1585636453.256203, "host_queued_end": 1585636520.057369}, "device": "gpu", "nd_range": {"device_start": 1585636453.2562106, "device_end": 1585636453.2578838}, "cmdq": 0, "read": {"device_start": -1, "device_end": -1}}, "FFC_sans_bias7": {"write": {"device_start": 1585636453.259939, "host_queued_start": 1585636520.056157, "device_queued": 1585636453.2567132, "device_end": 1585636453.2599952, "host_queued_end": 1585636520.057369}, "device": "gpu", "nd_range": {"device_start": 1585636453.2604804, "device_end": 1585636453.2614462}, "cmdq": 1, "read": {"device_start": 1585636453.2614527, "device_end": 1585636453.261475}}, "empty8": {"write": {"device_start": 1585636453.255566, "host_queued_start": 1585636520.04439, "device_queued": 1585636453.2554245, "device_end": 1585636453.2556183, "host_queued_end": 1585636520.057369}, "device": "gpu", "nd_range": {"device_start": 1585636453.2556283, "device_end": 1585636453.2556336}, "cmdq": 0, "read": {"device_start": -1, "device_end": -1}}, "empty17": {"write": {"device_start": 1585636453.2556937, "host_queued_start": 1585636520.045508, "device_queued": 1585636453.2555368, "device_end": 1585636453.2557645, "host_queued_end": 1585636520.057369}, "device": "gpu", "nd_range": {"device_start": 1585636453.2558234, "device_end": 1585636453.2558649}, "cmdq": 1, "read": {"device_start": -1, "device_end": -1}}, "FFC_sans_bias15": {"write": {"device_start": -1, "host_queued_start": 1585636520.055091, "device_queued": -1, "device_end": -1, "host_queued_end": 1585636520.057369}, "device": "gpu", "nd_range": {"device_start": 1585636453.260218, "device_end": 1585636453.2608838}, "cmdq": 0, "read": {"device_start": -1, "device_end": -1}}, "FFC_sans_bias13": {"write": {"device_start": -1, "host_queued_start": 1585636520.053845, "device_queued": -1, "device_end": -1, "host_queued_end": 1585636520.057369}, "device": "gpu", "nd_range": {"device_start": 1585636453.258874, "device_end": 1585636453.259833}, "cmdq": 1, "read": {"device_start": -1, "device_end": -1}}, "FFC_sans_bias10": {"write": {"device_start": 1585636453.256218, "host_queued_start": 1585636520.051383, "device_queued": 1585636453.256094, "device_end": 1585636453.2562494, "host_queued_end": 1585636520.057369}, "device": "gpu", "nd_range": {"device_start": 1585636453.2563105, "device_end": 1585636453.2583978}, "cmdq": 1, "read": {"device_start": -1, "device_end": -1}}, "coalesced_transpose12": {"write": {"device_start": -1, "host_queued_start": 1585636520.053201, "device_queued": -1, "device_end": -1, "host_queued_end": 1585636520.057369}, "device": "gpu", "nd_range": {"device_start": 1585636453.2587306, "device_end": 1585636453.2587502}, "cmdq": 4, "read": {"device_start": -1, "device_end": -1}}}