{"FFC_sans_bias11": {"write": {"device_start": 1585636357.5351927, "host_queued_start": 1585636424.327124, "device_queued": 1585636357.5335119, "device_end": 1585636357.535224, "host_queued_end": 1585636424.331686}, "device": "gpu", "nd_range": {"device_start": 1585636357.5352266, "device_end": 1585636357.5360334}, "cmdq": 1, "read": {"device_start": -1, "device_end": -1}}, "FFC_sans_bias4": {"write": {"device_start": -1, "host_queued_start": 1585636424.328053, "device_queued": -1, "device_end": -1, "host_queued_end": 1585636424.331686}, "device": "gpu", "nd_range": {"device_start": 1585636357.535912, "device_end": 1585636357.5365307}, "cmdq": 0, "read": {"device_start": -1, "device_end": -1}}, "coalesced_transpose3": {"write": {"device_start": -1, "host_queued_start": 1585636424.327449, "device_queued": -1, "device_end": -1, "host_queued_end": 1585636424.331686}, "device": "gpu", "nd_range": {"device_start": 1585636357.5356183, "device_end": 1585636357.535911}, "cmdq": 0, "read": {"device_start": -1, "device_end": -1}}, "FFC_sans_bias6": {"write": {"device_start": -1, "host_queued_start": 1585636424.329158, "device_queued": -1, "device_end": -1, "host_queued_end": 1585636424.331686}, "device": "gpu", "nd_range": {"device_start": 1585636357.5370681, "device_end": 1585636357.5376713}, "cmdq": 0, "read": {"device_start": -1, "device_end": -1}}, "FFC_sans_bias1": {"write": {"device_start": 1585636357.5331993, "host_queued_start": 1585636424.322805, "device_queued": 1585636357.5331047, "device_end": 1585636357.5332289, "host_queued_end": 1585636424.331686}, "device": "gpu", "nd_range": {"device_start": 1585636357.5332313, "device_end": 1585636357.5340676}, "cmdq": 1, "read": {"device_start": -1, "device_end": -1}}, "FFC_sans_bias0": {"write": {"device_start": 1585636357.533023, "host_queued_start": 1585636424.321743, "device_queued": 1585636357.5328805, "device_end": 1585636357.5330472, "host_queued_end": 1585636424.331686}, "device": "gpu", "nd_range": {"device_start": 1585636357.5330558, "device_end": 1585636357.5336611}, "cmdq": 0, "read": {"device_start": -1, "device_end": -1}}, "FFC_sans_bias2": {"write": {"device_start": 1585636357.533801, "host_queued_start": 1585636424.323841, "device_queued": 1585636357.5331633, "device_end": 1585636357.5338278, "host_queued_end": 1585636424.331686}, "device": "gpu", "nd_range": {"device_start": 1585636357.5338373, "device_end": 1585636357.5346386}, "cmdq": 0, "read": {"device_start": -1, "device_end": -1}}, "softmax14": {"write": {"device_start": -1, "host_queued_start": 1585636424.328857, "device_queued": -1, "device_end": -1, "host_queued_end": 1585636424.331686}, "device": "gpu", "nd_range": {"device_start": 1585636357.5370262, "device_end": 1585636357.5373514}, "cmdq": 1, "read": {"device_start": -1, "device_end": -1}}, "FFC_sans_bias16": {"write": {"device_start": 1585636357.538186, "host_queued_start": 1585636424.331585, "device_queued": 1585636357.5341775, "device_end": 1585636357.5382166, "host_queued_end": 1585636424.331686}, "device": "gpu", "nd_range": {"device_start": 1585636357.5382197, "device_end": 1585636357.5390604}, "cmdq": 1, "read": {"device_start": 1585636357.5390668, "device_end": 1585636357.5390892}}, "softmax5": {"write": {"device_start": -1, "host_queued_start": 1585636424.328616, "device_queued": -1, "device_end": -1, "host_queued_end": 1585636424.331686}, "device": "gpu", "nd_range": {"device_start": 1585636357.536532, "device_end": 1585636357.5370672}, "cmdq": 0, "read": {"device_start": -1, "device_end": -1}}, "FFC_sans_bias9": {"write": {"device_start": 1585636357.5342667, "host_queued_start": 1585636424.324877, "device_queued": 1585636357.5333183, "device_end": 1585636357.5342927, "host_queued_end": 1585636424.331686}, "device": "gpu", "nd_range": {"device_start": 1585636357.5342984, "device_end": 1585636357.5350487}, "cmdq": 1, "read": {"device_start": -1, "device_end": -1}}, "FFC_sans_bias7": {"write": {"device_start": 1585636357.5377846, "host_queued_start": 1585636424.330491, "device_queued": 1585636357.5340164, "device_end": 1585636357.5378153, "host_queued_end": 1585636424.331686}, "device": "gpu", "nd_range": {"device_start": 1585636357.5378187, "device_end": 1585636357.538641}, "cmdq": 0, "read": {"device_start": 1585636357.5386453, "device_end": 1585636357.538668}}, "empty8": {"write": {"device_start": 1585636357.532832, "host_queued_start": 1585636424.319711, "device_queued": 1585636357.5327039, "device_end": 1585636357.5328631, "host_queued_end": 1585636424.331686}, "device": "gpu", "nd_range": {"device_start": 1585636357.5328674, "device_end": 1585636357.5328739}, "cmdq": 0, "read": {"device_start": -1, "device_end": -1}}, "empty17": {"write": {"device_start": 1585636357.5329242, "host_queued_start": 1585636424.320744, "device_queued": 1585636357.5328212, "device_end": 1585636357.532992, "host_queued_end": 1585636424.331686}, "device": "gpu", "nd_range": {"device_start": 1585636357.532999, "device_end": 1585636357.5330095}, "cmdq": 1, "read": {"device_start": -1, "device_end": -1}}, "FFC_sans_bias15": {"write": {"device_start": -1, "host_queued_start": 1585636424.329464, "device_queued": -1, "device_end": -1, "host_queued_end": 1585636424.331686}, "device": "gpu", "nd_range": {"device_start": 1585636357.5373523, "device_end": 1585636357.538076}, "cmdq": 1, "read": {"device_start": -1, "device_end": -1}}, "FFC_sans_bias13": {"write": {"device_start": -1, "host_queued_start": 1585636424.32837, "device_queued": -1, "device_end": -1, "host_queued_end": 1585636424.331686}, "device": "gpu", "nd_range": {"device_start": 1585636357.5364254, "device_end": 1585636357.5370252}, "cmdq": 1, "read": {"device_start": -1, "device_end": -1}}, "FFC_sans_bias10": {"write": {"device_start": 1585636357.534736, "host_queued_start": 1585636424.326048, "device_queued": 1585636357.5333624, "device_end": 1585636357.5347679, "host_queued_end": 1585636424.331686}, "device": "gpu", "nd_range": {"device_start": 1585636357.5347707, "device_end": 1585636357.535617}, "cmdq": 0, "read": {"device_start": -1, "device_end": -1}}, "coalesced_transpose12": {"write": {"device_start": -1, "host_queued_start": 1585636424.327747, "device_queued": -1, "device_end": -1, "host_queued_end": 1585636424.331686}, "device": "gpu", "nd_range": {"device_start": 1585636357.536038, "device_end": 1585636357.5364237}, "cmdq": 1, "read": {"device_start": -1, "device_end": -1}}}