{"FFC_sans_bias11": {"write": {"device_start": 1585636376.0810385, "host_queued_start": 1585636442.87774, "device_queued": 1585636376.08095, "device_end": 1585636376.0810683, "host_queued_end": 1585636442.880258}, "device": "gpu", "nd_range": {"device_start": 1585636376.0810726, "device_end": 1585636376.0823667}, "cmdq": 0, "read": {"device_start": -1, "device_end": -1}}, "FFC_sans_bias4": {"write": {"device_start": -1, "host_queued_start": 1585636442.885341, "device_queued": -1, "device_end": -1, "host_queued_end": 1585636442.887055}, "device": "cpu", "nd_range": {"device_start": 2304217.089360827, "device_end": 2304217.094106064}, "cmdq": 0, "read": {"device_start": -1, "device_end": -1}}, "coalesced_transpose3": {"write": {"device_start": -1, "host_queued_start": 1585636442.885006, "device_queued": -1, "device_end": -1, "host_queued_end": 1585636442.887055}, "device": "cpu", "nd_range": {"device_start": 2304217.089077806, "device_end": 2304217.0892312033}, "cmdq": 0, "read": {"device_start": -1, "device_end": -1}}, "FFC_sans_bias6": {"write": {"device_start": -1, "host_queued_start": 1585636442.885944, "device_queued": -1, "device_end": -1, "host_queued_end": 1585636442.887055}, "device": "cpu", "nd_range": {"device_start": 2304217.094402667, "device_end": 2304217.0987114003}, "cmdq": 0, "read": {"device_start": -1, "device_end": -1}}, "FFC_sans_bias1": {"write": {"device_start": -1, "host_queued_start": 1585636442.883597, "device_queued": -1, "device_end": -1, "host_queued_end": 1585636442.887055}, "device": "cpu", "nd_range": {"device_start": 2304217.0807280433, "device_end": 2304217.084560412}, "cmdq": 0, "read": {"device_start": -1, "device_end": -1}}, "FFC_sans_bias0": {"write": {"device_start": -1, "host_queued_start": 1585636442.882506, "device_queued": -1, "device_end": -1, "host_queued_end": 1585636442.887055}, "device": "cpu", "nd_range": {"device_start": 2304217.076670256, "device_end": 2304217.080711666}, "cmdq": 0, "read": {"device_start": -1, "device_end": -1}}, "FFC_sans_bias2": {"write": {"device_start": -1, "host_queued_start": 1585636442.884677, "device_queued": -1, "device_end": -1, "host_queued_end": 1585636442.887055}, "device": "cpu", "nd_range": {"device_start": 2304217.084586833, "device_end": 2304217.089070614}, "cmdq": 0, "read": {"device_start": -1, "device_end": -1}}, "softmax14": {"write": {"device_start": -1, "host_queued_start": 1585636442.878787, "device_queued": -1, "device_end": -1, "host_queued_end": 1585636442.880258}, "device": "gpu", "nd_range": {"device_start": 1585636376.0829804, "device_end": 1585636376.083172}, "cmdq": 0, "read": {"device_start": -1, "device_end": -1}}, "FFC_sans_bias16": {"write": {"device_start": 1585636376.0830739, "host_queued_start": 1585636442.880147, "device_queued": 1585636376.0811496, "device_end": 1585636376.0831037, "host_queued_end": 1585636442.880258}, "device": "gpu", "nd_range": {"device_start": 1585636376.0837762, "device_end": 1585636376.0843673}, "cmdq": 2, "read": {"device_start": 1585636376.0843713, "device_end": 1585636376.0843947}}, "softmax5": {"write": {"device_start": -1, "host_queued_start": 1585636442.885612, "device_queued": -1, "device_end": -1, "host_queued_end": 1585636442.887055}, "device": "cpu", "nd_range": {"device_start": 2304217.094111356, "device_end": 2304217.094274317}, "cmdq": 0, "read": {"device_start": -1, "device_end": -1}}, "FFC_sans_bias9": {"write": {"device_start": 1585636376.0808074, "host_queued_start": 1585636442.875637, "device_queued": 1585636376.0806775, "device_end": 1585636376.0808752, "host_queued_end": 1585636442.880258}, "device": "gpu", "nd_range": {"device_start": 1585636376.0808802, "device_end": 1585636376.0814803}, "cmdq": 1, "read": {"device_start": -1, "device_end": -1}}, "FFC_sans_bias7": {"write": {"device_start": -1, "host_queued_start": 1585636442.887011, "device_queued": -1, "device_end": -1, "host_queued_end": 1585636442.887055}, "device": "cpu", "nd_range": {"device_start": 2304217.0987169133, "device_end": 2304217.103379602}, "cmdq": 0, "read": {"device_start": -1, "device_end": -1}}, "empty8": {"write": {"device_start": -1, "host_queued_start": 1585636442.881499, "device_queued": -1, "device_end": -1, "host_queued_end": 1585636442.887055}, "device": "cpu", "nd_range": {"device_start": 2304217.0766248903, "device_end": 2304217.07663598}, "cmdq": 0, "read": {"device_start": -1, "device_end": -1}}, "empty17": {"write": {"device_start": 1585636376.0807157, "host_queued_start": 1585636442.874332, "device_queued": 1585636376.080593, "device_end": 1585636376.0807636, "host_queued_end": 1585636442.880258}, "device": "gpu", "nd_range": {"device_start": 1585636376.0807674, "device_end": 1585636376.0807738}, "cmdq": 0, "read": {"device_start": -1, "device_end": -1}}, "FFC_sans_bias15": {"write": {"device_start": -1, "host_queued_start": 1585636442.879099, "device_queued": -1, "device_end": -1, "host_queued_end": 1585636442.880258}, "device": "gpu", "nd_range": {"device_start": 1585636376.0831773, "device_end": 1585636376.0837731}, "cmdq": 1, "read": {"device_start": -1, "device_end": -1}}, "FFC_sans_bias13": {"write": {"device_start": -1, "host_queued_start": 1585636442.878488, "device_queued": -1, "device_end": -1, "host_queued_end": 1585636442.880258}, "device": "gpu", "nd_range": {"device_start": 1585636376.0823717, "device_end": 1585636376.0829763}, "cmdq": 2, "read": {"device_start": -1, "device_end": -1}}, "FFC_sans_bias10": {"write": {"device_start": 1585636376.0808876, "host_queued_start": 1585636442.87667, "device_queued": 1585636376.080696, "device_end": 1585636376.0809176, "host_queued_end": 1585636442.880258}, "device": "gpu", "nd_range": {"device_start": 1585636376.0809388, "device_end": 1585636376.081895}, "cmdq": 2, "read": {"device_start": -1, "device_end": -1}}, "coalesced_transpose12": {"write": {"device_start": -1, "host_queued_start": 1585636442.878171, "device_queued": -1, "device_end": -1, "host_queued_end": 1585636442.880258}, "device": "gpu", "nd_range": {"device_start": 1585636376.0818987, "device_end": 1585636376.0822945}, "cmdq": 1, "read": {"device_start": -1, "device_end": -1}}}