{"FFC_sans_bias11": {"write": {"device_start": 1585636365.5109477, "host_queued_start": 1585636432.303083, "device_queued": 1585636365.5091946, "device_end": 1585636365.5109804, "host_queued_end": 1585636432.30767}, "device": "gpu", "nd_range": {"device_start": 1585636365.5109847, "device_end": 1585636365.5118132}, "cmdq": 1, "read": {"device_start": -1, "device_end": -1}}, "FFC_sans_bias4": {"write": {"device_start": -1, "host_queued_start": 1585636432.304031, "device_queued": -1, "device_end": -1, "host_queued_end": 1585636432.30767}, "device": "gpu", "nd_range": {"device_start": 1585636365.511673, "device_end": 1585636365.512282}, "cmdq": 0, "read": {"device_start": -1, "device_end": -1}}, "coalesced_transpose3": {"write": {"device_start": -1, "host_queued_start": 1585636432.303412, "device_queued": -1, "device_end": -1, "host_queued_end": 1585636432.30767}, "device": "gpu", "nd_range": {"device_start": 1585636365.511354, "device_end": 1585636365.511672}, "cmdq": 0, "read": {"device_start": -1, "device_end": -1}}, "FFC_sans_bias6": {"write": {"device_start": -1, "host_queued_start": 1585636432.305143, "device_queued": -1, "device_end": -1, "host_queued_end": 1585636432.30767}, "device": "gpu", "nd_range": {"device_start": 1585636365.5128152, "device_end": 1585636365.513422}, "cmdq": 0, "read": {"device_start": -1, "device_end": -1}}, "FFC_sans_bias1": {"write": {"device_start": 1585636365.5089138, "host_queued_start": 1585636432.29874, "device_queued": 1585636365.5088124, "device_end": 1585636365.508945, "host_queued_end": 1585636432.30767}, "device": "gpu", "nd_range": {"device_start": 1585636365.508948, "device_end": 1585636365.5098147}, "cmdq": 1, "read": {"device_start": -1, "device_end": -1}}, "FFC_sans_bias0": {"write": {"device_start": 1585636365.5087707, "host_queued_start": 1585636432.297735, "device_queued": 1585636365.5085788, "device_end": 1585636365.5088005, "host_queued_end": 1585636432.30767}, "device": "gpu", "nd_range": {"device_start": 1585636365.5088105, "device_end": 1585636365.5094142}, "cmdq": 0, "read": {"device_start": -1, "device_end": -1}}, "FFC_sans_bias2": {"write": {"device_start": 1585636365.5095544, "host_queued_start": 1585636432.299776, "device_queued": 1585636365.508864, "device_end": 1585636365.5095856, "host_queued_end": 1585636432.30767}, "device": "gpu", "nd_range": {"device_start": 1585636365.5095892, "device_end": 1585636365.5103922}, "cmdq": 0, "read": {"device_start": -1, "device_end": -1}}, "softmax14": {"write": {"device_start": -1, "host_queued_start": 1585636432.304834, "device_queued": -1, "device_end": -1, "host_queued_end": 1585636432.30767}, "device": "gpu", "nd_range": {"device_start": 1585636365.5127702, "device_end": 1585636365.5130954}, "cmdq": 1, "read": {"device_start": -1, "device_end": -1}}, "FFC_sans_bias16": {"write": {"device_start": 1585636365.5139296, "host_queued_start": 1585636432.30756, "device_queued": 1585636365.5097966, "device_end": 1585636365.5139601, "host_queued_end": 1585636432.30767}, "device": "gpu", "nd_range": {"device_start": 1585636365.5139623, "device_end": 1585636365.5148025}, "cmdq": 1, "read": {"device_start": 1585636365.5148091, "device_end": 1585636365.514832}}, "softmax5": {"write": {"device_start": -1, "host_queued_start": 1585636432.304592, "device_queued": -1, "device_end": -1, "host_queued_end": 1585636432.30767}, "device": "gpu", "nd_range": {"device_start": 1585636365.512283, "device_end": 1585636365.5128136}, "cmdq": 0, "read": {"device_start": -1, "device_end": -1}}, "FFC_sans_bias9": {"write": {"device_start": 1585636365.5099404, "host_queued_start": 1585636432.300813, "device_queued": 1585636365.5090065, "device_end": 1585636365.5099738, "host_queued_end": 1585636432.30767}, "device": "gpu", "nd_range": {"device_start": 1585636365.5099773, "device_end": 1585636365.510818}, "cmdq": 1, "read": {"device_start": -1, "device_end": -1}}, "FFC_sans_bias7": {"write": {"device_start": 1585636365.5135229, "host_queued_start": 1585636432.306465, "device_queued": 1585636365.5096598, "device_end": 1585636365.5135539, "host_queued_end": 1585636432.30767}, "device": "gpu", "nd_range": {"device_start": 1585636365.5135567, "device_end": 1585636365.5143979}, "cmdq": 0, "read": {"device_start": 1585636365.5144045, "device_end": 1585636365.5144267}}, "empty8": {"write": {"device_start": 1585636365.508562, "host_queued_start": 1585636432.29563, "device_queued": 1585636365.508439, "device_end": 1585636365.5086021, "host_queued_end": 1585636432.30767}, "device": "gpu", "nd_range": {"device_start": 1585636365.5086195, "device_end": 1585636365.5086255}, "cmdq": 0, "read": {"device_start": -1, "device_end": -1}}, "empty17": {"write": {"device_start": 1585636365.5086732, "host_queued_start": 1585636432.296666, "device_queued": 1585636365.5085292, "device_end": 1585636365.5087326, "host_queued_end": 1585636432.30767}, "device": "gpu", "nd_range": {"device_start": 1585636365.5087385, "device_end": 1585636365.5087433}, "cmdq": 1, "read": {"device_start": -1, "device_end": -1}}, "FFC_sans_bias15": {"write": {"device_start": -1, "host_queued_start": 1585636432.305457, "device_queued": -1, "device_end": -1, "host_queued_end": 1585636432.30767}, "device": "gpu", "nd_range": {"device_start": 1585636365.5130966, "device_end": 1585636365.513816}, "cmdq": 1, "read": {"device_start": -1, "device_end": -1}}, "FFC_sans_bias13": {"write": {"device_start": -1, "host_queued_start": 1585636432.304345, "device_queued": -1, "device_end": -1, "host_queued_end": 1585636432.30767}, "device": "gpu", "nd_range": {"device_start": 1585636365.512167, "device_end": 1585636365.512769}, "cmdq": 1, "read": {"device_start": -1, "device_end": -1}}, "FFC_sans_bias10": {"write": {"device_start": 1585636365.510527, "host_queued_start": 1585636432.301987, "device_queued": 1585636365.5090582, "device_end": 1585636365.5105588, "host_queued_end": 1585636432.30767}, "device": "gpu", "nd_range": {"device_start": 1585636365.5105631, "device_end": 1585636365.5113523}, "cmdq": 0, "read": {"device_start": -1, "device_end": -1}}, "coalesced_transpose12": {"write": {"device_start": -1, "host_queued_start": 1585636432.303714, "device_queued": -1, "device_end": -1, "host_queued_end": 1585636432.30767}, "device": "gpu", "nd_range": {"device_start": 1585636365.5118172, "device_end": 1585636365.512166}, "cmdq": 1, "read": {"device_start": -1, "device_end": -1}}}