{"FFC_sans_bias11": {"write": {"device_start": 1585636429.1559865, "host_queued_start": 1585636495.95106, "device_queued": 1585636429.1550539, "device_end": 1585636429.1560175, "host_queued_end": 1585636495.955588}, "device": "gpu", "nd_range": {"device_start": 1585636429.1560235, "device_end": 1585636429.1578395}, "cmdq": 3, "read": {"device_start": -1, "device_end": -1}}, "FFC_sans_bias4": {"write": {"device_start": -1, "host_queued_start": 1585636495.951991, "device_queued": -1, "device_end": -1, "host_queued_end": 1585636495.955588}, "device": "gpu", "nd_range": {"device_start": 1585636429.1578524, "device_end": 1585636429.1588485}, "cmdq": 2, "read": {"device_start": -1, "device_end": -1}}, "coalesced_transpose3": {"write": {"device_start": -1, "host_queued_start": 1585636495.951382, "device_queued": -1, "device_end": -1, "host_queued_end": 1585636495.955588}, "device": "gpu", "nd_range": {"device_start": 1585636429.1564274, "device_end": 1585636429.157695}, "cmdq": 0, "read": {"device_start": -1, "device_end": -1}}, "FFC_sans_bias6": {"write": {"device_start": -1, "host_queued_start": 1585636495.953102, "device_queued": -1, "device_end": -1, "host_queued_end": 1585636495.955588}, "device": "gpu", "nd_range": {"device_start": 1585636429.159068, "device_end": 1585636429.159675}, "cmdq": 2, "read": {"device_start": -1, "device_end": -1}}, "FFC_sans_bias1": {"write": {"device_start": 1585636429.1548128, "host_queued_start": 1585636495.946707, "device_queued": 1585636429.1545482, "device_end": 1585636429.1548378, "host_queued_end": 1585636495.955588}, "device": "gpu", "nd_range": {"device_start": 1585636429.1548488, "device_end": 1585636429.1558447}, "cmdq": 3, "read": {"device_start": -1, "device_end": -1}}, "FFC_sans_bias0": {"write": {"device_start": 1585636429.1547194, "host_queued_start": 1585636495.94567, "device_queued": 1585636429.1545212, "device_end": 1585636429.1547904, "host_queued_end": 1585636495.955588}, "device": "gpu", "nd_range": {"device_start": 1585636429.1548226, "device_end": 1585636429.1554282}, "cmdq": 2, "read": {"device_start": -1, "device_end": -1}}, "FFC_sans_bias2": {"write": {"device_start": 1585636429.1549523, "host_queued_start": 1585636495.947783, "device_queued": 1585636429.154858, "device_end": 1585636429.1549826, "host_queued_end": 1585636495.955588}, "device": "gpu", "nd_range": {"device_start": 1585636429.1549854, "device_end": 1585636429.1564252}, "cmdq": 0, "read": {"device_start": -1, "device_end": -1}}, "softmax14": {"write": {"device_start": -1, "host_queued_start": 1585636495.952792, "device_queued": -1, "device_end": -1, "host_queued_end": 1585636495.955588}, "device": "gpu", "nd_range": {"device_start": 1585636429.1588614, "device_end": 1585636429.1590564}, "cmdq": 1, "read": {"device_start": -1, "device_end": -1}}, "FFC_sans_bias16": {"write": {"device_start": 1585636429.159242, "host_queued_start": 1585636495.955491, "device_queued": 1585636429.1557531, "device_end": 1585636429.1592717, "host_queued_end": 1585636495.955588}, "device": "gpu", "nd_range": {"device_start": 1585636429.1600783, "device_end": 1585636429.1610556}, "cmdq": 1, "read": {"device_start": 1585636429.1610572, "device_end": 1585636429.1610796}}, "softmax5": {"write": {"device_start": -1, "host_queued_start": 1585636495.952551, "device_queued": -1, "device_end": -1, "host_queued_end": 1585636495.955588}, "device": "gpu", "nd_range": {"device_start": 1585636429.1588566, "device_end": 1585636429.1590545}, "cmdq": 0, "read": {"device_start": -1, "device_end": -1}}, "FFC_sans_bias9": {"write": {"device_start": 1585636429.1551056, "host_queued_start": 1585636495.948928, "device_queued": 1585636429.1550102, "device_end": 1585636429.1551352, "host_queued_end": 1585636495.955588}, "device": "gpu", "nd_range": {"device_start": 1585636429.1551397, "device_end": 1585636429.1568465}, "cmdq": 1, "read": {"device_start": -1, "device_end": -1}}, "FFC_sans_bias7": {"write": {"device_start": 1585636429.159182, "host_queued_start": 1585636495.954413, "device_queued": 1585636429.1556292, "device_end": 1585636429.1592405, "host_queued_end": 1585636495.955588}, "device": "gpu", "nd_range": {"device_start": 1585636429.1596797, "device_end": 1585636429.1606524}, "cmdq": 0, "read": {"device_start": 1585636429.1606584, "device_end": 1585636429.160681}}, "empty8": {"write": {"device_start": 1585636429.154509, "host_queued_start": 1585636495.943529, "device_queued": 1585636429.1543875, "device_end": 1585636429.1545494, "host_queued_end": 1585636495.955588}, "device": "gpu", "nd_range": {"device_start": 1585636429.1545534, "device_end": 1585636429.1545584}, "cmdq": 0, "read": {"device_start": -1, "device_end": -1}}, "empty17": {"write": {"device_start": 1585636429.1546218, "host_queued_start": 1585636495.944567, "device_queued": 1585636429.154491, "device_end": 1585636429.1546957, "host_queued_end": 1585636495.955588}, "device": "gpu", "nd_range": {"device_start": 1585636429.1547072, "device_end": 1585636429.1547112}, "cmdq": 1, "read": {"device_start": -1, "device_end": -1}}, "FFC_sans_bias15": {"write": {"device_start": -1, "host_queued_start": 1585636495.953406, "device_queued": -1, "device_end": -1, "host_queued_end": 1585636495.955588}, "device": "gpu", "nd_range": {"device_start": 1585636429.1590734, "device_end": 1585636429.1600752}, "cmdq": 3, "read": {"device_start": -1, "device_end": -1}}, "FFC_sans_bias13": {"write": {"device_start": -1, "host_queued_start": 1585636495.952302, "device_queued": -1, "device_end": -1, "host_queued_end": 1585636495.955588}, "device": "gpu", "nd_range": {"device_start": 1585636429.157844, "device_end": 1585636429.158454}, "cmdq": 3, "read": {"device_start": -1, "device_end": -1}}, "FFC_sans_bias10": {"write": {"device_start": 1585636429.1555593, "host_queued_start": 1585636495.949989, "device_queued": 1585636429.155035, "device_end": 1585636429.1555839, "host_queued_end": 1585636495.955588}, "device": "gpu", "nd_range": {"device_start": 1585636429.1555874, "device_end": 1585636429.1573884}, "cmdq": 2, "read": {"device_start": -1, "device_end": -1}}, "coalesced_transpose12": {"write": {"device_start": -1, "host_queued_start": 1585636495.95168, "device_queued": -1, "device_end": -1, "host_queued_end": 1585636495.955588}, "device": "gpu", "nd_range": {"device_start": 1585636429.1573982, "device_end": 1585636429.1577039}, "cmdq": 1, "read": {"device_start": -1, "device_end": -1}}}