{"FFC_sans_bias11": {"write": {"device_start": 1585636455.8969352, "host_queued_start": 1585636522.695921, "device_queued": 1585636455.8966355, "device_end": 1585636455.896965, "host_queued_end": 1585636522.698573}, "device": "gpu", "nd_range": {"device_start": 1585636455.89697, "device_end": 1585636455.8984444}, "cmdq": 3, "read": {"device_start": -1, "device_end": -1}}, "FFC_sans_bias4": {"write": {"device_start": -1, "host_queued_start": 1585636522.704025, "device_queued": -1, "device_end": -1, "host_queued_end": 1585636522.70572}, "device": "cpu", "nd_range": {"device_start": 2304296.908481824, "device_end": 2304296.912960697}, "cmdq": 0, "read": {"device_start": -1, "device_end": -1}}, "coalesced_transpose3": {"write": {"device_start": -1, "host_queued_start": 1585636522.703607, "device_queued": -1, "device_end": -1, "host_queued_end": 1585636522.70572}, "device": "cpu", "nd_range": {"device_start": 2304296.9081857163, "device_end": 2304296.908341336}, "cmdq": 0, "read": {"device_start": -1, "device_end": -1}}, "FFC_sans_bias6": {"write": {"device_start": -1, "host_queued_start": 1585636522.704637, "device_queued": -1, "device_end": -1, "host_queued_end": 1585636522.70572}, "device": "cpu", "nd_range": {"device_start": 2304296.913247302, "device_end": 2304296.917794872}, "cmdq": 0, "read": {"device_start": -1, "device_end": -1}}, "FFC_sans_bias1": {"write": {"device_start": -1, "host_queued_start": 1585636522.702116, "device_queued": -1, "device_end": -1, "host_queued_end": 1585636522.70572}, "device": "cpu", "nd_range": {"device_start": 2304296.8999158563, "device_end": 2304296.9038070193}, "cmdq": 0, "read": {"device_start": -1, "device_end": -1}}, "FFC_sans_bias0": {"write": {"device_start": -1, "host_queued_start": 1585636522.701002, "device_queued": -1, "device_end": -1, "host_queued_end": 1585636522.70572}, "device": "cpu", "nd_range": {"device_start": 2304296.8953336743, "device_end": 2304296.8998983013}, "cmdq": 0, "read": {"device_start": -1, "device_end": -1}}, "FFC_sans_bias2": {"write": {"device_start": -1, "host_queued_start": 1585636522.703281, "device_queued": -1, "device_end": -1, "host_queued_end": 1585636522.70572}, "device": "cpu", "nd_range": {"device_start": 2304296.903824064, "device_end": 2304296.908180445}, "cmdq": 0, "read": {"device_start": -1, "device_end": -1}}, "softmax14": {"write": {"device_start": -1, "host_queued_start": 1585636522.697073, "device_queued": -1, "device_end": -1, "host_queued_end": 1585636522.698573}, "device": "gpu", "nd_range": {"device_start": 1585636455.8990521, "device_end": 1585636455.8992453}, "cmdq": 1, "read": {"device_start": -1, "device_end": -1}}, "FFC_sans_bias16": {"write": {"device_start": 1585636455.8985808, "host_queued_start": 1585636522.69843, "device_queued": 1585636455.8970518, "device_end": 1585636455.8986108, "host_queued_end": 1585636522.698573}, "device": "gpu", "nd_range": {"device_start": 1585636455.8998508, "device_end": 1585636455.9004467}, "cmdq": 3, "read": {"device_start": 1585636455.9004517, "device_end": 1585636455.9004753}}, "softmax5": {"write": {"device_start": -1, "host_queued_start": 1585636522.704299, "device_queued": -1, "device_end": -1, "host_queued_end": 1585636522.70572}, "device": "cpu", "nd_range": {"device_start": 2304296.9129676353, "device_end": 2304296.9131170963}, "cmdq": 0, "read": {"device_start": -1, "device_end": -1}}, "FFC_sans_bias9": {"write": {"device_start": 1585636455.8967497, "host_queued_start": 1585636522.693647, "device_queued": 1585636455.8965914, "device_end": 1585636455.8968232, "host_queued_end": 1585636522.698573}, "device": "gpu", "nd_range": {"device_start": 1585636455.8968458, "device_end": 1585636455.8974707}, "cmdq": 1, "read": {"device_start": -1, "device_end": -1}}, "FFC_sans_bias7": {"write": {"device_start": -1, "host_queued_start": 1585636522.705676, "device_queued": -1, "device_end": -1, "host_queued_end": 1585636522.70572}, "device": "cpu", "nd_range": {"device_start": 2304296.917801566, "device_end": 2304296.922433882}, "cmdq": 0, "read": {"device_start": -1, "device_end": -1}}, "empty8": {"write": {"device_start": -1, "host_queued_start": 1585636522.699851, "device_queued": -1, "device_end": -1, "host_queued_end": 1585636522.70572}, "device": "cpu", "nd_range": {"device_start": 2304296.895291666, "device_end": 2304296.895301583}, "cmdq": 0, "read": {"device_start": -1, "device_end": -1}}, "empty17": {"write": {"device_start": 1585636455.8966222, "host_queued_start": 1585636522.692378, "device_queued": 1585636455.8965068, "device_end": 1585636455.896674, "host_queued_end": 1585636522.698573}, "device": "gpu", "nd_range": {"device_start": 1585636455.8966775, "device_end": 1585636455.8966825}, "cmdq": 0, "read": {"device_start": -1, "device_end": -1}}, "FFC_sans_bias15": {"write": {"device_start": -1, "host_queued_start": 1585636522.697394, "device_queued": -1, "device_end": -1, "host_queued_end": 1585636522.698573}, "device": "gpu", "nd_range": {"device_start": 1585636455.8992517, "device_end": 1585636455.8998468}, "cmdq": 2, "read": {"device_start": -1, "device_end": -1}}, "FFC_sans_bias13": {"write": {"device_start": -1, "host_queued_start": 1585636522.696808, "device_queued": -1, "device_end": -1, "host_queued_end": 1585636522.698573}, "device": "gpu", "nd_range": {"device_start": 1585636455.898447, "device_end": 1585636455.8990448}, "cmdq": 0, "read": {"device_start": -1, "device_end": -1}}, "FFC_sans_bias10": {"write": {"device_start": 1585636455.8968453, "host_queued_start": 1585636522.69476, "device_queued": 1585636455.896612, "device_end": 1585636455.8969162, "host_queued_end": 1585636522.698573}, "device": "gpu", "nd_range": {"device_start": 1585636455.896921, "device_end": 1585636455.8978844}, "cmdq": 2, "read": {"device_start": -1, "device_end": -1}}, "coalesced_transpose12": {"write": {"device_start": -1, "host_queued_start": 1585636522.696435, "device_queued": -1, "device_end": -1, "host_queued_end": 1585636522.698573}, "device": "gpu", "nd_range": {"device_start": 1585636455.8978891, "device_end": 1585636455.8982773}, "cmdq": 4, "read": {"device_start": -1, "device_end": -1}}}