{"FFC_sans_bias4": {"write": {"device_start": -1, "host_queued_start": 1585636763.609257, "device_queued": -1, "device_end": -1, "host_queued_end": 1585636763.614957}, "device": "gpu", "nd_range": {"device_start": 1585636696.8109467, "device_end": 1585636696.8115513}, "cmdq": 3, "read": {"device_start": -1, "device_end": -1}}, "FFC_sans_bias7": {"write": {"device_start": 1585636696.8128314, "host_queued_start": 1585636763.612739, "device_queued": 1585636696.8079476, "device_end": 1585636696.8128622, "host_queued_end": 1585636763.614957}, "device": "gpu", "nd_range": {"device_start": 1585636696.8133414, "device_end": 1585636696.814728}, "cmdq": 0, "read": {"device_start": 1585636696.8147318, "device_end": 1585636696.8147545}}, "FFC_sans_bias6": {"write": {"device_start": -1, "host_queued_start": 1585636763.611101, "device_queued": -1, "device_end": -1, "host_queued_end": 1585636763.614957}, "device": "gpu", "nd_range": {"device_start": 1585636696.8127263, "device_end": 1585636696.8133302}, "cmdq": 1, "read": {"device_start": -1, "device_end": -1}}, "FFC_sans_bias1": {"write": {"device_start": 1585636696.806632, "host_queued_start": 1585636763.600667, "device_queued": 1585636696.8065314, "device_end": 1585636696.8066905, "host_queued_end": 1585636763.614957}, "device": "gpu", "nd_range": {"device_start": 1585636696.8066952, "device_end": 1585636696.807525}, "cmdq": 0, "read": {"device_start": -1, "device_end": -1}}, "FFC_sans_bias0": {"write": {"device_start": 1585636696.8064845, "host_queued_start": 1585636763.599606, "device_queued": 1585636696.8062146, "device_end": 1585636696.8065085, "host_queued_end": 1585636763.614957}, "device": "gpu", "nd_range": {"device_start": 1585636696.8065116, "device_end": 1585636696.8071253}, "cmdq": 3, "read": {"device_start": -1, "device_end": -1}}, "FFC_sans_bias2": {"write": {"device_start": 1585636696.8067162, "host_queued_start": 1585636763.601705, "device_queued": 1585636696.8065796, "device_end": 1585636696.8067908, "host_queued_end": 1585636763.614957}, "device": "gpu", "nd_range": {"device_start": 1585636696.8067954, "device_end": 1585636696.8080995}, "cmdq": 1, "read": {"device_start": -1, "device_end": -1}}, "FFC_sans_bias9": {"write": {"device_start": 1585636696.806852, "host_queued_start": 1585636763.602791, "device_queued": 1585636696.806706, "device_end": 1585636696.8068767, "host_queued_end": 1585636763.614957}, "device": "gpu", "nd_range": {"device_start": 1585636696.8068855, "device_end": 1585636696.8085282}, "cmdq": 2, "read": {"device_start": -1, "device_end": -1}}, "softmax23": {"write": {"device_start": -1, "host_queued_start": 1585636763.610781, "device_queued": -1, "device_end": -1, "host_queued_end": 1585636763.614957}, "device": "gpu", "nd_range": {"device_start": 1585636696.8125267, "device_end": 1585636696.8127198}, "cmdq": 0, "read": {"device_start": -1, "device_end": -1}}, "FFC_sans_bias11": {"write": {"device_start": 1585636696.8076298, "host_queued_start": 1585636763.604882, "device_queued": 1585636696.8069553, "device_end": 1585636696.807655, "host_queued_end": 1585636763.614957}, "device": "gpu", "nd_range": {"device_start": 1585636696.80766, "device_end": 1585636696.809513}, "cmdq": 0, "read": {"device_start": -1, "device_end": -1}}, "FFC_sans_bias10": {"write": {"device_start": 1585636696.8072338, "host_queued_start": 1585636763.60384, "device_queued": 1585636696.8067293, "device_end": 1585636696.8072596, "host_queued_end": 1585636763.614957}, "device": "gpu", "nd_range": {"device_start": 1585636696.807262, "device_end": 1585636696.80908}, "cmdq": 3, "read": {"device_start": -1, "device_end": -1}}, "coalesced_transpose3": {"write": {"device_start": -1, "host_queued_start": 1585636763.608335, "device_queued": -1, "device_end": -1, "host_queued_end": 1585636763.614957}, "device": "gpu", "nd_range": {"device_start": 1585636696.809514, "device_end": 1585636696.8108678}, "cmdq": 0, "read": {"device_start": -1, "device_end": -1}}, "FFC_sans_bias15": {"write": {"device_start": -1, "host_queued_start": 1585636763.611417, "device_queued": -1, "device_end": -1, "host_queued_end": 1585636763.614957}, "device": "gpu", "nd_range": {"device_start": 1585636696.8127315, "device_end": 1585636696.8137462}, "cmdq": 2, "read": {"device_start": -1, "device_end": -1}}, "FFC_sans_bias16": {"write": {"device_start": 1585636696.8134227, "host_queued_start": 1585636763.613787, "device_queued": 1585636696.8079906, "device_end": 1585636696.8134522, "host_queued_end": 1585636763.614957}, "device": "gpu", "nd_range": {"device_start": 1585636696.8137546, "device_end": 1585636696.8152814}, "cmdq": 1, "read": {"device_start": 1585636696.8152916, "device_end": 1585636696.8153145}}, "FFC_sans_bias19": {"write": {"device_start": 1585636696.808631, "host_queued_start": 1585636763.606969, "device_queued": 1585636696.8071225, "device_end": 1585636696.8086617, "host_queued_end": 1585636763.614957}, "device": "gpu", "nd_range": {"device_start": 1585636696.8086693, "device_end": 1585636696.8104913}, "cmdq": 2, "read": {"device_start": -1, "device_end": -1}}, "FFC_sans_bias18": {"write": {"device_start": 1585636696.8081844, "host_queued_start": 1585636763.605915, "device_queued": 1585636696.8069983, "device_end": 1585636696.8082156, "host_queued_end": 1585636763.614957}, "device": "gpu", "nd_range": {"device_start": 1585636696.8082192, "device_end": 1585636696.8100157}, "cmdq": 1, "read": {"device_start": -1, "device_end": -1}}, "empty26": {"write": {"device_start": 1585636696.8063996, "host_queued_start": 1585636763.598562, "device_queued": 1585636696.8061934, "device_end": 1585636696.8064783, "host_queued_end": 1585636763.614957}, "device": "gpu", "nd_range": {"device_start": 1585636696.806491, "device_end": 1585636696.8065002}, "cmdq": 2, "read": {"device_start": -1, "device_end": -1}}, "coalesced_transpose12": {"write": {"device_start": -1, "host_queued_start": 1585636763.608637, "device_queued": -1, "device_end": -1, "host_queued_end": 1585636763.614957}, "device": "gpu", "nd_range": {"device_start": 1585636696.810018, "device_end": 1585636696.8108795}, "cmdq": 1, "read": {"device_start": -1, "device_end": -1}}, "coalesced_transpose21": {"write": {"device_start": -1, "host_queued_start": 1585636763.608939, "device_queued": -1, "device_end": -1, "host_queued_end": 1585636763.614957}, "device": "gpu", "nd_range": {"device_start": 1585636696.8104925, "device_end": 1585636696.8108711}, "cmdq": 2, "read": {"device_start": -1, "device_end": -1}}, "softmax14": {"write": {"device_start": -1, "host_queued_start": 1585636763.610507, "device_queued": -1, "device_end": -1, "host_queued_end": 1585636763.614957}, "device": "gpu", "nd_range": {"device_start": 1585636696.8119714, "device_end": 1585636696.8127177}, "cmdq": 3, "read": {"device_start": -1, "device_end": -1}}, "FFC_sans_bias13": {"write": {"device_start": -1, "host_queued_start": 1585636763.609571, "device_queued": -1, "device_end": -1, "host_queued_end": 1585636763.614957}, "device": "gpu", "nd_range": {"device_start": 1585636696.8109546, "device_end": 1585636696.8119614}, "cmdq": 0, "read": {"device_start": -1, "device_end": -1}}, "empty8": {"write": {"device_start": 1585636696.8061988, "host_queued_start": 1585636763.596669, "device_queued": 1585636696.8060732, "device_end": 1585636696.80625, "host_queued_end": 1585636763.614957}, "device": "gpu", "nd_range": {"device_start": 1585636696.8062558, "device_end": 1585636696.8062615}, "cmdq": 0, "read": {"device_start": -1, "device_end": -1}}, "FFC_sans_bias24": {"write": {"device_start": -1, "host_queued_start": 1585636763.611729, "device_queued": -1, "device_end": -1, "host_queued_end": 1585636763.614957}, "device": "gpu", "nd_range": {"device_start": 1585636696.8127449, "device_end": 1585636696.8143148}, "cmdq": 3, "read": {"device_start": -1, "device_end": -1}}, "FFC_sans_bias25": {"write": {"device_start": 1585636696.813836, "host_queued_start": 1585636763.614859, "device_queued": 1585636696.8081272,