{"FFC_sans_bias4": {"write": {"device_start": -1, "host_queued_start": 1585636774.311981, "device_queued": -1, "device_end": -1, "host_queued_end": 1585636774.317631}, "device": "gpu", "nd_range": {"device_start": 1585636707.5133176, "device_end": 1585636707.513922}, "cmdq": 0, "read": {"device_start": -1, "device_end": -1}}, "FFC_sans_bias7": {"write": {"device_start": 1585636707.515633, "host_queued_start": 1585636774.315452, "device_queued": 1585636707.510356, "device_end": 1585636707.5156643, "host_queued_end": 1585636774.317631}, "device": "gpu", "nd_range": {"device_start": 1585636707.5167108, "device_end": 1585636707.518088}, "cmdq": 4, "read": {"device_start": 1585636707.5180926, "device_end": 1585636707.5181153}}, "FFC_sans_bias6": {"write": {"device_start": -1, "host_queued_start": 1585636774.313784, "device_queued": -1, "device_end": -1, "host_queued_end": 1585636774.317631}, "device": "gpu", "nd_range": {"device_start": 1585636707.5151145, "device_end": 1585636707.5157182}, "cmdq": 1, "read": {"device_start": -1, "device_end": -1}}, "FFC_sans_bias1": {"write": {"device_start": 1585636707.5089936, "host_queued_start": 1585636774.30333, "device_queued": 1585636707.5087442, "device_end": 1585636707.5090678, "host_queued_end": 1585636774.317631}, "device": "gpu", "nd_range": {"device_start": 1585636707.509072, "device_end": 1585636707.5099895}, "cmdq": 4, "read": {"device_start": -1, "device_end": -1}}, "FFC_sans_bias0": {"write": {"device_start": 1585636707.508888, "host_queued_start": 1585636774.302237, "device_queued": 1585636707.5085893, "device_end": 1585636707.508959, "host_queued_end": 1585636774.317631}, "device": "gpu", "nd_range": {"device_start": 1585636707.508972, "device_end": 1585636707.509587}, "cmdq": 3, "read": {"device_start": -1, "device_end": -1}}, "FFC_sans_bias2": {"write": {"device_start": 1585636707.5090818, "host_queued_start": 1585636774.304422, "device_queued": 1585636707.5088854, "device_end": 1585636707.509106, "host_queued_end": 1585636774.317631}, "device": "gpu", "nd_range": {"device_start": 1585636707.5091107, "device_end": 1585636707.510563}, "cmdq": 0, "read": {"device_start": -1, "device_end": -1}}, "FFC_sans_bias9": {"write": {"device_start": 1585636707.5092187, "host_queued_start": 1585636774.305464, "device_queued": 1585636707.509105, "device_end": 1585636707.5092745, "host_queued_end": 1585636774.317631}, "device": "gpu", "nd_range": {"device_start": 1585636707.50932, "device_end": 1585636707.5109801}, "cmdq": 1, "read": {"device_start": -1, "device_end": -1}}, "softmax23": {"write": {"device_start": -1, "host_queued_start": 1585636774.313466, "device_queued": -1, "device_end": -1, "host_queued_end": 1585636774.317631}, "device": "gpu", "nd_range": {"device_start": 1585636707.51438, "device_end": 1585636707.5150886}, "cmdq": 0, "read": {"device_start": -1, "device_end": -1}}, "FFC_sans_bias11": {"write": {"device_start": 1585636707.509705, "host_queued_start": 1585636774.307593, "device_queued": 1585636707.5091512, "device_end": 1585636707.509735, "host_queued_end": 1585636774.317631}, "device": "gpu", "nd_range": {"device_start": 1585636707.5097418, "device_end": 1585636707.5119572}, "cmdq": 3, "read": {"device_start": -1, "device_end": -1}}, "FFC_sans_bias10": {"write": {"device_start": 1585636707.5093203, "host_queued_start": 1585636774.306493, "device_queued": 1585636707.5091288, "device_end": 1585636707.5093453, "host_queued_end": 1585636774.317631}, "device": "gpu", "nd_range": {"device_start": 1585636707.5093555, "device_end": 1585636707.5115325}, "cmdq": 2, "read": {"device_start": -1, "device_end": -1}}, "coalesced_transpose3": {"write": {"device_start": -1, "host_queued_start": 1585636774.311043, "device_queued": -1, "device_end": -1, "host_queued_end": 1585636774.317631}, "device": "gpu", "nd_range": {"device_start": 1585636707.5115337, "device_end": 1585636707.5133054}, "cmdq": 2, "read": {"device_start": -1, "device_end": -1}}, "FFC_sans_bias15": {"write": {"device_start": -1, "host_queued_start": 1585636774.3141, "device_queued": -1, "device_end": -1, "host_queued_end": 1585636774.317631}, "device": "gpu", "nd_range": {"device_start": 1585636707.515516, "device_end": 1585636707.5161386}, "cmdq": 2, "read": {"device_start": -1, "device_end": -1}}, "FFC_sans_bias16": {"write": {"device_start": 1585636707.51521, "host_queued_start": 1585636774.316492, "device_queued": 1585636707.510412, "device_end": 1585636707.5152395, "host_queued_end": 1585636774.317631}, "device": "gpu", "nd_range": {"device_start": 1585636707.5161452, "device_end": 1585636707.5171287}, "cmdq": 0, "read": {"device_start": 1585636707.5182364, "device_end": 1585636707.5182655}}, "FFC_sans_bias19": {"write": {"device_start": 1585636707.510683, "host_queued_start": 1585636774.30966, "device_queued": 1585636707.5095313, "device_end": 1585636707.510708, "host_queued_end": 1585636774.317631}, "device": "gpu", "nd_range": {"device_start": 1585636707.51072, "device_end": 1585636707.5129242}, "cmdq": 0, "read": {"device_start": -1, "device_end": -1}}, "FFC_sans_bias18": {"write": {"device_start": 1585636707.5101216, "host_queued_start": 1585636774.308628, "device_queued": 1585636707.5092866, "device_end": 1585636707.5101523, "host_queued_end": 1585636774.317631}, "device": "gpu", "nd_range": {"device_start": 1585636707.5101585, "device_end": 1585636707.5124762}, "cmdq": 4, "read": {"device_start": -1, "device_end": -1}}, "empty26": {"write": {"device_start": 1585636707.5087616, "host_queued_start": 1585636774.301235, "device_queued": 1585636707.5085576, "device_end": 1585636707.5088203, "host_queued_end": 1585636774.317631}, "device": "gpu", "nd_range": {"device_start": 1585636707.5088258, "device_end": 1585636707.508829}, "cmdq": 2, "read": {"device_start": -1, "device_end": -1}}, "coalesced_transpose12": {"write": {"device_start": -1, "host_queued_start": 1585636774.311344, "device_queued": -1, "device_end": -1, "host_queued_end": 1585636774.317631}, "device": "gpu", "nd_range": {"device_start": 1585636707.5119622, "device_end": 1585636707.5133228}, "cmdq": 3, "read": {"device_start": -1, "device_end": -1}}, "coalesced_transpose21": {"write": {"device_start": -1, "host_queued_start": 1585636774.311642, "device_queued": -1, "device_end": -1, "host_queued_end": 1585636774.317631}, "device": "gpu", "nd_range": {"device_start": 1585636707.512934, "device_end": 1585636707.513325}, "cmdq": 4, "read": {"device_start": -1, "device_end": -1}}, "softmax14": {"write": {"device_start": -1, "host_queued_start": 1585636774.313223, "device_queued": -1, "device_end": -1, "host_queued_end": 1585636774.317631}, "device": "gpu", "nd_range": {"device_start": 1585636707.515109, "device_end": 1585636707.5155098}, "cmdq": 4, "read": {"device_start": -1, "device_end": -1}}, "FFC_sans_bias13": {"write": {"device_start": -1, "host_queued_start": 1585636774.312295, "device_queued": -1, "device_end": -1, "host_queued_end": 1585636774.317631}, "device": "gpu", "nd_range": {"device_start": 1585636707.51343, "device_end": 1585636707.5149014}, "cmdq": 1, "read": {"device_start": -1, "device_end": -1}}, "empty8": {"write": {"device_start": 1585636707.5085342, "host_queued_start": 1585636774.299356, "device_queued": 1585636707.5084152, "device_end": 1585636707.5085871, "host_queued_end": 1585636774.317631}, "device": "gpu", "nd_range": {"device_start": 1585636707.508594, "device_end": 1585636707.5085986}, "cmdq": 0, "read": {"device_start": -1, "device_end": -1}}, "FFC_sans_bias24": {"write": {"device_start": -1, "host_queued_start": 1585636774.314416, "device_queued": -1, "device_end": -1, "host_queued_end": 1585636774.317631}, "device": "gpu", "nd_range": {"device_start": 1585636707.5155272, "device_end": 1585636707.516699}, "cmdq": 3, "read": {"device_start": -1, "device_end": -1}}, "FFC_sans_bias25": {"write": {"device_start": 1585636707.515833, "host_queued_start": 1585636774.31753, "device_queued": 1585636707.5106032, "device_end": 1585636707.5158634,