{"FFC_sans_bias4": {"write": {"device_start": -1, "host_queued_start": 1585636605.511632, "device_queued": -1, "device_end": -1, "host_queued_end": 1585636605.513435}, "device": "cpu", "nd_range": {"device_start": 2304379.715113726, "device_end": 2304379.719557812}, "cmdq": 0, "read": {"device_start": -1, "device_end": -1}}, "FFC_sans_bias7": {"write": {"device_start": -1, "host_queued_start": 1585636605.513389, "device_queued": -1, "device_end": -1, "host_queued_end": 1585636605.513435}, "device": "cpu", "nd_range": {"device_start": 2304379.724826102, "device_end": 2304379.729008986}, "cmdq": 3, "read": {"device_start": -1, "device_end": -1}}, "FFC_sans_bias6": {"write": {"device_start": -1, "host_queued_start": 1585636605.512251, "device_queued": -1, "device_end": -1, "host_queued_end": 1585636605.513435}, "device": "cpu", "nd_range": {"device_start": 2304379.7198589332, "device_end": 2304379.724808481}, "cmdq": 2, "read": {"device_start": -1, "device_end": -1}}, "FFC_sans_bias1": {"write": {"device_start": -1, "host_queued_start": 1585636605.509576, "device_queued": -1, "device_end": -1, "host_queued_end": 1585636605.513435}, "device": "cpu", "nd_range": {"device_start": 2304379.703027028, "device_end": 2304379.7147840774}, "cmdq": 2, "read": {"device_start": -1, "device_end": -1}}, "FFC_sans_bias0": {"write": {"device_start": -1, "host_queued_start": 1585636605.508406, "device_queued": -1, "device_end": -1, "host_queued_end": 1585636605.513435}, "device": "cpu", "nd_range": {"device_start": 2304379.703025481, "device_end": 2304379.716497564}, "cmdq": 1, "read": {"device_start": -1, "device_end": -1}}, "FFC_sans_bias2": {"write": {"device_start": -1, "host_queued_start": 1585636605.510786, "device_queued": -1, "device_end": -1, "host_queued_end": 1585636605.513435}, "device": "cpu", "nd_range": {"device_start": 2304379.703035253, "device_end": 2304379.7109923363}, "cmdq": 3, "read": {"device_start": -1, "device_end": -1}}, "FFC_sans_bias9": {"write": {"device_start": 1585636538.7022734, "host_queued_start": 1585636605.495449, "device_queued": 1585636538.7013876, "device_end": 1585636538.7023067, "host_queued_end": 1585636605.505748}, "device": "gpu", "nd_range": {"device_start": 1585636538.702313, "device_end": 1585636538.7029066}, "cmdq": 0, "read": {"device_start": -1, "device_end": -1}}, "softmax23": {"write": {"device_start": -1, "host_queued_start": 1585636605.502739, "device_queued": -1, "device_end": -1, "host_queued_end": 1585636605.505748}, "device": "gpu", "nd_range": {"device_start": 1585636538.7081773, "device_end": 1585636538.7083793}, "cmdq": 0, "read": {"device_start": -1, "device_end": -1}}, "FFC_sans_bias11": {"write": {"device_start": 1585636538.703803, "host_queued_start": 1585636605.497584, "device_queued": 1585636538.7016203, "device_end": 1585636538.703832, "host_queued_end": 1585636605.505748}, "device": "gpu", "nd_range": {"device_start": 1585636538.703841, "device_end": 1585636538.7044375}, "cmdq": 0, "read": {"device_start": -1, "device_end": -1}}, "FFC_sans_bias10": {"write": {"device_start": 1585636538.7030406, "host_queued_start": 1585636605.496491, "device_queued": 1585636538.701547, "device_end": 1585636538.703073, "host_queued_end": 1585636605.505748}, "device": "gpu", "nd_range": {"device_start": 1585636538.7030761, "device_end": 1585636538.703677}, "cmdq": 0, "read": {"device_start": -1, "device_end": -1}}, "coalesced_transpose3": {"write": {"device_start": -1, "host_queued_start": 1585636605.511247, "device_queued": -1, "device_end": -1, "host_queued_end": 1585636605.513435}, "device": "cpu", "nd_range": {"device_start": 2304379.714803153, "device_end": 2304379.714991751}, "cmdq": 4, "read": {"device_start": -1, "device_end": -1}}, "FFC_sans_bias15": {"write": {"device_start": -1, "host_queued_start": 1585636605.503052, "device_queued": -1, "device_end": -1, "host_queued_end": 1585636605.505748}, "device": "gpu", "nd_range": {"device_start": 1585636538.7083802, "device_end": 1585636538.708979}, "cmdq": 0, "read": {"device_start": -1, "device_end": -1}}, "FFC_sans_bias16": {"write": {"device_start": 1585636538.7149014, "host_queued_start": 1585636605.5046, "device_queued": 1585636538.702425, "device_end": 1585636538.7149246, "host_queued_end": 1585636605.505748}, "device": "gpu", "nd_range": {"device_start": 1585636538.7149286, "device_end": 1585636538.7155268}, "cmdq": 0, "read": {"device_start": 1585636538.7155342, "device_end": 1585636538.7155566}}, "FFC_sans_bias19": {"write": {"device_start": 1585636538.7053113, "host_queued_start": 1585636605.499786, "device_queued": 1585636538.7017803, "device_end": 1585636538.7053394, "host_queued_end": 1585636605.505748}, "device": "gpu", "nd_range": {"device_start": 1585636538.7053494, "device_end": 1585636538.7059574}, "cmdq": 0, "read": {"device_start": -1, "device_end": -1}}, "FFC_sans_bias18": {"write": {"device_start": 1585636538.704556, "host_queued_start": 1585636605.49869, "device_queued": 1585636538.701748, "device_end": 1585636538.7045846, "host_queued_end": 1585636605.505748}, "device": "gpu", "nd_range": {"device_start": 1585636538.7045934, "device_end": 1585636538.7052028}, "cmdq": 0, "read": {"device_start": -1, "device_end": -1}}, "empty26": {"write": {"device_start": 1585636538.702043, "host_queued_start": 1585636605.494389, "device_queued": 1585636538.7013605, "device_end": 1585636538.7020738, "host_queued_end": 1585636605.505748}, "device": "gpu", "nd_range": {"device_start": 1585636538.7020826, "device_end": 1585636538.7020862}, "cmdq": 0, "read": {"device_start": -1, "device_end": -1}}, "coalesced_transpose12": {"write": {"device_start": -1, "host_queued_start": 1585636605.501212, "device_queued": -1, "device_end": -1, "host_queued_end": 1585636605.505748}, "device": "gpu", "nd_range": {"device_start": 1585636538.7067301, "device_end": 1585636538.7067392}, "cmdq": 0, "read": {"device_start": -1, "device_end": -1}}, "coalesced_transpose21": {"write": {"device_start": -1, "host_queued_start": 1585636605.501517, "device_queued": -1, "device_end": -1, "host_queued_end": 1585636605.505748}, "device": "gpu", "nd_range": {"device_start": 1585636538.7067409, "device_end": 1585636538.706748}, "cmdq": 0, "read": {"device_start": -1, "device_end": -1}}, "softmax14": {"write": {"device_start": -1, "host_queued_start": 1585636605.502398, "device_queued": -1, "device_end": -1, "host_queued_end": 1585636605.505748}, "device": "gpu", "nd_range": {"device_start": 1585636538.7079604, "device_end": 1585636538.708176}, "cmdq": 0, "read": {"device_start": -1, "device_end": -1}}, "FFC_sans_bias13": {"write": {"device_start": -1, "host_queued_start": 1585636605.50183, "device_queued": -1, "device_end": -1, "host_queued_end": 1585636605.505748}, "device": "gpu", "nd_range": {"device_start": 1585636538.7067492, "device_end": 1585636538.7073545}, "cmdq": 0, "read": {"device_start": -1, "device_end": -1}}, "empty8": {"write": {"device_start": -1, "host_queued_start": 1585636605.507091, "device_queued": -1, "device_end": -1, "host_queued_end": 1585636605.513435}, "device": "cpu", "nd_range": {"device_start": 2304379.703006414, "device_end": 2304379.703014687}, "cmdq": 0, "read": {"device_start": -1, "device_end": -1}}, "FFC_sans_bias24": {"write": {"device_start": -1, "host_queued_start": 1585636605.503372, "device_queued": -1, "device_end": -1, "host_queued_end": 1585636605.505748}, "device": "gpu", "nd_range": {"device_start": 1585636538.7089798, "device_end": 1585636538.7095807}, "cmdq": 0, "read": {"device_start": -1, "device_end": -1}}, "FFC_sans_bias25": {"write": {"device_start": 1585636538.7156966, "host_queued_start": 1585636605.505652, "device_queued": 1585636538.702598, "device_end": 1585636538.7157192, "host_queued_end": 1585636605.505748}, "device": "gpu", "nd_range": {"device_start": 1585636538.715723, "device_end": 1585636538.7163203}, "cmdq": 0, "read": {"device_start": 1585636538.7163293, "device_end": 1585636538.7163525}},