{"FFC_sans_bias4": {"write": {"device_start": -1, "host_queued_start": 1585636680.694135, "device_queued": -1, "device_end": -1, "host_queued_end": 1585636680.695999}, "device": "cpu", "nd_range": {"device_start": 2304454.897866168, "device_end": 2304454.901811197}, "cmdq": 1, "read": {"device_start": -1, "device_end": -1}}, "FFC_sans_bias7": {"write": {"device_start": -1, "host_queued_start": 1585636680.695926, "device_queued": -1, "device_end": -1, "host_queued_end": 1585636680.695999}, "device": "cpu", "nd_range": {"device_start": 2304454.906987559, "device_end": 2304454.91150098}, "cmdq": 0, "read": {"device_start": -1, "device_end": -1}}, "FFC_sans_bias6": {"write": {"device_start": -1, "host_queued_start": 1585636680.694834, "device_queued": -1, "device_end": -1, "host_queued_end": 1585636680.695999}, "device": "cpu", "nd_range": {"device_start": 2304454.90219671, "device_end": 2304454.9069638792}, "cmdq": 1, "read": {"device_start": -1, "device_end": -1}}, "FFC_sans_bias1": {"write": {"device_start": -1, "host_queued_start": 1585636680.692356, "device_queued": -1, "device_end": -1, "host_queued_end": 1585636680.695999}, "device": "cpu", "nd_range": {"device_start": 2304454.885625082, "device_end": 2304454.895268896}, "cmdq": 0, "read": {"device_start": -1, "device_end": -1}}, "FFC_sans_bias0": {"write": {"device_start": -1, "host_queued_start": 1585636680.691246, "device_queued": -1, "device_end": -1, "host_queued_end": 1585636680.695999}, "device": "cpu", "nd_range": {"device_start": 2304454.885618024, "device_end": 2304454.891495453}, "cmdq": 1, "read": {"device_start": -1, "device_end": -1}}, "FFC_sans_bias2": {"write": {"device_start": -1, "host_queued_start": 1585636680.693407, "device_queued": -1, "device_end": -1, "host_queued_end": 1585636680.695999}, "device": "cpu", "nd_range": {"device_start": 2304454.8916764082, "device_end": 2304454.897860181}, "cmdq": 1, "read": {"device_start": -1, "device_end": -1}}, "FFC_sans_bias9": {"write": {"device_start": 1585636613.8822737, "host_queued_start": 1585636680.678649, "device_queued": 1585636613.8820326, "device_end": 1585636613.882305, "host_queued_end": 1585636680.688589}, "device": "gpu", "nd_range": {"device_start": 1585636613.8823135, "device_end": 1585636613.882918}, "cmdq": 2, "read": {"device_start": -1, "device_end": -1}}, "softmax23": {"write": {"device_start": -1, "host_queued_start": 1585636680.68567, "device_queued": -1, "device_end": -1, "host_queued_end": 1585636680.688589}, "device": "gpu", "nd_range": {"device_start": 1585636613.8863184, "device_end": 1585636613.8865118}, "cmdq": 1, "read": {"device_start": -1, "device_end": -1}}, "FFC_sans_bias11": {"write": {"device_start": 1585636613.882525, "host_queued_start": 1585636680.680752, "device_queued": 1585636613.8823657, "device_end": 1585636613.8825574, "host_queued_end": 1585636680.688589}, "device": "gpu", "nd_range": {"device_start": 1585636613.8825617, "device_end": 1585636613.8838956}, "cmdq": 1, "read": {"device_start": -1, "device_end": -1}}, "FFC_sans_bias10": {"write": {"device_start": 1585636613.8824174, "host_queued_start": 1585636680.679715, "device_queued": 1585636613.8823164, "device_end": 1585636613.8824887, "host_queued_end": 1585636680.688589}, "device": "gpu", "nd_range": {"device_start": 1585636613.8824952, "device_end": 1585636613.883325}, "cmdq": 0, "read": {"device_start": -1, "device_end": -1}}, "coalesced_transpose3": {"write": {"device_start": -1, "host_queued_start": 1585636680.693769, "device_queued": -1, "device_end": -1, "host_queued_end": 1585636680.695999}, "device": "cpu", "nd_range": {"device_start": 2304454.895374734, "device_end": 2304454.8956119893}, "cmdq": 0, "read": {"device_start": -1, "device_end": -1}}, "FFC_sans_bias15": {"write": {"device_start": -1, "host_queued_start": 1585636680.685976, "device_queued": -1, "device_end": -1, "host_queued_end": 1585636680.688589}, "device": "gpu", "nd_range": {"device_start": 1585636613.886518, "device_end": 1585636613.8871346}, "cmdq": 2, "read": {"device_start": -1, "device_end": -1}}, "FFC_sans_bias16": {"write": {"device_start": 1585636613.886645, "host_queued_start": 1585636680.687333, "device_queued": 1585636613.8832016, "device_end": 1585636613.8866756, "host_queued_end": 1585636680.688589}, "device": "gpu", "nd_range": {"device_start": 1585636613.8871496, "device_end": 1585636613.8881414}, "cmdq": 1, "read": {"device_start": 1585636613.8881447, "device_end": 1585636613.8881683}}, "FFC_sans_bias19": {"write": {"device_start": 1585636613.8834405, "host_queued_start": 1585636680.682902, "device_queued": 1585636613.8825827, "device_end": 1585636613.8834708, "host_queued_end": 1585636680.688589}, "device": "gpu", "nd_range": {"device_start": 1585636613.8834732, "device_end": 1585636613.884861}, "cmdq": 0, "read": {"device_start": -1, "device_end": -1}}, "FFC_sans_bias18": {"write": {"device_start": 1585636613.883056, "host_queued_start": 1585636680.6818, "device_queued": 1585636613.8823829, "device_end": 1585636613.8830872, "host_queued_end": 1585636680.688589}, "device": "gpu", "nd_range": {"device_start": 1585636613.8830905, "device_end": 1585636613.8843198}, "cmdq": 2, "read": {"device_start": -1, "device_end": -1}}, "empty26": {"write": {"device_start": 1585636613.882167, "host_queued_start": 1585636680.677618, "device_queued": 1585636613.8820128, "device_end": 1585636613.8822374, "host_queued_end": 1585636680.688589}, "device": "gpu", "nd_range": {"device_start": 1585636613.882251, "device_end": 1585636613.882256}, "cmdq": 1, "read": {"device_start": -1, "device_end": -1}}, "coalesced_transpose12": {"write": {"device_start": -1, "host_queued_start": 1585636680.684263, "device_queued": -1, "device_end": -1, "host_queued_end": 1585636680.688589}, "device": "gpu", "nd_range": {"device_start": 1585636613.8843215, "device_end": 1585636613.8851702}, "cmdq": 2, "read": {"device_start": -1, "device_end": -1}}, "coalesced_transpose21": {"write": {"device_start": -1, "host_queued_start": 1585636680.684559, "device_queued": -1, "device_end": -1, "host_queued_end": 1585636680.688589}, "device": "gpu", "nd_range": {"device_start": 1585636613.884862, "device_end": 1585636613.885179}, "cmdq": 0, "read": {"device_start": -1, "device_end": -1}}, "softmax14": {"write": {"device_start": -1, "host_queued_start": 1585636680.685425, "device_queued": -1, "device_end": -1, "host_queued_end": 1585636680.688589}, "device": "gpu", "nd_range": {"device_start": 1585636613.8863144, "device_end": 1585636613.8865092}, "cmdq": 0, "read": {"device_start": -1, "device_end": -1}}, "FFC_sans_bias13": {"write": {"device_start": -1, "host_queued_start": 1585636680.684871, "device_queued": -1, "device_end": -1, "host_queued_end": 1585636680.688589}, "device": "gpu", "nd_range": {"device_start": 1585636613.8852973, "device_end": 1585636613.8859024}, "cmdq": 1, "read": {"device_start": -1, "device_end": -1}}, "empty8": {"write": {"device_start": -1, "host_queued_start": 1585636680.689965, "device_queued": -1, "device_end": -1, "host_queued_end": 1585636680.695999}, "device": "cpu", "nd_range": {"device_start": 2304454.885597091, "device_end": 2304454.885606186}, "cmdq": 0, "read": {"device_start": -1, "device_end": -1}}, "FFC_sans_bias24": {"write": {"device_start": -1, "host_queued_start": 1585636680.686281, "device_queued": -1, "device_end": -1, "host_queued_end": 1585636680.688589}, "device": "gpu", "nd_range": {"device_start": 1585636613.8871377, "device_end": 1585636613.887742}, "cmdq": 0, "read": {"device_start": -1, "device_end": -1}}, "FFC_sans_bias25": {"write": {"device_start": 1585636613.8872607, "host_queued_start": 1585636680.688493, "device_queued": 1585636613.8831756, "device_end": 1585636613.8872905, "host_queued_end": 1585636680.688589}, "device": "gpu", "nd_range": {"device_start": 1585636613.8877466, "device_end": 1585636613.888697}, "cmdq": 2, "read": {"device_start": 1585636613.8887024, "device_end": 1585636613.8887253}},