{"FFC_sans_bias4": {"write": {"device_start": -1, "host_queued_start": 1585636656.625229, "device_queued": -1, "device_end": -1, "host_queued_end": 1585636656.63093}, "device": "gpu", "nd_range": {"device_start": 1585636589.8299634, "device_end": 1585636589.830569}, "cmdq": 1, "read": {"device_start": -1, "device_end": -1}}, "FFC_sans_bias7": {"write": {"device_start": 1585636589.832892, "host_queued_start": 1585636656.628715, "device_queued": 1585636589.8269098, "device_end": 1585636589.832922, "host_queued_end": 1585636656.63093}, "device": "gpu", "nd_range": {"device_start": 1585636589.8329298, "device_end": 1585636589.833757}, "cmdq": 0, "read": {"device_start": 1585636589.8337584, "device_end": 1585636589.8337822}}, "FFC_sans_bias6": {"write": {"device_start": -1, "host_queued_start": 1585636656.627074, "device_queued": -1, "device_end": -1, "host_queued_end": 1585636656.63093}, "device": "gpu", "nd_range": {"device_start": 1585636589.8317568, "device_end": 1585636589.83236}, "cmdq": 1, "read": {"device_start": -1, "device_end": -1}}, "FFC_sans_bias1": {"write": {"device_start": 1585636589.825557, "host_queued_start": 1585636656.616602, "device_queued": 1585636589.8254743, "device_end": 1585636589.8255877, "host_queued_end": 1585636656.63093}, "device": "gpu", "nd_range": {"device_start": 1585636589.8255916, "device_end": 1585636589.8265095}, "cmdq": 0, "read": {"device_start": -1, "device_end": -1}}, "FFC_sans_bias0": {"write": {"device_start": 1585636589.8254633, "host_queued_start": 1585636656.615559, "device_queued": 1585636589.8251932, "device_end": 1585636589.8254929, "host_queued_end": 1585636656.63093}, "device": "gpu", "nd_range": {"device_start": 1585636589.8255038, "device_end": 1585636589.826113}, "cmdq": 1, "read": {"device_start": -1, "device_end": -1}}, "FFC_sans_bias2": {"write": {"device_start": 1585636589.8262126, "host_queued_start": 1585636656.617681, "device_queued": 1585636589.8255265, "device_end": 1585636589.8262427, "host_queued_end": 1585636656.63093}, "device": "gpu", "nd_range": {"device_start": 1585636589.826245, "device_end": 1585636589.8270948}, "cmdq": 1, "read": {"device_start": -1, "device_end": -1}}, "FFC_sans_bias9": {"write": {"device_start": 1585636589.8266528, "host_queued_start": 1585636656.618768, "device_queued": 1585636589.8256698, "device_end": 1585636589.826683, "host_queued_end": 1585636656.63093}, "device": "gpu", "nd_range": {"device_start": 1585636589.8266866, "device_end": 1585636589.8275027}, "cmdq": 0, "read": {"device_start": -1, "device_end": -1}}, "softmax23": {"write": {"device_start": -1, "host_queued_start": 1585636656.626763, "device_queued": -1, "device_end": -1, "host_queued_end": 1585636656.63093}, "device": "gpu", "nd_range": {"device_start": 1585636589.8315997, "device_end": 1585636589.8318222}, "cmdq": 0, "read": {"device_start": -1, "device_end": -1}}, "FFC_sans_bias11": {"write": {"device_start": 1585636589.827602, "host_queued_start": 1585636656.620838, "device_queued": 1585636589.8258617, "device_end": 1585636589.8276343, "host_queued_end": 1585636656.63093}, "device": "gpu", "nd_range": {"device_start": 1585636589.827639, "device_end": 1585636589.8284986}, "cmdq": 0, "read": {"device_start": -1, "device_end": -1}}, "FFC_sans_bias10": {"write": {"device_start": 1585636589.8272352, "host_queued_start": 1585636656.6198, "device_queued": 1585636589.8257103, "device_end": 1585636589.8272667, "host_queued_end": 1585636656.63093}, "device": "gpu", "nd_range": {"device_start": 1585636589.8272705, "device_end": 1585636589.828071}, "cmdq": 1, "read": {"device_start": -1, "device_end": -1}}, "coalesced_transpose3": {"write": {"device_start": -1, "host_queued_start": 1585636656.624315, "device_queued": -1, "device_end": -1, "host_queued_end": 1585636656.63093}, "device": "gpu", "nd_range": {"device_start": 1585636589.8294947, "device_end": 1585636589.8298573}, "cmdq": 0, "read": {"device_start": -1, "device_end": -1}}, "FFC_sans_bias15": {"write": {"device_start": -1, "host_queued_start": 1585636656.627394, "device_queued": -1, "device_end": -1, "host_queued_end": 1585636656.63093}, "device": "gpu", "nd_range": {"device_start": 1585636589.8318267, "device_end": 1585636589.8327663}, "cmdq": 0, "read": {"device_start": -1, "device_end": -1}}, "FFC_sans_bias16": {"write": {"device_start": 1585636589.8334498, "host_queued_start": 1585636656.62976, "device_queued": 1585636589.82696, "device_end": 1585636589.83348, "host_queued_end": 1585636656.63093}, "device": "gpu", "nd_range": {"device_start": 1585636589.8334851, "device_end": 1585636589.8343067}, "cmdq": 1, "read": {"device_start": 1585636589.834315, "device_end": 1585636589.8343375}}, "FFC_sans_bias19": {"write": {"device_start": 1585636589.828629, "host_queued_start": 1585636656.622956, "device_queued": 1585636589.8260505, "device_end": 1585636589.8286602, "host_queued_end": 1585636656.63093}, "device": "gpu", "nd_range": {"device_start": 1585636589.828665, "device_end": 1585636589.829493}, "cmdq": 0, "read": {"device_start": -1, "device_end": -1}}, "FFC_sans_bias18": {"write": {"device_start": 1585636589.828203, "host_queued_start": 1585636656.621869, "device_queued": 1585636589.8259022, "device_end": 1585636589.8282344, "host_queued_end": 1585636656.63093}, "device": "gpu", "nd_range": {"device_start": 1585636589.8282382, "device_end": 1585636589.8290327}, "cmdq": 1, "read": {"device_start": -1, "device_end": -1}}, "empty26": {"write": {"device_start": 1585636589.825359, "host_queued_start": 1585636656.614562, "device_queued": 1585636589.825153, "device_end": 1585636589.8254285, "host_queued_end": 1585636656.63093}, "device": "gpu", "nd_range": {"device_start": 1585636589.8254383, "device_end": 1585636589.8254478}, "cmdq": 0, "read": {"device_start": -1, "device_end": -1}}, "coalesced_transpose12": {"write": {"device_start": -1, "host_queued_start": 1585636656.624615, "device_queued": -1, "device_end": -1, "host_queued_end": 1585636656.63093}, "device": "gpu", "nd_range": {"device_start": 1585636589.8299472, "device_end": 1585636589.8299582}, "cmdq": 1, "read": {"device_start": -1, "device_end": -1}}, "coalesced_transpose21": {"write": {"device_start": -1, "host_queued_start": 1585636656.624913, "device_queued": -1, "device_end": -1, "host_queued_end": 1585636656.63093}, "device": "gpu", "nd_range": {"device_start": 1585636589.8298583, "device_end": 1585636589.8298724}, "cmdq": 0, "read": {"device_start": -1, "device_end": -1}}, "softmax14": {"write": {"device_start": -1, "host_queued_start": 1585636656.626484, "device_queued": -1, "device_end": -1, "host_queued_end": 1585636656.63093}, "device": "gpu", "nd_range": {"device_start": 1585636589.8315506, "device_end": 1585636589.8317523}, "cmdq": 1, "read": {"device_start": -1, "device_end": -1}}, "FFC_sans_bias13": {"write": {"device_start": -1, "host_queued_start": 1585636656.625545, "device_queued": -1, "device_end": -1, "host_queued_end": 1585636656.63093}, "device": "gpu", "nd_range": {"device_start": 1585636589.8299718, "device_end": 1585636589.8309748}, "cmdq": 0, "read": {"device_start": -1, "device_end": -1}}, "empty8": {"write": {"device_start": 1585636589.82514, "host_queued_start": 1585636656.612621, "device_queued": 1585636589.8250167, "device_end": 1585636589.8251858, "host_queued_end": 1585636656.63093}, "device": "gpu", "nd_range": {"device_start": 1585636589.8251898, "device_end": 1585636589.8252032}, "cmdq": 0, "read": {"device_start": -1, "device_end": -1}}, "FFC_sans_bias24": {"write": {"device_start": -1, "host_queued_start": 1585636656.627705, "device_queued": -1, "device_end": -1, "host_queued_end": 1585636656.63093}, "device": "gpu", "nd_range": {"device_start": 1585636589.8323648, "device_end": 1585636589.833329}, "cmdq": 1, "read": {"device_start": -1, "device_end": -1}}, "FFC_sans_bias25": {"write": {"device_start": 1585636589.8339703, "host_queued_start": 1585636656.630824, "device_queued": 1585636589.827134, "device_end": 1585636589.8339999,