{"FFC_sans_bias4": {"write": {"device_start": -1, "host_queued_start": 1585636776.954087, "device_queued": -1, "device_end": -1, "host_queued_end": 1585636776.955919}, "device": "cpu", "nd_range": {"device_start": 2304551.157711766, "device_end": 2304551.161984626}, "cmdq": 0, "read": {"device_start": -1, "device_end": -1}}, "FFC_sans_bias7": {"write": {"device_start": -1, "host_queued_start": 1585636776.955875, "device_queued": -1, "device_end": -1, "host_queued_end": 1585636776.955919}, "device": "cpu", "nd_range": {"device_start": 2304551.1668932023, "device_end": 2304551.171405382}, "cmdq": 0, "read": {"device_start": -1, "device_end": -1}}, "FFC_sans_bias6": {"write": {"device_start": -1, "host_queued_start": 1585636776.954733, "device_queued": -1, "device_end": -1, "host_queued_end": 1585636776.955919}, "device": "cpu", "nd_range": {"device_start": 2304551.1623110133, "device_end": 2304551.166887577}, "cmdq": 0, "read": {"device_start": -1, "device_end": -1}}, "FFC_sans_bias1": {"write": {"device_start": -1, "host_queued_start": 1585636776.952261, "device_queued": -1, "device_end": -1, "host_queued_end": 1585636776.955919}, "device": "cpu", "nd_range": {"device_start": 2304551.149616945, "device_end": 2304551.15356175}, "cmdq": 0, "read": {"device_start": -1, "device_end": -1}}, "FFC_sans_bias0": {"write": {"device_start": -1, "host_queued_start": 1585636776.951212, "device_queued": -1, "device_end": -1, "host_queued_end": 1585636776.955919}, "device": "cpu", "nd_range": {"device_start": 2304551.145519873, "device_end": 2304551.149597749}, "cmdq": 0, "read": {"device_start": -1, "device_end": -1}}, "FFC_sans_bias2": {"write": {"device_start": -1, "host_queued_start": 1585636776.953335, "device_queued": -1, "device_end": -1, "host_queued_end": 1585636776.955919}, "device": "cpu", "nd_range": {"device_start": 2304551.1535702352, "device_end": 2304551.157470108}, "cmdq": 0, "read": {"device_start": -1, "device_end": -1}}, "FFC_sans_bias9": {"write": {"device_start": 1585636710.139668, "host_queued_start": 1585636776.938601, "device_queued": 1585636710.139428, "device_end": 1585636710.1397414, "host_queued_end": 1585636776.948626}, "device": "gpu", "nd_range": {"device_start": 1585636710.139748, "device_end": 1585636710.1403537}, "cmdq": 2, "read": {"device_start": -1, "device_end": -1}}, "softmax23": {"write": {"device_start": -1, "host_queued_start": 1585636776.94566, "device_queued": -1, "device_end": -1, "host_queued_end": 1585636776.948626}, "device": "gpu", "nd_range": {"device_start": 1585636710.143733, "device_end": 1585636710.1441245}, "cmdq": 3, "read": {"device_start": -1, "device_end": -1}}, "FFC_sans_bias11": {"write": {"device_start": 1585636710.1398687, "host_queued_start": 1585636776.940746, "device_queued": 1585636710.1396508, "device_end": 1585636710.1398969, "host_queued_end": 1585636776.948626}, "device": "gpu", "nd_range": {"device_start": 1585636710.1399066, "device_end": 1585636710.1413345}, "cmdq": 4, "read": {"device_start": -1, "device_end": -1}}, "FFC_sans_bias10": {"write": {"device_start": 1585636710.1397774, "host_queued_start": 1585636776.939684, "device_queued": 1585636710.1394613, "device_end": 1585636710.1398451, "host_queued_end": 1585636776.948626}, "device": "gpu", "nd_range": {"device_start": 1585636710.1398497, "device_end": 1585636710.1407623}, "cmdq": 3, "read": {"device_start": -1, "device_end": -1}}, "coalesced_transpose3": {"write": {"device_start": -1, "host_queued_start": 1585636776.9537, "device_queued": -1, "device_end": -1, "host_queued_end": 1585636776.955919}, "device": "cpu", "nd_range": {"device_start": 2304551.157599688, "device_end": 2304551.157706031}, "cmdq": 0, "read": {"device_start": -1, "device_end": -1}}, "FFC_sans_bias15": {"write": {"device_start": -1, "host_queued_start": 1585636776.946083, "device_queued": -1, "device_end": -1, "host_queued_end": 1585636776.948626}, "device": "gpu", "nd_range": {"device_start": 1585636710.1437507, "device_end": 1585636710.1443617}, "cmdq": 4, "read": {"device_start": -1, "device_end": -1}}, "FFC_sans_bias16": {"write": {"device_start": 1585636710.1438644, "host_queued_start": 1585636776.947443, "device_queued": 1585636710.1406054, "device_end": 1585636710.1439395, "host_queued_end": 1585636776.948626}, "device": "gpu", "nd_range": {"device_start": 1585636710.144364, "device_end": 1585636710.1453443}, "cmdq": 1, "read": {"device_start": 1585636710.145351, "device_end": 1585636710.1453743}}, "FFC_sans_bias19": {"write": {"device_start": 1585636710.1401024, "host_queued_start": 1585636776.942885, "device_queued": 1585636710.139968, "device_end": 1585636710.1401272, "host_queued_end": 1585636776.948626}, "device": "gpu", "nd_range": {"device_start": 1585636710.1401742, "device_end": 1585636710.1423013}, "cmdq": 1, "read": {"device_start": -1, "device_end": -1}}, "FFC_sans_bias18": {"write": {"device_start": 1585636710.140018, "host_queued_start": 1585636776.94181, "device_queued": 1585636710.1399121, "device_end": 1585636710.1400898, "host_queued_end": 1585636776.948626}, "device": "gpu", "nd_range": {"device_start": 1585636710.1400936, "device_end": 1585636710.1417508}, "cmdq": 0, "read": {"device_start": -1, "device_end": -1}}, "empty26": {"write": {"device_start": 1585636710.1395633, "host_queued_start": 1585636776.937584, "device_queued": 1585636710.1394067, "device_end": 1585636710.1396384, "host_queued_end": 1585636776.948626}, "device": "gpu", "nd_range": {"device_start": 1585636710.1396983, "device_end": 1585636710.1397393}, "cmdq": 1, "read": {"device_start": -1, "device_end": -1}}, "coalesced_transpose12": {"write": {"device_start": -1, "host_queued_start": 1585636776.944238, "device_queued": -1, "device_end": -1, "host_queued_end": 1585636776.948626}, "device": "gpu", "nd_range": {"device_start": 1585636710.1407635, "device_end": 1585636710.142584}, "cmdq": 3, "read": {"device_start": -1, "device_end": -1}}, "coalesced_transpose21": {"write": {"device_start": -1, "host_queued_start": 1585636776.944538, "device_queued": -1, "device_end": -1, "host_queued_end": 1585636776.948626}, "device": "gpu", "nd_range": {"device_start": 1585636710.1425886, "device_end": 1585636710.1426246}, "cmdq": 4, "read": {"device_start": -1, "device_end": -1}}, "softmax14": {"write": {"device_start": -1, "host_queued_start": 1585636776.945416, "device_queued": -1, "device_end": -1, "host_queued_end": 1585636776.948626}, "device": "gpu", "nd_range": {"device_start": 1585636710.1432598, "device_end": 1585636710.1437476}, "cmdq": 2, "read": {"device_start": -1, "device_end": -1}}, "FFC_sans_bias13": {"write": {"device_start": -1, "host_queued_start": 1585636776.944853, "device_queued": -1, "device_end": -1, "host_queued_end": 1585636776.948626}, "device": "gpu", "nd_range": {"device_start": 1585636710.142593, "device_end": 1585636710.1432526}, "cmdq": 0, "read": {"device_start": -1, "device_end": -1}}, "empty8": {"write": {"device_start": -1, "host_queued_start": 1585636776.950061, "device_queued": -1, "device_end": -1, "host_queued_end": 1585636776.955919}, "device": "cpu", "nd_range": {"device_start": 2304551.145492704, "device_end": 2304551.145504638}, "cmdq": 0, "read": {"device_start": -1, "device_end": -1}}, "FFC_sans_bias24": {"write": {"device_start": -1, "host_queued_start": 1585636776.946401, "device_queued": -1, "device_end": -1, "host_queued_end": 1585636776.948626}, "device": "gpu", "nd_range": {"device_start": 1585636710.144128, "device_end": 1585636710.1447706}, "cmdq": 0, "read": {"device_start": -1, "device_end": -1}}, "FFC_sans_bias25": {"write": {"device_start": 1585636710.1439548, "host_queued_start": 1585636776.948526, "device_queued": 1585636710.140625, "device_end": 1585636710.1439912, "host_queued_end": 1585636776.948626}, "device": "gpu", "nd_range": {"device_start": 1585636710.1447759, "device_end": 1585636710.1457505}, "cmdq": 2, "read": {"device_start": 1585636710.1457539, "device_end": 1585636710.1457775}},