{"FFC_sans_bias4": {"write": {"device_start": -1, "host_queued_start": 1585636817.241229, "device_queued": -1, "device_end": -1, "host_queued_end": 1585636817.246944}, "device": "gpu", "nd_range": {"device_start": 1585636750.4414456, "device_end": 1585636750.4420505}, "cmdq": 0, "read": {"device_start": -1, "device_end": -1}}, "FFC_sans_bias7": {"write": {"device_start": 1585636750.4437652, "host_queued_start": 1585636817.244729, "device_queued": 1585636750.4384742, "device_end": 1585636750.4437954, "host_queued_end": 1585636817.246944}, "device": "gpu", "nd_range": {"device_start": 1585636750.444836, "device_end": 1585636750.446219}, "cmdq": 4, "read": {"device_start": 1585636750.4462228, "device_end": 1585636750.446245}}, "FFC_sans_bias6": {"write": {"device_start": -1, "host_queued_start": 1585636817.243102, "device_queued": -1, "device_end": -1, "host_queued_end": 1585636817.246944}, "device": "gpu", "nd_range": {"device_start": 1585636750.4432526, "device_end": 1585636750.4438562}, "cmdq": 1, "read": {"device_start": -1, "device_end": -1}}, "FFC_sans_bias1": {"write": {"device_start": 1585636750.4371703, "host_queued_start": 1585636817.232615, "device_queued": 1585636750.4369555, "device_end": 1585636750.4372315, "host_queued_end": 1585636817.246944}, "device": "gpu", "nd_range": {"device_start": 1585636750.4372356, "device_end": 1585636750.438109}, "cmdq": 4, "read": {"device_start": -1, "device_end": -1}}, "FFC_sans_bias0": {"write": {"device_start": 1585636750.4370592, "host_queued_start": 1585636817.231554, "device_queued": 1585636750.436758, "device_end": 1585636750.4370985, "host_queued_end": 1585636817.246944}, "device": "gpu", "nd_range": {"device_start": 1585636750.4371033, "device_end": 1585636750.4377117}, "cmdq": 3, "read": {"device_start": -1, "device_end": -1}}, "FFC_sans_bias2": {"write": {"device_start": 1585636750.4372478, "host_queued_start": 1585636817.233689, "device_queued": 1585636750.437083, "device_end": 1585636750.437273, "host_queued_end": 1585636817.246944}, "device": "gpu", "nd_range": {"device_start": 1585636750.4372752, "device_end": 1585636750.4386828}, "cmdq": 0, "read": {"device_start": -1, "device_end": -1}}, "FFC_sans_bias9": {"write": {"device_start": 1585636750.4373407, "host_queued_start": 1585636817.234779, "device_queued": 1585636750.43727, "device_end": 1585636750.4373949, "host_queued_end": 1585636817.246944}, "device": "gpu", "nd_range": {"device_start": 1585636750.437471, "device_end": 1585636750.4391112}, "cmdq": 1, "read": {"device_start": -1, "device_end": -1}}, "softmax23": {"write": {"device_start": -1, "host_queued_start": 1585636817.242781, "device_queued": -1, "device_end": -1, "host_queued_end": 1585636817.246944}, "device": "gpu", "nd_range": {"device_start": 1585636750.4425282, "device_end": 1585636750.4432473}, "cmdq": 0, "read": {"device_start": -1, "device_end": -1}}, "FFC_sans_bias11": {"write": {"device_start": 1585636750.43782, "host_queued_start": 1585636817.236863, "device_queued": 1585636750.4373035, "device_end": 1585636750.4378502, "host_queued_end": 1585636817.246944}, "device": "gpu", "nd_range": {"device_start": 1585636750.4378562, "device_end": 1585636750.440107}, "cmdq": 3, "read": {"device_start": -1, "device_end": -1}}, "FFC_sans_bias10": {"write": {"device_start": 1585636750.4374406, "host_queued_start": 1585636817.235809, "device_queued": 1585636750.4372876, "device_end": 1585636750.4374714, "host_queued_end": 1585636817.246944}, "device": "gpu", "nd_range": {"device_start": 1585636750.4375005, "device_end": 1585636750.4396493}, "cmdq": 2, "read": {"device_start": -1, "device_end": -1}}, "coalesced_transpose3": {"write": {"device_start": -1, "host_queued_start": 1585636817.240322, "device_queued": -1, "device_end": -1, "host_queued_end": 1585636817.246944}, "device": "gpu", "nd_range": {"device_start": 1585636750.4396508, "device_end": 1585636750.4414322}, "cmdq": 2, "read": {"device_start": -1, "device_end": -1}}, "FFC_sans_bias15": {"write": {"device_start": -1, "host_queued_start": 1585636817.243416, "device_queued": -1, "device_end": -1, "host_queued_end": 1585636817.246944}, "device": "gpu", "nd_range": {"device_start": 1585636750.4436357, "device_end": 1585636750.444266}, "cmdq": 2, "read": {"device_start": -1, "device_end": -1}}, "FFC_sans_bias16": {"write": {"device_start": 1585636750.4433696, "host_queued_start": 1585636817.245777, "device_queued": 1585636750.4385307, "device_end": 1585636750.4433994, "host_queued_end": 1585636817.246944}, "device": "gpu", "nd_range": {"device_start": 1585636750.4442735, "device_end": 1585636750.4452538}, "cmdq": 0, "read": {"device_start": 1585636750.4463706, "device_end": 1585636750.4463992}}, "FFC_sans_bias19": {"write": {"device_start": 1585636750.4388108, "host_queued_start": 1585636817.238953, "device_queued": 1585636750.437649, "device_end": 1585636750.4388359, "host_queued_end": 1585636817.246944}, "device": "gpu", "nd_range": {"device_start": 1585636750.4388518, "device_end": 1585636750.4410708}, "cmdq": 0, "read": {"device_start": -1, "device_end": -1}}, "FFC_sans_bias18": {"write": {"device_start": 1585636750.438222, "host_queued_start": 1585636817.237895, "device_queued": 1585636750.437426, "device_end": 1585636750.4382522, "host_queued_end": 1585636817.246944}, "device": "gpu", "nd_range": {"device_start": 1585636750.438254, "device_end": 1585636750.4405875}, "cmdq": 4, "read": {"device_start": -1, "device_end": -1}}, "empty26": {"write": {"device_start": 1585636750.4369736, "host_queued_start": 1585636817.230507, "device_queued": 1585636750.4367297, "device_end": 1585636750.4370544, "host_queued_end": 1585636817.246944}, "device": "gpu", "nd_range": {"device_start": 1585636750.4370592, "device_end": 1585636750.437067}, "cmdq": 2, "read": {"device_start": -1, "device_end": -1}}, "coalesced_transpose12": {"write": {"device_start": -1, "host_queued_start": 1585636817.240619, "device_queued": -1, "device_end": -1, "host_queued_end": 1585636817.246944}, "device": "gpu", "nd_range": {"device_start": 1585636750.4401112, "device_end": 1585636750.4414532}, "cmdq": 3, "read": {"device_start": -1, "device_end": -1}}, "coalesced_transpose21": {"write": {"device_start": -1, "host_queued_start": 1585636817.240914, "device_queued": -1, "device_end": -1, "host_queued_end": 1585636817.246944}, "device": "gpu", "nd_range": {"device_start": 1585636750.4410832, "device_end": 1585636750.441455}, "cmdq": 4, "read": {"device_start": -1, "device_end": -1}}, "softmax14": {"write": {"device_start": -1, "host_queued_start": 1585636817.242498, "device_queued": -1, "device_end": -1, "host_queued_end": 1585636817.246944}, "device": "gpu", "nd_range": {"device_start": 1585636750.4432442, "device_end": 1585636750.4436297}, "cmdq": 4, "read": {"device_start": -1, "device_end": -1}}, "FFC_sans_bias13": {"write": {"device_start": -1, "host_queued_start": 1585636817.241541, "device_queued": -1, "device_end": -1, "host_queued_end": 1585636817.246944}, "device": "gpu", "nd_range": {"device_start": 1585636750.4415627, "device_end": 1585636750.443021}, "cmdq": 1, "read": {"device_start": -1, "device_end": -1}}, "empty8": {"write": {"device_start": 1585636750.436741, "host_queued_start": 1585636817.228626, "device_queued": 1585636750.4365861, "device_end": 1585636750.436795, "host_queued_end": 1585636817.246944}, "device": "gpu", "nd_range": {"device_start": 1585636750.4368014, "device_end": 1585636750.4368064}, "cmdq": 0, "read": {"device_start": -1, "device_end": -1}}, "FFC_sans_bias24": {"write": {"device_start": -1, "host_queued_start": 1585636817.243723, "device_queued": -1, "device_end": -1, "host_queued_end": 1585636817.246944}, "device": "gpu", "nd_range": {"device_start": 1585636750.4436462, "device_end": 1585636750.4448237}, "cmdq": 3, "read": {"device_start": -1, "device_end": -1}}, "FFC_sans_bias25": {"write": {"device_start": 1585636750.4439766, "host_queued_start": 1585636817.246841, "device_queued": 1585636750.438727,