{"FFC_sans_bias4": {"write": {"device_start": -1, "host_queued_start": 1585636592.081276, "device_queued": -1, "device_end": -1, "host_queued_end": 1585636592.087028}, "device": "gpu", "nd_range": {"device_start": 1585636525.2902498, "device_end": 1585636525.2908492}, "cmdq": 0, "read": {"device_start": -1, "device_end": -1}}, "FFC_sans_bias7": {"write": {"device_start": 1585636525.2945683, "host_queued_start": 1585636592.084791, "device_queued": 1585636525.2848372, "device_end": 1585636525.294597, "host_queued_end": 1585636592.087028}, "device": "gpu", "nd_range": {"device_start": 1585636525.2946057, "device_end": 1585636525.2952106}, "cmdq": 0, "read": {"device_start": 1585636525.2952135, "device_end": 1585636525.295237}}, "FFC_sans_bias6": {"write": {"device_start": -1, "host_queued_start": 1585636592.083115, "device_queued": -1, "device_end": -1, "host_queued_end": 1585636592.087028}, "device": "gpu", "nd_range": {"device_start": 1585636525.292671, "device_end": 1585636525.293259}, "cmdq": 0, "read": {"device_start": -1, "device_end": -1}}, "FFC_sans_bias1": {"write": {"device_start": 1585636525.2844512, "host_queued_start": 1585636592.072701, "device_queued": 1585636525.2834551, "device_end": 1585636525.2844813, "host_queued_end": 1585636592.087028}, "device": "gpu", "nd_range": {"device_start": 1585636525.2844963, "device_end": 1585636525.285109}, "cmdq": 0, "read": {"device_start": -1, "device_end": -1}}, "FFC_sans_bias0": {"write": {"device_start": 1585636525.2836897, "host_queued_start": 1585636592.071661, "device_queued": 1585636525.28322, "device_end": 1585636525.2837186, "host_queued_end": 1585636592.087028}, "device": "gpu", "nd_range": {"device_start": 1585636525.2837288, "device_end": 1585636525.2843266}, "cmdq": 0, "read": {"device_start": -1, "device_end": -1}}, "FFC_sans_bias2": {"write": {"device_start": 1585636525.2851937, "host_queued_start": 1585636592.073748, "device_queued": 1585636525.283501, "device_end": 1585636525.2852173, "host_queued_end": 1585636592.087028}, "device": "gpu", "nd_range": {"device_start": 1585636525.285222, "device_end": 1585636525.2858145}, "cmdq": 0, "read": {"device_start": -1, "device_end": -1}}, "FFC_sans_bias9": {"write": {"device_start": 1585636525.2859185, "host_queued_start": 1585636592.074837, "device_queued": 1585636525.28375, "device_end": 1585636525.285949, "host_queued_end": 1585636592.087028}, "device": "gpu", "nd_range": {"device_start": 1585636525.2859612, "device_end": 1585636525.2865696}, "cmdq": 0, "read": {"device_start": -1, "device_end": -1}}, "softmax23": {"write": {"device_start": -1, "host_queued_start": 1585636592.082799, "device_queued": -1, "device_end": -1, "host_queued_end": 1585636592.087028}, "device": "gpu", "nd_range": {"device_start": 1585636525.2924683, "device_end": 1585636525.292669}, "cmdq": 0, "read": {"device_start": -1, "device_end": -1}}, "FFC_sans_bias11": {"write": {"device_start": 1585636525.287432, "host_queued_start": 1585636592.076913, "device_queued": 1585636525.283931, "device_end": 1585636525.287462, "host_queued_end": 1585636592.087028}, "device": "gpu", "nd_range": {"device_start": 1585636525.2874656, "device_end": 1585636525.2879674}, "cmdq": 0, "read": {"device_start": -1, "device_end": -1}}, "FFC_sans_bias10": {"write": {"device_start": 1585636525.2866876, "host_queued_start": 1585636592.075873, "device_queued": 1585636525.283788, "device_end": 1585636525.286718, "host_queued_end": 1585636592.087028}, "device": "gpu", "nd_range": {"device_start": 1585636525.2867222, "device_end": 1585636525.2873135}, "cmdq": 0, "read": {"device_start": -1, "device_end": -1}}, "coalesced_transpose3": {"write": {"device_start": -1, "host_queued_start": 1585636592.080364, "device_queued": -1, "device_end": -1, "host_queued_end": 1585636592.087028}, "device": "gpu", "nd_range": {"device_start": 1585636525.2902222, "device_end": 1585636525.2902305}, "cmdq": 0, "read": {"device_start": -1, "device_end": -1}}, "FFC_sans_bias15": {"write": {"device_start": -1, "host_queued_start": 1585636592.083446, "device_queued": -1, "device_end": -1, "host_queued_end": 1585636592.087028}, "device": "gpu", "nd_range": {"device_start": 1585636525.2932603, "device_end": 1585636525.293854}, "cmdq": 0, "read": {"device_start": -1, "device_end": -1}}, "FFC_sans_bias16": {"write": {"device_start": 1585636525.2954154, "host_queued_start": 1585636592.085858, "device_queued": 1585636525.2849054, "device_end": 1585636525.2954443, "host_queued_end": 1585636592.087028}, "device": "gpu", "nd_range": {"device_start": 1585636525.2954507, "device_end": 1585636525.2960489}, "cmdq": 0, "read": {"device_start": 1585636525.2960515, "device_end": 1585636525.2960742}}, "FFC_sans_bias19": {"write": {"device_start": 1585636525.2888422, "host_queued_start": 1585636592.079006, "device_queued": 1585636525.2840931, "device_end": 1585636525.288872, "host_queued_end": 1585636592.087028}, "device": "gpu", "nd_range": {"device_start": 1585636525.2888749, "device_end": 1585636525.2894804}, "cmdq": 0, "read": {"device_start": -1, "device_end": -1}}, "FFC_sans_bias18": {"write": {"device_start": 1585636525.2880855, "host_queued_start": 1585636592.077944, "device_queued": 1585636525.2839618, "device_end": 1585636525.2881153, "host_queued_end": 1585636592.087028}, "device": "gpu", "nd_range": {"device_start": 1585636525.2881188, "device_end": 1585636525.2887225}, "cmdq": 0, "read": {"device_start": -1, "device_end": -1}}, "empty26": {"write": {"device_start": 1585636525.283511, "host_queued_start": 1585636592.070687, "device_queued": 1585636525.2831726, "device_end": 1585636525.2835352, "host_queued_end": 1585636592.087028}, "device": "gpu", "nd_range": {"device_start": 1585636525.2835436, "device_end": 1585636525.2835472}, "cmdq": 0, "read": {"device_start": -1, "device_end": -1}}, "coalesced_transpose12": {"write": {"device_start": -1, "host_queued_start": 1585636592.080664, "device_queued": -1, "device_end": -1, "host_queued_end": 1585636592.087028}, "device": "gpu", "nd_range": {"device_start": 1585636525.2902317, "device_end": 1585636525.2902396}, "cmdq": 0, "read": {"device_start": -1, "device_end": -1}}, "coalesced_transpose21": {"write": {"device_start": -1, "host_queued_start": 1585636592.080963, "device_queued": -1, "device_end": -1, "host_queued_end": 1585636592.087028}, "device": "gpu", "nd_range": {"device_start": 1585636525.2902405, "device_end": 1585636525.2902489}, "cmdq": 0, "read": {"device_start": -1, "device_end": -1}}, "softmax14": {"write": {"device_start": -1, "host_queued_start": 1585636592.082516, "device_queued": -1, "device_end": -1, "host_queued_end": 1585636592.087028}, "device": "gpu", "nd_range": {"device_start": 1585636525.29226, "device_end": 1585636525.292467}, "cmdq": 0, "read": {"device_start": -1, "device_end": -1}}, "FFC_sans_bias13": {"write": {"device_start": -1, "host_queued_start": 1585636592.081593, "device_queued": -1, "device_end": -1, "host_queued_end": 1585636592.087028}, "device": "gpu", "nd_range": {"device_start": 1585636525.2908502, "device_end": 1585636525.2914479}, "cmdq": 0, "read": {"device_start": -1, "device_end": -1}}, "empty8": {"write": {"device_start": 1585636525.2831433, "host_queued_start": 1585636592.068775, "device_queued": 1585636525.2830043, "device_end": 1585636525.2831697, "host_queued_end": 1585636592.087028}, "device": "gpu", "nd_range": {"device_start": 1585636525.2831767, "device_end": 1585636525.2831814}, "cmdq": 0, "read": {"device_start": -1, "device_end": -1}}, "FFC_sans_bias24": {"write": {"device_start": -1, "host_queued_start": 1585636592.08376, "device_queued": -1, "device_end": -1, "host_queued_end": 1585636592.087028}, "device": "gpu", "nd_range": {"device_start": 1585636525.2938554, "device_end": 1585636525.2944498}, "cmdq": 0, "read": {"device_start": -1, "device_end": -1}}, "FFC_sans_bias25": {"write": {"device_start": 1585636525.2962532, "host_queued_start": 1585636592.086922, "device_queued": 1585636525.285055,