{"FFC_sans_bias4": {"write": {"device_start": -1, "host_queued_start": 1585636559.981124, "device_queued": -1, "device_end": -1, "host_queued_end": 1585636559.986813}, "device": "gpu", "nd_range": {"device_start": 1585636493.1912642, "device_end": 1585636493.1918652}, "cmdq": 0, "read": {"device_start": -1, "device_end": -1}}, "FFC_sans_bias7": {"write": {"device_start": 1585636493.1956098, "host_queued_start": 1585636559.984602, "device_queued": 1585636493.1854105, "device_end": 1585636493.1956394, "host_queued_end": 1585636559.986813}, "device": "gpu", "nd_range": {"device_start": 1585636493.1956542, "device_end": 1585636493.1962502}, "cmdq": 0, "read": {"device_start": 1585636493.196253, "device_end": 1585636493.1962764}}, "FFC_sans_bias6": {"write": {"device_start": -1, "host_queued_start": 1585636559.982961, "device_queued": -1, "device_end": -1, "host_queued_end": 1585636559.986813}, "device": "gpu", "nd_range": {"device_start": 1585636493.19369, "device_end": 1585636493.1942878}, "cmdq": 0, "read": {"device_start": -1, "device_end": -1}}, "FFC_sans_bias1": {"write": {"device_start": 1585636493.1853535, "host_queued_start": 1585636559.972502, "device_queued": 1585636493.1840773, "device_end": 1585636493.185383, "host_queued_end": 1585636559.986813}, "device": "gpu", "nd_range": {"device_start": 1585636493.185393, "device_end": 1585636493.1859796}, "cmdq": 0, "read": {"device_start": -1, "device_end": -1}}, "FFC_sans_bias0": {"write": {"device_start": 1585636493.1846101, "host_queued_start": 1585636559.971459, "device_queued": 1585636493.183879, "device_end": 1585636493.184639, "host_queued_end": 1585636559.986813}, "device": "gpu", "nd_range": {"device_start": 1585636493.1846485, "device_end": 1585636493.1852493}, "cmdq": 0, "read": {"device_start": -1, "device_end": -1}}, "FFC_sans_bias2": {"write": {"device_start": 1585636493.186091, "host_queued_start": 1585636559.973549, "device_queued": 1585636493.1841347, "device_end": 1585636493.1861205, "host_queued_end": 1585636559.986813}, "device": "gpu", "nd_range": {"device_start": 1585636493.1861231, "device_end": 1585636493.186721}, "cmdq": 0, "read": {"device_start": -1, "device_end": -1}}, "FFC_sans_bias9": {"write": {"device_start": 1585636493.1868486, "host_queued_start": 1585636559.974631, "device_queued": 1585636493.1843116, "device_end": 1585636493.1868787, "host_queued_end": 1585636559.986813}, "device": "gpu", "nd_range": {"device_start": 1585636493.186893, "device_end": 1585636493.1874926}, "cmdq": 0, "read": {"device_start": -1, "device_end": -1}}, "softmax23": {"write": {"device_start": -1, "host_queued_start": 1585636559.982648, "device_queued": -1, "device_end": -1, "host_queued_end": 1585636559.986813}, "device": "gpu", "nd_range": {"device_start": 1585636493.193488, "device_end": 1585636493.1936889}, "cmdq": 0, "read": {"device_start": -1, "device_end": -1}}, "FFC_sans_bias11": {"write": {"device_start": 1585636493.1883874, "host_queued_start": 1585636559.976721, "device_queued": 1585636493.1845336, "device_end": 1585636493.188416, "host_queued_end": 1585636559.986813}, "device": "gpu", "nd_range": {"device_start": 1585636493.1884222, "device_end": 1585636493.189008}, "cmdq": 0, "read": {"device_start": -1, "device_end": -1}}, "FFC_sans_bias10": {"write": {"device_start": 1585636493.1876218, "host_queued_start": 1585636559.975665, "device_queued": 1585636493.1843576, "device_end": 1585636493.1876512, "host_queued_end": 1585636559.986813}, "device": "gpu", "nd_range": {"device_start": 1585636493.1876678, "device_end": 1585636493.1882684}, "cmdq": 0, "read": {"device_start": -1, "device_end": -1}}, "coalesced_transpose3": {"write": {"device_start": -1, "host_queued_start": 1585636559.980215, "device_queued": -1, "device_end": -1, "host_queued_end": 1585636559.986813}, "device": "gpu", "nd_range": {"device_start": 1585636493.1912358, "device_end": 1585636493.1912444}, "cmdq": 0, "read": {"device_start": -1, "device_end": -1}}, "FFC_sans_bias15": {"write": {"device_start": -1, "host_queued_start": 1585636559.983284, "device_queued": -1, "device_end": -1, "host_queued_end": 1585636559.986813}, "device": "gpu", "nd_range": {"device_start": 1585636493.1942887, "device_end": 1585636493.194889}, "cmdq": 0, "read": {"device_start": -1, "device_end": -1}}, "FFC_sans_bias16": {"write": {"device_start": 1585636493.199628, "host_queued_start": 1585636559.98565, "device_queued": 1585636493.1854763, "device_end": 1585636493.1996615, "host_queued_end": 1585636559.986813}, "device": "gpu", "nd_range": {"device_start": 1585636493.1997066, "device_end": 1585636493.2003038}, "cmdq": 0, "read": {"device_start": 1585636493.2003117, "device_end": 1585636493.2003477}}, "FFC_sans_bias19": {"write": {"device_start": 1585636493.1898715, "host_queued_start": 1585636559.978853, "device_queued": 1585636493.184759, "device_end": 1585636493.1899006, "host_queued_end": 1585636559.986813}, "device": "gpu", "nd_range": {"device_start": 1585636493.189904, "device_end": 1585636493.1904933}, "cmdq": 0, "read": {"device_start": -1, "device_end": -1}}, "FFC_sans_bias18": {"write": {"device_start": 1585636493.189127, "host_queued_start": 1585636559.97778, "device_queued": 1585636493.1845818, "device_end": 1585636493.189157, "host_queued_end": 1585636559.986813}, "device": "gpu", "nd_range": {"device_start": 1585636493.1891637, "device_end": 1585636493.1897533}, "cmdq": 0, "read": {"device_start": -1, "device_end": -1}}, "empty26": {"write": {"device_start": 1585636493.1843913, "host_queued_start": 1585636559.970458, "device_queued": 1585636493.1838503, "device_end": 1585636493.1844141, "host_queued_end": 1585636559.986813}, "device": "gpu", "nd_range": {"device_start": 1585636493.1844225, "device_end": 1585636493.184426}, "cmdq": 0, "read": {"device_start": -1, "device_end": -1}}, "coalesced_transpose12": {"write": {"device_start": -1, "host_queued_start": 1585636559.980513, "device_queued": -1, "device_end": -1, "host_queued_end": 1585636559.986813}, "device": "gpu", "nd_range": {"device_start": 1585636493.1912453, "device_end": 1585636493.1912537}, "cmdq": 0, "read": {"device_start": -1, "device_end": -1}}, "coalesced_transpose21": {"write": {"device_start": -1, "host_queued_start": 1585636559.98081, "device_queued": -1, "device_end": -1, "host_queued_end": 1585636559.986813}, "device": "gpu", "nd_range": {"device_start": 1585636493.1912546, "device_end": 1585636493.191263}, "cmdq": 0, "read": {"device_start": -1, "device_end": -1}}, "softmax14": {"write": {"device_start": -1, "host_queued_start": 1585636559.982364, "device_queued": -1, "device_end": -1, "host_queued_end": 1585636559.986813}, "device": "gpu", "nd_range": {"device_start": 1585636493.19328, "device_end": 1585636493.193487}, "cmdq": 0, "read": {"device_start": -1, "device_end": -1}}, "FFC_sans_bias13": {"write": {"device_start": -1, "host_queued_start": 1585636559.981441, "device_queued": -1, "device_end": -1, "host_queued_end": 1585636559.986813}, "device": "gpu", "nd_range": {"device_start": 1585636493.1918662, "device_end": 1585636493.192467}, "cmdq": 0, "read": {"device_start": -1, "device_end": -1}}, "empty8": {"write": {"device_start": 1585636493.183866, "host_queued_start": 1585636559.968547, "device_queued": 1585636493.18371, "device_end": 1585636493.183891, "host_queued_end": 1585636559.986813}, "device": "gpu", "nd_range": {"device_start": 1585636493.183898, "device_end": 1585636493.183908}, "cmdq": 0, "read": {"device_start": -1, "device_end": -1}}, "FFC_sans_bias24": {"write": {"device_start": -1, "host_queued_start": 1585636559.983597, "device_queued": -1, "device_end": -1, "host_queued_end": 1585636559.986813}, "device": "gpu", "nd_range": {"device_start": 1585636493.1948903, "device_end": 1585636493.195496}, "cmdq": 0, "read": {"device_start": -1, "device_end": -1}}, "FFC_sans_bias25": {"write": {"device_start": 1585636493.2005298, "host_queued_start": 1585636559.986708, "device_queued": 1585636493.1856265,