{"FFC_sans_bias4": {"write": {"device_start": -1, "host_queued_start": 1585636635.20249, "device_queued": -1, "device_end": -1, "host_queued_end": 1585636635.20828}, "device": "gpu", "nd_range": {"device_start": 1585636568.407936, "device_end": 1585636568.408538}, "cmdq": 1, "read": {"device_start": -1, "device_end": -1}}, "FFC_sans_bias7": {"write": {"device_start": 1585636568.410848, "host_queued_start": 1585636635.206038, "device_queued": 1585636568.404953, "device_end": 1585636568.4108787, "host_queued_end": 1585636635.20828}, "device": "gpu", "nd_range": {"device_start": 1585636568.4108846, "device_end": 1585636568.4117208}, "cmdq": 0, "read": {"device_start": 1585636568.4117246, "device_end": 1585636568.411748}}, "FFC_sans_bias6": {"write": {"device_start": -1, "host_queued_start": 1585636635.20439, "device_queued": -1, "device_end": -1, "host_queued_end": 1585636635.20828}, "device": "gpu", "nd_range": {"device_start": 1585636568.4097204, "device_end": 1585636568.4103215}, "cmdq": 1, "read": {"device_start": -1, "device_end": -1}}, "FFC_sans_bias1": {"write": {"device_start": 1585636568.4036155, "host_queued_start": 1585636635.193533, "device_queued": 1585636568.4035192, "device_end": 1585636568.4036467, "host_queued_end": 1585636635.20828}, "device": "gpu", "nd_range": {"device_start": 1585636568.403649, "device_end": 1585636568.4045157}, "cmdq": 0, "read": {"device_start": -1, "device_end": -1}}, "FFC_sans_bias0": {"write": {"device_start": 1585636568.4033995, "host_queued_start": 1585636635.192425, "device_queued": 1585636568.403234, "device_end": 1585636568.4034276, "host_queued_end": 1585636635.20828}, "device": "gpu", "nd_range": {"device_start": 1585636568.403505, "device_end": 1585636568.4041128}, "cmdq": 1, "read": {"device_start": -1, "device_end": -1}}, "FFC_sans_bias2": {"write": {"device_start": 1585636568.4042518, "host_queued_start": 1585636635.194754, "device_queued": 1585636568.403571, "device_end": 1585636568.4042816, "host_queued_end": 1585636635.20828}, "device": "gpu", "nd_range": {"device_start": 1585636568.4042854, "device_end": 1585636568.4050927}, "cmdq": 1, "read": {"device_start": -1, "device_end": -1}}, "FFC_sans_bias9": {"write": {"device_start": 1585636568.4046612, "host_queued_start": 1585636635.195835, "device_queued": 1585636568.4037461, "device_end": 1585636568.404693, "host_queued_end": 1585636635.20828}, "device": "gpu", "nd_range": {"device_start": 1585636568.4046967, "device_end": 1585636568.4055195}, "cmdq": 0, "read": {"device_start": -1, "device_end": -1}}, "softmax23": {"write": {"device_start": -1, "host_queued_start": 1585636635.204063, "device_queued": -1, "device_end": -1, "host_queued_end": 1585636635.20828}, "device": "gpu", "nd_range": {"device_start": 1585636568.4095352, "device_end": 1585636568.4097307}, "cmdq": 0, "read": {"device_start": -1, "device_end": -1}}, "FFC_sans_bias11": {"write": {"device_start": 1585636568.4056504, "host_queued_start": 1585636635.198007, "device_queued": 1585636568.4039416, "device_end": 1585636568.4056833, "host_queued_end": 1585636635.20828}, "device": "gpu", "nd_range": {"device_start": 1585636568.4056885, "device_end": 1585636568.4065123}, "cmdq": 0, "read": {"device_start": -1, "device_end": -1}}, "FFC_sans_bias10": {"write": {"device_start": 1585636568.4052742, "host_queued_start": 1585636635.196969, "device_queued": 1585636568.403787, "device_end": 1585636568.4053, "host_queued_end": 1585636635.20828}, "device": "gpu", "nd_range": {"device_start": 1585636568.405311, "device_end": 1585636568.4060504}, "cmdq": 1, "read": {"device_start": -1, "device_end": -1}}, "coalesced_transpose3": {"write": {"device_start": -1, "host_queued_start": 1585636635.201574, "device_queued": -1, "device_end": -1, "host_queued_end": 1585636635.20828}, "device": "gpu", "nd_range": {"device_start": 1585636568.4074924, "device_end": 1585636568.407839}, "cmdq": 0, "read": {"device_start": -1, "device_end": -1}}, "FFC_sans_bias15": {"write": {"device_start": -1, "host_queued_start": 1585636635.204712, "device_queued": -1, "device_end": -1, "host_queued_end": 1585636635.20828}, "device": "gpu", "nd_range": {"device_start": 1585636568.4097352, "device_end": 1585636568.4107265}, "cmdq": 0, "read": {"device_start": -1, "device_end": -1}}, "FFC_sans_bias16": {"write": {"device_start": 1585636568.4114099, "host_queued_start": 1585636635.207136, "device_queued": 1585636568.4049935, "device_end": 1585636568.4114463, "host_queued_end": 1585636635.20828}, "device": "gpu", "nd_range": {"device_start": 1585636568.4114528, "device_end": 1585636568.412257}, "cmdq": 1, "read": {"device_start": 1585636568.4122639, "device_end": 1585636568.4122863}}, "FFC_sans_bias19": {"write": {"device_start": 1585636568.406647, "host_queued_start": 1585636635.200168, "device_queued": 1585636568.4041474, "device_end": 1585636568.406679, "host_queued_end": 1585636635.20828}, "device": "gpu", "nd_range": {"device_start": 1585636568.4066842, "device_end": 1585636568.4074912}, "cmdq": 0, "read": {"device_start": -1, "device_end": -1}}, "FFC_sans_bias18": {"write": {"device_start": 1585636568.4061618, "host_queued_start": 1585636635.199079, "device_queued": 1585636568.4039829, "device_end": 1585636568.4061935, "host_queued_end": 1585636635.20828}, "device": "gpu", "nd_range": {"device_start": 1585636568.4061983, "device_end": 1585636568.4070091}, "cmdq": 1, "read": {"device_start": -1, "device_end": -1}}, "empty26": {"write": {"device_start": 1585636568.403308, "host_queued_start": 1585636635.191382, "device_queued": 1585636568.403169, "device_end": 1585636568.4033754, "host_queued_end": 1585636635.20828}, "device": "gpu", "nd_range": {"device_start": 1585636568.4033844, "device_end": 1585636568.4033883}, "cmdq": 0, "read": {"device_start": -1, "device_end": -1}}, "coalesced_transpose12": {"write": {"device_start": -1, "host_queued_start": 1585636635.20188, "device_queued": -1, "device_end": -1, "host_queued_end": 1585636635.20828}, "device": "gpu", "nd_range": {"device_start": 1585636568.4079196, "device_end": 1585636568.40793}, "cmdq": 1, "read": {"device_start": -1, "device_end": -1}}, "coalesced_transpose21": {"write": {"device_start": -1, "host_queued_start": 1585636635.202175, "device_queued": -1, "device_end": -1, "host_queued_end": 1585636635.20828}, "device": "gpu", "nd_range": {"device_start": 1585636568.40784, "device_end": 1585636568.407859}, "cmdq": 0, "read": {"device_start": -1, "device_end": -1}}, "softmax14": {"write": {"device_start": -1, "host_queued_start": 1585636635.203773, "device_queued": -1, "device_end": -1, "host_queued_end": 1585636635.20828}, "device": "gpu", "nd_range": {"device_start": 1585636568.4095166, "device_end": 1585636568.4097157}, "cmdq": 1, "read": {"device_start": -1, "device_end": -1}}, "FFC_sans_bias13": {"write": {"device_start": -1, "host_queued_start": 1585636635.202847, "device_queued": -1, "device_end": -1, "host_queued_end": 1585636635.20828}, "device": "gpu", "nd_range": {"device_start": 1585636568.407944, "device_end": 1585636568.408947}, "cmdq": 0, "read": {"device_start": -1, "device_end": -1}}, "empty8": {"write": {"device_start": 1585636568.4030974, "host_queued_start": 1585636635.189382, "device_queued": 1585636568.4029627, "device_end": 1585636568.4031284, "host_queued_end": 1585636635.20828}, "device": "gpu", "nd_range": {"device_start": 1585636568.4031327, "device_end": 1585636568.4031374}, "cmdq": 0, "read": {"device_start": -1, "device_end": -1}}, "FFC_sans_bias24": {"write": {"device_start": -1, "host_queued_start": 1585636635.205026, "device_queued": -1, "device_end": -1, "host_queued_end": 1585636635.20828}, "device": "gpu", "nd_range": {"device_start": 1585636568.4103265, "device_end": 1585636568.411289}, "cmdq": 1, "read": {"device_start": -1, "device_end": -1}}, "FFC_sans_bias25": {"write": {"device_start": 1585636568.4119403, "host_queued_start": 1585636635.208174, "device_queued": 1585636568.4052298, "device_end": 1585636568.411972,