{"FFC_sans_bias4": {"write": {"device_start": -1, "host_queued_start": 1585636584.031471, "device_queued": -1, "device_end": -1, "host_queued_end": 1585636584.033161}, "device": "cpu", "nd_range": {"device_start": 2304358.235405807, "device_end": 2304358.239302733}, "cmdq": 2, "read": {"device_start": -1, "device_end": -1}}, "FFC_sans_bias7": {"write": {"device_start": -1, "host_queued_start": 1585636584.033115, "device_queued": -1, "device_end": -1, "host_queued_end": 1585636584.033161}, "device": "cpu", "nd_range": {"device_start": 2304358.244521143, "device_end": 2304358.2488029962}, "cmdq": 2, "read": {"device_start": -1, "device_end": -1}}, "FFC_sans_bias6": {"write": {"device_start": -1, "host_queued_start": 1585636584.032078, "device_queued": -1, "device_end": -1, "host_queued_end": 1585636584.033161}, "device": "cpu", "nd_range": {"device_start": 2304358.239708798, "device_end": 2304358.244479413}, "cmdq": 1, "read": {"device_start": -1, "device_end": -1}}, "FFC_sans_bias1": {"write": {"device_start": -1, "host_queued_start": 1585636584.029577, "device_queued": -1, "device_end": -1, "host_queued_end": 1585636584.033161}, "device": "cpu", "nd_range": {"device_start": 2304358.222773118, "device_end": 2304358.2349872054}, "cmdq": 2, "read": {"device_start": -1, "device_end": -1}}, "FFC_sans_bias0": {"write": {"device_start": -1, "host_queued_start": 1585636584.028399, "device_queued": -1, "device_end": -1, "host_queued_end": 1585636584.033161}, "device": "cpu", "nd_range": {"device_start": 2304358.222760958, "device_end": 2304358.234878633}, "cmdq": 1, "read": {"device_start": -1, "device_end": -1}}, "FFC_sans_bias2": {"write": {"device_start": -1, "host_queued_start": 1585636584.030782, "device_queued": -1, "device_end": -1, "host_queued_end": 1585636584.033161}, "device": "cpu", "nd_range": {"device_start": 2304358.2227686252, "device_end": 2304358.2313857493}, "cmdq": 0, "read": {"device_start": -1, "device_end": -1}}, "FFC_sans_bias9": {"write": {"device_start": 1585636517.2225094, "host_queued_start": 1585636584.014942, "device_queued": 1585636517.2221456, "device_end": 1585636517.2225397, "host_queued_end": 1585636584.02593}, "device": "gpu", "nd_range": {"device_start": 1585636517.2225478, "device_end": 1585636517.2231379}, "cmdq": 0, "read": {"device_start": -1, "device_end": -1}}, "softmax23": {"write": {"device_start": -1, "host_queued_start": 1585636584.022709, "device_queued": -1, "device_end": -1, "host_queued_end": 1585636584.02593}, "device": "gpu", "nd_range": {"device_start": 1585636517.228376, "device_end": 1585636517.228576}, "cmdq": 0, "read": {"device_start": -1, "device_end": -1}}, "FFC_sans_bias11": {"write": {"device_start": 1585636517.2240372, "host_queued_start": 1585636584.017251, "device_queued": 1585636517.2224717, "device_end": 1585636517.2240667, "host_queued_end": 1585636584.02593}, "device": "gpu", "nd_range": {"device_start": 1585636517.2240708, "device_end": 1585636517.2246757}, "cmdq": 0, "read": {"device_start": -1, "device_end": -1}}, "FFC_sans_bias10": {"write": {"device_start": 1585636517.223267, "host_queued_start": 1585636584.016085, "device_queued": 1585636517.222409, "device_end": 1585636517.2232964, "host_queued_end": 1585636584.02593}, "device": "gpu", "nd_range": {"device_start": 1585636517.2233038, "device_end": 1585636517.223909}, "cmdq": 0, "read": {"device_start": -1, "device_end": -1}}, "coalesced_transpose3": {"write": {"device_start": -1, "host_queued_start": 1585636584.031128, "device_queued": -1, "device_end": -1, "host_queued_end": 1585636584.033161}, "device": "cpu", "nd_range": {"device_start": 2304358.2351431693, "device_end": 2304358.235234041}, "cmdq": 1, "read": {"device_start": -1, "device_end": -1}}, "FFC_sans_bias15": {"write": {"device_start": -1, "host_queued_start": 1585636584.023052, "device_queued": -1, "device_end": -1, "host_queued_end": 1585636584.02593}, "device": "gpu", "nd_range": {"device_start": 1585636517.228577, "device_end": 1585636517.2291813}, "cmdq": 0, "read": {"device_start": -1, "device_end": -1}}, "FFC_sans_bias16": {"write": {"device_start": 1585636517.2302506, "host_queued_start": 1585636584.024516, "device_queued": 1585636517.223176, "device_end": 1585636517.230275, "host_queued_end": 1585636584.02593}, "device": "gpu", "nd_range": {"device_start": 1585636517.2302775, "device_end": 1585636517.2308745}, "cmdq": 0, "read": {"device_start": 1585636517.2308826, "device_end": 1585636517.2309055}}, "FFC_sans_bias19": {"write": {"device_start": 1585636517.2255538, "host_queued_start": 1585636584.019619, "device_queued": 1585636517.2226713, "device_end": 1585636517.2255833, "host_queued_end": 1585636584.02593}, "device": "gpu", "nd_range": {"device_start": 1585636517.2255893, "device_end": 1585636517.2261755}, "cmdq": 0, "read": {"device_start": -1, "device_end": -1}}, "FFC_sans_bias18": {"write": {"device_start": 1585636517.2248023, "host_queued_start": 1585636584.018441, "device_queued": 1585636517.2226284, "device_end": 1585636517.2248318, "host_queued_end": 1585636584.02593}, "device": "gpu", "nd_range": {"device_start": 1585636517.2248356, "device_end": 1585636517.2254348}, "cmdq": 0, "read": {"device_start": -1, "device_end": -1}}, "empty26": {"write": {"device_start": 1585636517.2223527, "host_queued_start": 1585636584.013831, "device_queued": 1585636517.2220953, "device_end": 1585636517.2223816, "host_queued_end": 1585636584.02593}, "device": "gpu", "nd_range": {"device_start": 1585636517.222389, "device_end": 1585636517.2224}, "cmdq": 0, "read": {"device_start": -1, "device_end": -1}}, "coalesced_transpose12": {"write": {"device_start": -1, "host_queued_start": 1585636584.02111, "device_queued": -1, "device_end": -1, "host_queued_end": 1585636584.02593}, "device": "gpu", "nd_range": {"device_start": 1585636517.226943, "device_end": 1585636517.2269514}, "cmdq": 0, "read": {"device_start": -1, "device_end": -1}}, "coalesced_transpose21": {"write": {"device_start": -1, "host_queued_start": 1585636584.021435, "device_queued": -1, "device_end": -1, "host_queued_end": 1585636584.02593}, "device": "gpu", "nd_range": {"device_start": 1585636517.2269523, "device_end": 1585636517.2269595}, "cmdq": 0, "read": {"device_start": -1, "device_end": -1}}, "softmax14": {"write": {"device_start": -1, "host_queued_start": 1585636584.02239, "device_queued": -1, "device_end": -1, "host_queued_end": 1585636584.02593}, "device": "gpu", "nd_range": {"device_start": 1585636517.2281733, "device_end": 1585636517.2283747}, "cmdq": 0, "read": {"device_start": -1, "device_end": -1}}, "FFC_sans_bias13": {"write": {"device_start": -1, "host_queued_start": 1585636584.021784, "device_queued": -1, "device_end": -1, "host_queued_end": 1585636584.02593}, "device": "gpu", "nd_range": {"device_start": 1585636517.2269604, "device_end": 1585636517.2275622}, "cmdq": 0, "read": {"device_start": -1, "device_end": -1}}, "empty8": {"write": {"device_start": -1, "host_queued_start": 1585636584.027213, "device_queued": -1, "device_end": -1, "host_queued_end": 1585636584.033161}, "device": "cpu", "nd_range": {"device_start": 2304358.222737275, "device_end": 2304358.222749698}, "cmdq": 0, "read": {"device_start": -1, "device_end": -1}}, "FFC_sans_bias24": {"write": {"device_start": -1, "host_queued_start": 1585636584.023411, "device_queued": -1, "device_end": -1, "host_queued_end": 1585636584.02593}, "device": "gpu", "nd_range": {"device_start": 1585636517.2291822, "device_end": 1585636517.2297795}, "cmdq": 0, "read": {"device_start": -1, "device_end": -1}}, "FFC_sans_bias25": {"write": {"device_start": 1585636517.234304, "host_queued_start": 1585636584.025814, "device_queued": 1585636517.2233653, "device_end": 1585636517.2343268, "host_queued_end": 1585636584.02593}, "device": "gpu", "nd_range": {"device_start": 1585636517.234332, "device_end": 1585636517.23493}, "cmdq": 0, "read": {"device_start": 1585636517.2349381, "device_end": 1585636517.2349613}},