{"FFC_sans_bias4": {"write": {"device_start": -1, "host_queued_start": 1585637088.06207, "device_queued": -1, "device_end": -1, "host_queued_end": 1585637088.06389}, "device": "cpu", "nd_range": {"device_start": 2304862.2620612183, "device_end": 2304862.269724979}, "cmdq": 0, "read": {"device_start": -1, "device_end": -1}}, "FFC_sans_bias7": {"write": {"device_start": -1, "host_queued_start": 1585637088.063845, "device_queued": -1, "device_end": -1, "host_queued_end": 1585637088.06389}, "device": "cpu", "nd_range": {"device_start": 2304862.280268316, "device_end": 2304862.2842148133}, "cmdq": 3, "read": {"device_start": -1, "device_end": -1}}, "FFC_sans_bias6": {"write": {"device_start": -1, "host_queued_start": 1585637088.062715, "device_queued": -1, "device_end": -1, "host_queued_end": 1585637088.06389}, "device": "cpu", "nd_range": {"device_start": 2304862.272621665, "device_end": 2304862.2802621913}, "cmdq": 2, "read": {"device_start": -1, "device_end": -1}}, "FFC_sans_bias1": {"write": {"device_start": -1, "host_queued_start": 1585637088.060242, "device_queued": -1, "device_end": -1, "host_queued_end": 1585637088.06389}, "device": "cpu", "nd_range": {"device_start": 2304862.253508421, "device_end": 2304862.2615656722}, "cmdq": 2, "read": {"device_start": -1, "device_end": -1}}, "FFC_sans_bias0": {"write": {"device_start": -1, "host_queued_start": 1585637088.058872, "device_queued": -1, "device_end": -1, "host_queued_end": 1585637088.06389}, "device": "cpu", "nd_range": {"device_start": 2304862.253489356, "device_end": 2304862.268845507}, "cmdq": 1, "read": {"device_start": -1, "device_end": -1}}, "FFC_sans_bias2": {"write": {"device_start": -1, "host_queued_start": 1585637088.061333, "device_queued": -1, "device_end": -1, "host_queued_end": 1585637088.06389}, "device": "cpu", "nd_range": {"device_start": 2304862.253500875, "device_end": 2304862.266287493}, "cmdq": 3, "read": {"device_start": -1, "device_end": -1}}, "FFC_sans_bias9": {"write": {"device_start": 1585637021.238924, "host_queued_start": 1585637088.040815, "device_queued": 1585637021.2386355, "device_end": 1585637021.2389479, "host_queued_end": 1585637088.056086}, "device": "gpu", "nd_range": {"device_start": 1585637021.2389784, "device_end": 1585637021.2395825}, "cmdq": 3, "read": {"device_start": -1, "device_end": -1}}, "softmax23": {"write": {"device_start": -1, "host_queued_start": 1585637088.051661, "device_queued": -1, "device_end": -1, "host_queued_end": 1585637088.056086}, "device": "gpu", "nd_range": {"device_start": 1585637021.2444246, "device_end": 1585637021.2452188}, "cmdq": 3, "read": {"device_start": -1, "device_end": -1}}, "FFC_sans_bias11": {"write": {"device_start": 1585637021.239187, "host_queued_start": 1585637088.043022, "device_queued": 1585637021.2390413, "device_end": 1585637021.23922, "host_queued_end": 1585637088.056086}, "device": "gpu", "nd_range": {"device_start": 1585637021.2393212, "device_end": 1585637021.2405384}, "cmdq": 1, "read": {"device_start": -1, "device_end": -1}}, "FFC_sans_bias10": {"write": {"device_start": 1585637021.2390957, "host_queued_start": 1585637088.041887, "device_queued": 1585637021.2389894, "device_end": 1585637021.2391858, "host_queued_end": 1585637088.056086}, "device": "gpu", "nd_range": {"device_start": 1585637021.239191, "device_end": 1585637021.2399871}, "cmdq": 0, "read": {"device_start": -1, "device_end": -1}}, "coalesced_transpose3": {"write": {"device_start": -1, "host_queued_start": 1585637088.061696, "device_queued": -1, "device_end": -1, "host_queued_end": 1585637088.06389}, "device": "cpu", "nd_range": {"device_start": 2304862.261709153, "device_end": 2304862.261950421}, "cmdq": 4, "read": {"device_start": -1, "device_end": -1}}, "FFC_sans_bias34": {"write": {"device_start": 1585637021.246889, "host_queued_start": 1585637088.055985, "device_queued": 1585637021.2407749, "device_end": 1585637021.2469141, "host_queued_end": 1585637088.056086}, "device": "gpu", "nd_range": {"device_start": 1585637021.2469196, "device_end": 1585637021.2482052}, "cmdq": 2, "read": {"device_start": 1585637021.248213, "device_end": 1585637021.2482357}}, "FFC_sans_bias15": {"write": {"device_start": -1, "host_queued_start": 1585637088.052221, "device_queued": -1, "device_end": -1, "host_queued_end": 1585637088.056086}, "device": "gpu", "nd_range": {"device_start": 1585637021.2452328, "device_end": 1585637021.2462323}, "cmdq": 1, "read": {"device_start": -1, "device_end": -1}}, "FFC_sans_bias31": {"write": {"device_start": -1, "host_queued_start": 1585637088.051168, "device_queued": -1, "device_end": -1, "host_queued_end": 1585637088.056086}, "device": "gpu", "nd_range": {"device_start": 1585637021.243416, "device_end": 1585637021.2449107}, "cmdq": 1, "read": {"device_start": -1, "device_end": -1}}, "FFC_sans_bias16": {"write": {"device_start": 1585637021.245246, "host_queued_start": 1585637088.053876, "device_queued": 1585637021.2405581, "device_end": 1585637021.2452703, "host_queued_end": 1585637088.056086}, "device": "gpu", "nd_range": {"device_start": 1585637021.24624, "device_end": 1585637021.2472196}, "cmdq": 0, "read": {"device_start": 1585637021.247221, "device_end": 1585637021.2472444}}, "FFC_sans_bias19": {"write": {"device_start": 1585637021.2397072, "host_queued_start": 1585637088.045086, "device_queued": 1585637021.239278, "device_end": 1585637021.2397375, "host_queued_end": 1585637088.056086}, "device": "gpu", "nd_range": {"device_start": 1585637021.239746, "device_end": 1585637021.241494}, "cmdq": 3, "read": {"device_start": -1, "device_end": -1}}, "FFC_sans_bias18": {"write": {"device_start": 1585637021.239356, "host_queued_start": 1585637088.04406, "device_queued": 1585637021.2392497, "device_end": 1585637021.2393866, "host_queued_end": 1585637088.056086}, "device": "gpu", "nd_range": {"device_start": 1585637021.2393906, "device_end": 1585637021.2409918}, "cmdq": 2, "read": {"device_start": -1, "device_end": -1}}, "coalesced_transpose30": {"write": {"device_start": -1, "host_queued_start": 1585637088.050183, "device_queued": -1, "device_end": -1, "host_queued_end": 1585637088.056086}, "device": "gpu", "nd_range": {"device_start": 1585637021.2429724, "device_end": 1585637021.2433138}, "cmdq": 2, "read": {"device_start": -1, "device_end": -1}}, "empty26": {"write": {"device_start": 1585637021.2387218, "host_queued_start": 1585637088.038969, "device_queued": 1585637021.23858, "device_end": 1585637021.2387917, "host_queued_end": 1585637088.056086}, "device": "gpu", "nd_range": {"device_start": 1585637021.2387986, "device_end": 1585637021.2388105}, "cmdq": 1, "read": {"device_start": -1, "device_end": -1}}, "coalesced_transpose12": {"write": {"device_start": -1, "host_queued_start": 1585637088.04958, "device_queued": -1, "device_end": -1, "host_queued_end": 1585637088.056086}, "device": "gpu", "nd_range": {"device_start": 1585637021.2419887, "device_end": 1585637021.2432861}, "cmdq": 0, "read": {"device_start": -1, "device_end": -1}}, "coalesced_transpose21": {"write": {"device_start": -1, "host_queued_start": 1585637088.049886, "device_queued": -1, "device_end": -1, "host_queued_end": 1585637088.056086}, "device": "gpu", "nd_range": {"device_start": 1585637021.2424488, "device_end": 1585637021.2433114}, "cmdq": 1, "read": {"device_start": -1, "device_end": -1}}, "softmax14": {"write": {"device_start": -1, "host_queued_start": 1585637088.05142, "device_queued": -1, "device_end": -1, "host_queued_end": 1585637088.056086}, "device": "gpu", "nd_range": {"device_start": 1585637021.2440176, "device_end": 1585637021.2452135}, "cmdq": 2, "read": {"device_start": -1, "device_end": -1}}, "FFC_sans_bias13": {"write": {"device_start": -1, "host_queued_start": 1585637088.0505, "device_queued": -1, "device_end": -1, "host_queued_end": 1585637088.056086}, "device": "gpu", "nd_range": {"device_start": 1585637021.2434018, "device_end": 1585637021.2440104}, "cmdq": 3, "read": {"device_start": -1, "device_end": -1}},