{"FFC_sans_bias4": {"write": {"device_start": -1, "host_queued_start": 1585636966.214538, "device_queued": -1, "device_end": -1, "host_queued_end": 1585636966.216404}, "device": "cpu", "nd_range": {"device_start": 2304740.419754228, "device_end": 2304740.423691918}, "cmdq": 0, "read": {"device_start": -1, "device_end": -1}}, "FFC_sans_bias7": {"write": {"device_start": -1, "host_queued_start": 1585636966.216337, "device_queued": -1, "device_end": -1, "host_queued_end": 1585636966.216404}, "device": "cpu", "nd_range": {"device_start": 2304740.428812569, "device_end": 2304740.433731854}, "cmdq": 0, "read": {"device_start": -1, "device_end": -1}}, "FFC_sans_bias6": {"write": {"device_start": -1, "host_queued_start": 1585636966.215274, "device_queued": -1, "device_end": -1, "host_queued_end": 1585636966.216404}, "device": "cpu", "nd_range": {"device_start": 2304740.423972447, "device_end": 2304740.4288068754}, "cmdq": 0, "read": {"device_start": -1, "device_end": -1}}, "FFC_sans_bias1": {"write": {"device_start": -1, "host_queued_start": 1585636966.212783, "device_queued": -1, "device_end": -1, "host_queued_end": 1585636966.216404}, "device": "cpu", "nd_range": {"device_start": 2304740.410405797, "device_end": 2304740.4145022063}, "cmdq": 0, "read": {"device_start": -1, "device_end": -1}}, "FFC_sans_bias0": {"write": {"device_start": -1, "host_queued_start": 1585636966.211436, "device_queued": -1, "device_end": -1, "host_queued_end": 1585636966.216404}, "device": "cpu", "nd_range": {"device_start": 2304740.406049273, "device_end": 2304740.410051355}, "cmdq": 0, "read": {"device_start": -1, "device_end": -1}}, "FFC_sans_bias2": {"write": {"device_start": -1, "host_queued_start": 1585636966.213884, "device_queued": -1, "device_end": -1, "host_queued_end": 1585636966.216404}, "device": "cpu", "nd_range": {"device_start": 2304740.414518739, "device_end": 2304740.4194722553}, "cmdq": 0, "read": {"device_start": -1, "device_end": -1}}, "FFC_sans_bias9": {"write": {"device_start": 1585636899.394903, "host_queued_start": 1585636966.193213, "device_queued": 1585636899.394661, "device_end": 1585636899.3949318, "host_queued_end": 1585636966.208843}, "device": "gpu", "nd_range": {"device_start": 1585636899.3949733, "device_end": 1585636899.3955789}, "cmdq": 0, "read": {"device_start": -1, "device_end": -1}}, "softmax23": {"write": {"device_start": -1, "host_queued_start": 1585636966.204277, "device_queued": -1, "device_end": -1, "host_queued_end": 1585636966.208843}, "device": "gpu", "nd_range": {"device_start": 1585636899.4003913, "device_end": 1585636899.401083}, "cmdq": 1, "read": {"device_start": -1, "device_end": -1}}, "FFC_sans_bias11": {"write": {"device_start": 1585636899.3951783, "host_queued_start": 1585636966.195407, "device_queued": 1585636899.3950138, "device_end": 1585636899.3952088, "host_queued_end": 1585636966.208843}, "device": "gpu", "nd_range": {"device_start": 1585636899.3952534, "device_end": 1585636899.3965428}, "cmdq": 2, "read": {"device_start": -1, "device_end": -1}}, "FFC_sans_bias10": {"write": {"device_start": 1585636899.3950927, "host_queued_start": 1585636966.194285, "device_queued": 1585636899.3949893, "device_end": 1585636899.3951645, "host_queued_end": 1585636966.208843}, "device": "gpu", "nd_range": {"device_start": 1585636899.3951683, "device_end": 1585636899.3959835}, "cmdq": 1, "read": {"device_start": -1, "device_end": -1}}, "coalesced_transpose3": {"write": {"device_start": -1, "host_queued_start": 1585636966.2142, "device_queued": -1, "device_end": -1, "host_queued_end": 1585636966.216404}, "device": "cpu", "nd_range": {"device_start": 2304740.419476904, "device_end": 2304740.4195905603}, "cmdq": 0, "read": {"device_start": -1, "device_end": -1}}, "FFC_sans_bias34": {"write": {"device_start": 1585636899.4056928, "host_queued_start": 1585636966.208731, "device_queued": 1585636899.3967266, "device_end": 1585636899.405759, "host_queued_end": 1585636966.208843}, "device": "gpu", "nd_range": {"device_start": 1585636899.4057627, "device_end": 1585636899.406685}, "cmdq": 2, "read": {"device_start": 1585636899.4066925, "device_end": 1585636899.4067152}}, "FFC_sans_bias15": {"write": {"device_start": -1, "host_queued_start": 1585636966.204842, "device_queued": -1, "device_end": -1, "host_queued_end": 1585636966.208843}, "device": "gpu", "nd_range": {"device_start": 1585636899.4006658, "device_end": 1585636899.401351}, "cmdq": 0, "read": {"device_start": -1, "device_end": -1}}, "FFC_sans_bias31": {"write": {"device_start": -1, "host_queued_start": 1585636966.203775, "device_queued": -1, "device_end": -1, "host_queued_end": 1585636966.208843}, "device": "gpu", "nd_range": {"device_start": 1585636899.4003026, "device_end": 1585636899.40091}, "cmdq": 2, "read": {"device_start": -1, "device_end": -1}}, "FFC_sans_bias16": {"write": {"device_start": 1585636899.4014902, "host_queued_start": 1585636966.206527, "device_queued": 1585636899.3965223, "device_end": 1585636899.4015214, "host_queued_end": 1585636966.208843}, "device": "gpu", "nd_range": {"device_start": 1585636899.4015255, "device_end": 1585636899.4023323}, "cmdq": 0, "read": {"device_start": 1585636899.4023385, "device_end": 1585636899.402362}}, "FFC_sans_bias19": {"write": {"device_start": 1585636899.396112, "host_queued_start": 1585636966.19753, "device_queued": 1585636899.3953147, "device_end": 1585636899.3961377, "host_queued_end": 1585636966.208843}, "device": "gpu", "nd_range": {"device_start": 1585636899.3961418, "device_end": 1585636899.3974981}, "cmdq": 1, "read": {"device_start": -1, "device_end": -1}}, "FFC_sans_bias18": {"write": {"device_start": 1585636899.395696, "host_queued_start": 1585636966.196469, "device_queued": 1585636899.3952618, "device_end": 1585636899.395721, "host_queued_end": 1585636966.208843}, "device": "gpu", "nd_range": {"device_start": 1585636899.3957264, "device_end": 1585636899.396996}, "cmdq": 0, "read": {"device_start": -1, "device_end": -1}}, "coalesced_transpose30": {"write": {"device_start": -1, "host_queued_start": 1585636966.202812, "device_queued": -1, "device_end": -1, "host_queued_end": 1585636966.208843}, "device": "gpu", "nd_range": {"device_start": 1585636899.3994331, "device_end": 1585636899.4003012}, "cmdq": 2, "read": {"device_start": -1, "device_end": -1}}, "empty26": {"write": {"device_start": 1585636899.3946598, "host_queued_start": 1585636966.191324, "device_queued": 1585636899.3945494, "device_end": 1585636899.3947356, "host_queued_end": 1585636966.208843}, "device": "gpu", "nd_range": {"device_start": 1585636899.3947484, "device_end": 1585636899.3947523}, "cmdq": 1, "read": {"device_start": -1, "device_end": -1}}, "coalesced_transpose12": {"write": {"device_start": -1, "host_queued_start": 1585636966.20217, "device_queued": -1, "device_end": -1, "host_queued_end": 1585636966.208843}, "device": "gpu", "nd_range": {"device_start": 1585636899.398469, "device_end": 1585636899.3992999}, "cmdq": 0, "read": {"device_start": -1, "device_end": -1}}, "coalesced_transpose21": {"write": {"device_start": -1, "host_queued_start": 1585636966.202475, "device_queued": -1, "device_end": -1, "host_queued_end": 1585636966.208843}, "device": "gpu", "nd_range": {"device_start": 1585636899.3989656, "device_end": 1585636899.3993227}, "cmdq": 1, "read": {"device_start": -1, "device_end": -1}}, "softmax14": {"write": {"device_start": -1, "host_queued_start": 1585636966.204032, "device_queued": -1, "device_end": -1, "host_queued_end": 1585636966.208843}, "device": "gpu", "nd_range": {"device_start": 1585636899.3999217, "device_end": 1585636899.4006643}, "cmdq": 0, "read": {"device_start": -1, "device_end": -1}}, "FFC_sans_bias13": {"write": {"device_start": -1, "host_queued_start": 1585636966.203135, "device_queued": -1, "device_end": -1, "host_queued_end": 1585636966.208843}, "device": "gpu", "nd_range": {"device_start": 1585636899.3993013, "device_end": 1585636899.3999207}, "cmdq": 0, "read": {"device_start": -1, "device_end": -1}},