{"FFC_sans_bias4": {"write": {"device_start": -1, "host_queued_start": 1585636925.581572, "device_queued": -1, "device_end": -1, "host_queued_end": 1585636925.583314}, "device": "cpu", "nd_range": {"device_start": 2304699.785118868, "device_end": 2304699.7891803593}, "cmdq": 2, "read": {"device_start": -1, "device_end": -1}}, "FFC_sans_bias7": {"write": {"device_start": -1, "host_queued_start": 1585636925.58327, "device_queued": -1, "device_end": -1, "host_queued_end": 1585636925.583314}, "device": "cpu", "nd_range": {"device_start": 2304699.794299256, "device_end": 2304699.798592035}, "cmdq": 2, "read": {"device_start": -1, "device_end": -1}}, "FFC_sans_bias6": {"write": {"device_start": -1, "host_queued_start": 1585636925.58218, "device_queued": -1, "device_end": -1, "host_queued_end": 1585636925.583314}, "device": "cpu", "nd_range": {"device_start": 2304699.7894650484, "device_end": 2304699.7942898953}, "cmdq": 1, "read": {"device_start": -1, "device_end": -1}}, "FFC_sans_bias1": {"write": {"device_start": -1, "host_queued_start": 1585636925.57962, "device_queued": -1, "device_end": -1, "host_queued_end": 1585636925.583314}, "device": "cpu", "nd_range": {"device_start": 2304699.7729218383, "device_end": 2304699.7806685823}, "cmdq": 2, "read": {"device_start": -1, "device_end": -1}}, "FFC_sans_bias0": {"write": {"device_start": -1, "host_queued_start": 1585636925.578366, "device_queued": -1, "device_end": -1, "host_queued_end": 1585636925.583314}, "device": "cpu", "nd_range": {"device_start": 2304699.7729094992, "device_end": 2304699.78481295}, "cmdq": 1, "read": {"device_start": -1, "device_end": -1}}, "FFC_sans_bias2": {"write": {"device_start": -1, "host_queued_start": 1585636925.580905, "device_queued": -1, "device_end": -1, "host_queued_end": 1585636925.583314}, "device": "cpu", "nd_range": {"device_start": 2304699.772916878, "device_end": 2304699.783727447}, "cmdq": 0, "read": {"device_start": -1, "device_end": -1}}, "FFC_sans_bias9": {"write": {"device_start": 1585636858.7626991, "host_queued_start": 1585636925.560419, "device_queued": 1585636858.7624485, "device_end": 1585636858.7627592, "host_queued_end": 1585636925.575584}, "device": "gpu", "nd_range": {"device_start": 1585636858.7627673, "device_end": 1585636858.763375}, "cmdq": 1, "read": {"device_start": -1, "device_end": -1}}, "softmax23": {"write": {"device_start": -1, "host_queued_start": 1585636925.571174, "device_queued": -1, "device_end": -1, "host_queued_end": 1585636925.575584}, "device": "gpu", "nd_range": {"device_start": 1585636858.7687137, "device_end": 1585636858.7689216}, "cmdq": 1, "read": {"device_start": -1, "device_end": -1}}, "FFC_sans_bias11": {"write": {"device_start": 1585636858.7635057, "host_queued_start": 1585636925.562531, "device_queued": 1585636858.7626846, "device_end": 1585636858.7635374, "host_queued_end": 1585636925.575584}, "device": "gpu", "nd_range": {"device_start": 1585636858.7635405, "device_end": 1585636858.7643418}, "cmdq": 1, "read": {"device_start": -1, "device_end": -1}}, "FFC_sans_bias10": {"write": {"device_start": 1585636858.7628047, "host_queued_start": 1585636925.561467, "device_queued": 1585636858.7626498, "device_end": 1585636858.7628298, "host_queued_end": 1585636925.575584}, "device": "gpu", "nd_range": {"device_start": 1585636858.7628322, "device_end": 1585636858.763772}, "cmdq": 0, "read": {"device_start": -1, "device_end": -1}}, "coalesced_transpose3": {"write": {"device_start": -1, "host_queued_start": 1585636925.581236, "device_queued": -1, "device_end": -1, "host_queued_end": 1585636925.583314}, "device": "cpu", "nd_range": {"device_start": 2304699.784840423, "device_end": 2304699.7849302283}, "cmdq": 1, "read": {"device_start": -1, "device_end": -1}}, "FFC_sans_bias34": {"write": {"device_start": 1585636858.7776577, "host_queued_start": 1585636925.575475, "device_queued": 1585636858.76438, "device_end": 1585636858.7776833, "host_queued_end": 1585636925.575584}, "device": "gpu", "nd_range": {"device_start": 1585636858.7776895, "device_end": 1585636858.7783456}, "cmdq": 0, "read": {"device_start": 1585636858.7783518, "device_end": 1585636858.778374}}, "FFC_sans_bias15": {"write": {"device_start": -1, "host_queued_start": 1585636925.571731, "device_queued": -1, "device_end": -1, "host_queued_end": 1585636925.575584}, "device": "gpu", "nd_range": {"device_start": 1585636858.7689273, "device_end": 1585636858.7695267}, "cmdq": 1, "read": {"device_start": -1, "device_end": -1}}, "FFC_sans_bias31": {"write": {"device_start": -1, "host_queued_start": 1585636925.57068, "device_queued": -1, "device_end": -1, "host_queued_end": 1585636925.575584}, "device": "gpu", "nd_range": {"device_start": 1585636858.7678125, "device_end": 1585636858.768709}, "cmdq": 1, "read": {"device_start": -1, "device_end": -1}}, "FFC_sans_bias16": {"write": {"device_start": 1585636858.7767773, "host_queued_start": 1585636925.573371, "device_queued": 1585636858.7641513, "device_end": 1585636858.776849, "host_queued_end": 1585636925.575584}, "device": "gpu", "nd_range": {"device_start": 1585636858.776859, "device_end": 1585636858.7774663}, "cmdq": 0, "read": {"device_start": 1585636858.7774706, "device_end": 1585636858.7774966}}, "FFC_sans_bias19": {"write": {"device_start": 1585636858.7644498, "host_queued_start": 1585636925.564607, "device_queued": 1585636858.7629066, "device_end": 1585636858.7644775, "host_queued_end": 1585636925.575584}, "device": "gpu", "nd_range": {"device_start": 1585636858.764481, "device_end": 1585636858.765288}, "cmdq": 1, "read": {"device_start": -1, "device_end": -1}}, "FFC_sans_bias18": {"write": {"device_start": 1585636858.7639935, "host_queued_start": 1585636925.563581, "device_queued": 1585636858.7628658, "device_end": 1585636858.7640264, "host_queued_end": 1585636925.575584}, "device": "gpu", "nd_range": {"device_start": 1585636858.7640302, "device_end": 1585636858.7647693}, "cmdq": 0, "read": {"device_start": -1, "device_end": -1}}, "coalesced_transpose30": {"write": {"device_start": -1, "host_queued_start": 1585636925.569721, "device_queued": -1, "device_end": -1, "host_queued_end": 1585636925.575584}, "device": "gpu", "nd_range": {"device_start": 1585636858.7670956, "device_end": 1585636858.7671196}, "cmdq": 0, "read": {"device_start": -1, "device_end": -1}}, "empty26": {"write": {"device_start": 1585636858.7624865, "host_queued_start": 1585636925.558558, "device_queued": 1585636858.7623675, "device_end": 1585636858.7625608, "host_queued_end": 1585636925.575584}, "device": "gpu", "nd_range": {"device_start": 1585636858.7625642, "device_end": 1585636858.7625687}, "cmdq": 1, "read": {"device_start": -1, "device_end": -1}}, "coalesced_transpose12": {"write": {"device_start": -1, "host_queued_start": 1585636925.569121, "device_queued": -1, "device_end": -1, "host_queued_end": 1585636925.575584}, "device": "gpu", "nd_range": {"device_start": 1585636858.7667682, "device_end": 1585636858.7670944}, "cmdq": 0, "read": {"device_start": -1, "device_end": -1}}, "coalesced_transpose21": {"write": {"device_start": -1, "host_queued_start": 1585636925.569423, "device_queued": -1, "device_end": -1, "host_queued_end": 1585636925.575584}, "device": "gpu", "nd_range": {"device_start": 1585636858.7671835, "device_end": 1585636858.767194}, "cmdq": 1, "read": {"device_start": -1, "device_end": -1}}, "softmax14": {"write": {"device_start": -1, "host_queued_start": 1585636925.57093, "device_queued": -1, "device_end": -1, "host_queued_end": 1585636925.575584}, "device": "gpu", "nd_range": {"device_start": 1585636858.768225, "device_end": 1585636858.768819}, "cmdq": 0, "read": {"device_start": -1, "device_end": -1}}, "FFC_sans_bias13": {"write": {"device_start": -1, "host_queued_start": 1585636925.57003, "device_queued": -1, "device_end": -1, "host_queued_end": 1585636925.575584}, "device": "gpu", "nd_range": {"device_start": 1585636858.7671998, "device_end": 1585636858.767807}, "cmdq": 1, "read": {"device_start": -1, "device_end": -1}},