{"FFC_sans_bias4": {"write": {"device_start": -1, "host_queued_start": 1585637115.072457, "device_queued": -1, "device_end": -1, "host_queued_end": 1585637115.074205}, "device": "cpu", "nd_range": {"device_start": 2304889.276286059, "device_end": 2304889.280348138}, "cmdq": 1, "read": {"device_start": -1, "device_end": -1}}, "FFC_sans_bias7": {"write": {"device_start": -1, "host_queued_start": 1585637115.074143, "device_queued": -1, "device_end": -1, "host_queued_end": 1585637115.074205}, "device": "cpu", "nd_range": {"device_start": 2304889.2853245214, "device_end": 2304889.289667866}, "cmdq": 0, "read": {"device_start": -1, "device_end": -1}}, "FFC_sans_bias6": {"write": {"device_start": -1, "host_queued_start": 1585637115.073069, "device_queued": -1, "device_end": -1, "host_queued_end": 1585637115.074205}, "device": "cpu", "nd_range": {"device_start": 2304889.280740727, "device_end": 2304889.285317812}, "cmdq": 1, "read": {"device_start": -1, "device_end": -1}}, "FFC_sans_bias1": {"write": {"device_start": -1, "host_queued_start": 1585637115.070728, "device_queued": -1, "device_end": -1, "host_queued_end": 1585637115.074205}, "device": "cpu", "nd_range": {"device_start": 2304889.26384712, "device_end": 2304889.272702646}, "cmdq": 0, "read": {"device_start": -1, "device_end": -1}}, "FFC_sans_bias0": {"write": {"device_start": -1, "host_queued_start": 1585637115.069453, "device_queued": -1, "device_end": -1, "host_queued_end": 1585637115.074205}, "device": "cpu", "nd_range": {"device_start": 2304889.2638403713, "device_end": 2304889.271974142}, "cmdq": 1, "read": {"device_start": -1, "device_end": -1}}, "FFC_sans_bias2": {"write": {"device_start": -1, "host_queued_start": 1585637115.071794, "device_queued": -1, "device_end": -1, "host_queued_end": 1585637115.074205}, "device": "cpu", "nd_range": {"device_start": 2304889.27198887, "device_end": 2304889.276265372}, "cmdq": 1, "read": {"device_start": -1, "device_end": -1}}, "FFC_sans_bias9": {"write": {"device_start": 1585637048.2487764, "host_queued_start": 1585637115.051084, "device_queued": 1585637048.2485638, "device_end": 1585637048.2488015, "host_queued_end": 1585637115.066726}, "device": "gpu", "nd_range": {"device_start": 1585637048.2489674, "device_end": 1585637048.249576}, "cmdq": 3, "read": {"device_start": -1, "device_end": -1}}, "softmax23": {"write": {"device_start": -1, "host_queued_start": 1585637115.062151, "device_queued": -1, "device_end": -1, "host_queued_end": 1585637115.066726}, "device": "gpu", "nd_range": {"device_start": 1585637048.255114, "device_end": 1585637048.2555292}, "cmdq": 4, "read": {"device_start": -1, "device_end": -1}}, "FFC_sans_bias11": {"write": {"device_start": 1585637048.2491076, "host_queued_start": 1585637115.053298, "device_queued": 1585637048.2490072, "device_end": 1585637048.2491374, "host_queued_end": 1585637115.066726}, "device": "gpu", "nd_range": {"device_start": 1585637048.2491927, "device_end": 1585637048.2505562}, "cmdq": 0, "read": {"device_start": -1, "device_end": -1}}, "FFC_sans_bias10": {"write": {"device_start": 1585637048.2489686, "host_queued_start": 1585637115.052196, "device_queued": 1585637048.2488682, "device_end": 1585637048.2490003, "host_queued_end": 1585637115.066726}, "device": "gpu", "nd_range": {"device_start": 1585637048.2490034, "device_end": 1585637048.249977}, "cmdq": 4, "read": {"device_start": -1, "device_end": -1}}, "coalesced_transpose3": {"write": {"device_start": -1, "host_queued_start": 1585637115.072119, "device_queued": -1, "device_end": -1, "host_queued_end": 1585637115.074205}, "device": "cpu", "nd_range": {"device_start": 2304889.2728257063, "device_end": 2304889.2730597802}, "cmdq": 0, "read": {"device_start": -1, "device_end": -1}}, "FFC_sans_bias34": {"write": {"device_start": 1585637048.2558236, "host_queued_start": 1585637115.06662, "device_queued": 1585637048.2507997, "device_end": 1585637048.2558513, "host_queued_end": 1585637115.066726}, "device": "gpu", "nd_range": {"device_start": 1585637048.2567093, "device_end": 1585637048.2576687}, "cmdq": 1, "read": {"device_start": 1585637048.2576747, "device_end": 1585637048.2576976}}, "FFC_sans_bias15": {"write": {"device_start": -1, "host_queued_start": 1585637115.062756, "device_queued": -1, "device_end": -1, "host_queued_end": 1585637115.066726}, "device": "gpu", "nd_range": {"device_start": 1585637048.2551198, "device_end": 1585637048.2557242}, "cmdq": 1, "read": {"device_start": -1, "device_end": -1}}, "FFC_sans_bias31": {"write": {"device_start": -1, "host_queued_start": 1585637115.061653, "device_queued": -1, "device_end": -1, "host_queued_end": 1585637115.066726}, "device": "gpu", "nd_range": {"device_start": 1585637048.2533345, "device_end": 1585637048.2543755}, "cmdq": 2, "read": {"device_start": -1, "device_end": -1}}, "FFC_sans_bias16": {"write": {"device_start": 1585637048.2557318, "host_queued_start": 1585637115.064448, "device_queued": 1585637048.2505167, "device_end": 1585637048.2558203, "host_queued_end": 1585637115.066726}, "device": "gpu", "nd_range": {"device_start": 1585637048.2567146, "device_end": 1585637048.258085}, "cmdq": 4, "read": {"device_start": 1585637048.2580884, "device_end": 1585637048.2581105}}, "FFC_sans_bias19": {"write": {"device_start": 1585637048.2493846, "host_queued_start": 1585637115.055493, "device_queued": 1585637048.2492292, "device_end": 1585637048.2494097, "host_queued_end": 1585637115.066726}, "device": "gpu", "nd_range": {"device_start": 1585637048.249506, "device_end": 1585637048.2515335}, "cmdq": 2, "read": {"device_start": -1, "device_end": -1}}, "FFC_sans_bias18": {"write": {"device_start": 1585637048.2493017, "host_queued_start": 1585637115.054377, "device_queued": 1585637048.2492008, "device_end": 1585637048.2493768, "host_queued_end": 1585637115.066726}, "device": "gpu", "nd_range": {"device_start": 1585637048.2494833, "device_end": 1585637048.2509723}, "cmdq": 1, "read": {"device_start": -1, "device_end": -1}}, "coalesced_transpose30": {"write": {"device_start": -1, "host_queued_start": 1585637115.060715, "device_queued": -1, "device_end": -1, "host_queued_end": 1585637115.066726}, "device": "gpu", "nd_range": {"device_start": 1585637048.2529545, "device_end": 1585637048.2533286}, "cmdq": 4, "read": {"device_start": -1, "device_end": -1}}, "empty26": {"write": {"device_start": 1585637048.248597, "host_queued_start": 1585637115.049167, "device_queued": 1585637048.2484977, "device_end": 1585637048.2486553, "host_queued_end": 1585637115.066726}, "device": "gpu", "nd_range": {"device_start": 1585637048.2489119, "device_end": 1585637048.2489223}, "cmdq": 1, "read": {"device_start": -1, "device_end": -1}}, "coalesced_transpose12": {"write": {"device_start": -1, "host_queued_start": 1585637115.060107, "device_queued": -1, "device_end": -1, "host_queued_end": 1585637115.066726}, "device": "gpu", "nd_range": {"device_start": 1585637048.251535, "device_end": 1585637048.2532988}, "cmdq": 2, "read": {"device_start": -1, "device_end": -1}}, "coalesced_transpose21": {"write": {"device_start": -1, "host_queued_start": 1585637115.06041, "device_queued": -1, "device_end": -1, "host_queued_end": 1585637115.066726}, "device": "gpu", "nd_range": {"device_start": 1585637048.25197, "device_end": 1585637048.2533157}, "cmdq": 3, "read": {"device_start": -1, "device_end": -1}}, "softmax14": {"write": {"device_start": -1, "host_queued_start": 1585637115.061909, "device_queued": -1, "device_end": -1, "host_queued_end": 1585637115.066726}, "device": "gpu", "nd_range": {"device_start": 1585637048.2539356, "device_end": 1585637048.2551003}, "cmdq": 3, "read": {"device_start": -1, "device_end": -1}}, "FFC_sans_bias13": {"write": {"device_start": -1, "host_queued_start": 1585637115.061027, "device_queued": -1, "device_end": -1, "host_queued_end": 1585637115.066726}, "device": "gpu", "nd_range": {"device_start": 1585637048.253311, "device_end": 1585637048.2539263}, "cmdq": 0, "read": {"device_start": -1, "device_end": -1}},