{"FFC_sans_bias4": {"write": {"device_start": -1, "host_queued_start": 1585636993.338815, "device_queued": -1, "device_end": -1, "host_queued_end": 1585636993.340626}, "device": "cpu", "nd_range": {"device_start": 2304767.542271608, "device_end": 2304767.5463303654}, "cmdq": 2, "read": {"device_start": -1, "device_end": -1}}, "FFC_sans_bias7": {"write": {"device_start": -1, "host_queued_start": 1585636993.340582, "device_queued": -1, "device_end": -1, "host_queued_end": 1585636993.340626}, "device": "cpu", "nd_range": {"device_start": 2304767.551456553, "device_end": 2304767.555620619}, "cmdq": 2, "read": {"device_start": -1, "device_end": -1}}, "FFC_sans_bias6": {"write": {"device_start": -1, "host_queued_start": 1585636993.339476, "device_queued": -1, "device_end": -1, "host_queued_end": 1585636993.340626}, "device": "cpu", "nd_range": {"device_start": 2304767.546610184, "device_end": 2304767.5514473263}, "cmdq": 1, "read": {"device_start": -1, "device_end": -1}}, "FFC_sans_bias1": {"write": {"device_start": -1, "host_queued_start": 1585636993.336955, "device_queued": -1, "device_end": -1, "host_queued_end": 1585636993.340626}, "device": "cpu", "nd_range": {"device_start": 2304767.53021949, "device_end": 2304767.541880525}, "cmdq": 2, "read": {"device_start": -1, "device_end": -1}}, "FFC_sans_bias0": {"write": {"device_start": -1, "host_queued_start": 1585636993.335696, "device_queued": -1, "device_end": -1, "host_queued_end": 1585636993.340626}, "device": "cpu", "nd_range": {"device_start": 2304767.5302179963, "device_end": 2304767.537925811}, "cmdq": 1, "read": {"device_start": -1, "device_end": -1}}, "FFC_sans_bias2": {"write": {"device_start": -1, "host_queued_start": 1585636993.338103, "device_queued": -1, "device_end": -1, "host_queued_end": 1585636993.340626}, "device": "cpu", "nd_range": {"device_start": 2304767.5302260583, "device_end": 2304767.5419871723}, "cmdq": 0, "read": {"device_start": -1, "device_end": -1}}, "FFC_sans_bias9": {"write": {"device_start": 1585636926.5181878, "host_queued_start": 1585636993.317091, "device_queued": 1585636926.5180056, "device_end": 1585636926.5182118, "host_queued_end": 1585636993.332881}, "device": "gpu", "nd_range": {"device_start": 1585636926.518239, "device_end": 1585636926.5188463}, "cmdq": 0, "read": {"device_start": -1, "device_end": -1}}, "softmax23": {"write": {"device_start": -1, "host_queued_start": 1585636993.328248, "device_queued": -1, "device_end": -1, "host_queued_end": 1585636993.332881}, "device": "gpu", "nd_range": {"device_start": 1585636926.5236588, "device_end": 1585636926.5243492}, "cmdq": 1, "read": {"device_start": -1, "device_end": -1}}, "FFC_sans_bias11": {"write": {"device_start": 1585636926.5184412, "host_queued_start": 1585636993.319289, "device_queued": 1585636926.5182717, "device_end": 1585636926.518477, "host_queued_end": 1585636993.332881}, "device": "gpu", "nd_range": {"device_start": 1585636926.51848, "device_end": 1585636926.5198064}, "cmdq": 2, "read": {"device_start": -1, "device_end": -1}}, "FFC_sans_bias10": {"write": {"device_start": 1585636926.5183396, "host_queued_start": 1585636993.318127, "device_queued": 1585636926.5182478, "device_end": 1585636926.5184186, "host_queued_end": 1585636993.332881}, "device": "gpu", "nd_range": {"device_start": 1585636926.5184228, "device_end": 1585636926.5192485}, "cmdq": 1, "read": {"device_start": -1, "device_end": -1}}, "coalesced_transpose3": {"write": {"device_start": -1, "host_queued_start": 1585636993.338466, "device_queued": -1, "device_end": -1, "host_queued_end": 1585636993.340626}, "device": "cpu", "nd_range": {"device_start": 2304767.5420270613, "device_end": 2304767.542117964}, "cmdq": 1, "read": {"device_start": -1, "device_end": -1}}, "FFC_sans_bias34": {"write": {"device_start": 1585636926.5350778, "host_queued_start": 1585636993.33278, "device_queued": 1585636926.5198886, "device_end": 1585636926.5351546, "host_queued_end": 1585636993.332881}, "device": "gpu", "nd_range": {"device_start": 1585636926.5351586, "device_end": 1585636926.5360723}, "cmdq": 2, "read": {"device_start": 1585636926.5360754, "device_end": 1585636926.536098}}, "FFC_sans_bias15": {"write": {"device_start": -1, "host_queued_start": 1585636993.328876, "device_queued": -1, "device_end": -1, "host_queued_end": 1585636993.332881}, "device": "gpu", "nd_range": {"device_start": 1585636926.5239353, "device_end": 1585636926.524609}, "cmdq": 0, "read": {"device_start": -1, "device_end": -1}}, "FFC_sans_bias31": {"write": {"device_start": -1, "host_queued_start": 1585636993.32774, "device_queued": -1, "device_end": -1, "host_queued_end": 1585636993.332881}, "device": "gpu", "nd_range": {"device_start": 1585636926.5235667, "device_end": 1585636926.5241697}, "cmdq": 2, "read": {"device_start": -1, "device_end": -1}}, "FFC_sans_bias16": {"write": {"device_start": 1585636926.5247219, "host_queued_start": 1585636993.330557, "device_queued": 1585636926.5196726, "device_end": 1585636926.5247521, "host_queued_end": 1585636993.332881}, "device": "gpu", "nd_range": {"device_start": 1585636926.524757, "device_end": 1585636926.5256069}, "cmdq": 0, "read": {"device_start": 1585636926.525609, "device_end": 1585636926.5256343}}, "FFC_sans_bias19": {"write": {"device_start": 1585636926.5193563, "host_queued_start": 1585636993.321429, "device_queued": 1585636926.5185196, "device_end": 1585636926.5193875, "host_queued_end": 1585636993.332881}, "device": "gpu", "nd_range": {"device_start": 1585636926.5193906, "device_end": 1585636926.5207748}, "cmdq": 1, "read": {"device_start": -1, "device_end": -1}}, "FFC_sans_bias18": {"write": {"device_start": 1585636926.5189595, "host_queued_start": 1585636993.320346, "device_queued": 1585636926.5184581, "device_end": 1585636926.518985, "host_queued_end": 1585636993.332881}, "device": "gpu", "nd_range": {"device_start": 1585636926.5189881, "device_end": 1585636926.5202415}, "cmdq": 0, "read": {"device_start": -1, "device_end": -1}}, "coalesced_transpose30": {"write": {"device_start": -1, "host_queued_start": 1585636993.326779, "device_queued": -1, "device_end": -1, "host_queued_end": 1585636993.332881}, "device": "gpu", "nd_range": {"device_start": 1585636926.5227077, "device_end": 1585636926.5235658}, "cmdq": 2, "read": {"device_start": -1, "device_end": -1}}, "empty26": {"write": {"device_start": 1585636926.5179973, "host_queued_start": 1585636993.315104, "device_queued": 1585636926.5178666, "device_end": 1585636926.5180655, "host_queued_end": 1585636993.332881}, "device": "gpu", "nd_range": {"device_start": 1585636926.51808, "device_end": 1585636926.5180845}, "cmdq": 1, "read": {"device_start": -1, "device_end": -1}}, "coalesced_transpose12": {"write": {"device_start": -1, "host_queued_start": 1585636993.326094, "device_queued": -1, "device_end": -1, "host_queued_end": 1585636993.332881}, "device": "gpu", "nd_range": {"device_start": 1585636926.52174, "device_end": 1585636926.5225706}, "cmdq": 0, "read": {"device_start": -1, "device_end": -1}}, "coalesced_transpose21": {"write": {"device_start": -1, "host_queued_start": 1585636993.326401, "device_queued": -1, "device_end": -1, "host_queued_end": 1585636993.332881}, "device": "gpu", "nd_range": {"device_start": 1585636926.5222259, "device_end": 1585636926.5225835}, "cmdq": 1, "read": {"device_start": -1, "device_end": -1}}, "softmax14": {"write": {"device_start": -1, "host_queued_start": 1585636993.327997, "device_queued": -1, "device_end": -1, "host_queued_end": 1585636993.332881}, "device": "gpu", "nd_range": {"device_start": 1585636926.5231833, "device_end": 1585636926.5239344}, "cmdq": 0, "read": {"device_start": -1, "device_end": -1}}, "FFC_sans_bias13": {"write": {"device_start": -1, "host_queued_start": 1585636993.327097, "device_queued": -1, "device_end": -1, "host_queued_end": 1585636993.332881}, "device": "gpu", "nd_range": {"device_start": 1585636926.5225718, "device_end": 1585636926.5231824}, "cmdq": 0, "read": {"device_start": -1, "device_end": -1}},