{"FFC_sans_bias4": {"write": {"device_start": -1, "host_queued_start": 1585637060.965879, "device_queued": -1, "device_end": -1, "host_queued_end": 1585637060.967722}, "device": "cpu", "nd_range": {"device_start": 2304835.169448776, "device_end": 2304835.173377037}, "cmdq": 2, "read": {"device_start": -1, "device_end": -1}}, "FFC_sans_bias7": {"write": {"device_start": -1, "host_queued_start": 1585637060.967677, "device_queued": -1, "device_end": -1, "host_queued_end": 1585637060.967722}, "device": "cpu", "nd_range": {"device_start": 2304835.1785440464, "device_end": 2304835.183062794}, "cmdq": 2, "read": {"device_start": -1, "device_end": -1}}, "FFC_sans_bias6": {"write": {"device_start": -1, "host_queued_start": 1585637060.966498, "device_queued": -1, "device_end": -1, "host_queued_end": 1585637060.967722}, "device": "cpu", "nd_range": {"device_start": 2304835.17374855, "device_end": 2304835.178513233}, "cmdq": 1, "read": {"device_start": -1, "device_end": -1}}, "FFC_sans_bias1": {"write": {"device_start": -1, "host_queued_start": 1585637060.964118, "device_queued": -1, "device_end": -1, "host_queued_end": 1585637060.967722}, "device": "cpu", "nd_range": {"device_start": 2304835.157402879, "device_end": 2304835.165129696}, "cmdq": 2, "read": {"device_start": -1, "device_end": -1}}, "FFC_sans_bias0": {"write": {"device_start": -1, "host_queued_start": 1585637060.962828, "device_queued": -1, "device_end": -1, "host_queued_end": 1585637060.967722}, "device": "cpu", "nd_range": {"device_start": 2304835.157395868, "device_end": 2304835.169321955}, "cmdq": 1, "read": {"device_start": -1, "device_end": -1}}, "FFC_sans_bias2": {"write": {"device_start": -1, "host_queued_start": 1585637060.965205, "device_queued": -1, "device_end": -1, "host_queued_end": 1585637060.967722}, "device": "cpu", "nd_range": {"device_start": 2304835.157403861, "device_end": 2304835.169272066}, "cmdq": 0, "read": {"device_start": -1, "device_end": -1}}, "FFC_sans_bias9": {"write": {"device_start": 1585636994.1435025, "host_queued_start": 1585637060.94456, "device_queued": 1585636994.1432006, "device_end": 1585636994.1435697, "host_queued_end": 1585637060.959918}, "device": "gpu", "nd_range": {"device_start": 1585636994.143574, "device_end": 1585636994.1441803}, "cmdq": 3, "read": {"device_start": -1, "device_end": -1}}, "softmax23": {"write": {"device_start": -1, "host_queued_start": 1585637060.95548, "device_queued": -1, "device_end": -1, "host_queued_end": 1585637060.959918}, "device": "gpu", "nd_range": {"device_start": 1585636994.1490147, "device_end": 1585636994.149627}, "cmdq": 3, "read": {"device_start": -1, "device_end": -1}}, "FFC_sans_bias11": {"write": {"device_start": 1585636994.1437392, "host_queued_start": 1585637060.946739, "device_queued": 1585636994.1434696, "device_end": 1585636994.1438024, "host_queued_end": 1585637060.959918}, "device": "gpu", "nd_range": {"device_start": 1585636994.1438081, "device_end": 1585636994.145156}, "cmdq": 1, "read": {"device_start": -1, "device_end": -1}}, "FFC_sans_bias10": {"write": {"device_start": 1585636994.1436207, "host_queued_start": 1585637060.945637, "device_queued": 1585636994.1434155, "device_end": 1585636994.1437008, "host_queued_end": 1585637060.959918}, "device": "gpu", "nd_range": {"device_start": 1585636994.143705, "device_end": 1585636994.1445847}, "cmdq": 0, "read": {"device_start": -1, "device_end": -1}}, "coalesced_transpose3": {"write": {"device_start": -1, "host_queued_start": 1585637060.965534, "device_queued": -1, "device_end": -1, "host_queued_end": 1585637060.967722}, "device": "cpu", "nd_range": {"device_start": 2304835.169351966, "device_end": 2304835.169438819}, "cmdq": 1, "read": {"device_start": -1, "device_end": -1}}, "FFC_sans_bias34": {"write": {"device_start": 1585636994.1523259, "host_queued_start": 1585637060.959818, "device_queued": 1585636994.1451755, "device_end": 1585636994.1523793, "host_queued_end": 1585637060.959918}, "device": "gpu", "nd_range": {"device_start": 1585636994.1523848, "device_end": 1585636994.1529813}, "cmdq": 2, "read": {"device_start": 1585636994.1529887, "device_end": 1585636994.153011}}, "FFC_sans_bias15": {"write": {"device_start": -1, "host_queued_start": 1585637060.956049, "device_queued": -1, "device_end": -1, "host_queued_end": 1585637060.959918}, "device": "gpu", "nd_range": {"device_start": 1585636994.1496327, "device_end": 1585636994.1502385}, "cmdq": 1, "read": {"device_start": -1, "device_end": -1}}, "FFC_sans_bias31": {"write": {"device_start": -1, "host_queued_start": 1585637060.954981, "device_queued": -1, "device_end": -1, "host_queued_end": 1585637060.959918}, "device": "gpu", "nd_range": {"device_start": 1585636994.148007, "device_end": 1585636994.1494894}, "cmdq": 1, "read": {"device_start": -1, "device_end": -1}}, "FFC_sans_bias16": {"write": {"device_start": 1585636994.1498857, "host_queued_start": 1585637060.957705, "device_queued": 1585636994.144959, "device_end": 1585636994.1499186, "host_queued_end": 1585637060.959918}, "device": "gpu", "nd_range": {"device_start": 1585636994.150256, "device_end": 1585636994.1516411}, "cmdq": 0, "read": {"device_start": 1585636994.1516428, "device_end": 1585636994.1516666}}, "FFC_sans_bias19": {"write": {"device_start": 1585636994.1443672, "host_queued_start": 1585637060.948811, "device_queued": 1585636994.143631, "device_end": 1585636994.1443975, "host_queued_end": 1585637060.959918}, "device": "gpu", "nd_range": {"device_start": 1585636994.1444025, "device_end": 1585636994.1461136}, "cmdq": 3, "read": {"device_start": -1, "device_end": -1}}, "FFC_sans_bias18": {"write": {"device_start": 1585636994.1438434, "host_queued_start": 1585637060.947779, "device_queued": 1585636994.1436076, "device_end": 1585636994.1438687, "host_queued_end": 1585637060.959918}, "device": "gpu", "nd_range": {"device_start": 1585636994.1438746, "device_end": 1585636994.1455889}, "cmdq": 2, "read": {"device_start": -1, "device_end": -1}}, "coalesced_transpose30": {"write": {"device_start": -1, "host_queued_start": 1585637060.953977, "device_queued": -1, "device_end": -1, "host_queued_end": 1585637060.959918}, "device": "gpu", "nd_range": {"device_start": 1585636994.1475644, "device_end": 1585636994.1479235}, "cmdq": 2, "read": {"device_start": -1, "device_end": -1}}, "empty26": {"write": {"device_start": 1585636994.1432862, "host_queued_start": 1585637060.942672, "device_queued": 1585636994.1431484, "device_end": 1585636994.143363, "host_queued_end": 1585637060.959918}, "device": "gpu", "nd_range": {"device_start": 1585636994.1433685, "device_end": 1585636994.1433725}, "cmdq": 1, "read": {"device_start": -1, "device_end": -1}}, "coalesced_transpose12": {"write": {"device_start": -1, "host_queued_start": 1585637060.95336, "device_queued": -1, "device_end": -1, "host_queued_end": 1585637060.959918}, "device": "gpu", "nd_range": {"device_start": 1585636994.1465712, "device_end": 1585636994.1479034}, "cmdq": 0, "read": {"device_start": -1, "device_end": -1}}, "coalesced_transpose21": {"write": {"device_start": -1, "host_queued_start": 1585637060.953669, "device_queued": -1, "device_end": -1, "host_queued_end": 1585637060.959918}, "device": "gpu", "nd_range": {"device_start": 1585636994.1470747, "device_end": 1585636994.147915}, "cmdq": 1, "read": {"device_start": -1, "device_end": -1}}, "softmax14": {"write": {"device_start": -1, "host_queued_start": 1585637060.955233, "device_queued": -1, "device_end": -1, "host_queued_end": 1585637060.959918}, "device": "gpu", "nd_range": {"device_start": 1585636994.1486068, "device_end": 1585636994.1496232}, "cmdq": 2, "read": {"device_start": -1, "device_end": -1}}, "FFC_sans_bias13": {"write": {"device_start": -1, "host_queued_start": 1585637060.954301, "device_queued": -1, "device_end": -1, "host_queued_end": 1585637060.959918}, "device": "gpu", "nd_range": {"device_start": 1585636994.1479897, "device_end": 1585636994.1485982}, "cmdq": 3, "read": {"device_start": -1, "device_end": -1}},