{"FFC_sans_bias4": {"write": {"device_start": -1, "host_queued_start": 1585636936.418304, "device_queued": -1, "device_end": -1, "host_queued_end": 1585636936.425925}, "device": "gpu", "nd_range": {"device_start": 1585636869.6187296, "device_end": 1585636869.6193306}, "cmdq": 0, "read": {"device_start": -1, "device_end": -1}}, "FFC_sans_bias7": {"write": {"device_start": 1585636869.622719, "host_queued_start": 1585636936.422656, "device_queued": 1585636869.6147764, "device_end": 1585636869.6227505, "host_queued_end": 1585636936.425925}, "device": "gpu", "nd_range": {"device_start": 1585636869.6227534, "device_end": 1585636869.6235704}, "cmdq": 0, "read": {"device_start": 1585636869.6235719, "device_end": 1585636869.623596}}, "FFC_sans_bias6": {"write": {"device_start": -1, "host_queued_start": 1585636936.42059, "device_queued": -1, "device_end": -1, "host_queued_end": 1585636936.425925}, "device": "gpu", "nd_range": {"device_start": 1585636869.6210022, "device_end": 1585636869.6216066}, "cmdq": 0, "read": {"device_start": -1, "device_end": -1}}, "FFC_sans_bias1": {"write": {"device_start": 1585636869.6129668, "host_queued_start": 1585636936.40623, "device_queued": 1585636869.6127853, "device_end": 1585636869.6129925, "host_queued_end": 1585636936.425925}, "device": "gpu", "nd_range": {"device_start": 1585636869.6129968, "device_end": 1585636869.6139174}, "cmdq": 1, "read": {"device_start": -1, "device_end": -1}}, "FFC_sans_bias0": {"write": {"device_start": 1585636869.6128757, "host_queued_start": 1585636936.4052, "device_queued": 1585636869.6127386, "device_end": 1585636869.6129024, "host_queued_end": 1585636936.425925}, "device": "gpu", "nd_range": {"device_start": 1585636869.612906, "device_end": 1585636869.6135154}, "cmdq": 0, "read": {"device_start": -1, "device_end": -1}}, "FFC_sans_bias2": {"write": {"device_start": 1585636869.6136363, "host_queued_start": 1585636936.407342, "device_queued": 1585636869.612953, "device_end": 1585636869.613668, "host_queued_end": 1585636936.425925}, "device": "gpu", "nd_range": {"device_start": 1585636869.6136708, "device_end": 1585636869.6144693}, "cmdq": 0, "read": {"device_start": -1, "device_end": -1}}, "FFC_sans_bias9": {"write": {"device_start": 1585636869.6140614, "host_queued_start": 1585636936.408404, "device_queued": 1585636869.6129987, "device_end": 1585636869.6140926, "host_queued_end": 1585636936.425925}, "device": "gpu", "nd_range": {"device_start": 1585636869.6140952, "device_end": 1585636869.6149151}, "cmdq": 1, "read": {"device_start": -1, "device_end": -1}}, "softmax23": {"write": {"device_start": -1, "host_queued_start": 1585636936.420028, "device_queued": -1, "device_end": -1, "host_queued_end": 1585636936.425925}, "device": "gpu", "nd_range": {"device_start": 1585636869.620801, "device_end": 1585636869.6210008}, "cmdq": 0, "read": {"device_start": -1, "device_end": -1}}, "FFC_sans_bias11": {"write": {"device_start": 1585636869.615008, "host_queued_start": 1585636936.410488, "device_queued": 1585636869.6131954, "device_end": 1585636869.6150403, "host_queued_end": 1585636936.425925}, "device": "gpu", "nd_range": {"device_start": 1585636869.6150444, "device_end": 1585636869.6159008}, "cmdq": 1, "read": {"device_start": -1, "device_end": -1}}, "FFC_sans_bias10": {"write": {"device_start": 1585636869.614582, "host_queued_start": 1585636936.409453, "device_queued": 1585636869.6131418, "device_end": 1585636869.6146126, "host_queued_end": 1585636936.425925}, "device": "gpu", "nd_range": {"device_start": 1585636869.6146164, "device_end": 1585636869.6154318}, "cmdq": 0, "read": {"device_start": -1, "device_end": -1}}, "coalesced_transpose3": {"write": {"device_start": -1, "host_queued_start": 1585636936.417096, "device_queued": -1, "device_end": -1, "host_queued_end": 1585636936.425925}, "device": "gpu", "nd_range": {"device_start": 1585636869.6183283, "device_end": 1585636869.6187048}, "cmdq": 0, "read": {"device_start": -1, "device_end": -1}}, "FFC_sans_bias34": {"write": {"device_start": 1585636869.6242008, "host_queued_start": 1585636936.425822, "device_queued": 1585636869.615131, "device_end": 1585636869.6242316, "host_queued_end": 1585636936.425925}, "device": "gpu", "nd_range": {"device_start": 1585636869.6242354, "device_end": 1585636869.624953}, "cmdq": 1, "read": {"device_start": 1585636869.6249614, "device_end": 1585636869.6249835}}, "FFC_sans_bias15": {"write": {"device_start": -1, "host_queued_start": 1585636936.420904, "device_queued": -1, "device_end": -1, "host_queued_end": 1585636936.425925}, "device": "gpu", "nd_range": {"device_start": 1585636869.6212296, "device_end": 1585636869.6220112}, "cmdq": 1, "read": {"device_start": -1, "device_end": -1}}, "FFC_sans_bias31": {"write": {"device_start": -1, "host_queued_start": 1585636936.419279, "device_queued": -1, "device_end": -1, "host_queued_end": 1585636936.425925}, "device": "gpu", "nd_range": {"device_start": 1585636869.619789, "device_end": 1585636869.6207201}, "cmdq": 1, "read": {"device_start": -1, "device_end": -1}}, "FFC_sans_bias16": {"write": {"device_start": 1585636869.6231287, "host_queued_start": 1585636936.423711, "device_queued": 1585636869.6148312, "device_end": 1585636869.6231594, "host_queued_end": 1585636936.425925}, "device": "gpu", "nd_range": {"device_start": 1585636869.6231625, "device_end": 1585636869.6240013}, "cmdq": 1, "read": {"device_start": 1585636869.6240041, "device_end": 1585636869.624028}}, "FFC_sans_bias19": {"write": {"device_start": 1585636869.6160138, "host_queued_start": 1585636936.412592, "device_queued": 1585636869.6133745, "device_end": 1585636869.6160393, "host_queued_end": 1585636936.425925}, "device": "gpu", "nd_range": {"device_start": 1585636869.616044, "device_end": 1585636869.61689}, "cmdq": 1, "read": {"device_start": -1, "device_end": -1}}, "FFC_sans_bias18": {"write": {"device_start": 1585636869.615549, "host_queued_start": 1585636936.411556, "device_queued": 1585636869.6133318, "device_end": 1585636869.6155756, "host_queued_end": 1585636936.425925}, "device": "gpu", "nd_range": {"device_start": 1585636869.6155791, "device_end": 1585636869.6163845}, "cmdq": 0, "read": {"device_start": -1, "device_end": -1}}, "coalesced_transpose30": {"write": {"device_start": -1, "host_queued_start": 1585636936.417992, "device_queued": -1, "device_end": -1, "host_queued_end": 1585636936.425925}, "device": "gpu", "nd_range": {"device_start": 1585636869.61916, "device_end": 1585636869.6191816}, "cmdq": 1, "read": {"device_start": -1, "device_end": -1}}, "empty26": {"write": {"device_start": 1585636869.6126878, "host_queued_start": 1585636936.403388, "device_queued": 1585636869.6125205, "device_end": 1585636869.6127255, "host_queued_end": 1585636936.425925}, "device": "gpu", "nd_range": {"device_start": 1585636869.6127393, "device_end": 1585636869.612745}, "cmdq": 0, "read": {"device_start": -1, "device_end": -1}}, "coalesced_transpose12": {"write": {"device_start": -1, "host_queued_start": 1585636936.417395, "device_queued": -1, "device_end": -1, "host_queued_end": 1585636936.425925}, "device": "gpu", "nd_range": {"device_start": 1585636869.6188397, "device_end": 1585636869.6191528}, "cmdq": 1, "read": {"device_start": -1, "device_end": -1}}, "coalesced_transpose21": {"write": {"device_start": -1, "host_queued_start": 1585636936.417692, "device_queued": -1, "device_end": -1, "host_queued_end": 1585636936.425925}, "device": "gpu", "nd_range": {"device_start": 1585636869.6187098, "device_end": 1585636869.6187286}, "cmdq": 0, "read": {"device_start": -1, "device_end": -1}}, "softmax14": {"write": {"device_start": -1, "host_queued_start": 1585636936.419781, "device_queued": -1, "device_end": -1, "host_queued_end": 1585636936.425925}, "device": "gpu", "nd_range": {"device_start": 1585636869.6207216, "device_end": 1585636869.620924}, "cmdq": 1, "read": {"device_start": -1, "device_end": -1}}, "FFC_sans_bias13": {"write": {"device_start": -1, "host_queued_start": 1585636936.418651, "device_queued": -1,