{"FFC_sans_bias4": {"write": {"device_start": -1, "host_queued_start": 1585637152.934362, "device_queued": -1, "device_end": -1, "host_queued_end": 1585637152.941908}, "device": "gpu", "nd_range": {"device_start": 1585637086.129086, "device_end": 1585637086.1296933}, "cmdq": 0, "read": {"device_start": -1, "device_end": -1}}, "FFC_sans_bias7": {"write": {"device_start": 1585637086.131413, "host_queued_start": 1585637152.938682, "device_queued": 1585637086.1250362, "device_end": 1585637086.1314433, "host_queued_end": 1585637152.941908}, "device": "gpu", "nd_range": {"device_start": 1585637086.13311, "device_end": 1585637086.134035}, "cmdq": 2, "read": {"device_start": 1585637086.1340368, "device_end": 1585637086.13406}}, "FFC_sans_bias6": {"write": {"device_start": -1, "host_queued_start": 1585637152.936619, "device_queued": -1, "device_end": -1, "host_queued_end": 1585637152.941908}, "device": "gpu", "nd_range": {"device_start": 1585637086.1315217, "device_end": 1585637086.1330917}, "cmdq": 3, "read": {"device_start": -1, "device_end": -1}}, "FFC_sans_bias1": {"write": {"device_start": 1585637086.1231923, "host_queued_start": 1585637152.922266, "device_queued": 1585637086.123102, "device_end": 1585637086.1232219, "host_queued_end": 1585637152.941908}, "device": "gpu", "nd_range": {"device_start": 1585637086.1232257, "device_end": 1585637086.124177}, "cmdq": 0, "read": {"device_start": -1, "device_end": -1}}, "FFC_sans_bias0": {"write": {"device_start": 1585637086.1231, "host_queued_start": 1585637152.921207, "device_queued": 1585637086.1229746, "device_end": 1585637086.1231604, "host_queued_end": 1585637152.941908}, "device": "gpu", "nd_range": {"device_start": 1585637086.1231663, "device_end": 1585637086.123767}, "cmdq": 4, "read": {"device_start": -1, "device_end": -1}}, "FFC_sans_bias2": {"write": {"device_start": 1585637086.1233704, "host_queued_start": 1585637152.923357, "device_queued": 1585637086.1232657, "device_end": 1585637086.1234381, "host_queued_end": 1585637152.941908}, "device": "gpu", "nd_range": {"device_start": 1585637086.1235166, "device_end": 1585637086.1247392}, "cmdq": 1, "read": {"device_start": -1, "device_end": -1}}, "FFC_sans_bias9": {"write": {"device_start": 1585637086.1234608, "host_queued_start": 1585637152.924396, "device_queued": 1585637086.1232939, "device_end": 1585637086.123534, "host_queued_end": 1585637152.941908}, "device": "gpu", "nd_range": {"device_start": 1585637086.1235418, "device_end": 1585637086.1251643}, "cmdq": 2, "read": {"device_start": -1, "device_end": -1}}, "softmax23": {"write": {"device_start": -1, "host_queued_start": 1585637152.936063, "device_queued": -1, "device_end": -1, "host_queued_end": 1585637152.941908}, "device": "gpu", "nd_range": {"device_start": 1585637086.130687, "device_end": 1585637086.1314785}, "cmdq": 1, "read": {"device_start": -1, "device_end": -1}}, "FFC_sans_bias11": {"write": {"device_start": 1585637086.1238549, "host_queued_start": 1585637152.926459, "device_queued": 1585637086.123327, "device_end": 1585637086.1238844, "host_queued_end": 1585637152.941908}, "device": "gpu", "nd_range": {"device_start": 1585637086.1238909, "device_end": 1585637086.1261442}, "cmdq": 4, "read": {"device_start": -1, "device_end": -1}}, "FFC_sans_bias10": {"write": {"device_start": 1585637086.1235611, "host_queued_start": 1585637152.925424, "device_queued": 1585637086.123309, "device_end": 1585637086.1235862, "host_queued_end": 1585637152.941908}, "device": "gpu", "nd_range": {"device_start": 1585637086.1235905, "device_end": 1585637086.125693}, "cmdq": 3, "read": {"device_start": -1, "device_end": -1}}, "coalesced_transpose3": {"write": {"device_start": -1, "host_queued_start": 1585637152.933128, "device_queued": -1, "device_end": -1, "host_queued_end": 1585637152.941908}, "device": "gpu", "nd_range": {"device_start": 1585637086.1271315, "device_end": 1585637086.1289432}, "cmdq": 1, "read": {"device_start": -1, "device_end": -1}}, "FFC_sans_bias34": {"write": {"device_start": 1585637086.1333623, "host_queued_start": 1585637152.9418, "device_queued": 1585637086.1254842, "device_end": 1585637086.1333926, "host_queued_end": 1585637152.941908}, "device": "gpu", "nd_range": {"device_start": 1585637086.1336844, "device_end": 1585637086.135458}, "cmdq": 0, "read": {"device_start": 1585637086.135464, "device_end": 1585637086.1354861}}, "FFC_sans_bias15": {"write": {"device_start": -1, "host_queued_start": 1585637152.936934, "device_queued": -1, "device_end": -1, "host_queued_end": 1585637152.941908}, "device": "gpu", "nd_range": {"device_start": 1585637086.131535, "device_end": 1585637086.1335196}, "cmdq": 4, "read": {"device_start": -1, "device_end": -1}}, "FFC_sans_bias31": {"write": {"device_start": -1, "host_queued_start": 1585637152.935318, "device_queued": -1, "device_end": -1, "host_queued_end": 1585637152.941908}, "device": "gpu", "nd_range": {"device_start": 1585637086.1291177, "device_end": 1585637086.1310878}, "cmdq": 3, "read": {"device_start": -1, "device_end": -1}}, "FFC_sans_bias16": {"write": {"device_start": 1585637086.1332133, "host_queued_start": 1585637152.939727, "device_queued": 1585637086.1251643, "device_end": 1585637086.133243, "host_queued_end": 1585637152.941908}, "device": "gpu", "nd_range": {"device_start": 1585637086.1335373, "device_end": 1585637086.134494}, "cmdq": 3, "read": {"device_start": 1585637086.1344976, "device_end": 1585637086.1345205}}, "FFC_sans_bias19": {"write": {"device_start": 1585637086.1248765, "host_queued_start": 1585637152.928558, "device_queued": 1585637086.1237416, "device_end": 1585637086.124907, "host_queued_end": 1585637152.941908}, "device": "gpu", "nd_range": {"device_start": 1585637086.124915, "device_end": 1585637086.1271303}, "cmdq": 1, "read": {"device_start": -1, "device_end": -1}}, "FFC_sans_bias18": {"write": {"device_start": 1585637086.124295, "host_queued_start": 1585637152.927525, "device_queued": 1585637086.1236851, "device_end": 1585637086.1243255, "host_queued_end": 1585637152.941908}, "device": "gpu", "nd_range": {"device_start": 1585637086.1243334, "device_end": 1585637086.1266484}, "cmdq": 0, "read": {"device_start": -1, "device_end": -1}}, "coalesced_transpose30": {"write": {"device_start": -1, "host_queued_start": 1585637152.934038, "device_queued": -1, "device_end": -1, "host_queued_end": 1585637152.941908}, "device": "gpu", "nd_range": {"device_start": 1585637086.128576, "device_end": 1585637086.128968}, "cmdq": 4, "read": {"device_start": -1, "device_end": -1}}, "empty26": {"write": {"device_start": 1585637086.1229026, "host_queued_start": 1585637152.919376, "device_queued": 1585637086.122707, "device_end": 1585637086.1229615, "host_queued_end": 1585637152.941908}, "device": "gpu", "nd_range": {"device_start": 1585637086.12306, "device_end": 1585637086.123091}, "cmdq": 2, "read": {"device_start": -1, "device_end": -1}}, "coalesced_transpose12": {"write": {"device_start": -1, "host_queued_start": 1585637152.933434, "device_queued": -1, "device_end": -1, "host_queued_end": 1585637152.941908}, "device": "gpu", "nd_range": {"device_start": 1585637086.1276042, "device_end": 1585637086.1289513}, "cmdq": 2, "read": {"device_start": -1, "device_end": -1}}, "coalesced_transpose21": {"write": {"device_start": -1, "host_queued_start": 1585637152.933732, "device_queued": -1, "device_end": -1, "host_queued_end": 1585637152.941908}, "device": "gpu", "nd_range": {"device_start": 1585637086.1281207, "device_end": 1585637086.1289656}, "cmdq": 3, "read": {"device_start": -1, "device_end": -1}}, "softmax14": {"write": {"device_start": -1, "host_queued_start": 1585637152.935813, "device_queued": -1, "device_end": -1, "host_queued_end": 1585637152.941908}, "device": "gpu", "nd_range": {"device_start": 1585637086.130119, "device_end": 1585637086.1314933}, "cmdq": 0, "read": {"device_start": -1, "device_end": -1}}, "FFC_sans_bias13": {"write": {"device_start": -1, "host_queued_start": 1585637152.934702, "device_queued": -1, "device_end": -1,