{"FFC_sans_bias4": {"write": {"device_start": -1, "host_queued_start": 1585637098.902485, "device_queued": -1, "device_end": -1, "host_queued_end": 1585637098.910024}, "device": "gpu", "nd_range": {"device_start": 1585637032.098518, "device_end": 1585637032.0991268}, "cmdq": 0, "read": {"device_start": -1, "device_end": -1}}, "FFC_sans_bias7": {"write": {"device_start": 1585637032.1008294, "host_queued_start": 1585637098.906791, "device_queued": 1585637032.0945587, "device_end": 1585637032.1008596, "host_queued_end": 1585637098.910024}, "device": "gpu", "nd_range": {"device_start": 1585637032.1019795, "device_end": 1585637032.1035063}, "cmdq": 2, "read": {"device_start": 1585637032.1035106, "device_end": 1585637032.1035342}}, "FFC_sans_bias6": {"write": {"device_start": -1, "host_queued_start": 1585637098.90475, "device_queued": -1, "device_end": -1, "host_queued_end": 1585637098.910024}, "device": "gpu", "nd_range": {"device_start": 1585637032.1009686, "device_end": 1585637032.101966}, "cmdq": 3, "read": {"device_start": -1, "device_end": -1}}, "FFC_sans_bias1": {"write": {"device_start": 1585637032.0927465, "host_queued_start": 1585637098.890431, "device_queued": 1585637032.0926301, "device_end": 1585637032.0927756, "host_queued_end": 1585637098.910024}, "device": "gpu", "nd_range": {"device_start": 1585637032.092778, "device_end": 1585637032.0936558}, "cmdq": 0, "read": {"device_start": -1, "device_end": -1}}, "FFC_sans_bias0": {"write": {"device_start": 1585637032.0926032, "host_queued_start": 1585637098.88935, "device_queued": 1585637032.0925057, "device_end": 1585637032.0926306, "host_queued_end": 1585637098.910024}, "device": "gpu", "nd_range": {"device_start": 1585637032.0926368, "device_end": 1585637032.0932443}, "cmdq": 4, "read": {"device_start": -1, "device_end": -1}}, "FFC_sans_bias2": {"write": {"device_start": 1585637032.092902, "host_queued_start": 1585637098.891536, "device_queued": 1585637032.0927994, "device_end": 1585637032.0929768, "host_queued_end": 1585637098.910024}, "device": "gpu", "nd_range": {"device_start": 1585637032.093078, "device_end": 1585637032.094215}, "cmdq": 1, "read": {"device_start": -1, "device_end": -1}}, "FFC_sans_bias9": {"write": {"device_start": 1585637032.0929792, "host_queued_start": 1585637098.89257, "device_queued": 1585637032.0928264, "device_end": 1585637032.0930364, "host_queued_end": 1585637098.910024}, "device": "gpu", "nd_range": {"device_start": 1585637032.0930972, "device_end": 1585637032.094643}, "cmdq": 2, "read": {"device_start": -1, "device_end": -1}}, "softmax23": {"write": {"device_start": -1, "host_queued_start": 1585637098.904197, "device_queued": -1, "device_end": -1, "host_queued_end": 1585637098.910024}, "device": "gpu", "nd_range": {"device_start": 1585637032.1001217, "device_end": 1585637032.1009543}, "cmdq": 1, "read": {"device_start": -1, "device_end": -1}}, "FFC_sans_bias11": {"write": {"device_start": 1585637032.0933146, "host_queued_start": 1585637098.894664, "device_queued": 1585637032.09286, "device_end": 1585637032.0933435, "host_queued_end": 1585637098.910024}, "device": "gpu", "nd_range": {"device_start": 1585637032.093349, "device_end": 1585637032.09564}, "cmdq": 4, "read": {"device_start": -1, "device_end": -1}}, "FFC_sans_bias10": {"write": {"device_start": 1585637032.0930607, "host_queued_start": 1585637098.893595, "device_queued": 1585637032.0928423, "device_end": 1585637032.0930898, "host_queued_end": 1585637098.910024}, "device": "gpu", "nd_range": {"device_start": 1585637032.0931137, "device_end": 1585637032.0952}, "cmdq": 3, "read": {"device_start": -1, "device_end": -1}}, "coalesced_transpose3": {"write": {"device_start": -1, "host_queued_start": 1585637098.901254, "device_queued": -1, "device_end": -1, "host_queued_end": 1585637098.910024}, "device": "gpu", "nd_range": {"device_start": 1585637032.0966172, "device_end": 1585637032.0984178}, "cmdq": 1, "read": {"device_start": -1, "device_end": -1}}, "FFC_sans_bias34": {"write": {"device_start": 1585637032.103042, "host_queued_start": 1585637098.909922, "device_queued": 1585637032.0949879, "device_end": 1585637032.103072, "host_queued_end": 1585637098.910024}, "device": "gpu", "nd_range": {"device_start": 1585637032.1030831, "device_end": 1585637032.1049132}, "cmdq": 0, "read": {"device_start": 1585637032.104918, "device_end": 1585637032.1049404}}, "FFC_sans_bias15": {"write": {"device_start": -1, "host_queued_start": 1585637098.905056, "device_queued": -1, "device_end": -1, "host_queued_end": 1585637098.910024}, "device": "gpu", "nd_range": {"device_start": 1585637032.1009762, "device_end": 1585637032.1025345}, "cmdq": 4, "read": {"device_start": -1, "device_end": -1}}, "FFC_sans_bias31": {"write": {"device_start": -1, "host_queued_start": 1585637098.903448, "device_queued": -1, "device_end": -1, "host_queued_end": 1585637098.910024}, "device": "gpu", "nd_range": {"device_start": 1585637032.0985496, "device_end": 1585637032.1005187}, "cmdq": 3, "read": {"device_start": -1, "device_end": -1}}, "FFC_sans_bias16": {"write": {"device_start": 1585637032.1020691, "host_queued_start": 1585637098.907833, "device_queued": 1585637032.0947201, "device_end": 1585637032.102099, "host_queued_end": 1585637098.910024}, "device": "gpu", "nd_range": {"device_start": 1585637032.1025417, "device_end": 1585637032.1039395}, "cmdq": 3, "read": {"device_start": 1585637032.1039457, "device_end": 1585637032.1039689}}, "FFC_sans_bias19": {"write": {"device_start": 1585637032.0943263, "host_queued_start": 1585637098.896723, "device_queued": 1585637032.0933087, "device_end": 1585637032.0943584, "host_queued_end": 1585637098.910024}, "device": "gpu", "nd_range": {"device_start": 1585637032.0943618, "device_end": 1585637032.0966163}, "cmdq": 1, "read": {"device_start": -1, "device_end": -1}}, "FFC_sans_bias18": {"write": {"device_start": 1585637032.09374, "host_queued_start": 1585637098.895699, "device_queued": 1585637032.0932221, "device_end": 1585637032.0937705, "host_queued_end": 1585637098.910024}, "device": "gpu", "nd_range": {"device_start": 1585637032.0937796, "device_end": 1585637032.0961354}, "cmdq": 0, "read": {"device_start": -1, "device_end": -1}}, "coalesced_transpose30": {"write": {"device_start": -1, "host_queued_start": 1585637098.902157, "device_queued": -1, "device_end": -1, "host_queued_end": 1585637098.910024}, "device": "gpu", "nd_range": {"device_start": 1585637032.098052, "device_end": 1585637032.0984442}, "cmdq": 4, "read": {"device_start": -1, "device_end": -1}}, "empty26": {"write": {"device_start": 1585637032.0924256, "host_queued_start": 1585637098.8875, "device_queued": 1585637032.0922287, "device_end": 1585637032.0924911, "host_queued_end": 1585637098.910024}, "device": "gpu", "nd_range": {"device_start": 1585637032.092594, "device_end": 1585637032.0926034}, "cmdq": 2, "read": {"device_start": -1, "device_end": -1}}, "coalesced_transpose12": {"write": {"device_start": -1, "host_queued_start": 1585637098.901556, "device_queued": -1, "device_end": -1, "host_queued_end": 1585637098.910024}, "device": "gpu", "nd_range": {"device_start": 1585637032.0970805, "device_end": 1585637032.0984292}, "cmdq": 2, "read": {"device_start": -1, "device_end": -1}}, "coalesced_transpose21": {"write": {"device_start": -1, "host_queued_start": 1585637098.901859, "device_queued": -1, "device_end": -1, "host_queued_end": 1585637098.910024}, "device": "gpu", "nd_range": {"device_start": 1585637032.0976057, "device_end": 1585637032.098442}, "cmdq": 3, "read": {"device_start": -1, "device_end": -1}}, "softmax14": {"write": {"device_start": -1, "host_queued_start": 1585637098.903949, "device_queued": -1, "device_end": -1, "host_queued_end": 1585637098.910024}, "device": "gpu", "nd_range": {"device_start": 1585637032.0995364, "device_end": 1585637032.1009521}, "cmdq": 0, "read": {"device_start": -1, "device_end": -1}}, "FFC_sans_bias13": {"write": {"device_start": -1, "host_queued_start": 1585637098.902824, "device_queued": -1,