{"FFC_sans_bias4": {"write": {"device_start": -1, "host_queued_start": 1585637047.44153, "device_queued": -1, "device_end": -1, "host_queued_end": 1585637047.443323}, "device": "cpu", "nd_range": {"device_start": 2304821.645280391, "device_end": 2304821.649265521}, "cmdq": 1, "read": {"device_start": -1, "device_end": -1}}, "FFC_sans_bias7": {"write": {"device_start": -1, "host_queued_start": 1585637047.44327, "device_queued": -1, "device_end": -1, "host_queued_end": 1585637047.443323}, "device": "cpu", "nd_range": {"device_start": 2304821.6542612873, "device_end": 2304821.6590789324}, "cmdq": 0, "read": {"device_start": -1, "device_end": -1}}, "FFC_sans_bias6": {"write": {"device_start": -1, "host_queued_start": 1585637047.442165, "device_queued": -1, "device_end": -1, "host_queued_end": 1585637047.443323}, "device": "cpu", "nd_range": {"device_start": 2304821.64948255, "device_end": 2304821.654242028}, "cmdq": 1, "read": {"device_start": -1, "device_end": -1}}, "FFC_sans_bias1": {"write": {"device_start": -1, "host_queued_start": 1585637047.43976, "device_queued": -1, "device_end": -1, "host_queued_end": 1585637047.443323}, "device": "cpu", "nd_range": {"device_start": 2304821.632926878, "device_end": 2304821.638960259}, "cmdq": 0, "read": {"device_start": -1, "device_end": -1}}, "FFC_sans_bias0": {"write": {"device_start": -1, "host_queued_start": 1585637047.438592, "device_queued": -1, "device_end": -1, "host_queued_end": 1585637047.443323}, "device": "cpu", "nd_range": {"device_start": 2304821.632919364, "device_end": 2304821.6413054434}, "cmdq": 1, "read": {"device_start": -1, "device_end": -1}}, "FFC_sans_bias2": {"write": {"device_start": -1, "host_queued_start": 1585637047.440842, "device_queued": -1, "device_end": -1, "host_queued_end": 1585637047.443323}, "device": "cpu", "nd_range": {"device_start": 2304821.641330983, "device_end": 2304821.6452723723}, "cmdq": 1, "read": {"device_start": -1, "device_end": -1}}, "FFC_sans_bias9": {"write": {"device_start": 1585636980.619695, "host_queued_start": 1585637047.420507, "device_queued": 1585636980.619404, "device_end": 1585636980.6197205, "host_queued_end": 1585637047.435786}, "device": "gpu", "nd_range": {"device_start": 1585636980.6197305, "device_end": 1585636980.6203322}, "cmdq": 3, "read": {"device_start": -1, "device_end": -1}}, "softmax23": {"write": {"device_start": -1, "host_queued_start": 1585637047.431366, "device_queued": -1, "device_end": -1, "host_queued_end": 1585637047.435786}, "device": "gpu", "nd_range": {"device_start": 1585636980.6251981, "device_end": 1585636980.6259887}, "cmdq": 3, "read": {"device_start": -1, "device_end": -1}}, "FFC_sans_bias11": {"write": {"device_start": 1585636980.6199396, "host_queued_start": 1585637047.422669, "device_queued": 1585636980.619776, "device_end": 1585636980.6200087, "host_queued_end": 1585637047.435786}, "device": "gpu", "nd_range": {"device_start": 1585636980.6200137, "device_end": 1585636980.6213088}, "cmdq": 1, "read": {"device_start": -1, "device_end": -1}}, "FFC_sans_bias10": {"write": {"device_start": 1585636980.6198413, "host_queued_start": 1585637047.42157, "device_queued": 1585636980.6197214, "device_end": 1585636980.6199243, "host_queued_end": 1585637047.435786}, "device": "gpu", "nd_range": {"device_start": 1585636980.6199296, "device_end": 1585636980.6207385}, "cmdq": 0, "read": {"device_start": -1, "device_end": -1}}, "coalesced_transpose3": {"write": {"device_start": -1, "host_queued_start": 1585637047.441178, "device_queued": -1, "device_end": -1, "host_queued_end": 1585637047.443323}, "device": "cpu", "nd_range": {"device_start": 2304821.6390732103, "device_end": 2304821.639310617}, "cmdq": 0, "read": {"device_start": -1, "device_end": -1}}, "FFC_sans_bias34": {"write": {"device_start": 1585636980.6276543, "host_queued_start": 1585637047.435679, "device_queued": 1585636980.6214714, "device_end": 1585636980.6276798, "host_queued_end": 1585637047.435786}, "device": "gpu", "nd_range": {"device_start": 1585636980.6276867, "device_end": 1585636980.6289604}, "cmdq": 2, "read": {"device_start": 1585636980.628963, "device_end": 1585636980.6289854}}, "FFC_sans_bias15": {"write": {"device_start": -1, "host_queued_start": 1585637047.431931, "device_queued": -1, "device_end": -1, "host_queued_end": 1585637047.435786}, "device": "gpu", "nd_range": {"device_start": 1585636980.626, "device_end": 1585636980.6270058}, "cmdq": 1, "read": {"device_start": -1, "device_end": -1}}, "FFC_sans_bias31": {"write": {"device_start": -1, "host_queued_start": 1585637047.430866, "device_queued": -1, "device_end": -1, "host_queued_end": 1585637047.435786}, "device": "gpu", "nd_range": {"device_start": 1585636980.6241803, "device_end": 1585636980.6257548}, "cmdq": 1, "read": {"device_start": -1, "device_end": -1}}, "FFC_sans_bias16": {"write": {"device_start": 1585636980.626068, "host_queued_start": 1585637047.433561, "device_queued": 1585636980.6212134, "device_end": 1585636980.626098, "host_queued_end": 1585637047.435786}, "device": "gpu", "nd_range": {"device_start": 1585636980.627014, "device_end": 1585636980.6279957}, "cmdq": 0, "read": {"device_start": 1585636980.6280046, "device_end": 1585636980.628028}}, "FFC_sans_bias19": {"write": {"device_start": 1585636980.620473, "host_queued_start": 1585637047.424741, "device_queued": 1585636980.6199646, "device_end": 1585636980.620498, "host_queued_end": 1585637047.435786}, "device": "gpu", "nd_range": {"device_start": 1585636980.6205072, "device_end": 1585636980.622259}, "cmdq": 3, "read": {"device_start": -1, "device_end": -1}}, "FFC_sans_bias18": {"write": {"device_start": 1585636980.6200378, "host_queued_start": 1585637047.423711, "device_queued": 1585636980.6199386, "device_end": 1585636980.6200678, "host_queued_end": 1585637047.435786}, "device": "gpu", "nd_range": {"device_start": 1585636980.620071, "device_end": 1585636980.6217291}, "cmdq": 2, "read": {"device_start": -1, "device_end": -1}}, "coalesced_transpose30": {"write": {"device_start": -1, "host_queued_start": 1585637047.429881, "device_queued": -1, "device_end": -1, "host_queued_end": 1585637047.435786}, "device": "gpu", "nd_range": {"device_start": 1585636980.623723, "device_end": 1585636980.6240804}, "cmdq": 2, "read": {"device_start": -1, "device_end": -1}}, "empty26": {"write": {"device_start": 1585636980.6195087, "host_queued_start": 1585637047.418557, "device_queued": 1585636980.6193624, "device_end": 1585636980.6195858, "host_queued_end": 1585637047.435786}, "device": "gpu", "nd_range": {"device_start": 1585636980.6195915, "device_end": 1585636980.6195955}, "cmdq": 1, "read": {"device_start": -1, "device_end": -1}}, "coalesced_transpose12": {"write": {"device_start": -1, "host_queued_start": 1585637047.429262, "device_queued": -1, "device_end": -1, "host_queued_end": 1585637047.435786}, "device": "gpu", "nd_range": {"device_start": 1585636980.6227322, "device_end": 1585636980.6240594}, "cmdq": 0, "read": {"device_start": -1, "device_end": -1}}, "coalesced_transpose21": {"write": {"device_start": -1, "host_queued_start": 1585637047.429582, "device_queued": -1, "device_end": -1, "host_queued_end": 1585637047.435786}, "device": "gpu", "nd_range": {"device_start": 1585636980.6232119, "device_end": 1585636980.6240711}, "cmdq": 1, "read": {"device_start": -1, "device_end": -1}}, "softmax14": {"write": {"device_start": -1, "host_queued_start": 1585637047.431119, "device_queued": -1, "device_end": -1, "host_queued_end": 1585637047.435786}, "device": "gpu", "nd_range": {"device_start": 1585636980.6247966, "device_end": 1585636980.6259842}, "cmdq": 2, "read": {"device_start": -1, "device_end": -1}}, "FFC_sans_bias13": {"write": {"device_start": -1, "host_queued_start": 1585637047.430198, "device_queued": -1, "device_end": -1, "host_queued_end": 1585637047.435786}, "device": "gpu", "nd_range": {"device_start": 1585636980.624165, "device_end": 1585636980.6247897}, "cmdq": 3, "read": {"device_start": -1, "device_end": -1}},