{"FFC_sans_bias4": {"write": {"device_start": -1, "host_queued_start": 1585637112.406476, "device_queued": -1, "device_end": -1, "host_queued_end": 1585637112.414064}, "device": "gpu", "nd_range": {"device_start": 1585637045.6022193, "device_end": 1585637045.6028266}, "cmdq": 0, "read": {"device_start": -1, "device_end": -1}}, "FFC_sans_bias7": {"write": {"device_start": 1585637045.6045554, "host_queued_start": 1585637112.410847, "device_queued": 1585637045.5983179, "device_end": 1585637045.604586, "host_queued_end": 1585637112.414064}, "device": "gpu", "nd_range": {"device_start": 1585637045.6056569, "device_end": 1585637045.6071804}, "cmdq": 2, "read": {"device_start": 1585637045.6071918, "device_end": 1585637045.6072147}}, "FFC_sans_bias6": {"write": {"device_start": -1, "host_queued_start": 1585637112.408747, "device_queued": -1, "device_end": -1, "host_queued_end": 1585637112.414064}, "device": "gpu", "nd_range": {"device_start": 1585637045.6046445, "device_end": 1585637045.6056418}, "cmdq": 3, "read": {"device_start": -1, "device_end": -1}}, "FFC_sans_bias1": {"write": {"device_start": 1585637045.5964403, "host_queued_start": 1585637112.394369, "device_queued": 1585637045.5963418, "device_end": 1585637045.5964708, "host_queued_end": 1585637112.414064}, "device": "gpu", "nd_range": {"device_start": 1585637045.5964746, "device_end": 1585637045.5973513}, "cmdq": 0, "read": {"device_start": -1, "device_end": -1}}, "FFC_sans_bias0": {"write": {"device_start": 1585637045.596303, "host_queued_start": 1585637112.393296, "device_queued": 1585637045.5962133, "device_end": 1585637045.5963268, "host_queued_end": 1585637112.414064}, "device": "gpu", "nd_range": {"device_start": 1585637045.5963395, "device_end": 1585637045.5969398}, "cmdq": 4, "read": {"device_start": -1, "device_end": -1}}, "FFC_sans_bias2": {"write": {"device_start": 1585637045.596601, "host_queued_start": 1585637112.395464, "device_queued": 1585637045.596499, "device_end": 1585637045.5966682, "host_queued_end": 1585637112.414064}, "device": "gpu", "nd_range": {"device_start": 1585637045.5967631, "device_end": 1585637045.5979044}, "cmdq": 1, "read": {"device_start": -1, "device_end": -1}}, "FFC_sans_bias9": {"write": {"device_start": 1585637045.5966754, "host_queued_start": 1585637112.396498, "device_queued": 1585637045.5965257, "device_end": 1585637045.5967212, "host_queued_end": 1585637112.414064}, "device": "gpu", "nd_range": {"device_start": 1585637045.5967917, "device_end": 1585637045.5983434}, "cmdq": 2, "read": {"device_start": -1, "device_end": -1}}, "softmax23": {"write": {"device_start": -1, "host_queued_start": 1585637112.408171, "device_queued": -1, "device_end": -1, "host_queued_end": 1585637112.414064}, "device": "gpu", "nd_range": {"device_start": 1585637045.6038084, "device_end": 1585637045.6046221}, "cmdq": 1, "read": {"device_start": -1, "device_end": -1}}, "FFC_sans_bias11": {"write": {"device_start": 1585637045.5970454, "host_queued_start": 1585637112.398568, "device_queued": 1585637045.5965571, "device_end": 1585637045.5970747, "host_queued_end": 1585637112.414064}, "device": "gpu", "nd_range": {"device_start": 1585637045.5970807, "device_end": 1585637045.599332}, "cmdq": 4, "read": {"device_start": -1, "device_end": -1}}, "FFC_sans_bias10": {"write": {"device_start": 1585637045.5967824, "host_queued_start": 1585637112.397534, "device_queued": 1585637045.5965397, "device_end": 1585637045.5968127, "host_queued_end": 1585637112.414064}, "device": "gpu", "nd_range": {"device_start": 1585637045.5968244, "device_end": 1585637045.5988722}, "cmdq": 3, "read": {"device_start": -1, "device_end": -1}}, "coalesced_transpose3": {"write": {"device_start": -1, "host_queued_start": 1585637112.405245, "device_queued": -1, "device_end": -1, "host_queued_end": 1585637112.414064}, "device": "gpu", "nd_range": {"device_start": 1585637045.600336, "device_end": 1585637045.6021292}, "cmdq": 1, "read": {"device_start": -1, "device_end": -1}}, "FFC_sans_bias34": {"write": {"device_start": 1585637045.6067564, "host_queued_start": 1585637112.413966, "device_queued": 1585637045.59874, "device_end": 1585637045.606787, "host_queued_end": 1585637112.414064}, "device": "gpu", "nd_range": {"device_start": 1585637045.6067984, "device_end": 1585637045.6085722}, "cmdq": 0, "read": {"device_start": 1585637045.608577, "device_end": 1585637045.6085994}}, "FFC_sans_bias15": {"write": {"device_start": -1, "host_queued_start": 1585637112.409058, "device_queued": -1, "device_end": -1, "host_queued_end": 1585637112.414064}, "device": "gpu", "nd_range": {"device_start": 1585637045.6046576, "device_end": 1585637045.6062226}, "cmdq": 4, "read": {"device_start": -1, "device_end": -1}}, "FFC_sans_bias31": {"write": {"device_start": -1, "host_queued_start": 1585637112.407438, "device_queued": -1, "device_end": -1, "host_queued_end": 1585637112.414064}, "device": "gpu", "nd_range": {"device_start": 1585637045.6022508, "device_end": 1585637045.6042163}, "cmdq": 3, "read": {"device_start": -1, "device_end": -1}}, "FFC_sans_bias16": {"write": {"device_start": 1585637045.605757, "host_queued_start": 1585637112.411896, "device_queued": 1585637045.5985055, "device_end": 1585637045.6057882, "host_queued_end": 1585637112.414064}, "device": "gpu", "nd_range": {"device_start": 1585637045.6062376, "device_end": 1585637045.607627}, "cmdq": 3, "read": {"device_start": 1585637045.6076305, "device_end": 1585637045.6076534}}, "FFC_sans_bias19": {"write": {"device_start": 1585637045.5980637, "host_queued_start": 1585637112.400669, "device_queued": 1585637045.5969994, "device_end": 1585637045.5980947, "host_queued_end": 1585637112.414064}, "device": "gpu", "nd_range": {"device_start": 1585637045.5980988, "device_end": 1585637045.6003346}, "cmdq": 1, "read": {"device_start": -1, "device_end": -1}}, "FFC_sans_bias18": {"write": {"device_start": 1585637045.597464, "host_queued_start": 1585637112.399633, "device_queued": 1585637045.5969307, "device_end": 1585637045.5974886, "host_queued_end": 1585637112.414064}, "device": "gpu", "nd_range": {"device_start": 1585637045.5974917, "device_end": 1585637045.5998213}, "cmdq": 0, "read": {"device_start": -1, "device_end": -1}}, "coalesced_transpose30": {"write": {"device_start": -1, "host_queued_start": 1585637112.406149, "device_queued": -1, "device_end": -1, "host_queued_end": 1585637112.414064}, "device": "gpu", "nd_range": {"device_start": 1585637045.6017554, "device_end": 1585637045.6021457}, "cmdq": 4, "read": {"device_start": -1, "device_end": -1}}, "empty26": {"write": {"device_start": 1585637045.5961335, "host_queued_start": 1585637112.391457, "device_queued": 1585637045.5959136, "device_end": 1585637045.5962005, "host_queued_end": 1585637112.414064}, "device": "gpu", "nd_range": {"device_start": 1585637045.5962727, "device_end": 1585637045.596277}, "cmdq": 2, "read": {"device_start": -1, "device_end": -1}}, "coalesced_transpose12": {"write": {"device_start": -1, "host_queued_start": 1585637112.405552, "device_queued": -1, "device_end": -1, "host_queued_end": 1585637112.414064}, "device": "gpu", "nd_range": {"device_start": 1585637045.600776, "device_end": 1585637045.6021407}, "cmdq": 2, "read": {"device_start": -1, "device_end": -1}}, "coalesced_transpose21": {"write": {"device_start": -1, "host_queued_start": 1585637112.405853, "device_queued": -1, "device_end": -1, "host_queued_end": 1585637112.414064}, "device": "gpu", "nd_range": {"device_start": 1585637045.6013072, "device_end": 1585637045.602143}, "cmdq": 3, "read": {"device_start": -1, "device_end": -1}}, "softmax14": {"write": {"device_start": -1, "host_queued_start": 1585637112.40793, "device_queued": -1, "device_end": -1, "host_queued_end": 1585637112.414064}, "device": "gpu", "nd_range": {"device_start": 1585637045.6032526, "device_end": 1585637045.6046195}, "cmdq": 0, "read": {"device_start": -1, "device_end": -1}}, "FFC_sans_bias13": {"write": {"device_start": -1, "host_queued_start": 1585637112.406814, "device_queued": -1,