{"FFC_sans_bias4": {"write": {"device_start": -1, "host_queued_start": 1585637234.722773, "device_queued": -1, "device_end": -1, "host_queued_end": 1585637234.724633}, "device": "cpu", "nd_range": {"device_start": 2305008.922351012, "device_end": 2305008.930715076}, "cmdq": 0, "read": {"device_start": -1, "device_end": -1}}, "FFC_sans_bias7": {"write": {"device_start": -1, "host_queued_start": 1585637234.724587, "device_queued": -1, "device_end": -1, "host_queued_end": 1585637234.724633}, "device": "cpu", "nd_range": {"device_start": 2305008.935188225, "device_end": 2305008.940182886}, "cmdq": 3, "read": {"device_start": -1, "device_end": -1}}, "FFC_sans_bias6": {"write": {"device_start": -1, "host_queued_start": 1585637234.723459, "device_queued": -1, "device_end": -1, "host_queued_end": 1585637234.724633}, "device": "cpu", "nd_range": {"device_start": 2305008.931099663, "device_end": 2305008.935169874}, "cmdq": 2, "read": {"device_start": -1, "device_end": -1}}, "FFC_sans_bias1": {"write": {"device_start": -1, "host_queued_start": 1585637234.720766, "device_queued": -1, "device_end": -1, "host_queued_end": 1585637234.724633}, "device": "cpu", "nd_range": {"device_start": 2305008.914233302, "device_end": 2305008.921976496}, "cmdq": 2, "read": {"device_start": -1, "device_end": -1}}, "FFC_sans_bias0": {"write": {"device_start": -1, "host_queued_start": 1585637234.719535, "device_queued": -1, "device_end": -1, "host_queued_end": 1585637234.724633}, "device": "cpu", "nd_range": {"device_start": 2305008.914328995, "device_end": 2305008.9261545683}, "cmdq": 1, "read": {"device_start": -1, "device_end": -1}}, "FFC_sans_bias2": {"write": {"device_start": -1, "host_queued_start": 1585637234.721954, "device_queued": -1, "device_end": -1, "host_queued_end": 1585637234.724633}, "device": "cpu", "nd_range": {"device_start": 2305008.914242484, "device_end": 2305008.9304632302}, "cmdq": 3, "read": {"device_start": -1, "device_end": -1}}, "FFC_sans_bias9": {"write": {"device_start": 1585637167.8961058, "host_queued_start": 1585637234.696157, "device_queued": 1585637167.8955815, "device_end": 1585637167.8961356, "host_queued_end": 1585637234.716848}, "device": "gpu", "nd_range": {"device_start": 1585637167.8961382, "device_end": 1585637167.8967333}, "cmdq": 0, "read": {"device_start": -1, "device_end": -1}}, "coalesced_transpose39": {"write": {"device_start": -1, "host_queued_start": 1585637234.709014, "device_queued": -1, "device_end": -1, "host_queued_end": 1585637234.716848}, "device": "gpu", "nd_range": {"device_start": 1585637167.9091554, "device_end": 1585637167.9091637}, "cmdq": 0, "read": {"device_start": -1, "device_end": -1}}, "softmax23": {"write": {"device_start": -1, "host_queued_start": 1585637234.710794, "device_queued": -1, "device_end": -1, "host_queued_end": 1585637234.716848}, "device": "gpu", "nd_range": {"device_start": 1585637167.9117806, "device_end": 1585637167.9119895}, "cmdq": 0, "read": {"device_start": -1, "device_end": -1}}, "FFC_sans_bias37": {"write": {"device_start": 1585637167.904524, "host_queued_start": 1585637234.706755, "device_queued": 1585637167.8966606, "device_end": 1585637167.9045484, "host_queued_end": 1585637234.716848}, "device": "gpu", "nd_range": {"device_start": 1585637167.9045546, "device_end": 1585637167.9051504}, "cmdq": 0, "read": {"device_start": -1, "device_end": -1}}, "softmax41": {"write": {"device_start": -1, "host_queued_start": 1585637234.711284, "device_queued": -1, "device_end": -1, "host_queued_end": 1585637234.716848}, "device": "gpu", "nd_range": {"device_start": 1585637167.9122026, "device_end": 1585637167.9124117}, "cmdq": 0, "read": {"device_start": -1, "device_end": -1}}, "FFC_sans_bias11": {"write": {"device_start": 1585637167.897559, "host_queued_start": 1585637234.698233, "device_queued": 1585637167.8957722, "device_end": 1585637167.8975832, "host_queued_end": 1585637234.716848}, "device": "gpu", "nd_range": {"device_start": 1585637167.8975923, "device_end": 1585637167.898199}, "cmdq": 0, "read": {"device_start": -1, "device_end": -1}}, "FFC_sans_bias10": {"write": {"device_start": 1585637167.8968449, "host_queued_start": 1585637234.697192, "device_queued": 1585637167.8956237, "device_end": 1585637167.8968685, "host_queued_end": 1585637234.716848}, "device": "gpu", "nd_range": {"device_start": 1585637167.8968737, "device_end": 1585637167.8974614}, "cmdq": 0, "read": {"device_start": -1, "device_end": -1}}, "coalesced_transpose3": {"write": {"device_start": -1, "host_queued_start": 1585637234.72232, "device_queued": -1, "device_end": -1, "host_queued_end": 1585637234.724633}, "device": "cpu", "nd_range": {"device_start": 2305008.92199283, "device_end": 2305008.922227172}, "cmdq": 4, "read": {"device_start": -1, "device_end": -1}}, "FFC_sans_bias34": {"write": {"device_start": 1585637167.9164646, "host_queued_start": 1585637234.715713, "device_queued": 1585637167.897749, "device_end": 1585637167.9164877, "host_queued_end": 1585637234.716848}, "device": "gpu", "nd_range": {"device_start": 1585637167.9164941, "device_end": 1585637167.9170897}, "cmdq": 0, "read": {"device_start": 1585637167.917092, "device_end": 1585637167.9171143}}, "FFC_sans_bias15": {"write": {"device_start": -1, "host_queued_start": 1585637234.711588, "device_queued": -1, "device_end": -1, "host_queued_end": 1585637234.716848}, "device": "gpu", "nd_range": {"device_start": 1585637167.912413, "device_end": 1585637167.913005}, "cmdq": 0, "read": {"device_start": -1, "device_end": -1}}, "FFC_sans_bias31": {"write": {"device_start": -1, "host_queued_start": 1585637234.709957, "device_queued": -1, "device_end": -1, "host_queued_end": 1585637234.716848}, "device": "gpu", "nd_range": {"device_start": 1585637167.9103653, "device_end": 1585637167.9109654}, "cmdq": 0, "read": {"device_start": -1, "device_end": -1}}, "FFC_sans_bias16": {"write": {"device_start": 1585637167.914883, "host_queued_start": 1585637234.713547, "device_queued": 1585637167.8974652, "device_end": 1585637167.9149063, "host_queued_end": 1585637234.716848}, "device": "gpu", "nd_range": {"device_start": 1585637167.914912, "device_end": 1585637167.9155095}, "cmdq": 0, "read": {"device_start": 1585637167.9155178, "device_end": 1585637167.9155407}}, "FFC_sans_bias19": {"write": {"device_start": 1585637167.8990498, "host_queued_start": 1585637234.700331, "device_queued": 1585637167.8960004, "device_end": 1585637167.8990734, "host_queued_end": 1585637234.716848}, "device": "gpu", "nd_range": {"device_start": 1585637167.8990803, "device_end": 1585637167.8996866}, "cmdq": 0, "read": {"device_start": -1, "device_end": -1}}, "FFC_sans_bias18": {"write": {"device_start": 1585637167.8983095, "host_queued_start": 1585637234.699291, "device_queued": 1585637167.8958275, "device_end": 1585637167.8983352, "host_queued_end": 1585637234.716848}, "device": "gpu", "nd_range": {"device_start": 1585637167.898338, "device_end": 1585637167.8989396}, "cmdq": 0, "read": {"device_start": -1, "device_end": -1}}, "coalesced_transpose30": {"write": {"device_start": -1, "host_queued_start": 1585637234.708716, "device_queued": -1, "device_end": -1, "host_queued_end": 1585637234.716848}, "device": "gpu", "nd_range": {"device_start": 1585637167.9091456, "device_end": 1585637167.9091542}, "cmdq": 0, "read": {"device_start": -1, "device_end": -1}}, "FFC_sans_bias38": {"write": {"device_start": 1585637167.9084983, "host_queued_start": 1585637234.707793, "device_queued": 1585637167.896693, "device_end": 1585637167.908522, "host_queued_end": 1585637234.716848}, "device": "gpu", "nd_range": {"device_start": 1585637167.9085276, "device_end": 1585637167.9091241}, "cmdq": 0, "read": {"device_start": -1, "device_end": -1}}, "empty26": {"write": {"device_start": 1585637167.8955405, "host_queued_start": 1585637234.693508, "device_queued": 1585637167.895356, "device_end": 1585637167.8955712, "host_queued_end": 1585637234.716848}, "device": "gpu", "nd_range": {"device_start": 1585637167.895582,