{"FFC_sans_bias4": {"write": {"device_start": -1, "host_queued_start": 1585637543.079959, "device_queued": -1, "device_end": -1, "host_queued_end": 1585637543.089371}, "device": "gpu", "nd_range": {"device_start": 1585637476.2674823, "device_end": 1585637476.268119}, "cmdq": 0, "read": {"device_start": -1, "device_end": -1}}, "FFC_sans_bias7": {"write": {"device_start": 1585637476.2708352, "host_queued_start": 1585637543.085073, "device_queued": 1585637476.262762, "device_end": 1585637476.2708657, "host_queued_end": 1585637543.089371}, "device": "gpu", "nd_range": {"device_start": 1585637476.270872, "device_end": 1585637476.273139}, "cmdq": 0, "read": {"device_start": 1585637476.2731407, "device_end": 1585637476.2731636}}, "FFC_sans_bias6": {"write": {"device_start": -1, "host_queued_start": 1585637543.082795, "device_queued": -1, "device_end": -1, "host_queued_end": 1585637543.089371}, "device": "gpu", "nd_range": {"device_start": 1585637476.2701356, "device_end": 1585637476.270748}, "cmdq": 0, "read": {"device_start": -1, "device_end": -1}}, "FFC_sans_bias1": {"write": {"device_start": 1585637476.2603385, "host_queued_start": 1585637543.064242, "device_queued": 1585637476.2602046, "device_end": 1585637476.2603626, "host_queued_end": 1585637543.089371}, "device": "gpu", "nd_range": {"device_start": 1585637476.260455, "device_end": 1585637476.2612872}, "cmdq": 1, "read": {"device_start": -1, "device_end": -1}}, "FFC_sans_bias0": {"write": {"device_start": 1585637476.260231, "host_queued_start": 1585637543.063199, "device_queued": 1585637476.2601428, "device_end": 1585637476.2602756, "host_queued_end": 1585637543.089371}, "device": "gpu", "nd_range": {"device_start": 1585637476.2602854, "device_end": 1585637476.26089}, "cmdq": 0, "read": {"device_start": -1, "device_end": -1}}, "FFC_sans_bias2": {"write": {"device_start": 1585637476.260477, "host_queued_start": 1585637543.065279, "device_queued": 1585637476.2603796, "device_end": 1585637476.2605298, "host_queued_end": 1585637543.089371}, "device": "gpu", "nd_range": {"device_start": 1585637476.2606542, "device_end": 1585637476.261853}, "cmdq": 2, "read": {"device_start": -1, "device_end": -1}}, "FFC_sans_bias9": {"write": {"device_start": 1585637476.2605677, "host_queued_start": 1585637543.066312, "device_queued": 1585637476.260408, "device_end": 1585637476.2606246, "host_queued_end": 1585637543.089371}, "device": "gpu", "nd_range": {"device_start": 1585637476.2606764, "device_end": 1585637476.2622862}, "cmdq": 3, "read": {"device_start": -1, "device_end": -1}}, "coalesced_transpose39": {"write": {"device_start": -1, "host_queued_start": 1585637543.079637, "device_queued": -1, "device_end": -1, "host_queued_end": 1585637543.089371}, "device": "gpu", "nd_range": {"device_start": 1585637476.26764, "device_end": 1585637476.2694287}, "cmdq": 4, "read": {"device_start": -1, "device_end": -1}}, "softmax23": {"write": {"device_start": -1, "host_queued_start": 1585637543.081959, "device_queued": -1, "device_end": -1, "host_queued_end": 1585637543.089371}, "device": "gpu", "nd_range": {"device_start": 1585637476.2691023, "device_end": 1585637476.2701423}, "cmdq": 2, "read": {"device_start": -1, "device_end": -1}}, "FFC_sans_bias37": {"write": {"device_start": 1585637476.2648025, "host_queued_start": 1585637543.077013, "device_queued": 1585637476.2615328, "device_end": 1585637476.264828, "host_queued_end": 1585637543.089371}, "device": "gpu", "nd_range": {"device_start": 1585637476.2648342, "device_end": 1585637476.2671218}, "cmdq": 3, "read": {"device_start": -1, "device_end": -1}}, "softmax41": {"write": {"device_start": -1, "host_queued_start": 1585637543.082459, "device_queued": -1, "device_end": -1, "host_queued_end": 1585637543.089371}, "device": "gpu", "nd_range": {"device_start": 1585637476.2700589, "device_end": 1585637476.270365}, "cmdq": 4, "read": {"device_start": -1, "device_end": -1}}, "FFC_sans_bias11": {"write": {"device_start": 1585637476.261, "host_queued_start": 1585637543.068449, "device_queued": 1585637476.2606995, "device_end": 1585637476.2610304, "host_queued_end": 1585637543.089371}, "device": "gpu", "nd_range": {"device_start": 1585637476.261037, "device_end": 1585637476.263277}, "cmdq": 0, "read": {"device_start": -1, "device_end": -1}}, "FFC_sans_bias10": {"write": {"device_start": 1585637476.260643, "host_queued_start": 1585637543.067405, "device_queued": 1585637476.2604225, "device_end": 1585637476.2606673, "host_queued_end": 1585637543.089371}, "device": "gpu", "nd_range": {"device_start": 1585637476.2606943, "device_end": 1585637476.2627935}, "cmdq": 4, "read": {"device_start": -1, "device_end": -1}}, "coalesced_transpose3": {"write": {"device_start": -1, "host_queued_start": 1585637543.078408, "device_queued": -1, "device_end": -1, "host_queued_end": 1585637543.089371}, "device": "gpu", "nd_range": {"device_start": 1585637476.265698, "device_end": 1585637476.2674809}, "cmdq": 0, "read": {"device_start": -1, "device_end": -1}}, "FFC_sans_bias34": {"write": {"device_start": 1585637476.2727678, "host_queued_start": 1585637543.088222, "device_queued": 1585637476.2630355, "device_end": 1585637476.2727995, "host_queued_end": 1585637543.089371}, "device": "gpu", "nd_range": {"device_start": 1585637476.2728038, "device_end": 1585637476.2750924}, "cmdq": 3, "read": {"device_start": 1585637476.2750967, "device_end": 1585637476.2751186}}, "FFC_sans_bias15": {"write": {"device_start": -1, "host_queued_start": 1585637543.083113, "device_queued": -1, "device_end": -1, "host_queued_end": 1585637543.089371}, "device": "gpu", "nd_range": {"device_start": 1585637476.2701392, "device_end": 1585637476.2711456}, "cmdq": 1, "read": {"device_start": -1, "device_end": -1}}, "FFC_sans_bias31": {"write": {"device_start": -1, "host_queued_start": 1585637543.080898, "device_queued": -1, "device_end": -1, "host_queued_end": 1585637543.089371}, "device": "gpu", "nd_range": {"device_start": 1585637476.2675297, "device_end": 1585637476.2695453}, "cmdq": 3, "read": {"device_start": -1, "device_end": -1}}, "FFC_sans_bias16": {"write": {"device_start": 1585637476.2712352, "host_queued_start": 1585637543.086127, "device_queued": 1585637476.2629926, "device_end": 1585637476.271266, "host_queued_end": 1585637543.089371}, "device": "gpu", "nd_range": {"device_start": 1585637476.271273, "device_end": 1585637476.273618}, "cmdq": 1, "read": {"device_start": 1585637476.2736232, "device_end": 1585637476.273646}}, "FFC_sans_bias19": {"write": {"device_start": 1585637476.2619634, "host_queued_start": 1585637543.07051, "device_queued": 1585637476.2608762, "device_end": 1585637476.2619941, "host_queued_end": 1585637543.089371}, "device": "gpu", "nd_range": {"device_start": 1585637476.2620008, "device_end": 1585637476.2642748}, "cmdq": 2, "read": {"device_start": -1, "device_end": -1}}, "FFC_sans_bias18": {"write": {"device_start": 1585637476.2613719, "host_queued_start": 1585637543.069482, "device_queued": 1585637476.2608488, "device_end": 1585637476.2614024, "host_queued_end": 1585637543.089371}, "device": "gpu", "nd_range": {"device_start": 1585637476.2614095, "device_end": 1585637476.2637472}, "cmdq": 1, "read": {"device_start": -1, "device_end": -1}}, "coalesced_transpose30": {"write": {"device_start": -1, "host_queued_start": 1585637543.079339, "device_queued": -1, "device_end": -1, "host_queued_end": 1585637543.089371}, "device": "gpu", "nd_range": {"device_start": 1585637476.2671294, "device_end": 1585637476.2675288}, "cmdq": 3, "read": {"device_start": -1, "device_end": -1}}, "FFC_sans_bias38": {"write": {"device_start": 1585637476.2653182, "host_queued_start": 1585637543.078088, "device_queued": 1585637476.2615478, "device_end": 1585637476.2653503, "host_queued_end": 1585637543.089371}, "device": "gpu", "nd_range": {"device_start": 1585637476.26536, "device_end": 1585637476.2676303}, "cmdq": 4, "read": {"device_start": -1, "device_end": -1}}, "empty26": {"write": {"device_start": 1585637476.2599564,