{"FFC_sans_bias4": {"write": {"device_start": -1, "host_queued_start": 1585637330.163623, "device_queued": -1, "device_end": -1, "host_queued_end": 1585637330.172977}, "device": "gpu", "nd_range": {"device_start": 1585637263.3569615, "device_end": 1585637263.3579493}, "cmdq": 1, "read": {"device_start": -1, "device_end": -1}}, "FFC_sans_bias7": {"write": {"device_start": 1585637263.3608394, "host_queued_start": 1585637330.168708, "device_queued": 1585637263.352214, "device_end": 1585637263.3608706, "host_queued_end": 1585637330.172977}, "device": "gpu", "nd_range": {"device_start": 1585637263.3608856, "device_end": 1585637263.362237}, "cmdq": 1, "read": {"device_start": 1585637263.3622475, "device_end": 1585637263.3622713}}, "FFC_sans_bias6": {"write": {"device_start": -1, "host_queued_start": 1585637330.166441, "device_queued": -1, "device_end": -1, "host_queued_end": 1585637330.172977}, "device": "gpu", "nd_range": {"device_start": 1585637263.3597078, "device_end": 1585637263.3603084}, "cmdq": 2, "read": {"device_start": -1, "device_end": -1}}, "FFC_sans_bias1": {"write": {"device_start": 1585637263.3495944, "host_queued_start": 1585637330.147984, "device_queued": 1585637263.3494027, "device_end": 1585637263.3496242, "host_queued_end": 1585637330.172977}, "device": "gpu", "nd_range": {"device_start": 1585637263.3496282, "device_end": 1585637263.3505986}, "cmdq": 0, "read": {"device_start": -1, "device_end": -1}}, "FFC_sans_bias0": {"write": {"device_start": 1585637263.3495064, "host_queued_start": 1585637330.14694, "device_queued": 1585637263.3493414, "device_end": 1585637263.3495731, "host_queued_end": 1585637330.172977}, "device": "gpu", "nd_range": {"device_start": 1585637263.3495789, "device_end": 1585637263.3501828}, "cmdq": 2, "read": {"device_start": -1, "device_end": -1}}, "FFC_sans_bias2": {"write": {"device_start": 1585637263.3497205, "host_queued_start": 1585637330.149024, "device_queued": 1585637263.3496108, "device_end": 1585637263.3497515, "host_queued_end": 1585637330.172977}, "device": "gpu", "nd_range": {"device_start": 1585637263.349754, "device_end": 1585637263.351164}, "cmdq": 1, "read": {"device_start": -1, "device_end": -1}}, "FFC_sans_bias9": {"write": {"device_start": 1585637263.3503294, "host_queued_start": 1585637330.15005, "device_queued": 1585637263.349644, "device_end": 1585637263.3503604, "host_queued_end": 1585637330.172977}, "device": "gpu", "nd_range": {"device_start": 1585637263.3503642, "device_end": 1585637263.3515766}, "cmdq": 2, "read": {"device_start": -1, "device_end": -1}}, "coalesced_transpose39": {"write": {"device_start": -1, "host_queued_start": 1585637330.16331, "device_queued": -1, "device_end": -1, "host_queued_end": 1585637330.172977}, "device": "gpu", "nd_range": {"device_start": 1585637263.3567998, "device_end": 1585637263.3568208}, "cmdq": 0, "read": {"device_start": -1, "device_end": -1}}, "softmax23": {"write": {"device_start": -1, "host_queued_start": 1585637330.165633, "device_queued": -1, "device_end": -1, "host_queued_end": 1585637330.172977}, "device": "gpu", "nd_range": {"device_start": 1585637263.3589518, "device_end": 1585637263.3597014}, "cmdq": 2, "read": {"device_start": -1, "device_end": -1}}, "FFC_sans_bias37": {"write": {"device_start": 1585637263.3550813, "host_queued_start": 1585637330.1607, "device_queued": 1585637263.3507516, "device_end": 1585637263.355113, "host_queued_end": 1585637330.172977}, "device": "gpu", "nd_range": {"device_start": 1585637263.3551176, "device_end": 1585637263.3564441}, "cmdq": 0, "read": {"device_start": -1, "device_end": -1}}, "softmax41": {"write": {"device_start": -1, "host_queued_start": 1585637330.166127, "device_queued": -1, "device_end": -1, "host_queued_end": 1585637330.172977}, "device": "gpu", "nd_range": {"device_start": 1585637263.3596354, "device_end": 1585637263.3599486}, "cmdq": 1, "read": {"device_start": -1, "device_end": -1}}, "FFC_sans_bias11": {"write": {"device_start": 1585637263.351301, "host_queued_start": 1585637330.152181, "device_queued": 1585637263.349843, "device_end": 1585637263.3513327, "host_queued_end": 1585637330.172977}, "device": "gpu", "nd_range": {"device_start": 1585637263.3513358, "device_end": 1585637263.3525705}, "cmdq": 1, "read": {"device_start": -1, "device_end": -1}}, "FFC_sans_bias10": {"write": {"device_start": 1585637263.3507535, "host_queued_start": 1585637330.151142, "device_queued": 1585637263.3498023, "device_end": 1585637263.3507795, "host_queued_end": 1585637330.172977}, "device": "gpu", "nd_range": {"device_start": 1585637263.3507893, "device_end": 1585637263.3521292}, "cmdq": 0, "read": {"device_start": -1, "device_end": -1}}, "coalesced_transpose3": {"write": {"device_start": -1, "host_queued_start": 1585637330.162074, "device_queued": -1, "device_end": -1, "host_queued_end": 1585637330.172977}, "device": "gpu", "nd_range": {"device_start": 1585637263.3559802, "device_end": 1585637263.3567894}, "cmdq": 2, "read": {"device_start": -1, "device_end": -1}}, "FFC_sans_bias34": {"write": {"device_start": 1585637263.3635466, "host_queued_start": 1585637330.171839, "device_queued": 1585637263.3525555, "device_end": 1585637263.3635776, "host_queued_end": 1585637330.172977}, "device": "gpu", "nd_range": {"device_start": 1585637263.3635862, "device_end": 1585637263.3646371}, "cmdq": 1, "read": {"device_start": 1585637263.364646, "device_end": 1585637263.364668}}, "FFC_sans_bias15": {"write": {"device_start": -1, "host_queued_start": 1585637330.166758, "device_queued": -1, "device_end": -1, "host_queued_end": 1585637330.172977}, "device": "gpu", "nd_range": {"device_start": 1585637263.3600695, "device_end": 1585637263.3612766}, "cmdq": 0, "read": {"device_start": -1, "device_end": -1}}, "FFC_sans_bias31": {"write": {"device_start": -1, "host_queued_start": 1585637330.164572, "device_queued": -1, "device_end": -1, "host_queued_end": 1585637330.172977}, "device": "gpu", "nd_range": {"device_start": 1585637263.3579574, "device_end": 1585637263.3594174}, "cmdq": 1, "read": {"device_start": -1, "device_end": -1}}, "FFC_sans_bias16": {"write": {"device_start": 1585637263.3618279, "host_queued_start": 1585637330.169756, "device_queued": 1585637263.3520498, "device_end": 1585637263.3618581, "host_queued_end": 1585637330.172977}, "device": "gpu", "nd_range": {"device_start": 1585637263.3618655, "device_end": 1585637263.3631806}, "cmdq": 2, "read": {"device_start": 1585637263.363182, "device_end": 1585637263.3632076}}, "FFC_sans_bias19": {"write": {"device_start": 1585637263.352304, "host_queued_start": 1585637330.154279, "device_queued": 1585637263.350072, "device_end": 1585637263.3523297, "host_queued_end": 1585637330.172977}, "device": "gpu", "nd_range": {"device_start": 1585637263.3523338, "device_end": 1585637263.3535674}, "cmdq": 0, "read": {"device_start": -1, "device_end": -1}}, "FFC_sans_bias18": {"write": {"device_start": 1585637263.35171, "host_queued_start": 1585637330.153213, "device_queued": 1585637263.3500044, "device_end": 1585637263.3517413, "host_queued_end": 1585637330.172977}, "device": "gpu", "nd_range": {"device_start": 1585637263.3517447, "device_end": 1585637263.353076}, "cmdq": 2, "read": {"device_start": -1, "device_end": -1}}, "coalesced_transpose30": {"write": {"device_start": -1, "host_queued_start": 1585637330.163013, "device_queued": -1, "device_end": -1, "host_queued_end": 1585637330.172977}, "device": "gpu", "nd_range": {"device_start": 1585637263.356796, "device_end": 1585637263.3568141}, "cmdq": 2, "read": {"device_start": -1, "device_end": -1}}, "FFC_sans_bias38": {"write": {"device_start": 1585637263.355609, "host_queued_start": 1585637330.16174, "device_queued": 1585637263.3509586, "device_end": 1585637263.3556461, "host_queued_end": 1585637330.172977}, "device": "gpu", "nd_range": {"device_start": 1585637263.3556497, "device_end": 1585637263.3569322}, "cmdq": 1, "read": {"device_start": -1, "device_end": -1}}, "empty26": {"write": {"device_start": 1585637263.3492222,