{"FFC_sans_bias4": {"write": {"device_start": -1, "host_queued_start": 1585637313.819581, "device_queued": -1, "device_end": -1, "host_queued_end": 1585637313.829056}, "device": "gpu", "nd_range": {"device_start": 1585637247.013478, "device_end": 1585637247.0144727}, "cmdq": 1, "read": {"device_start": -1, "device_end": -1}}, "FFC_sans_bias7": {"write": {"device_start": 1585637247.0179982, "host_queued_start": 1585637313.824777, "device_queued": 1585637247.008348, "device_end": 1585637247.0180302, "host_queued_end": 1585637313.829056}, "device": "gpu", "nd_range": {"device_start": 1585637247.0180466, "device_end": 1585637247.0188494}, "cmdq": 0, "read": {"device_start": 1585637247.0188522, "device_end": 1585637247.0188766}}, "FFC_sans_bias6": {"write": {"device_start": -1, "host_queued_start": 1585637313.822429, "device_queued": -1, "device_end": -1, "host_queued_end": 1585637313.829056}, "device": "gpu", "nd_range": {"device_start": 1585637247.0166683, "device_end": 1585637247.0173047}, "cmdq": 1, "read": {"device_start": -1, "device_end": -1}}, "FFC_sans_bias1": {"write": {"device_start": 1585637247.0060809, "host_queued_start": 1585637313.803943, "device_queued": 1585637247.0059004, "device_end": 1585637247.0061066, "host_queued_end": 1585637313.829056}, "device": "gpu", "nd_range": {"device_start": 1585637247.0061092, "device_end": 1585637247.007082}, "cmdq": 0, "read": {"device_start": -1, "device_end": -1}}, "FFC_sans_bias0": {"write": {"device_start": 1585637247.005995, "host_queued_start": 1585637313.802903, "device_queued": 1585637247.005849, "device_end": 1585637247.0060647, "host_queued_end": 1585637313.829056}, "device": "gpu", "nd_range": {"device_start": 1585637247.0060735, "device_end": 1585637247.00668}, "cmdq": 1, "read": {"device_start": -1, "device_end": -1}}, "FFC_sans_bias2": {"write": {"device_start": 1585637247.006805, "host_queued_start": 1585637313.804978, "device_queued": 1585637247.0061011, "device_end": 1585637247.0068357, "host_queued_end": 1585637313.829056}, "device": "gpu", "nd_range": {"device_start": 1585637247.0068383, "device_end": 1585637247.0076535}, "cmdq": 1, "read": {"device_start": -1, "device_end": -1}}, "FFC_sans_bias9": {"write": {"device_start": 1585637247.007186, "host_queued_start": 1585637313.80601, "device_queued": 1585637247.0061407, "device_end": 1585637247.0072167, "host_queued_end": 1585637313.829056}, "device": "gpu", "nd_range": {"device_start": 1585637247.0072196, "device_end": 1585637247.0080743}, "cmdq": 0, "read": {"device_start": -1, "device_end": -1}}, "coalesced_transpose39": {"write": {"device_start": -1, "host_queued_start": 1585637313.819264, "device_queued": -1, "device_end": -1, "host_queued_end": 1585637313.829056}, "device": "gpu", "nd_range": {"device_start": 1585637247.0133224, "device_end": 1585637247.0133367}, "cmdq": 0, "read": {"device_start": -1, "device_end": -1}}, "softmax23": {"write": {"device_start": -1, "host_queued_start": 1585637313.821624, "device_queued": -1, "device_end": -1, "host_queued_end": 1585637313.829056}, "device": "gpu", "nd_range": {"device_start": 1585637247.015534, "device_end": 1585637247.0160816}, "cmdq": 0, "read": {"device_start": -1, "device_end": -1}}, "FFC_sans_bias37": {"write": {"device_start": 1585637247.0121396, "host_queued_start": 1585637313.816662, "device_queued": 1585637247.007132, "device_end": 1585637247.0121722, "host_queued_end": 1585637313.829056}, "device": "gpu", "nd_range": {"device_start": 1585637247.0121777, "device_end": 1585637247.0129647}, "cmdq": 0, "read": {"device_start": -1, "device_end": -1}}, "softmax41": {"write": {"device_start": -1, "host_queued_start": 1585637313.822113, "device_queued": -1, "device_end": -1, "host_queued_end": 1585637313.829056}, "device": "gpu", "nd_range": {"device_start": 1585637247.0160892, "device_end": 1585637247.0162797}, "cmdq": 0, "read": {"device_start": -1, "device_end": -1}}, "FFC_sans_bias11": {"write": {"device_start": 1585637247.0082166, "host_queued_start": 1585637313.808105, "device_queued": 1585637247.0063288, "device_end": 1585637247.0082476, "host_queued_end": 1585637313.829056}, "device": "gpu", "nd_range": {"device_start": 1585637247.0082533, "device_end": 1585637247.0090804}, "cmdq": 0, "read": {"device_start": -1, "device_end": -1}}, "FFC_sans_bias10": {"write": {"device_start": 1585637247.0077786, "host_queued_start": 1585637313.807066, "device_queued": 1585637247.0062797, "device_end": 1585637247.0078094, "host_queued_end": 1585637313.829056}, "device": "gpu", "nd_range": {"device_start": 1585637247.0078137, "device_end": 1585637247.0086136}, "cmdq": 1, "read": {"device_start": -1, "device_end": -1}}, "coalesced_transpose3": {"write": {"device_start": -1, "host_queued_start": 1585637313.818043, "device_queued": -1, "device_end": -1, "host_queued_end": 1585637313.829056}, "device": "gpu", "nd_range": {"device_start": 1585637247.0129664, "device_end": 1585637247.013298}, "cmdq": 0, "read": {"device_start": -1, "device_end": -1}}, "FFC_sans_bias34": {"write": {"device_start": 1585637247.0204701, "host_queued_start": 1585637313.827912, "device_queued": 1585637247.0087903, "device_end": 1585637247.0205014, "host_queued_end": 1585637313.829056}, "device": "gpu", "nd_range": {"device_start": 1585637247.020509, "device_end": 1585637247.021204}, "cmdq": 1, "read": {"device_start": 1585637247.0212085, "device_end": 1585637247.0212305}}, "FFC_sans_bias15": {"write": {"device_start": -1, "host_queued_start": 1585637313.822787, "device_queued": -1, "device_end": -1, "host_queued_end": 1585637313.829056}, "device": "gpu", "nd_range": {"device_start": 1585637247.0162983, "device_end": 1585637247.0169017}, "cmdq": 0, "read": {"device_start": -1, "device_end": -1}}, "FFC_sans_bias31": {"write": {"device_start": -1, "host_queued_start": 1585637313.820529, "device_queued": -1, "device_end": -1, "host_queued_end": 1585637313.829056}, "device": "gpu", "nd_range": {"device_start": 1585637247.0140774, "device_end": 1585637247.0150585}, "cmdq": 0, "read": {"device_start": -1, "device_end": -1}}, "FFC_sans_bias16": {"write": {"device_start": 1585637247.0194154, "host_queued_start": 1585637313.825824, "device_queued": 1585637247.0084863, "device_end": 1585637247.0194466, "host_queued_end": 1585637313.829056}, "device": "gpu", "nd_range": {"device_start": 1585637247.0194626, "device_end": 1585637247.0202591}, "cmdq": 1, "read": {"device_start": 1585637247.020263, "device_end": 1585637247.0202866}}, "FFC_sans_bias19": {"write": {"device_start": 1585637247.009216, "host_queued_start": 1585637313.810167, "device_queued": 1585637247.0065002, "device_end": 1585637247.009249, "host_queued_end": 1585637313.829056}, "device": "gpu", "nd_range": {"device_start": 1585637247.0092545, "device_end": 1585637247.0100608}, "cmdq": 0, "read": {"device_start": -1, "device_end": -1}}, "FFC_sans_bias18": {"write": {"device_start": 1585637247.0087547, "host_queued_start": 1585637313.809135, "device_queued": 1585637247.0064592, "device_end": 1585637247.0087862, "host_queued_end": 1585637313.829056}, "device": "gpu", "nd_range": {"device_start": 1585637247.008792, "device_end": 1585637247.009566}, "cmdq": 1, "read": {"device_start": -1, "device_end": -1}}, "coalesced_transpose30": {"write": {"device_start": -1, "host_queued_start": 1585637313.818969, "device_queued": -1, "device_end": -1, "host_queued_end": 1585637313.829056}, "device": "gpu", "nd_range": {"device_start": 1585637247.0134532, "device_end": 1585637247.0134683}, "cmdq": 1, "read": {"device_start": -1, "device_end": -1}}, "FFC_sans_bias38": {"write": {"device_start": 1585637247.0126019, "host_queued_start": 1585637313.817705, "device_queued": 1585637247.007314, "device_end": 1585637247.0126338, "host_queued_end": 1585637313.829056}, "device": "gpu", "nd_range": {"device_start": 1585637247.012639, "device_end": 1585637247.0134385}, "cmdq": 1, "read": {"device_start": -1, "device_end": -1}}, "empty26": {"write": {"device_start": 1585637247.00572,