{"FFC_sans_bias4": {"write": {"device_start": -1, "host_queued_start": 1585637477.543791, "device_queued": -1, "device_end": -1, "host_queued_end": 1585637477.553229}, "device": "gpu", "nd_range": {"device_start": 1585637410.7333362, "device_end": 1585637410.7339437}, "cmdq": 1, "read": {"device_start": -1, "device_end": -1}}, "FFC_sans_bias7": {"write": {"device_start": 1585637410.7372744, "host_queued_start": 1585637477.548939, "device_queued": 1585637410.7283976, "device_end": 1585637410.7373052, "host_queued_end": 1585637477.553229}, "device": "gpu", "nd_range": {"device_start": 1585637410.7373216, "device_end": 1585637410.739143}, "cmdq": 0, "read": {"device_start": 1585637410.7391531, "device_end": 1585637410.7391763}}, "FFC_sans_bias6": {"write": {"device_start": -1, "host_queued_start": 1585637477.546648, "device_queued": -1, "device_end": -1, "host_queued_end": 1585637477.553229}, "device": "gpu", "nd_range": {"device_start": 1585637410.7361486, "device_end": 1585637410.7367582}, "cmdq": 3, "read": {"device_start": -1, "device_end": -1}}, "FFC_sans_bias1": {"write": {"device_start": 1585637410.7258787, "host_queued_start": 1585637477.528045, "device_queued": 1585637410.7256877, "device_end": 1585637410.7259388, "host_queued_end": 1585637477.553229}, "device": "gpu", "nd_range": {"device_start": 1585637410.726011, "device_end": 1585637410.7269897}, "cmdq": 2, "read": {"device_start": -1, "device_end": -1}}, "FFC_sans_bias0": {"write": {"device_start": 1585637410.7257833, "host_queued_start": 1585637477.526998, "device_queued": 1585637410.7256453, "device_end": 1585637410.725865, "host_queued_end": 1585637477.553229}, "device": "gpu", "nd_range": {"device_start": 1585637410.7259748, "device_end": 1585637410.7265906}, "cmdq": 1, "read": {"device_start": -1, "device_end": -1}}, "FFC_sans_bias2": {"write": {"device_start": 1585637410.7259552, "host_queued_start": 1585637477.529088, "device_queued": 1585637410.7257075, "device_end": 1585637410.7259793, "host_queued_end": 1585637477.553229}, "device": "gpu", "nd_range": {"device_start": 1585637410.726025, "device_end": 1585637410.7275505}, "cmdq": 3, "read": {"device_start": -1, "device_end": -1}}, "FFC_sans_bias9": {"write": {"device_start": 1585637410.7261255, "host_queued_start": 1585637477.53013, "device_queued": 1585637410.7260325, "device_end": 1585637410.7261539, "host_queued_end": 1585637477.553229}, "device": "gpu", "nd_range": {"device_start": 1585637410.7261925, "device_end": 1585637410.72799}, "cmdq": 0, "read": {"device_start": -1, "device_end": -1}}, "coalesced_transpose39": {"write": {"device_start": -1, "host_queued_start": 1585637477.543471, "device_queued": -1, "device_end": -1, "host_queued_end": 1585637477.553229}, "device": "gpu", "nd_range": {"device_start": 1585637410.7332022, "device_end": 1585637410.7332234}, "cmdq": 0, "read": {"device_start": -1, "device_end": -1}}, "softmax23": {"write": {"device_start": -1, "host_queued_start": 1585637477.54583, "device_queued": -1, "device_end": -1, "host_queued_end": 1585637477.553229}, "device": "gpu", "nd_range": {"device_start": 1585637410.7353632, "device_end": 1585637410.735957}, "cmdq": 0, "read": {"device_start": -1, "device_end": -1}}, "FFC_sans_bias37": {"write": {"device_start": 1585637410.731027, "host_queued_start": 1585637477.540828, "device_queued": 1585637410.7270467, "device_end": 1585637410.7310596, "host_queued_end": 1585637477.553229}, "device": "gpu", "nd_range": {"device_start": 1585637410.7310631, "device_end": 1585637410.7328243}, "cmdq": 2, "read": {"device_start": -1, "device_end": -1}}, "softmax41": {"write": {"device_start": -1, "host_queued_start": 1585637477.54633, "device_queued": -1, "device_end": -1, "host_queued_end": 1585637477.553229}, "device": "gpu", "nd_range": {"device_start": 1585637410.7361376, "device_end": 1585637410.736509}, "cmdq": 2, "read": {"device_start": -1, "device_end": -1}}, "FFC_sans_bias11": {"write": {"device_start": 1585637410.7271233, "host_queued_start": 1585637477.53225, "device_queued": 1585637410.72623, "device_end": 1585637410.7271538, "host_queued_end": 1585637477.553229}, "device": "gpu", "nd_range": {"device_start": 1585637410.7271585, "device_end": 1585637410.7289662}, "cmdq": 2, "read": {"device_start": -1, "device_end": -1}}, "FFC_sans_bias10": {"write": {"device_start": 1585637410.7266734, "host_queued_start": 1585637477.531204, "device_queued": 1585637410.7262015, "device_end": 1585637410.7267032, "host_queued_end": 1585637477.553229}, "device": "gpu", "nd_range": {"device_start": 1585637410.7267067, "device_end": 1585637410.7285256}, "cmdq": 1, "read": {"device_start": -1, "device_end": -1}}, "coalesced_transpose3": {"write": {"device_start": -1, "host_queued_start": 1585637477.542253, "device_queued": -1, "device_end": -1, "host_queued_end": 1585637477.553229}, "device": "gpu", "nd_range": {"device_start": 1585637410.7318637, "device_end": 1585637410.7331913}, "cmdq": 0, "read": {"device_start": -1, "device_end": -1}}, "FFC_sans_bias34": {"write": {"device_start": 1585637410.7388084, "host_queued_start": 1585637477.552073, "device_queued": 1585637410.7286189, "device_end": 1585637410.7388391, "host_queued_end": 1585637477.553229}, "device": "gpu", "nd_range": {"device_start": 1585637410.738849, "device_end": 1585637410.7405791}, "cmdq": 3, "read": {"device_start": 1585637410.740586, "device_end": 1585637410.7406082}}, "FFC_sans_bias15": {"write": {"device_start": -1, "host_queued_start": 1585637477.546965, "device_queued": -1, "device_end": -1, "host_queued_end": 1585637477.553229}, "device": "gpu", "nd_range": {"device_start": 1585637410.7361562, "device_end": 1585637410.737152}, "cmdq": 0, "read": {"device_start": -1, "device_end": -1}}, "FFC_sans_bias31": {"write": {"device_start": -1, "host_queued_start": 1585637477.544757, "device_queued": -1, "device_end": -1, "host_queued_end": 1585637477.553229}, "device": "gpu", "nd_range": {"device_start": 1585637410.7333696, "device_end": 1585637410.7353551}, "cmdq": 0, "read": {"device_start": -1, "device_end": -1}}, "FFC_sans_bias16": {"write": {"device_start": 1585637410.7378333, "host_queued_start": 1585637477.549986, "device_queued": 1585637410.7285695, "device_end": 1585637410.7378633, "host_queued_end": 1585637477.553229}, "device": "gpu", "nd_range": {"device_start": 1585637410.7378733, "device_end": 1585637410.7396278}, "cmdq": 1, "read": {"device_start": 1585637410.739634, "device_end": 1585637410.7396572}}, "FFC_sans_bias19": {"write": {"device_start": 1585637410.7281697, "host_queued_start": 1585637477.53431, "device_queued": 1585637410.7264125, "device_end": 1585637410.7282002, "host_queued_end": 1585637477.553229}, "device": "gpu", "nd_range": {"device_start": 1585637410.7282047, "device_end": 1585637410.729949}, "cmdq": 0, "read": {"device_start": -1, "device_end": -1}}, "FFC_sans_bias18": {"write": {"device_start": 1585637410.727681, "host_queued_start": 1585637477.533282, "device_queued": 1585637410.726243, "device_end": 1585637410.7277124, "host_queued_end": 1585637477.553229}, "device": "gpu", "nd_range": {"device_start": 1585637410.727719, "device_end": 1585637410.7294736}, "cmdq": 3, "read": {"device_start": -1, "device_end": -1}}, "coalesced_transpose30": {"write": {"device_start": -1, "host_queued_start": 1585637477.543175, "device_queued": -1, "device_end": -1, "host_queued_end": 1585637477.553229}, "device": "gpu", "nd_range": {"device_start": 1585637410.733322, "device_end": 1585637410.7333508}, "cmdq": 3, "read": {"device_start": -1, "device_end": -1}}, "FFC_sans_bias38": {"write": {"device_start": 1585637410.7315297, "host_queued_start": 1585637477.541921, "device_queued": 1585637410.7270753, "device_end": 1585637410.7315621, "host_queued_end": 1585637477.553229}, "device": "gpu", "nd_range": {"device_start": 1585637410.7315662, "device_end": 1585637410.7333207}, "cmdq": 3, "read": {"device_start": -1, "device_end": -1}}, "empty26": {"write": {"device_start": 1585637410.7255108,