{"FFC_sans_bias4": {"write": {"device_start": -1, "host_queued_start": 1585637447.364974, "device_queued": -1, "device_end": -1, "host_queued_end": 1585637447.366676}, "device": "cpu", "nd_range": {"device_start": 2305221.5685602403, "device_end": 2305221.5760340723}, "cmdq": 2, "read": {"device_start": -1, "device_end": -1}}, "FFC_sans_bias7": {"write": {"device_start": -1, "host_queued_start": 1585637447.366629, "device_queued": -1, "device_end": -1, "host_queued_end": 1585637447.366676}, "device": "cpu", "nd_range": {"device_start": 2305221.58025573, "device_end": 2305221.5851539033}, "cmdq": 2, "read": {"device_start": -1, "device_end": -1}}, "FFC_sans_bias6": {"write": {"device_start": -1, "host_queued_start": 1585637447.365561, "device_queued": -1, "device_end": -1, "host_queued_end": 1585637447.366676}, "device": "cpu", "nd_range": {"device_start": 2305221.5761562344, "device_end": 2305221.580246388}, "cmdq": 1, "read": {"device_start": -1, "device_end": -1}}, "FFC_sans_bias1": {"write": {"device_start": -1, "host_queued_start": 1585637447.363128, "device_queued": -1, "device_end": -1, "host_queued_end": 1585637447.366676}, "device": "cpu", "nd_range": {"device_start": 2305221.556271236, "device_end": 2305221.568293372}, "cmdq": 2, "read": {"device_start": -1, "device_end": -1}}, "FFC_sans_bias0": {"write": {"device_start": -1, "host_queued_start": 1585637447.361758, "device_queued": -1, "device_end": -1, "host_queued_end": 1585637447.366676}, "device": "cpu", "nd_range": {"device_start": 2305221.5562628973, "device_end": 2305221.567131008}, "cmdq": 1, "read": {"device_start": -1, "device_end": -1}}, "FFC_sans_bias2": {"write": {"device_start": -1, "host_queued_start": 1585637447.364329, "device_queued": -1, "device_end": -1, "host_queued_end": 1585637447.366676}, "device": "cpu", "nd_range": {"device_start": 2305221.556270703, "device_end": 2305221.565308812}, "cmdq": 0, "read": {"device_start": -1, "device_end": -1}}, "FFC_sans_bias9": {"write": {"device_start": 1585637380.5320783, "host_queued_start": 1585637447.338021, "device_queued": 1585637380.5319815, "device_end": 1585637380.532152, "host_queued_end": 1585637447.358799}, "device": "gpu", "nd_range": {"device_start": 1585637380.532156, "device_end": 1585637380.5327575}, "cmdq": 0, "read": {"device_start": -1, "device_end": -1}}, "coalesced_transpose39": {"write": {"device_start": -1, "host_queued_start": 1585637447.35098, "device_queued": -1, "device_end": -1, "host_queued_end": 1585637447.358799}, "device": "gpu", "nd_range": {"device_start": 1585637380.5380921, "device_end": 1585637380.5393643}, "cmdq": 3, "read": {"device_start": -1, "device_end": -1}}, "softmax23": {"write": {"device_start": -1, "host_queued_start": 1585637447.352742, "device_queued": -1, "device_end": -1, "host_queued_end": 1585637447.358799}, "device": "gpu", "nd_range": {"device_start": 1585637380.5389922, "device_end": 1585637380.53972}, "cmdq": 1, "read": {"device_start": -1, "device_end": -1}}, "FFC_sans_bias37": {"write": {"device_start": 1585637380.5357227, "host_queued_start": 1585637447.348653, "device_queued": 1585637380.5329537, "device_end": 1585637380.5357487, "host_queued_end": 1585637447.358799}, "device": "gpu", "nd_range": {"device_start": 1585637380.5357578, "device_end": 1585637380.5375552}, "cmdq": 2, "read": {"device_start": -1, "device_end": -1}}, "softmax41": {"write": {"device_start": -1, "host_queued_start": 1585637447.353274, "device_queued": -1, "device_end": -1, "host_queued_end": 1585637447.358799}, "device": "gpu", "nd_range": {"device_start": 1585637380.5399828, "device_end": 1585637380.5411446}, "cmdq": 3, "read": {"device_start": -1, "device_end": -1}}, "FFC_sans_bias11": {"write": {"device_start": 1585637380.5322556, "host_queued_start": 1585637447.340126, "device_queued": 1585637380.5320694, "device_end": 1585637380.5323257, "host_queued_end": 1585637447.358799}, "device": "gpu", "nd_range": {"device_start": 1585637380.5323303, "device_end": 1585637380.5337386}, "cmdq": 2, "read": {"device_start": -1, "device_end": -1}}, "FFC_sans_bias10": {"write": {"device_start": 1585637380.5321681, "host_queued_start": 1585637447.339087, "device_queued": 1585637380.5320456, "device_end": 1585637380.5322335, "host_queued_end": 1585637447.358799}, "device": "gpu", "nd_range": {"device_start": 1585637380.5323021, "device_end": 1585637380.5331657}, "cmdq": 1, "read": {"device_start": -1, "device_end": -1}}, "coalesced_transpose3": {"write": {"device_start": -1, "host_queued_start": 1585637447.364645, "device_queued": -1, "device_end": -1, "host_queued_end": 1585637447.366676}, "device": "cpu", "nd_range": {"device_start": 2305221.5683037383, "device_end": 2305221.568394623}, "cmdq": 1, "read": {"device_start": -1, "device_end": -1}}, "FFC_sans_bias34": {"write": {"device_start": 1585637380.5415335, "host_queued_start": 1585637447.357661, "device_queued": 1585637380.5341034, "device_end": 1585637380.541558, "host_queued_end": 1585637447.358799}, "device": "gpu", "nd_range": {"device_start": 1585637380.5415623, "device_end": 1585637380.543374}, "cmdq": 2, "read": {"device_start": 1585637380.543382, "device_end": 1585637380.543404}}, "FFC_sans_bias15": {"write": {"device_start": -1, "host_queued_start": 1585637447.353584, "device_queued": -1, "device_end": -1, "host_queued_end": 1585637447.358799}, "device": "gpu", "nd_range": {"device_start": 1585637380.5397336, "device_end": 1585637380.5409627}, "cmdq": 0, "read": {"device_start": -1, "device_end": -1}}, "FFC_sans_bias31": {"write": {"device_start": -1, "host_queued_start": 1585637447.351946, "device_queued": -1, "device_end": -1, "host_queued_end": 1585637447.358799}, "device": "gpu", "nd_range": {"device_start": 1585637380.5379603, "device_end": 1585637380.5395362}, "cmdq": 2, "read": {"device_start": -1, "device_end": -1}}, "FFC_sans_bias16": {"write": {"device_start": 1585637380.5410495, "host_queued_start": 1585637447.355582, "device_queued": 1585637380.5340242, "device_end": 1585637380.541075, "host_queued_end": 1585637447.358799}, "device": "gpu", "nd_range": {"device_start": 1585637380.541081, "device_end": 1585637380.542412}, "cmdq": 0, "read": {"device_start": 1585637380.5424135, "device_end": 1585637380.5424364}}, "FFC_sans_bias19": {"write": {"device_start": 1585637380.5328722, "host_queued_start": 1585637447.342177, "device_queued": 1585637380.5324497, "device_end": 1585637380.5328977, "host_queued_end": 1585637447.358799}, "device": "gpu", "nd_range": {"device_start": 1585637380.5329041, "device_end": 1585637380.5347018}, "cmdq": 0, "read": {"device_start": -1, "device_end": -1}}, "FFC_sans_bias18": {"write": {"device_start": 1585637380.532354, "host_queued_start": 1585637447.341149, "device_queued": 1585637380.5322483, "device_end": 1585637380.532382, "host_queued_end": 1585637447.358799}, "device": "gpu", "nd_range": {"device_start": 1585637380.5323853, "device_end": 1585637380.53417}, "cmdq": 3, "read": {"device_start": -1, "device_end": -1}}, "coalesced_transpose30": {"write": {"device_start": -1, "host_queued_start": 1585637447.350672, "device_queued": -1, "device_end": -1, "host_queued_end": 1585637447.358799}, "device": "gpu", "nd_range": {"device_start": 1585637380.5375602, "device_end": 1585637380.5379593}, "cmdq": 2, "read": {"device_start": -1, "device_end": -1}}, "FFC_sans_bias38": {"write": {"device_start": 1585637380.536218, "host_queued_start": 1585637447.34969, "device_queued": 1585637380.5330694, "device_end": 1585637380.5362453, "host_queued_end": 1585637447.358799}, "device": "gpu", "nd_range": {"device_start": 1585637380.5362563, "device_end": 1585637380.5380833}, "cmdq": 3, "read": {"device_start": -1, "device_end": -1}}, "empty26": {"write": {"device_start": 1585637380.5318017, "host_queued_start": 1585637447.335341, "device_queued": 1585637380.5316598, "device_end": 1585637380.5318725, "host_queued_end": 1585637447.358799}, "device": "gpu", "nd_range": {"device_start": 1585637380.531879,