{"FFC_sans_bias4": {"write": {"device_start": -1, "host_queued_start": 1585637398.281147, "device_queued": -1, "device_end": -1, "host_queued_end": 1585637398.282892}, "device": "cpu", "nd_range": {"device_start": 2305172.4845865383, "device_end": 2305172.4886027863}, "cmdq": 0, "read": {"device_start": -1, "device_end": -1}}, "FFC_sans_bias7": {"write": {"device_start": -1, "host_queued_start": 1585637398.282846, "device_queued": -1, "device_end": -1, "host_queued_end": 1585637398.282892}, "device": "cpu", "nd_range": {"device_start": 2305172.493817742, "device_end": 2305172.498111249}, "cmdq": 3, "read": {"device_start": -1, "device_end": -1}}, "FFC_sans_bias6": {"write": {"device_start": -1, "host_queued_start": 1585637398.281778, "device_queued": -1, "device_end": -1, "host_queued_end": 1585637398.282892}, "device": "cpu", "nd_range": {"device_start": 2305172.4889843483, "device_end": 2305172.493807801}, "cmdq": 2, "read": {"device_start": -1, "device_end": -1}}, "FFC_sans_bias1": {"write": {"device_start": -1, "host_queued_start": 1585637398.278994, "device_queued": -1, "device_end": -1, "host_queued_end": 1585637398.282892}, "device": "cpu", "nd_range": {"device_start": 2305172.472504749, "device_end": 2305172.484434625}, "cmdq": 2, "read": {"device_start": -1, "device_end": -1}}, "FFC_sans_bias0": {"write": {"device_start": -1, "host_queued_start": 1585637398.277575, "device_queued": -1, "device_end": -1, "host_queued_end": 1585637398.282892}, "device": "cpu", "nd_range": {"device_start": 2305172.472491017, "device_end": 2305172.4816146092}, "cmdq": 1, "read": {"device_start": -1, "device_end": -1}}, "FFC_sans_bias2": {"write": {"device_start": -1, "host_queued_start": 1585637398.280364, "device_queued": -1, "device_end": -1, "host_queued_end": 1585637398.282892}, "device": "cpu", "nd_range": {"device_start": 2305172.4725011364, "device_end": 2305172.484435928}, "cmdq": 3, "read": {"device_start": -1, "device_end": -1}}, "FFC_sans_bias9": {"write": {"device_start": 1585637331.4494252, "host_queued_start": 1585637398.254018, "device_queued": 1585637331.4493332, "device_end": 1585637331.4494982, "host_queued_end": 1585637398.274824}, "device": "gpu", "nd_range": {"device_start": 1585637331.4495058, "device_end": 1585637331.4501133}, "cmdq": 1, "read": {"device_start": -1, "device_end": -1}}, "coalesced_transpose39": {"write": {"device_start": -1, "host_queued_start": 1585637398.266925, "device_queued": -1, "device_end": -1, "host_queued_end": 1585637398.274824}, "device": "gpu", "nd_range": {"device_start": 1585637331.4553006, "device_end": 1585637331.4553182}, "cmdq": 1, "read": {"device_start": -1, "device_end": -1}}, "softmax23": {"write": {"device_start": -1, "host_queued_start": 1585637398.26868, "device_queued": -1, "device_end": -1, "host_queued_end": 1585637398.274824}, "device": "gpu", "nd_range": {"device_start": 1585637331.4570034, "device_end": 1585637331.4576397}, "cmdq": 1, "read": {"device_start": -1, "device_end": -1}}, "FFC_sans_bias37": {"write": {"device_start": 1585637331.4536197, "host_queued_start": 1585637398.264618, "device_queued": 1585637331.450315, "device_end": 1585637331.453652, "host_queued_end": 1585637398.274824}, "device": "gpu", "nd_range": {"device_start": 1585637331.453657, "device_end": 1585637331.4549096}, "cmdq": 2, "read": {"device_start": -1, "device_end": -1}}, "softmax41": {"write": {"device_start": -1, "host_queued_start": 1585637398.269214, "device_queued": -1, "device_end": -1, "host_queued_end": 1585637398.274824}, "device": "gpu", "nd_range": {"device_start": 1585637331.457637, "device_end": 1585637331.4580119}, "cmdq": 0, "read": {"device_start": -1, "device_end": -1}}, "FFC_sans_bias11": {"write": {"device_start": 1585637331.449675, "host_queued_start": 1585637398.256109, "device_queued": 1585637331.449568, "device_end": 1585637331.4497051, "host_queued_end": 1585637398.274824}, "device": "gpu", "nd_range": {"device_start": 1585637331.449708, "device_end": 1585637331.4510982}, "cmdq": 0, "read": {"device_start": -1, "device_end": -1}}, "FFC_sans_bias10": {"write": {"device_start": 1585637331.4495263, "host_queued_start": 1585637398.255078, "device_queued": 1585637331.4493597, "device_end": 1585637331.449558, "host_queued_end": 1585637398.274824}, "device": "gpu", "nd_range": {"device_start": 1585637331.4495609, "device_end": 1585637331.4505243}, "cmdq": 2, "read": {"device_start": -1, "device_end": -1}}, "coalesced_transpose3": {"write": {"device_start": -1, "host_queued_start": 1585637398.280766, "device_queued": -1, "device_end": -1, "host_queued_end": 1585637398.282892}, "device": "cpu", "nd_range": {"device_start": 2305172.484453265, "device_end": 2305172.484555499}, "cmdq": 4, "read": {"device_start": -1, "device_end": -1}}, "FFC_sans_bias34": {"write": {"device_start": 1585637331.4597352, "host_queued_start": 1585637398.273665, "device_queued": 1585637331.4515617, "device_end": 1585637331.4597595, "host_queued_end": 1585637398.274824}, "device": "gpu", "nd_range": {"device_start": 1585637331.4597657, "device_end": 1585637331.4611115}, "cmdq": 1, "read": {"device_start": 1585637331.4611156, "device_end": 1585637331.461138}}, "FFC_sans_bias15": {"write": {"device_start": -1, "host_queued_start": 1585637398.269556, "device_queued": -1, "device_end": -1, "host_queued_end": 1585637398.274824}, "device": "gpu", "nd_range": {"device_start": 1585637331.457646, "device_end": 1585637331.4582503}, "cmdq": 1, "read": {"device_start": -1, "device_end": -1}}, "FFC_sans_bias31": {"write": {"device_start": -1, "host_queued_start": 1585637398.267879, "device_queued": -1, "device_end": -1, "host_queued_end": 1585637398.274824}, "device": "gpu", "nd_range": {"device_start": 1585637331.4554267, "device_end": 1585637331.4569964}, "cmdq": 1, "read": {"device_start": -1, "device_end": -1}}, "FFC_sans_bias16": {"write": {"device_start": 1585637331.4587605, "host_queued_start": 1585637398.271599, "device_queued": 1585637331.4513593, "device_end": 1585637331.4587865, "host_queued_end": 1585637398.274824}, "device": "gpu", "nd_range": {"device_start": 1585637331.458795, "device_end": 1585637331.4601974}, "cmdq": 2, "read": {"device_start": 1585637331.4602027, "device_end": 1585637331.4602263}}, "FFC_sans_bias19": {"write": {"device_start": 1585637331.450623, "host_queued_start": 1585637398.258197, "device_queued": 1585637331.4496374, "device_end": 1585637331.4506536, "host_queued_end": 1585637398.274824}, "device": "gpu", "nd_range": {"device_start": 1585637331.4506593, "device_end": 1585637331.4520557}, "cmdq": 2, "read": {"device_start": -1, "device_end": -1}}, "FFC_sans_bias18": {"write": {"device_start": 1585637331.4502668, "host_queued_start": 1585637398.257167, "device_queued": 1585637331.4496186, "device_end": 1585637331.4502964, "host_queued_end": 1585637398.274824}, "device": "gpu", "nd_range": {"device_start": 1585637331.4503093, "device_end": 1585637331.4515147}, "cmdq": 1, "read": {"device_start": -1, "device_end": -1}}, "coalesced_transpose30": {"write": {"device_start": -1, "host_queued_start": 1585637398.266627, "device_queued": -1, "device_end": -1, "host_queued_end": 1585637398.274824}, "device": "gpu", "nd_range": {"device_start": 1585637331.4553928, "device_end": 1585637331.4554088}, "cmdq": 0, "read": {"device_start": -1, "device_end": -1}}, "FFC_sans_bias38": {"write": {"device_start": 1585637331.4540398, "host_queued_start": 1585637398.26565, "device_queued": 1585637331.4505064, "device_end": 1585637331.4540656, "host_queued_end": 1585637398.274824}, "device": "gpu", "nd_range": {"device_start": 1585637331.4540691, "device_end": 1585637331.455388}, "cmdq": 0, "read": {"device_start": -1, "device_end": -1}}, "empty26": {"write": {"device_start": 1585637331.4491255, "host_queued_start": 1585637398.251374, "device_queued": 1585637331.448974, "device_end": 1585637331.4491947, "host_queued_end": 1585637398.274824}, "device": "gpu", "nd_range": {"device_start": 1585637331.4492073,