{"FFC_sans_bias4": {"write": {"device_start": -1, "host_queued_start": 1585637332.832959, "device_queued": -1, "device_end": -1, "host_queued_end": 1585637332.834679}, "device": "cpu", "nd_range": {"device_start": 2305107.0369329453, "device_end": 2305107.041064931}, "cmdq": 0, "read": {"device_start": -1, "device_end": -1}}, "FFC_sans_bias7": {"write": {"device_start": -1, "host_queued_start": 1585637332.834634, "device_queued": -1, "device_end": -1, "host_queued_end": 1585637332.834679}, "device": "cpu", "nd_range": {"device_start": 2305107.046071011, "device_end": 2305107.0506371562}, "cmdq": 0, "read": {"device_start": -1, "device_end": -1}}, "FFC_sans_bias6": {"write": {"device_start": -1, "host_queued_start": 1585637332.833572, "device_queued": -1, "device_end": -1, "host_queued_end": 1585637332.834679}, "device": "cpu", "nd_range": {"device_start": 2305107.041347308, "device_end": 2305107.0460653664}, "cmdq": 0, "read": {"device_start": -1, "device_end": -1}}, "FFC_sans_bias1": {"write": {"device_start": -1, "host_queued_start": 1585637332.83086, "device_queued": -1, "device_end": -1, "host_queued_end": 1585637332.834679}, "device": "cpu", "nd_range": {"device_start": 2305107.028301514, "device_end": 2305107.0325418753}, "cmdq": 0, "read": {"device_start": -1, "device_end": -1}}, "FFC_sans_bias0": {"write": {"device_start": -1, "host_queued_start": 1585637332.829452, "device_queued": -1, "device_end": -1, "host_queued_end": 1585637332.834679}, "device": "cpu", "nd_range": {"device_start": 2305107.0242820033, "device_end": 2305107.02828249}, "cmdq": 0, "read": {"device_start": -1, "device_end": -1}}, "FFC_sans_bias2": {"write": {"device_start": -1, "host_queued_start": 1585637332.832187, "device_queued": -1, "device_end": -1, "host_queued_end": 1585637332.834679}, "device": "cpu", "nd_range": {"device_start": 2305107.032564456, "device_end": 2305107.0366393}, "cmdq": 0, "read": {"device_start": -1, "device_end": -1}}, "FFC_sans_bias9": {"write": {"device_start": 1585637266.0030591, "host_queued_start": 1585637332.806038, "device_queued": 1585637266.0029557, "device_end": 1585637266.003136, "host_queued_end": 1585637332.82669}, "device": "gpu", "nd_range": {"device_start": 1585637266.0031404, "device_end": 1585637266.003746}, "cmdq": 1, "read": {"device_start": -1, "device_end": -1}}, "coalesced_transpose39": {"write": {"device_start": -1, "host_queued_start": 1585637332.818939, "device_queued": -1, "device_end": -1, "host_queued_end": 1585637332.82669}, "device": "gpu", "nd_range": {"device_start": 1585637266.0089395, "device_end": 1585637266.0089607}, "cmdq": 1, "read": {"device_start": -1, "device_end": -1}}, "softmax23": {"write": {"device_start": -1, "host_queued_start": 1585637332.820724, "device_queued": -1, "device_end": -1, "host_queued_end": 1585637332.82669}, "device": "gpu", "nd_range": {"device_start": 1585637266.0106764, "device_end": 1585637266.0113032}, "cmdq": 1, "read": {"device_start": -1, "device_end": -1}}, "FFC_sans_bias37": {"write": {"device_start": 1585637266.0072405, "host_queued_start": 1585637332.816661, "device_queued": 1585637266.0039291, "device_end": 1585637266.0072718, "host_queued_end": 1585637332.82669}, "device": "gpu", "nd_range": {"device_start": 1585637266.0072782, "device_end": 1585637266.008572}, "cmdq": 2, "read": {"device_start": -1, "device_end": -1}}, "softmax41": {"write": {"device_start": -1, "host_queued_start": 1585637332.821218, "device_queued": -1, "device_end": -1, "host_queued_end": 1585637332.82669}, "device": "gpu", "nd_range": {"device_start": 1585637266.0113008, "device_end": 1585637266.0116851}, "cmdq": 0, "read": {"device_start": -1, "device_end": -1}}, "FFC_sans_bias11": {"write": {"device_start": 1585637266.003307, "host_queued_start": 1585637332.808167, "device_queued": 1585637266.0031989, "device_end": 1585637266.003337, "host_queued_end": 1585637332.82669}, "device": "gpu", "nd_range": {"device_start": 1585637266.0033405, "device_end": 1585637266.004738}, "cmdq": 0, "read": {"device_start": -1, "device_end": -1}}, "FFC_sans_bias10": {"write": {"device_start": 1585637266.003157, "host_queued_start": 1585637332.807128, "device_queued": 1585637266.0029871, "device_end": 1585637266.003188, "host_queued_end": 1585637332.82669}, "device": "gpu", "nd_range": {"device_start": 1585637266.0031903, "device_end": 1585637266.0041506}, "cmdq": 2, "read": {"device_start": -1, "device_end": -1}}, "coalesced_transpose3": {"write": {"device_start": -1, "host_queued_start": 1585637332.832586, "device_queued": -1, "device_end": -1, "host_queued_end": 1585637332.834679}, "device": "cpu", "nd_range": {"device_start": 2305107.036644522, "device_end": 2305107.0367925894}, "cmdq": 0, "read": {"device_start": -1, "device_end": -1}}, "FFC_sans_bias34": {"write": {"device_start": 1585637266.0185103, "host_queued_start": 1585637332.825542, "device_queued": 1585637266.0052884, "device_end": 1585637266.0185928, "host_queued_end": 1585637332.82669}, "device": "gpu", "nd_range": {"device_start": 1585637266.018603, "device_end": 1585637266.0192068}, "cmdq": 1, "read": {"device_start": 1585637266.0192094, "device_end": 1585637266.0192313}}, "FFC_sans_bias15": {"write": {"device_start": -1, "host_queued_start": 1585637332.821521, "device_queued": -1, "device_end": -1, "host_queued_end": 1585637332.82669}, "device": "gpu", "nd_range": {"device_start": 1585637266.0113096, "device_end": 1585637266.0119088}, "cmdq": 1, "read": {"device_start": -1, "device_end": -1}}, "FFC_sans_bias31": {"write": {"device_start": -1, "host_queued_start": 1585637332.819893, "device_queued": -1, "device_end": -1, "host_queued_end": 1585637332.82669}, "device": "gpu", "nd_range": {"device_start": 1585637266.009092, "device_end": 1585637266.0106702}, "cmdq": 1, "read": {"device_start": -1, "device_end": -1}}, "FFC_sans_bias16": {"write": {"device_start": 1585637266.016231, "host_queued_start": 1585637332.823461, "device_queued": 1585637266.00504, "device_end": 1585637266.0163038, "host_queued_end": 1585637332.82669}, "device": "gpu", "nd_range": {"device_start": 1585637266.016314, "device_end": 1585637266.0169225}, "cmdq": 2, "read": {"device_start": 1585637266.0169241, "device_end": 1585637266.0169477}}, "FFC_sans_bias19": {"write": {"device_start": 1585637266.0042803, "host_queued_start": 1585637332.810228, "device_queued": 1585637266.0032682, "device_end": 1585637266.004311, "host_queued_end": 1585637332.82669}, "device": "gpu", "nd_range": {"device_start": 1585637266.004315, "device_end": 1585637266.0057106}, "cmdq": 2, "read": {"device_start": -1, "device_end": -1}}, "FFC_sans_bias18": {"write": {"device_start": 1585637266.0038564, "host_queued_start": 1585637332.809199, "device_queued": 1585637266.0032513, "device_end": 1585637266.0038815, "host_queued_end": 1585637332.82669}, "device": "gpu", "nd_range": {"device_start": 1585637266.0038917, "device_end": 1585637266.0051367}, "cmdq": 1, "read": {"device_start": -1, "device_end": -1}}, "coalesced_transpose30": {"write": {"device_start": -1, "host_queued_start": 1585637332.818645, "device_queued": -1, "device_end": -1, "host_queued_end": 1585637332.82669}, "device": "gpu", "nd_range": {"device_start": 1585637266.0090592, "device_end": 1585637266.0090742}, "cmdq": 0, "read": {"device_start": -1, "device_end": -1}}, "FFC_sans_bias38": {"write": {"device_start": 1585637266.0077748, "host_queued_start": 1585637332.817697, "device_queued": 1585637266.004087, "device_end": 1585637266.0078053, "host_queued_end": 1585637332.82669}, "device": "gpu", "nd_range": {"device_start": 1585637266.0078125, "device_end": 1585637266.0090544}, "cmdq": 0, "read": {"device_start": -1, "device_end": -1}}, "empty26": {"write": {"device_start": 1585637266.002676, "host_queued_start": 1585637332.803402, "device_queued": 1585637266.0025475, "device_end": 1585637266.0027528, "host_queued_end": 1585637332.82669}, "device": "gpu", "nd_range": {"device_start": 1585637266.00276, "device_end": 1585637266.0027657},