{"FFC_sans_bias4": {"write": {"device_start": -1, "host_queued_start": 1585637300.132784, "device_queued": -1, "device_end": -1, "host_queued_end": 1585637300.134628}, "device": "cpu", "nd_range": {"device_start": 2305074.3364402573, "device_end": 2305074.340377051}, "cmdq": 1, "read": {"device_start": -1, "device_end": -1}}, "FFC_sans_bias7": {"write": {"device_start": -1, "host_queued_start": 1585637300.134566, "device_queued": -1, "device_end": -1, "host_queued_end": 1585637300.134628}, "device": "cpu", "nd_range": {"device_start": 2305074.345713317, "device_end": 2305074.350014382}, "cmdq": 0, "read": {"device_start": -1, "device_end": -1}}, "FFC_sans_bias6": {"write": {"device_start": -1, "host_queued_start": 1585637300.133505, "device_queued": -1, "device_end": -1, "host_queued_end": 1585637300.134628}, "device": "cpu", "nd_range": {"device_start": 2305074.340689756, "device_end": 2305074.345692159}, "cmdq": 3, "read": {"device_start": -1, "device_end": -1}}, "FFC_sans_bias1": {"write": {"device_start": -1, "host_queued_start": 1585637300.130743, "device_queued": -1, "device_end": -1, "host_queued_end": 1585637300.134628}, "device": "cpu", "nd_range": {"device_start": 2305074.324231184, "device_end": 2305074.3355027153}, "cmdq": 2, "read": {"device_start": -1, "device_end": -1}}, "FFC_sans_bias0": {"write": {"device_start": -1, "host_queued_start": 1585637300.129404, "device_queued": -1, "device_end": -1, "host_queued_end": 1585637300.134628}, "device": "cpu", "nd_range": {"device_start": 2305074.324221669, "device_end": 2305074.3364087823}, "cmdq": 1, "read": {"device_start": -1, "device_end": -1}}, "FFC_sans_bias2": {"write": {"device_start": -1, "host_queued_start": 1585637300.132038, "device_queued": -1, "device_end": -1, "host_queued_end": 1585637300.134628}, "device": "cpu", "nd_range": {"device_start": 2305074.324233435, "device_end": 2305074.331950218}, "cmdq": 3, "read": {"device_start": -1, "device_end": -1}}, "FFC_sans_bias9": {"write": {"device_start": 1585637233.3038287, "host_queued_start": 1585637300.106074, "device_queued": 1585637233.3037002, "device_end": 1585637233.3038957, "host_queued_end": 1585637300.126632}, "device": "gpu", "nd_range": {"device_start": 1585637233.303906, "device_end": 1585637233.304507}, "cmdq": 0, "read": {"device_start": -1, "device_end": -1}}, "coalesced_transpose39": {"write": {"device_start": -1, "host_queued_start": 1585637300.118949, "device_queued": -1, "device_end": -1, "host_queued_end": 1585637300.126632}, "device": "gpu", "nd_range": {"device_start": 1585637233.3105545, "device_end": 1585637233.310572}, "cmdq": 1, "read": {"device_start": -1, "device_end": -1}}, "softmax23": {"write": {"device_start": -1, "host_queued_start": 1585637300.120678, "device_queued": -1, "device_end": -1, "host_queued_end": 1585637300.126632}, "device": "gpu", "nd_range": {"device_start": 1585637233.3120985, "device_end": 1585637233.312302}, "cmdq": 1, "read": {"device_start": -1, "device_end": -1}}, "FFC_sans_bias37": {"write": {"device_start": 1585637233.3090098, "host_queued_start": 1585637300.11666, "device_queued": 1585637233.3047893, "device_end": 1585637233.309095, "host_queued_end": 1585637300.126632}, "device": "gpu", "nd_range": {"device_start": 1585637233.309116, "device_end": 1585637233.3097405}, "cmdq": 0, "read": {"device_start": -1, "device_end": -1}}, "softmax41": {"write": {"device_start": -1, "host_queued_start": 1585637300.121166, "device_queued": -1, "device_end": -1, "host_queued_end": 1585637300.126632}, "device": "gpu", "nd_range": {"device_start": 1585637233.3123035, "device_end": 1585637233.3125677}, "cmdq": 1, "read": {"device_start": -1, "device_end": -1}}, "FFC_sans_bias11": {"write": {"device_start": 1585637233.3046422, "host_queued_start": 1585637300.10819, "device_queued": 1585637233.3039646, "device_end": 1585637233.3046713, "host_queued_end": 1585637300.126632}, "device": "gpu", "nd_range": {"device_start": 1585637233.3046753, "device_end": 1585637233.3054748}, "cmdq": 0, "read": {"device_start": -1, "device_end": -1}}, "FFC_sans_bias10": {"write": {"device_start": 1585637233.3039205, "host_queued_start": 1585637300.107147, "device_queued": 1585637233.3037558, "device_end": 1585637233.3039489, "host_queued_end": 1585637300.126632}, "device": "gpu", "nd_range": {"device_start": 1585637233.3039584, "device_end": 1585637233.304916}, "cmdq": 1, "read": {"device_start": -1, "device_end": -1}}, "coalesced_transpose3": {"write": {"device_start": -1, "host_queued_start": 1585637300.132408, "device_queued": -1, "device_end": -1, "host_queued_end": 1585637300.134628}, "device": "cpu", "nd_range": {"device_start": 2305074.335793851, "device_end": 2305074.3360288492}, "cmdq": 0, "read": {"device_start": -1, "device_end": -1}}, "FFC_sans_bias34": {"write": {"device_start": 1585637233.3188777, "host_queued_start": 1585637300.125497, "device_queued": 1585637233.3060827, "device_end": 1585637233.3189538, "host_queued_end": 1585637300.126632}, "device": "gpu", "nd_range": {"device_start": 1585637233.31896, "device_end": 1585637233.3195732}, "cmdq": 0, "read": {"device_start": 1585637233.3195825, "device_end": 1585637233.319605}}, "FFC_sans_bias15": {"write": {"device_start": -1, "host_queued_start": 1585637300.121468, "device_queued": -1, "device_end": -1, "host_queued_end": 1585637300.126632}, "device": "gpu", "nd_range": {"device_start": 1585637233.312426, "device_end": 1585637233.3130348}, "cmdq": 0, "read": {"device_start": -1, "device_end": -1}}, "FFC_sans_bias31": {"write": {"device_start": -1, "host_queued_start": 1585637300.119888, "device_queued": -1, "device_end": -1, "host_queued_end": 1585637300.126632}, "device": "gpu", "nd_range": {"device_start": 1585637233.3107126, "device_end": 1585637233.3116724}, "cmdq": 0, "read": {"device_start": -1, "device_end": -1}}, "FFC_sans_bias16": {"write": {"device_start": 1585637233.3147602, "host_queued_start": 1585637300.123423, "device_queued": 1585637233.3058453, "device_end": 1585637233.314832, "host_queued_end": 1585637300.126632}, "device": "gpu", "nd_range": {"device_start": 1585637233.3148384, "device_end": 1585637233.3154428}, "cmdq": 0, "read": {"device_start": 1585637233.3154442, "device_end": 1585637233.3154683}}, "FFC_sans_bias19": {"write": {"device_start": 1585637233.3056226, "host_queued_start": 1585637300.110234, "device_queued": 1585637233.3041515, "device_end": 1585637233.3056548, "host_queued_end": 1585637300.126632}, "device": "gpu", "nd_range": {"device_start": 1585637233.305658, "device_end": 1585637233.3064399}, "cmdq": 0, "read": {"device_start": -1, "device_end": -1}}, "FFC_sans_bias18": {"write": {"device_start": 1585637233.305109, "host_queued_start": 1585637300.109211, "device_queued": 1585637233.3040078, "device_end": 1585637233.305142, "host_queued_end": 1585637300.126632}, "device": "gpu", "nd_range": {"device_start": 1585637233.3051457, "device_end": 1585637233.3059087}, "cmdq": 1, "read": {"device_start": -1, "device_end": -1}}, "coalesced_transpose30": {"write": {"device_start": -1, "host_queued_start": 1585637300.118652, "device_queued": -1, "device_end": -1, "host_queued_end": 1585637300.126632}, "device": "gpu", "nd_range": {"device_start": 1585637233.3100529, "device_end": 1585637233.3100772}, "cmdq": 0, "read": {"device_start": -1, "device_end": -1}}, "FFC_sans_bias38": {"write": {"device_start": 1585637233.309098, "host_queued_start": 1585637300.117703, "device_queued": 1585637233.304833, "device_end": 1585637233.309131, "host_queued_end": 1585637300.126632}, "device": "gpu", "nd_range": {"device_start": 1585637233.3091354, "device_end": 1585637233.310142}, "cmdq": 1, "read": {"device_start": -1, "device_end": -1}}, "empty26": {"write": {"device_start": 1585637233.303501, "host_queued_start": 1585637300.103437, "device_queued": 1585637233.3034067, "device_end": 1585637233.3035762, "host_queued_end": 1585637300.126632}, "device": "gpu", "nd_range": {"device_start": 1585637233.30358,