{"FFC_sans_bias4": {"write": {"device_start": -1, "host_queued_start": 1585637463.809001, "device_queued": -1, "device_end": -1, "host_queued_end": 1585637463.810725}, "device": "cpu", "nd_range": {"device_start": 2305238.011718735, "device_end": 2305238.016872698}, "cmdq": 1, "read": {"device_start": -1, "device_end": -1}}, "FFC_sans_bias7": {"write": {"device_start": -1, "host_queued_start": 1585637463.81068, "device_queued": -1, "device_end": -1, "host_queued_end": 1585637463.810725}, "device": "cpu", "nd_range": {"device_start": 2305238.021435793, "device_end": 2305238.0262129214}, "cmdq": 0, "read": {"device_start": -1, "device_end": -1}}, "FFC_sans_bias6": {"write": {"device_start": -1, "host_queued_start": 1585637463.809611, "device_queued": -1, "device_end": -1, "host_queued_end": 1585637463.810725}, "device": "cpu", "nd_range": {"device_start": 2305238.017307471, "device_end": 2305238.021426379}, "cmdq": 3, "read": {"device_start": -1, "device_end": -1}}, "FFC_sans_bias1": {"write": {"device_start": -1, "host_queued_start": 1585637463.806953, "device_queued": -1, "device_end": -1, "host_queued_end": 1585637463.810725}, "device": "cpu", "nd_range": {"device_start": 2305238.000334688, "device_end": 2305238.008138601}, "cmdq": 2, "read": {"device_start": -1, "device_end": -1}}, "FFC_sans_bias0": {"write": {"device_start": -1, "host_queued_start": 1585637463.805436, "device_queued": -1, "device_end": -1, "host_queued_end": 1585637463.810725}, "device": "cpu", "nd_range": {"device_start": 2305238.000320576, "device_end": 2305238.011704206}, "cmdq": 1, "read": {"device_start": -1, "device_end": -1}}, "FFC_sans_bias2": {"write": {"device_start": -1, "host_queued_start": 1585637463.8083, "device_queued": -1, "device_end": -1, "host_queued_end": 1585637463.810725}, "device": "cpu", "nd_range": {"device_start": 2305238.0003303443, "device_end": 2305238.013971451}, "cmdq": 3, "read": {"device_start": -1, "device_end": -1}}, "FFC_sans_bias9": {"write": {"device_start": 1585637396.9755826, "host_queued_start": 1585637463.782068, "device_queued": 1585637396.975483, "device_end": 1585637396.975653, "host_queued_end": 1585637463.802685}, "device": "gpu", "nd_range": {"device_start": 1585637396.9756606, "device_end": 1585637396.9762676}, "cmdq": 0, "read": {"device_start": -1, "device_end": -1}}, "coalesced_transpose39": {"write": {"device_start": -1, "host_queued_start": 1585637463.794981, "device_queued": -1, "device_end": -1, "host_queued_end": 1585637463.802685}, "device": "gpu", "nd_range": {"device_start": 1585637396.981619, "device_end": 1585637396.9828777}, "cmdq": 3, "read": {"device_start": -1, "device_end": -1}}, "softmax23": {"write": {"device_start": -1, "host_queued_start": 1585637463.796721, "device_queued": -1, "device_end": -1, "host_queued_end": 1585637463.802685}, "device": "gpu", "nd_range": {"device_start": 1585637396.9825642, "device_end": 1585637396.9834294}, "cmdq": 1, "read": {"device_start": -1, "device_end": -1}}, "FFC_sans_bias37": {"write": {"device_start": 1585637396.97928, "host_queued_start": 1585637463.792674, "device_queued": 1585637396.976537, "device_end": 1585637396.979312, "host_queued_end": 1585637463.802685}, "device": "gpu", "nd_range": {"device_start": 1585637396.9793265, "device_end": 1585637396.9810739}, "cmdq": 2, "read": {"device_start": -1, "device_end": -1}}, "softmax41": {"write": {"device_start": -1, "host_queued_start": 1585637463.797215, "device_queued": -1, "device_end": -1, "host_queued_end": 1585637463.802685}, "device": "gpu", "nd_range": {"device_start": 1585637396.9834926, "device_end": 1585637396.984648}, "cmdq": 3, "read": {"device_start": -1, "device_end": -1}}, "FFC_sans_bias11": {"write": {"device_start": 1585637396.9757721, "host_queued_start": 1585637463.784191, "device_queued": 1585637396.9755526, "device_end": 1585637396.9758422, "host_queued_end": 1585637463.802685}, "device": "gpu", "nd_range": {"device_start": 1585637396.9758463, "device_end": 1585637396.977241}, "cmdq": 2, "read": {"device_start": -1, "device_end": -1}}, "FFC_sans_bias10": {"write": {"device_start": 1585637396.9756773, "host_queued_start": 1585637463.783153, "device_queued": 1585637396.9755347, "device_end": 1585637396.975746, "host_queued_end": 1585637463.802685}, "device": "gpu", "nd_range": {"device_start": 1585637396.975818, "device_end": 1585637396.9766693}, "cmdq": 1, "read": {"device_start": -1, "device_end": -1}}, "coalesced_transpose3": {"write": {"device_start": -1, "host_queued_start": 1585637463.808661, "device_queued": -1, "device_end": -1, "host_queued_end": 1585637463.810725}, "device": "cpu", "nd_range": {"device_start": 2305238.0082691503, "device_end": 2305238.00863706}, "cmdq": 0, "read": {"device_start": -1, "device_end": -1}}, "FFC_sans_bias34": {"write": {"device_start": 1585637396.9861116, "host_queued_start": 1585637463.801548, "device_queued": 1585637396.9777868, "device_end": 1585637396.9861715, "host_queued_end": 1585637463.802685}, "device": "gpu", "nd_range": {"device_start": 1585637396.9861774, "device_end": 1585637396.9876075}, "cmdq": 2, "read": {"device_start": 1585637396.9904213, "device_end": 1585637396.9905066}}, "FFC_sans_bias15": {"write": {"device_start": -1, "host_queued_start": 1585637463.797519, "device_queued": -1, "device_end": -1, "host_queued_end": 1585637463.802685}, "device": "gpu", "nd_range": {"device_start": 1585637396.9834468, "device_end": 1585637396.9844792}, "cmdq": 0, "read": {"device_start": -1, "device_end": -1}}, "FFC_sans_bias31": {"write": {"device_start": -1, "host_queued_start": 1585637463.795924, "device_queued": -1, "device_end": -1, "host_queued_end": 1585637463.802685}, "device": "gpu", "nd_range": {"device_start": 1585637396.9814637, "device_end": 1585637396.9830449}, "cmdq": 2, "read": {"device_start": -1, "device_end": -1}}, "FFC_sans_bias16": {"write": {"device_start": 1585637396.9859476, "host_queued_start": 1585637463.799465, "device_queued": 1585637396.9777026, "device_end": 1585637396.9860082, "host_queued_end": 1585637463.802685}, "device": "gpu", "nd_range": {"device_start": 1585637396.9860163, "device_end": 1585637396.98662}, "cmdq": 0, "read": {"device_start": 1585637396.9866257, "device_end": 1585637396.9866486}}, "FFC_sans_bias19": {"write": {"device_start": 1585637396.9763896, "host_queued_start": 1585637463.786247, "device_queued": 1585637396.9759583, "device_end": 1585637396.97642, "host_queued_end": 1585637463.802685}, "device": "gpu", "nd_range": {"device_start": 1585637396.9764247, "device_end": 1585637396.978211}, "cmdq": 0, "read": {"device_start": -1, "device_end": -1}}, "FFC_sans_bias18": {"write": {"device_start": 1585637396.97587, "host_queued_start": 1585637463.785216, "device_queued": 1585637396.975758, "device_end": 1585637396.9759, "host_queued_end": 1585637463.802685}, "device": "gpu", "nd_range": {"device_start": 1585637396.9759045, "device_end": 1585637396.9776611}, "cmdq": 3, "read": {"device_start": -1, "device_end": -1}}, "coalesced_transpose30": {"write": {"device_start": -1, "host_queued_start": 1585637463.794687, "device_queued": -1, "device_end": -1, "host_queued_end": 1585637463.802685}, "device": "gpu", "nd_range": {"device_start": 1585637396.9810793, "device_end": 1585637396.9814627}, "cmdq": 2, "read": {"device_start": -1, "device_end": -1}}, "FFC_sans_bias38": {"write": {"device_start": 1585637396.9797702, "host_queued_start": 1585637463.793725, "device_queued": 1585637396.9766684, "device_end": 1585637396.9798021, "host_queued_end": 1585637463.802685}, "device": "gpu", "nd_range": {"device_start": 1585637396.9798052, "device_end": 1585637396.98161}, "cmdq": 3, "read": {"device_start": -1, "device_end": -1}}, "empty26": {"write": {"device_start": 1585637396.9752457, "host_queued_start": 1585637463.779396, "device_queued": 1585637396.9751112, "device_end": 1585637396.975303, "host_queued_end": 1585637463.802685}, "device": "gpu", "nd_range": {"device_start": 1585637396.9753108, "device_end": 1585637396.975317},