{"FFC_sans_bias4": {"write": {"device_start": -1, "host_queued_start": 1585637414.640804, "device_queued": -1, "device_end": -1, "host_queued_end": 1585637414.642508}, "device": "cpu", "nd_range": {"device_start": 2305188.8446887312, "device_end": 2305188.84876084}, "cmdq": 0, "read": {"device_start": -1, "device_end": -1}}, "FFC_sans_bias7": {"write": {"device_start": -1, "host_queued_start": 1585637414.642463, "device_queued": -1, "device_end": -1, "host_queued_end": 1585637414.642508}, "device": "cpu", "nd_range": {"device_start": 2305188.85420974, "device_end": 2305188.858444224}, "cmdq": 0, "read": {"device_start": -1, "device_end": -1}}, "FFC_sans_bias6": {"write": {"device_start": -1, "host_queued_start": 1585637414.64142, "device_queued": -1, "device_end": -1, "host_queued_end": 1585637414.642508}, "device": "cpu", "nd_range": {"device_start": 2305188.849049609, "device_end": 2305188.854203863}, "cmdq": 0, "read": {"device_start": -1, "device_end": -1}}, "FFC_sans_bias1": {"write": {"device_start": -1, "host_queued_start": 1585637414.638841, "device_queued": -1, "device_end": -1, "host_queued_end": 1585637414.642508}, "device": "cpu", "nd_range": {"device_start": 2305188.8364643604, "device_end": 2305188.840473529}, "cmdq": 0, "read": {"device_start": -1, "device_end": -1}}, "FFC_sans_bias0": {"write": {"device_start": -1, "host_queued_start": 1585637414.637588, "device_queued": -1, "device_end": -1, "host_queued_end": 1585637414.642508}, "device": "cpu", "nd_range": {"device_start": 2305188.832113507, "device_end": 2305188.836446091}, "cmdq": 0, "read": {"device_start": -1, "device_end": -1}}, "FFC_sans_bias2": {"write": {"device_start": -1, "host_queued_start": 1585637414.640027, "device_queued": -1, "device_end": -1, "host_queued_end": 1585637414.642508}, "device": "cpu", "nd_range": {"device_start": 2305188.8406061833, "device_end": 2305188.844447997}, "cmdq": 0, "read": {"device_start": -1, "device_end": -1}}, "FFC_sans_bias9": {"write": {"device_start": 1585637347.8090403, "host_queued_start": 1585637414.614078, "device_queued": 1585637347.8088028, "device_end": 1585637347.809117, "host_queued_end": 1585637414.634845}, "device": "gpu", "nd_range": {"device_start": 1585637347.8091273, "device_end": 1585637347.8097296}, "cmdq": 0, "read": {"device_start": -1, "device_end": -1}}, "coalesced_transpose39": {"write": {"device_start": -1, "host_queued_start": 1585637414.62708, "device_queued": -1, "device_end": -1, "host_queued_end": 1585637414.634845}, "device": "gpu", "nd_range": {"device_start": 1585637347.8150716, "device_end": 1585637347.816331}, "cmdq": 3, "read": {"device_start": -1, "device_end": -1}}, "softmax23": {"write": {"device_start": -1, "host_queued_start": 1585637414.628833, "device_queued": -1, "device_end": -1, "host_queued_end": 1585637414.634845}, "device": "gpu", "nd_range": {"device_start": 1585637347.816008, "device_end": 1585637347.8168828}, "cmdq": 1, "read": {"device_start": -1, "device_end": -1}}, "FFC_sans_bias37": {"write": {"device_start": 1585637347.812722, "host_queued_start": 1585637414.624777, "device_queued": 1585637347.8097296, "device_end": 1585637347.8127527, "host_queued_end": 1585637414.634845}, "device": "gpu", "nd_range": {"device_start": 1585637347.812759, "device_end": 1585637347.8145385}, "cmdq": 2, "read": {"device_start": -1, "device_end": -1}}, "softmax41": {"write": {"device_start": -1, "host_queued_start": 1585637414.629343, "device_queued": -1, "device_end": -1, "host_queued_end": 1585637414.634845}, "device": "gpu", "nd_range": {"device_start": 1585637347.8169637, "device_end": 1585637347.818121}, "cmdq": 3, "read": {"device_start": -1, "device_end": -1}}, "FFC_sans_bias11": {"write": {"device_start": 1585637347.8092535, "host_queued_start": 1585637414.616209, "device_queued": 1585637347.8088896, "device_end": 1585637347.8093183, "host_queued_end": 1585637414.634845}, "device": "gpu", "nd_range": {"device_start": 1585637347.8093247, "device_end": 1585637347.810703}, "cmdq": 2, "read": {"device_start": -1, "device_end": -1}}, "FFC_sans_bias10": {"write": {"device_start": 1585637347.8091526, "host_queued_start": 1585637414.61517, "device_queued": 1585637347.808865, "device_end": 1585637347.809222, "host_queued_end": 1585637414.634845}, "device": "gpu", "nd_range": {"device_start": 1585637347.8092291, "device_end": 1585637347.8101408}, "cmdq": 1, "read": {"device_start": -1, "device_end": -1}}, "coalesced_transpose3": {"write": {"device_start": -1, "host_queued_start": 1585637414.640462, "device_queued": -1, "device_end": -1, "host_queued_end": 1585637414.642508}, "device": "cpu", "nd_range": {"device_start": 2305188.844453953, "device_end": 2305188.844540109}, "cmdq": 0, "read": {"device_start": -1, "device_end": -1}}, "FFC_sans_bias34": {"write": {"device_start": 1585637347.818549, "host_queued_start": 1585637414.633695, "device_queued": 1585637347.8109763, "device_end": 1585637347.8185737, "host_queued_end": 1585637414.634845}, "device": "gpu", "nd_range": {"device_start": 1585637347.818578, "device_end": 1585637347.8203707}, "cmdq": 2, "read": {"device_start": 1585637347.8203733, "device_end": 1585637347.8203957}}, "FFC_sans_bias15": {"write": {"device_start": -1, "host_queued_start": 1585637414.62965, "device_queued": -1, "device_end": -1, "host_queued_end": 1585637414.634845}, "device": "gpu", "nd_range": {"device_start": 1585637347.816876, "device_end": 1585637347.8174782}, "cmdq": 0, "read": {"device_start": -1, "device_end": -1}}, "FFC_sans_bias31": {"write": {"device_start": -1, "host_queued_start": 1585637414.628026, "device_queued": -1, "device_end": -1, "host_queued_end": 1585637414.634845}, "device": "gpu", "nd_range": {"device_start": 1585637347.8149285, "device_end": 1585637347.8164978}, "cmdq": 2, "read": {"device_start": -1, "device_end": -1}}, "FFC_sans_bias16": {"write": {"device_start": 1585637347.8178391, "host_queued_start": 1585637414.631612, "device_queued": 1585637347.8109012, "device_end": 1585637347.8178637, "host_queued_end": 1585637414.634845}, "device": "gpu", "nd_range": {"device_start": 1585637347.8178666, "device_end": 1585637347.8189154}, "cmdq": 0, "read": {"device_start": 1585637347.8189194, "device_end": 1585637347.8189423}}, "FFC_sans_bias19": {"write": {"device_start": 1585637347.8098164, "host_queued_start": 1585637414.618273, "device_queued": 1585637347.809238, "device_end": 1585637347.809847, "host_queued_end": 1585637414.634845}, "device": "gpu", "nd_range": {"device_start": 1585637347.809852, "device_end": 1585637347.8116655}, "cmdq": 0, "read": {"device_start": -1, "device_end": -1}}, "FFC_sans_bias18": {"write": {"device_start": 1585637347.8093605, "host_queued_start": 1585637414.617239, "device_queued": 1585637347.809022, "device_end": 1585637347.8093853, "host_queued_end": 1585637414.634845}, "device": "gpu", "nd_range": {"device_start": 1585637347.8093886, "device_end": 1585637347.8111405}, "cmdq": 3, "read": {"device_start": -1, "device_end": -1}}, "coalesced_transpose30": {"write": {"device_start": -1, "host_queued_start": 1585637414.626783, "device_queued": -1, "device_end": -1, "host_queued_end": 1585637414.634845}, "device": "gpu", "nd_range": {"device_start": 1585637347.814545, "device_end": 1585637347.8149273}, "cmdq": 2, "read": {"device_start": -1, "device_end": -1}}, "FFC_sans_bias38": {"write": {"device_start": 1585637347.8132782, "host_queued_start": 1585637414.625827, "device_queued": 1585637347.8098977, "device_end": 1585637347.8133104, "host_queued_end": 1585637414.634845}, "device": "gpu", "nd_range": {"device_start": 1585637347.8133144, "device_end": 1585637347.8150618}, "cmdq": 3, "read": {"device_start": -1, "device_end": -1}}, "empty26": {"write": {"device_start": 1585637347.8087075, "host_queued_start": 1585637414.611398, "device_queued": 1585637347.8085573, "device_end": 1585637347.8087773, "host_queued_end": 1585637414.634845}, "device": "gpu", "nd_range": {"device_start": 1585637347.8087854,