{"FFC_sans_bias4": {"write": {"device_start": -1, "host_queued_start": 1585637185.504997, "device_queued": -1, "device_end": -1, "host_queued_end": 1585637185.506869}, "device": "cpu", "nd_range": {"device_start": 2304959.709011908, "device_end": 2304959.712909485}, "cmdq": 1, "read": {"device_start": -1, "device_end": -1}}, "FFC_sans_bias7": {"write": {"device_start": -1, "host_queued_start": 1585637185.506823, "device_queued": -1, "device_end": -1, "host_queued_end": 1585637185.506869}, "device": "cpu", "nd_range": {"device_start": 2304959.718327869, "device_end": 2304959.722603917}, "cmdq": 0, "read": {"device_start": -1, "device_end": -1}}, "FFC_sans_bias6": {"write": {"device_start": -1, "host_queued_start": 1585637185.505635, "device_queued": -1, "device_end": -1, "host_queued_end": 1585637185.506869}, "device": "cpu", "nd_range": {"device_start": 2304959.713321266, "device_end": 2304959.718319895}, "cmdq": 1, "read": {"device_start": -1, "device_end": -1}}, "FFC_sans_bias1": {"write": {"device_start": -1, "host_queued_start": 1585637185.503102, "device_queued": -1, "device_end": -1, "host_queued_end": 1585637185.506869}, "device": "cpu", "nd_range": {"device_start": 2304959.696474714, "device_end": 2304959.7041789833}, "cmdq": 0, "read": {"device_start": -1, "device_end": -1}}, "FFC_sans_bias0": {"write": {"device_start": -1, "host_queued_start": 1585637185.501782, "device_queued": -1, "device_end": -1, "host_queued_end": 1585637185.506869}, "device": "cpu", "nd_range": {"device_start": 2304959.6964656743, "device_end": 2304959.704520123}, "cmdq": 1, "read": {"device_start": -1, "device_end": -1}}, "FFC_sans_bias2": {"write": {"device_start": -1, "host_queued_start": 1585637185.504221, "device_queued": -1, "device_end": -1, "host_queued_end": 1585637185.506869}, "device": "cpu", "nd_range": {"device_start": 2304959.704552339, "device_end": 2304959.708859796}, "cmdq": 1, "read": {"device_start": -1, "device_end": -1}}, "FFC_sans_bias9": {"write": {"device_start": 1585637118.6796644, "host_queued_start": 1585637185.4781, "device_queued": 1585637118.6791024, "device_end": 1585637118.6796942, "host_queued_end": 1585637185.498961}, "device": "gpu", "nd_range": {"device_start": 1585637118.679703, "device_end": 1585637118.6803014}, "cmdq": 0, "read": {"device_start": -1, "device_end": -1}}, "coalesced_transpose39": {"write": {"device_start": -1, "host_queued_start": 1585637185.49106, "device_queued": -1, "device_end": -1, "host_queued_end": 1585637185.498961}, "device": "gpu", "nd_range": {"device_start": 1585637118.6883938, "device_end": 1585637118.6884036}, "cmdq": 0, "read": {"device_start": -1, "device_end": -1}}, "softmax23": {"write": {"device_start": -1, "host_queued_start": 1585637185.492836, "device_queued": -1, "device_end": -1, "host_queued_end": 1585637185.498961}, "device": "gpu", "nd_range": {"device_start": 1585637118.6910174, "device_end": 1585637118.6912265}, "cmdq": 0, "read": {"device_start": -1, "device_end": -1}}, "FFC_sans_bias37": {"write": {"device_start": 1585637118.6871212, "host_queued_start": 1585637185.488742, "device_queued": 1585637118.6801546, "device_end": 1585637118.6871448, "host_queued_end": 1585637185.498961}, "device": "gpu", "nd_range": {"device_start": 1585637118.6871517, "device_end": 1585637118.687653}, "cmdq": 0, "read": {"device_start": -1, "device_end": -1}}, "softmax41": {"write": {"device_start": -1, "host_queued_start": 1585637185.493375, "device_queued": -1, "device_end": -1, "host_queued_end": 1585637185.498961}, "device": "gpu", "nd_range": {"device_start": 1585637118.6914382, "device_end": 1585637118.6916475}, "cmdq": 0, "read": {"device_start": -1, "device_end": -1}}, "FFC_sans_bias11": {"write": {"device_start": 1585637118.68121, "host_queued_start": 1585637185.480225, "device_queued": 1585637118.679332, "device_end": 1585637118.6812348, "host_queued_end": 1585637185.498961}, "device": "gpu", "nd_range": {"device_start": 1585637118.6812377, "device_end": 1585637118.6818423}, "cmdq": 0, "read": {"device_start": -1, "device_end": -1}}, "FFC_sans_bias10": {"write": {"device_start": 1585637118.6804447, "host_queued_start": 1585637185.479176, "device_queued": 1585637118.6791608, "device_end": 1585637118.6804738, "host_queued_end": 1585637185.498961}, "device": "gpu", "nd_range": {"device_start": 1585637118.6804793, "device_end": 1585637118.681068}, "cmdq": 0, "read": {"device_start": -1, "device_end": -1}}, "coalesced_transpose3": {"write": {"device_start": -1, "host_queued_start": 1585637185.504627, "device_queued": -1, "device_end": -1, "host_queued_end": 1585637185.506869}, "device": "cpu", "nd_range": {"device_start": 2304959.704301931, "device_end": 2304959.7044421}, "cmdq": 0, "read": {"device_start": -1, "device_end": -1}}, "FFC_sans_bias34": {"write": {"device_start": 1585637118.695697, "host_queued_start": 1585637185.497784, "device_queued": 1585637118.681273, "device_end": 1585637118.69572, "host_queued_end": 1585637185.498961}, "device": "gpu", "nd_range": {"device_start": 1585637118.6957233, "device_end": 1585637118.6963158}, "cmdq": 0, "read": {"device_start": 1585637118.6963215, "device_end": 1585637118.6963434}}, "FFC_sans_bias15": {"write": {"device_start": -1, "host_queued_start": 1585637185.493687, "device_queued": -1, "device_end": -1, "host_queued_end": 1585637185.498961}, "device": "gpu", "nd_range": {"device_start": 1585637118.691649, "device_end": 1585637118.6922483}, "cmdq": 0, "read": {"device_start": -1, "device_end": -1}}, "FFC_sans_bias31": {"write": {"device_start": -1, "host_queued_start": 1585637185.492025, "device_queued": -1, "device_end": -1, "host_queued_end": 1585637185.498961}, "device": "gpu", "nd_range": {"device_start": 1585637118.689605, "device_end": 1585637118.6902018}, "cmdq": 0, "read": {"device_start": -1, "device_end": -1}}, "FFC_sans_bias16": {"write": {"device_start": 1585637118.6941407, "host_queued_start": 1585637185.495672, "device_queued": 1585637118.6810336, "device_end": 1585637118.6941648, "host_queued_end": 1585637185.498961}, "device": "gpu", "nd_range": {"device_start": 1585637118.694169, "device_end": 1585637118.6947663}, "cmdq": 0, "read": {"device_start": 1585637118.6947675, "device_end": 1585637118.6947908}}, "FFC_sans_bias19": {"write": {"device_start": 1585637118.6827252, "host_queued_start": 1585637185.482299, "device_queued": 1585637118.679555, "device_end": 1585637118.6827552, "host_queued_end": 1585637185.498961}, "device": "gpu", "nd_range": {"device_start": 1585637118.6827576, "device_end": 1585637118.683357}, "cmdq": 0, "read": {"device_start": -1, "device_end": -1}}, "FFC_sans_bias18": {"write": {"device_start": 1585637118.6819685, "host_queued_start": 1585637185.481262, "device_queued": 1585637118.6793883, "device_end": 1585637118.6819992, "host_queued_end": 1585637185.498961}, "device": "gpu", "nd_range": {"device_start": 1585637118.6820052, "device_end": 1585637118.6826034}, "cmdq": 0, "read": {"device_start": -1, "device_end": -1}}, "coalesced_transpose30": {"write": {"device_start": -1, "host_queued_start": 1585637185.490746, "device_queued": -1, "device_end": -1, "host_queued_end": 1585637185.498961}, "device": "gpu", "nd_range": {"device_start": 1585637118.688384, "device_end": 1585637118.6883929}, "cmdq": 0, "read": {"device_start": -1, "device_end": -1}}, "FFC_sans_bias38": {"write": {"device_start": 1585637118.6877356, "host_queued_start": 1585637185.489782, "device_queued": 1585637118.680206, "device_end": 1585637118.687759, "host_queued_end": 1585637185.498961}, "device": "gpu", "nd_range": {"device_start": 1585637118.6877651, "device_end": 1585637118.6883636}, "cmdq": 0, "read": {"device_start": -1, "device_end": -1}}, "empty26": {"write": {"device_start": 1585637118.6789927, "host_queued_start": 1585637185.475439, "device_queued": 1585637118.678819, "device_end": 1585637118.6790228, "host_queued_end": 1585637185.498961}, "device": "gpu", "nd_range": {"device_start": 1585637118.6790252,