{"FFC_sans_bias4": {"write": {"device_start": -1, "host_queued_start": 1585637430.984716, "device_queued": -1, "device_end": -1, "host_queued_end": 1585637430.986438}, "device": "cpu", "nd_range": {"device_start": 2305205.1883348753, "device_end": 2305205.20347472}, "cmdq": 1, "read": {"device_start": -1, "device_end": -1}}, "FFC_sans_bias7": {"write": {"device_start": -1, "host_queued_start": 1585637430.986393, "device_queued": -1, "device_end": -1, "host_queued_end": 1585637430.986438}, "device": "cpu", "nd_range": {"device_start": 2305205.208722893, "device_end": 2305205.214199291}, "cmdq": 0, "read": {"device_start": -1, "device_end": -1}}, "FFC_sans_bias6": {"write": {"device_start": -1, "host_queued_start": 1585637430.985344, "device_queued": -1, "device_end": -1, "host_queued_end": 1585637430.986438}, "device": "cpu", "nd_range": {"device_start": 2305205.203645478, "device_end": 2305205.208457202}, "cmdq": 1, "read": {"device_start": -1, "device_end": -1}}, "FFC_sans_bias1": {"write": {"device_start": -1, "host_queued_start": 1585637430.982856, "device_queued": -1, "device_end": -1, "host_queued_end": 1585637430.986438}, "device": "cpu", "nd_range": {"device_start": 2305205.1760275234, "device_end": 2305205.183923387}, "cmdq": 0, "read": {"device_start": -1, "device_end": -1}}, "FFC_sans_bias0": {"write": {"device_start": -1, "host_queued_start": 1585637430.981471, "device_queued": -1, "device_end": -1, "host_queued_end": 1585637430.986438}, "device": "cpu", "nd_range": {"device_start": 2305205.1760187643, "device_end": 2305205.1842633854}, "cmdq": 1, "read": {"device_start": -1, "device_end": -1}}, "FFC_sans_bias2": {"write": {"device_start": -1, "host_queued_start": 1585637430.984031, "device_queued": -1, "device_end": -1, "host_queued_end": 1585637430.986438}, "device": "cpu", "nd_range": {"device_start": 2305205.184410707, "device_end": 2305205.1883263323}, "cmdq": 1, "read": {"device_start": -1, "device_end": -1}}, "FFC_sans_bias9": {"write": {"device_start": 1585637364.152219, "host_queued_start": 1585637430.957871, "device_queued": 1585637364.1521268, "device_end": 1585637364.1522853, "host_queued_end": 1585637430.978533}, "device": "gpu", "nd_range": {"device_start": 1585637364.152289, "device_end": 1585637364.1528995}, "cmdq": 0, "read": {"device_start": -1, "device_end": -1}}, "coalesced_transpose39": {"write": {"device_start": -1, "host_queued_start": 1585637430.970811, "device_queued": -1, "device_end": -1, "host_queued_end": 1585637430.978533}, "device": "gpu", "nd_range": {"device_start": 1585637364.158196, "device_end": 1585637364.1594915}, "cmdq": 3, "read": {"device_start": -1, "device_end": -1}}, "softmax23": {"write": {"device_start": -1, "host_queued_start": 1585637430.972551, "device_queued": -1, "device_end": -1, "host_queued_end": 1585637430.978533}, "device": "gpu", "nd_range": {"device_start": 1585637364.159111, "device_end": 1585637364.1600404}, "cmdq": 1, "read": {"device_start": -1, "device_end": -1}}, "FFC_sans_bias37": {"write": {"device_start": 1585637364.1558456, "host_queued_start": 1585637430.968498, "device_queued": 1585637364.1530957, "device_end": 1585637364.155871, "host_queued_end": 1585637430.978533}, "device": "gpu", "nd_range": {"device_start": 1585637364.1558754, "device_end": 1585637364.1576889}, "cmdq": 2, "read": {"device_start": -1, "device_end": -1}}, "softmax41": {"write": {"device_start": -1, "host_queued_start": 1585637430.973039, "device_queued": -1, "device_end": -1, "host_queued_end": 1585637430.978533}, "device": "gpu", "nd_range": {"device_start": 1585637364.1601036, "device_end": 1585637364.161288}, "cmdq": 3, "read": {"device_start": -1, "device_end": -1}}, "FFC_sans_bias11": {"write": {"device_start": 1585637364.1524017, "host_queued_start": 1585637430.959988, "device_queued": 1585637364.1522093, "device_end": 1585637364.1524682, "host_queued_end": 1585637430.978533}, "device": "gpu", "nd_range": {"device_start": 1585637364.1524744, "device_end": 1585637364.153854}, "cmdq": 2, "read": {"device_start": -1, "device_end": -1}}, "FFC_sans_bias10": {"write": {"device_start": 1585637364.1523135, "host_queued_start": 1585637430.958946, "device_queued": 1585637364.1521893, "device_end": 1585637364.15238, "host_queued_end": 1585637430.978533}, "device": "gpu", "nd_range": {"device_start": 1585637364.1524584, "device_end": 1585637364.1532974}, "cmdq": 1, "read": {"device_start": -1, "device_end": -1}}, "coalesced_transpose3": {"write": {"device_start": -1, "host_queued_start": 1585637430.984366, "device_queued": -1, "device_end": -1, "host_queued_end": 1585637430.986438}, "device": "cpu", "nd_range": {"device_start": 2305205.184206264, "device_end": 2305205.184297746}, "cmdq": 0, "read": {"device_start": -1, "device_end": -1}}, "FFC_sans_bias34": {"write": {"device_start": 1585637364.1617088, "host_queued_start": 1585637430.977404, "device_queued": 1585637364.154229, "device_end": 1585637364.1617332, "host_queued_end": 1585637430.978533}, "device": "gpu", "nd_range": {"device_start": 1585637364.161737, "device_end": 1585637364.1635332}, "cmdq": 2, "read": {"device_start": 1585637364.163536, "device_end": 1585637364.163558}}, "FFC_sans_bias15": {"write": {"device_start": -1, "host_queued_start": 1585637430.973342, "device_queued": -1, "device_end": -1, "host_queued_end": 1585637430.978533}, "device": "gpu", "nd_range": {"device_start": 1585637364.1600466, "device_end": 1585637364.1611042}, "cmdq": 0, "read": {"device_start": -1, "device_end": -1}}, "FFC_sans_bias31": {"write": {"device_start": -1, "host_queued_start": 1585637430.971755, "device_queued": -1, "device_end": -1, "host_queued_end": 1585637430.978533}, "device": "gpu", "nd_range": {"device_start": 1585637364.1580858, "device_end": 1585637364.159666}, "cmdq": 2, "read": {"device_start": -1, "device_end": -1}}, "FFC_sans_bias16": {"write": {"device_start": 1585637364.1611903, "host_queued_start": 1585637430.97532, "device_queued": 1585637364.1541493, "device_end": 1585637364.1612153, "host_queued_end": 1585637430.978533}, "device": "gpu", "nd_range": {"device_start": 1585637364.1612186, "device_end": 1585637364.1625881}, "cmdq": 0, "read": {"device_start": 1585637364.1625907, "device_end": 1585637364.1626139}}, "FFC_sans_bias19": {"write": {"device_start": 1585637364.1530154, "host_queued_start": 1585637430.962052, "device_queued": 1585637364.1525972, "device_end": 1585637364.1530406, "host_queued_end": 1585637430.978533}, "device": "gpu", "nd_range": {"device_start": 1585637364.1530457, "device_end": 1585637364.1548014}, "cmdq": 0, "read": {"device_start": -1, "device_end": -1}}, "FFC_sans_bias18": {"write": {"device_start": 1585637364.152502, "host_queued_start": 1585637430.961019, "device_queued": 1585637364.1523962, "device_end": 1585637364.152528, "host_queued_end": 1585637430.978533}, "device": "gpu", "nd_range": {"device_start": 1585637364.1525323, "device_end": 1585637364.154304}, "cmdq": 3, "read": {"device_start": -1, "device_end": -1}}, "coalesced_transpose30": {"write": {"device_start": -1, "host_queued_start": 1585637430.970464, "device_queued": -1, "device_end": -1, "host_queued_end": 1585637430.978533}, "device": "gpu", "nd_range": {"device_start": 1585637364.157694, "device_end": 1585637364.1580846}, "cmdq": 2, "read": {"device_start": -1, "device_end": -1}}, "FFC_sans_bias38": {"write": {"device_start": 1585637364.1563644, "host_queued_start": 1585637430.969537, "device_queued": 1585637364.1532145, "device_end": 1585637364.1563916, "host_queued_end": 1585637430.978533}, "device": "gpu", "nd_range": {"device_start": 1585637364.1563988, "device_end": 1585637364.1581874}, "cmdq": 3, "read": {"device_start": -1, "device_end": -1}}, "empty26": {"write": {"device_start": 1585637364.1519394, "host_queued_start": 1585637430.955187, "device_queued": 1585637364.151822, "device_end": 1585637364.1520145, "host_queued_end": 1585637430.978533}, "device": "gpu", "nd_range": {"device_start": 1585637364.1520262,