{"FFC_sans_bias4": {"write": {"device_start": -1, "host_queued_start": 1585637215.639458, "device_queued": -1, "device_end": -1, "host_queued_end": 1585637215.648914}, "device": "gpu", "nd_range": {"device_start": 1585637148.8395174, "device_end": 1585637148.8401196}, "cmdq": 0, "read": {"device_start": -1, "device_end": -1}}, "FFC_sans_bias7": {"write": {"device_start": 1585637148.846592, "host_queued_start": 1585637215.644645, "device_queued": 1585637148.830758, "device_end": 1585637148.8466215, "host_queued_end": 1585637215.648914}, "device": "gpu", "nd_range": {"device_start": 1585637148.8466303, "device_end": 1585637148.847236}, "cmdq": 0, "read": {"device_start": 1585637148.847238, "device_end": 1585637148.847261}}, "FFC_sans_bias6": {"write": {"device_start": -1, "host_queued_start": 1585637215.642314, "device_queued": -1, "device_end": -1, "host_queued_end": 1585637215.648914}, "device": "gpu", "nd_range": {"device_start": 1585637148.84358, "device_end": 1585637148.84418}, "cmdq": 0, "read": {"device_start": -1, "device_end": -1}}, "FFC_sans_bias1": {"write": {"device_start": 1585637148.829425, "host_queued_start": 1585637215.623895, "device_queued": 1585637148.828426, "device_end": 1585637148.8294554, "host_queued_end": 1585637215.648914}, "device": "gpu", "nd_range": {"device_start": 1585637148.829458, "device_end": 1585637148.830055}, "cmdq": 0, "read": {"device_start": -1, "device_end": -1}}, "FFC_sans_bias0": {"write": {"device_start": 1585637148.828711, "host_queued_start": 1585637215.622835, "device_queued": 1585637148.828387, "device_end": 1585637148.8287346, "host_queued_end": 1585637215.648914}, "device": "gpu", "nd_range": {"device_start": 1585637148.828741, "device_end": 1585637148.829337}, "cmdq": 0, "read": {"device_start": -1, "device_end": -1}}, "FFC_sans_bias2": {"write": {"device_start": 1585637148.8301644, "host_queued_start": 1585637215.624937, "device_queued": 1585637148.828604, "device_end": 1585637148.8301935, "host_queued_end": 1585637215.648914}, "device": "gpu", "nd_range": {"device_start": 1585637148.830202, "device_end": 1585637148.830799}, "cmdq": 0, "read": {"device_start": -1, "device_end": -1}}, "FFC_sans_bias9": {"write": {"device_start": 1585637148.8309011, "host_queued_start": 1585637215.625965, "device_queued": 1585637148.8286655, "device_end": 1585637148.8309298, "host_queued_end": 1585637215.648914}, "device": "gpu", "nd_range": {"device_start": 1585637148.8309324, "device_end": 1585637148.831524}, "cmdq": 0, "read": {"device_start": -1, "device_end": -1}}, "coalesced_transpose39": {"write": {"device_start": -1, "host_queued_start": 1585637215.63914, "device_queued": -1, "device_end": -1, "host_queued_end": 1585637215.648914}, "device": "gpu", "nd_range": {"device_start": 1585637148.8395078, "device_end": 1585637148.8395162}, "cmdq": 0, "read": {"device_start": -1, "device_end": -1}}, "softmax23": {"write": {"device_start": -1, "host_queued_start": 1585637215.641501, "device_queued": -1, "device_end": -1, "host_queued_end": 1585637215.648914}, "device": "gpu", "nd_range": {"device_start": 1585637148.8429494, "device_end": 1585637148.843159}, "cmdq": 0, "read": {"device_start": -1, "device_end": -1}}, "FFC_sans_bias37": {"write": {"device_start": 1585637148.838065, "host_queued_start": 1585637215.636571, "device_queued": 1585637148.8296905, "device_end": 1585637148.8380942, "host_queued_end": 1585637215.648914}, "device": "gpu", "nd_range": {"device_start": 1585637148.8381114, "device_end": 1585637148.8387177}, "cmdq": 0, "read": {"device_start": -1, "device_end": -1}}, "softmax41": {"write": {"device_start": -1, "host_queued_start": 1585637215.642002, "device_queued": -1, "device_end": -1, "host_queued_end": 1585637215.648914}, "device": "gpu", "nd_range": {"device_start": 1585637148.8433707, "device_end": 1585637148.843579}, "cmdq": 0, "read": {"device_start": -1, "device_end": -1}}, "FFC_sans_bias11": {"write": {"device_start": 1585637148.8323674, "host_queued_start": 1585637215.628079, "device_queued": 1585637148.8288267, "device_end": 1585637148.8323975, "host_queued_end": 1585637215.648914}, "device": "gpu", "nd_range": {"device_start": 1585637148.8324006, "device_end": 1585637148.8330045}, "cmdq": 0, "read": {"device_start": -1, "device_end": -1}}, "FFC_sans_bias10": {"write": {"device_start": 1585637148.831624, "host_queued_start": 1585637215.627032, "device_queued": 1585637148.8287976, "device_end": 1585637148.8316543, "host_queued_end": 1585637215.648914}, "device": "gpu", "nd_range": {"device_start": 1585637148.8316576, "device_end": 1585637148.8322518}, "cmdq": 0, "read": {"device_start": -1, "device_end": -1}}, "coalesced_transpose3": {"write": {"device_start": -1, "host_queued_start": 1585637215.637932, "device_queued": -1, "device_end": -1, "host_queued_end": 1585637215.648914}, "device": "gpu", "nd_range": {"device_start": 1585637148.839469, "device_end": 1585637148.839477}, "cmdq": 0, "read": {"device_start": -1, "device_end": -1}}, "FFC_sans_bias34": {"write": {"device_start": 1585637148.8490973, "host_queued_start": 1585637215.647772, "device_queued": 1585637148.8312109, "device_end": 1585637148.8491266, "host_queued_end": 1585637215.648914}, "device": "gpu", "nd_range": {"device_start": 1585637148.849133, "device_end": 1585637148.8497384}, "cmdq": 0, "read": {"device_start": 1585637148.8497412, "device_end": 1585637148.8497632}}, "FFC_sans_bias15": {"write": {"device_start": -1, "host_queued_start": 1585637215.64265, "device_queued": -1, "device_end": -1, "host_queued_end": 1585637215.648914}, "device": "gpu", "nd_range": {"device_start": 1585637148.844181, "device_end": 1585637148.8447788}, "cmdq": 0, "read": {"device_start": -1, "device_end": -1}}, "FFC_sans_bias31": {"write": {"device_start": -1, "host_queued_start": 1585637215.640405, "device_queued": -1, "device_end": -1, "host_queued_end": 1585637215.648914}, "device": "gpu", "nd_range": {"device_start": 1585637148.8413248, "device_end": 1585637148.8419268}, "cmdq": 0, "read": {"device_start": -1, "device_end": -1}}, "FFC_sans_bias16": {"write": {"device_start": 1585637148.847438, "host_queued_start": 1585637215.64569, "device_queued": 1585637148.8310046, "device_end": 1585637148.8474677, "host_queued_end": 1585637215.648914}, "device": "gpu", "nd_range": {"device_start": 1585637148.847474, "device_end": 1585637148.8480713}, "cmdq": 0, "read": {"device_start": 1585637148.848077, "device_end": 1585637148.8480992}}, "FFC_sans_bias19": {"write": {"device_start": 1585637148.8338952, "host_queued_start": 1585637215.63013, "device_queued": 1585637148.8290126, "device_end": 1585637148.8339252, "host_queued_end": 1585637215.648914}, "device": "gpu", "nd_range": {"device_start": 1585637148.8339283, "device_end": 1585637148.8344364}, "cmdq": 0, "read": {"device_start": -1, "device_end": -1}}, "FFC_sans_bias18": {"write": {"device_start": 1585637148.8331335, "host_queued_start": 1585637215.629108, "device_queued": 1585637148.828946, "device_end": 1585637148.8331628, "host_queued_end": 1585637215.648914}, "device": "gpu", "nd_range": {"device_start": 1585637148.833169, "device_end": 1585637148.8337684}, "cmdq": 0, "read": {"device_start": -1, "device_end": -1}}, "coalesced_transpose30": {"write": {"device_start": -1, "host_queued_start": 1585637215.638843, "device_queued": -1, "device_end": -1, "host_queued_end": 1585637215.648914}, "device": "gpu", "nd_range": {"device_start": 1585637148.8394985, "device_end": 1585637148.8395069}, "cmdq": 0, "read": {"device_start": -1, "device_end": -1}}, "FFC_sans_bias38": {"write": {"device_start": 1585637148.838835, "host_queued_start": 1585637215.637602, "device_queued": 1585637148.829889, "device_end": 1585637148.8388655, "host_queued_end": 1585637215.648914}, "device": "gpu", "nd_range": {"device_start": 1585637148.8388736, "device_end": 1585637148.8394678}, "cmdq": 0, "read": {"device_start": -1, "device_end": -1}}, "empty26": {"write": {"device_start": 1585637148.828321,