{"FFC_sans_bias4": {"write": {"device_start": -1, "host_queued_start": 1585637297.451873, "device_queued": -1, "device_end": -1, "host_queued_end": 1585637297.461323}, "device": "gpu", "nd_range": {"device_start": 1585637230.6461759, "device_end": 1585637230.6471736}, "cmdq": 1, "read": {"device_start": -1, "device_end": -1}}, "FFC_sans_bias7": {"write": {"device_start": 1585637230.6507177, "host_queued_start": 1585637297.457003, "device_queued": 1585637230.641215, "device_end": 1585637230.6507502, "host_queued_end": 1585637297.461323}, "device": "gpu", "nd_range": {"device_start": 1585637230.6507587, "device_end": 1585637230.6515732}, "cmdq": 0, "read": {"device_start": 1585637230.6515825, "device_end": 1585637230.6516068}}, "FFC_sans_bias6": {"write": {"device_start": -1, "host_queued_start": 1585637297.454704, "device_queued": -1, "device_end": -1, "host_queued_end": 1585637297.461323}, "device": "gpu", "nd_range": {"device_start": 1585637230.6493554, "device_end": 1585637230.6500413}, "cmdq": 1, "read": {"device_start": -1, "device_end": -1}}, "FFC_sans_bias1": {"write": {"device_start": 1585637230.63884, "host_queued_start": 1585637297.436256, "device_queued": 1585637230.6386135, "device_end": 1585637230.6388657, "host_queued_end": 1585637297.461323}, "device": "gpu", "nd_range": {"device_start": 1585637230.6388688, "device_end": 1585637230.6397896}, "cmdq": 0, "read": {"device_start": -1, "device_end": -1}}, "FFC_sans_bias0": {"write": {"device_start": 1585637230.6387267, "host_queued_start": 1585637297.435215, "device_queued": 1585637230.638544, "device_end": 1585637230.638774, "host_queued_end": 1585637297.461323}, "device": "gpu", "nd_range": {"device_start": 1585637230.6387775, "device_end": 1585637230.639382}, "cmdq": 1, "read": {"device_start": -1, "device_end": -1}}, "FFC_sans_bias2": {"write": {"device_start": 1585637230.639496, "host_queued_start": 1585637297.437293, "device_queued": 1585637230.6388352, "device_end": 1585637230.639526, "host_queued_end": 1585637297.461323}, "device": "gpu", "nd_range": {"device_start": 1585637230.6395288, "device_end": 1585637230.6403549}, "cmdq": 1, "read": {"device_start": -1, "device_end": -1}}, "FFC_sans_bias9": {"write": {"device_start": 1585637230.6399372, "host_queued_start": 1585637297.438329, "device_queued": 1585637230.6388814, "device_end": 1585637230.639968, "host_queued_end": 1585637297.461323}, "device": "gpu", "nd_range": {"device_start": 1585637230.6399703, "device_end": 1585637230.6407728}, "cmdq": 0, "read": {"device_start": -1, "device_end": -1}}, "coalesced_transpose39": {"write": {"device_start": -1, "host_queued_start": 1585637297.451559, "device_queued": -1, "device_end": -1, "host_queued_end": 1585637297.461323}, "device": "gpu", "nd_range": {"device_start": 1585637230.6460366, "device_end": 1585637230.6460536}, "cmdq": 0, "read": {"device_start": -1, "device_end": -1}}, "softmax23": {"write": {"device_start": -1, "host_queued_start": 1585637297.453901, "device_queued": -1, "device_end": -1, "host_queued_end": 1585637297.461323}, "device": "gpu", "nd_range": {"device_start": 1585637230.648278, "device_end": 1585637230.6488192}, "cmdq": 0, "read": {"device_start": -1, "device_end": -1}}, "FFC_sans_bias37": {"write": {"device_start": 1585637230.6448307, "host_queued_start": 1585637297.4489, "device_queued": 1585637230.6399121, "device_end": 1585637230.6448638, "host_queued_end": 1585637297.461323}, "device": "gpu", "nd_range": {"device_start": 1585637230.6448696, "device_end": 1585637230.6456428}, "cmdq": 0, "read": {"device_start": -1, "device_end": -1}}, "softmax41": {"write": {"device_start": -1, "host_queued_start": 1585637297.45439, "device_queued": -1, "device_end": -1, "host_queued_end": 1585637297.461323}, "device": "gpu", "nd_range": {"device_start": 1585637230.6488264, "device_end": 1585637230.649019}, "cmdq": 0, "read": {"device_start": -1, "device_end": -1}}, "FFC_sans_bias11": {"write": {"device_start": 1585637230.640918, "host_queued_start": 1585637297.440432, "device_queued": 1585637230.6390615, "device_end": 1585637230.64095, "host_queued_end": 1585637297.461323}, "device": "gpu", "nd_range": {"device_start": 1585637230.640955, "device_end": 1585637230.641768}, "cmdq": 0, "read": {"device_start": -1, "device_end": -1}}, "FFC_sans_bias10": {"write": {"device_start": 1585637230.6405003, "host_queued_start": 1585637297.439388, "device_queued": 1585637230.6390202, "device_end": 1585637230.6405306, "host_queued_end": 1585637297.461323}, "device": "gpu", "nd_range": {"device_start": 1585637230.6405356, "device_end": 1585637230.6413145}, "cmdq": 1, "read": {"device_start": -1, "device_end": -1}}, "coalesced_transpose3": {"write": {"device_start": -1, "host_queued_start": 1585637297.450289, "device_queued": -1, "device_end": -1, "host_queued_end": 1585637297.461323}, "device": "gpu", "nd_range": {"device_start": 1585637230.6456447, "device_end": 1585637230.6460102}, "cmdq": 0, "read": {"device_start": -1, "device_end": -1}}, "FFC_sans_bias34": {"write": {"device_start": 1585637230.653205, "host_queued_start": 1585637297.460174, "device_queued": 1585637230.6416209, "device_end": 1585637230.6532345, "host_queued_end": 1585637297.461323}, "device": "gpu", "nd_range": {"device_start": 1585637230.6532419, "device_end": 1585637230.6539629}, "cmdq": 1, "read": {"device_start": 1585637230.6539705, "device_end": 1585637230.6539927}}, "FFC_sans_bias15": {"write": {"device_start": -1, "host_queued_start": 1585637297.455021, "device_queued": -1, "device_end": -1, "host_queued_end": 1585637297.461323}, "device": "gpu", "nd_range": {"device_start": 1585637230.649026, "device_end": 1585637230.649633}, "cmdq": 0, "read": {"device_start": -1, "device_end": -1}}, "FFC_sans_bias31": {"write": {"device_start": -1, "host_queued_start": 1585637297.452828, "device_queued": -1, "device_end": -1, "host_queued_end": 1585637297.461323}, "device": "gpu", "nd_range": {"device_start": 1585637230.646779, "device_end": 1585637230.6477516}, "cmdq": 0, "read": {"device_start": -1, "device_end": -1}}, "FFC_sans_bias16": {"write": {"device_start": 1585637230.652151, "host_queued_start": 1585637297.458052, "device_queued": 1585637230.6413686, "device_end": 1585637230.6521823, "host_queued_end": 1585637297.461323}, "device": "gpu", "nd_range": {"device_start": 1585637230.6521995, "device_end": 1585637230.652998}, "cmdq": 1, "read": {"device_start": 1585637230.6530023, "device_end": 1585637230.6530259}}, "FFC_sans_bias19": {"write": {"device_start": 1585637230.6418996, "host_queued_start": 1585637297.442486, "device_queued": 1585637230.6392503, "device_end": 1585637230.6419272, "host_queued_end": 1585637297.461323}, "device": "gpu", "nd_range": {"device_start": 1585637230.641934, "device_end": 1585637230.6427639}, "cmdq": 0, "read": {"device_start": -1, "device_end": -1}}, "FFC_sans_bias18": {"write": {"device_start": 1585637230.641426, "host_queued_start": 1585637297.441457, "device_queued": 1585637230.6392095, "device_end": 1585637230.6414526, "host_queued_end": 1585637297.461323}, "device": "gpu", "nd_range": {"device_start": 1585637230.6414587, "device_end": 1585637230.6422703}, "cmdq": 1, "read": {"device_start": -1, "device_end": -1}}, "coalesced_transpose30": {"write": {"device_start": -1, "host_queued_start": 1585637297.451259, "device_queued": -1, "device_end": -1, "host_queued_end": 1585637297.461323}, "device": "gpu", "nd_range": {"device_start": 1585637230.6461523, "device_end": 1585637230.6461668}, "cmdq": 1, "read": {"device_start": -1, "device_end": -1}}, "FFC_sans_bias38": {"write": {"device_start": 1585637230.6452885, "host_queued_start": 1585637297.449938, "device_queued": 1585637230.6401129, "device_end": 1585637230.6453142, "host_queued_end": 1585637297.461323}, "device": "gpu", "nd_range": {"device_start": 1585637230.64532, "device_end": 1585637230.646138}, "cmdq": 1, "read": {"device_start": -1, "device_end": -1}}, "empty26": {"write": {"device_start": 1585637230.6384022,