{"FFC_sans_bias4": {"write": {"device_start": -1, "host_queued_start": 1585637283.749064, "device_queued": -1, "device_end": -1, "host_queued_end": 1585637283.750843}, "device": "cpu", "nd_range": {"device_start": 2305057.9526948202, "device_end": 2305057.959804113}, "cmdq": 2, "read": {"device_start": -1, "device_end": -1}}, "FFC_sans_bias7": {"write": {"device_start": -1, "host_queued_start": 1585637283.750799, "device_queued": -1, "device_end": -1, "host_queued_end": 1585637283.750843}, "device": "cpu", "nd_range": {"device_start": 2305057.964013503, "device_end": 2305057.968893278}, "cmdq": 2, "read": {"device_start": -1, "device_end": -1}}, "FFC_sans_bias6": {"write": {"device_start": -1, "host_queued_start": 1585637283.749729, "device_queued": -1, "device_end": -1, "host_queued_end": 1585637283.750843}, "device": "cpu", "nd_range": {"device_start": 2305057.959939607, "device_end": 2305057.964003744}, "cmdq": 1, "read": {"device_start": -1, "device_end": -1}}, "FFC_sans_bias1": {"write": {"device_start": -1, "host_queued_start": 1585637283.746931, "device_queued": -1, "device_end": -1, "host_queued_end": 1585637283.750843}, "device": "cpu", "nd_range": {"device_start": 2305057.940450962, "device_end": 2305057.952219257}, "cmdq": 2, "read": {"device_start": -1, "device_end": -1}}, "FFC_sans_bias0": {"write": {"device_start": -1, "host_queued_start": 1585637283.74553, "device_queued": -1, "device_end": -1, "host_queued_end": 1585637283.750843}, "device": "cpu", "nd_range": {"device_start": 2305057.940446856, "device_end": 2305057.949096206}, "cmdq": 1, "read": {"device_start": -1, "device_end": -1}}, "FFC_sans_bias2": {"write": {"device_start": -1, "host_queued_start": 1585637283.748253, "device_queued": -1, "device_end": -1, "host_queued_end": 1585637283.750843}, "device": "cpu", "nd_range": {"device_start": 2305057.940455141, "device_end": 2305057.952268682}, "cmdq": 0, "read": {"device_start": -1, "device_end": -1}}, "FFC_sans_bias9": {"write": {"device_start": 1585637216.920469, "host_queued_start": 1585637283.722061, "device_queued": 1585637216.9202275, "device_end": 1585637216.9205523, "host_queued_end": 1585637283.74282}, "device": "gpu", "nd_range": {"device_start": 1585637216.920565, "device_end": 1585637216.9211729}, "cmdq": 0, "read": {"device_start": -1, "device_end": -1}}, "coalesced_transpose39": {"write": {"device_start": -1, "host_queued_start": 1585637283.734957, "device_queued": -1, "device_end": -1, "host_queued_end": 1585637283.74282}, "device": "gpu", "nd_range": {"device_start": 1585637216.926822, "device_end": 1585637216.9268413}, "cmdq": 1, "read": {"device_start": -1, "device_end": -1}}, "softmax23": {"write": {"device_start": -1, "host_queued_start": 1585637283.736714, "device_queued": -1, "device_end": -1, "host_queued_end": 1585637283.74282}, "device": "gpu", "nd_range": {"device_start": 1585637216.9284258, "device_end": 1585637216.9286337}, "cmdq": 1, "read": {"device_start": -1, "device_end": -1}}, "FFC_sans_bias37": {"write": {"device_start": 1585637216.92514, "host_queued_start": 1585637283.732663, "device_queued": 1585637216.921323, "device_end": 1585637216.9251719, "host_queued_end": 1585637283.74282}, "device": "gpu", "nd_range": {"device_start": 1585637216.9251754, "device_end": 1585637216.9260013}, "cmdq": 0, "read": {"device_start": -1, "device_end": -1}}, "softmax41": {"write": {"device_start": -1, "host_queued_start": 1585637283.737205, "device_queued": -1, "device_end": -1, "host_queued_end": 1585637283.74282}, "device": "gpu", "nd_range": {"device_start": 1585637216.9286346, "device_end": 1585637216.9289713}, "cmdq": 1, "read": {"device_start": -1, "device_end": -1}}, "FFC_sans_bias11": {"write": {"device_start": 1585637216.9213274, "host_queued_start": 1585637283.724159, "device_queued": 1585637216.920459, "device_end": 1585637216.921359, "host_queued_end": 1585637283.74282}, "device": "gpu", "nd_range": {"device_start": 1585637216.9213617, "device_end": 1585637216.9221442}, "cmdq": 0, "read": {"device_start": -1, "device_end": -1}}, "FFC_sans_bias10": {"write": {"device_start": 1585637216.9205766, "host_queued_start": 1585637283.723118, "device_queued": 1585637216.9202857, "device_end": 1585637216.9206038, "host_queued_end": 1585637283.74282}, "device": "gpu", "nd_range": {"device_start": 1585637216.9206066, "device_end": 1585637216.9215798}, "cmdq": 1, "read": {"device_start": -1, "device_end": -1}}, "coalesced_transpose3": {"write": {"device_start": -1, "host_queued_start": 1585637283.748656, "device_queued": -1, "device_end": -1, "host_queued_end": 1585637283.750843}, "device": "cpu", "nd_range": {"device_start": 2305057.952439094, "device_end": 2305057.952531616}, "cmdq": 1, "read": {"device_start": -1, "device_end": -1}}, "FFC_sans_bias34": {"write": {"device_start": 1585637216.9320793, "host_queued_start": 1585637283.741604, "device_queued": 1585637216.9225645, "device_end": 1585637216.9321048, "host_queued_end": 1585637283.74282}, "device": "gpu", "nd_range": {"device_start": 1585637216.9321072, "device_end": 1585637216.9328833}, "cmdq": 0, "read": {"device_start": 1585637216.9328864, "device_end": 1585637216.93291}}, "FFC_sans_bias15": {"write": {"device_start": -1, "host_queued_start": 1585637283.73751, "device_queued": -1, "device_end": -1, "host_queued_end": 1585637283.74282}, "device": "gpu", "nd_range": {"device_start": 1585637216.9286826, "device_end": 1585637216.9292824}, "cmdq": 0, "read": {"device_start": -1, "device_end": -1}}, "FFC_sans_bias31": {"write": {"device_start": -1, "host_queued_start": 1585637283.735906, "device_queued": -1, "device_end": -1, "host_queued_end": 1585637283.74282}, "device": "gpu", "nd_range": {"device_start": 1585637216.927002, "device_end": 1585637216.9279864}, "cmdq": 0, "read": {"device_start": -1, "device_end": -1}}, "FFC_sans_bias16": {"write": {"device_start": 1585637216.9312103, "host_queued_start": 1585637283.739521, "device_queued": 1585637216.9223392, "device_end": 1585637216.9312823, "host_queued_end": 1585637283.74282}, "device": "gpu", "nd_range": {"device_start": 1585637216.931294, "device_end": 1585637216.9319053}, "cmdq": 0, "read": {"device_start": 1585637216.9319127, "device_end": 1585637216.9319382}}, "FFC_sans_bias19": {"write": {"device_start": 1585637216.9222856, "host_queued_start": 1585637283.726221, "device_queued": 1585637216.9206731, "device_end": 1585637216.9223173, "host_queued_end": 1585637283.74282}, "device": "gpu", "nd_range": {"device_start": 1585637216.9223216, "device_end": 1585637216.9231133}, "cmdq": 0, "read": {"device_start": -1, "device_end": -1}}, "FFC_sans_bias18": {"write": {"device_start": 1585637216.921728, "host_queued_start": 1585637283.725186, "device_queued": 1585637216.920506, "device_end": 1585637216.9217598, "host_queued_end": 1585637283.74282}, "device": "gpu", "nd_range": {"device_start": 1585637216.921763, "device_end": 1585637216.9225836}, "cmdq": 1, "read": {"device_start": -1, "device_end": -1}}, "coalesced_transpose30": {"write": {"device_start": -1, "host_queued_start": 1585637283.734658, "device_queued": -1, "device_end": -1, "host_queued_end": 1585637283.74282}, "device": "gpu", "nd_range": {"device_start": 1585637216.9263744, "device_end": 1585637216.926391}, "cmdq": 0, "read": {"device_start": -1, "device_end": -1}}, "FFC_sans_bias38": {"write": {"device_start": 1585637216.9256654, "host_queued_start": 1585637283.733702, "device_queued": 1585637216.9213834, "device_end": 1585637216.9256976, "host_queued_end": 1585637283.74282}, "device": "gpu", "nd_range": {"device_start": 1585637216.925707, "device_end": 1585637216.9265058}, "cmdq": 1, "read": {"device_start": -1, "device_end": -1}}, "empty26": {"write": {"device_start": 1585637216.9201396, "host_queued_start": 1585637283.719451, "device_queued": 1585637216.9199882, "device_end": 1585637216.9202049, "host_queued_end": 1585637283.74282}, "device": "gpu", "nd_range": {"device_start": 1585637216.9202085, "device_end": 1585637216.9202125},