{"FFC_sans_bias4": {"write": {"device_start": -1, "host_queued_start": 1585637264.72352, "device_queued": -1, "device_end": -1, "host_queued_end": 1585637264.73297}, "device": "gpu", "nd_range": {"device_start": 1585637197.9186907, "device_end": 1585637197.9196928}, "cmdq": 1, "read": {"device_start": -1, "device_end": -1}}, "FFC_sans_bias7": {"write": {"device_start": 1585637197.9233153, "host_queued_start": 1585637264.728634, "device_queued": 1585637197.913682, "device_end": 1585637197.923347, "host_queued_end": 1585637264.73297}, "device": "gpu", "nd_range": {"device_start": 1585637197.9233563, "device_end": 1585637197.9241824}, "cmdq": 0, "read": {"device_start": 1585637197.9241884, "device_end": 1585637197.9242127}}, "FFC_sans_bias6": {"write": {"device_start": -1, "host_queued_start": 1585637264.726339, "device_queued": -1, "device_end": -1, "host_queued_end": 1585637264.73297}, "device": "gpu", "nd_range": {"device_start": 1585637197.921977, "device_end": 1585637197.9226437}, "cmdq": 1, "read": {"device_start": -1, "device_end": -1}}, "FFC_sans_bias1": {"write": {"device_start": 1585637197.9113276, "host_queued_start": 1585637264.707918, "device_queued": 1585637197.9111414, "device_end": 1585637197.9113524, "host_queued_end": 1585637264.73297}, "device": "gpu", "nd_range": {"device_start": 1585637197.9113603, "device_end": 1585637197.9123113}, "cmdq": 0, "read": {"device_start": -1, "device_end": -1}}, "FFC_sans_bias0": {"write": {"device_start": 1585637197.911238, "host_queued_start": 1585637264.706868, "device_queued": 1585637197.911098, "device_end": 1585637197.9112895, "host_queued_end": 1585637264.73297}, "device": "gpu", "nd_range": {"device_start": 1585637197.911299, "device_end": 1585637197.911904}, "cmdq": 1, "read": {"device_start": -1, "device_end": -1}}, "FFC_sans_bias2": {"write": {"device_start": 1585637197.9120197, "host_queued_start": 1585637264.70895, "device_queued": 1585637197.9113307, "device_end": 1585637197.9120507, "host_queued_end": 1585637264.73297}, "device": "gpu", "nd_range": {"device_start": 1585637197.9120538, "device_end": 1585637197.9128942}, "cmdq": 1, "read": {"device_start": -1, "device_end": -1}}, "FFC_sans_bias9": {"write": {"device_start": 1585637197.9124134, "host_queued_start": 1585637264.709977, "device_queued": 1585637197.911375, "device_end": 1585637197.9124446, "host_queued_end": 1585637264.73297}, "device": "gpu", "nd_range": {"device_start": 1585637197.9124482, "device_end": 1585637197.9133136}, "cmdq": 0, "read": {"device_start": -1, "device_end": -1}}, "coalesced_transpose39": {"write": {"device_start": -1, "host_queued_start": 1585637264.723188, "device_queued": -1, "device_end": -1, "host_queued_end": 1585637264.73297}, "device": "gpu", "nd_range": {"device_start": 1585637197.918548, "device_end": 1585637197.9185631}, "cmdq": 0, "read": {"device_start": -1, "device_end": -1}}, "softmax23": {"write": {"device_start": -1, "host_queued_start": 1585637264.72554, "device_queued": -1, "device_end": -1, "host_queued_end": 1585637264.73297}, "device": "gpu", "nd_range": {"device_start": 1585637197.920886, "device_end": 1585637197.9214265}, "cmdq": 0, "read": {"device_start": -1, "device_end": -1}}, "FFC_sans_bias37": {"write": {"device_start": 1585637197.917326, "host_queued_start": 1585637264.720587, "device_queued": 1585637197.912477, "device_end": 1585637197.9173522, "host_queued_end": 1585637264.73297}, "device": "gpu", "nd_range": {"device_start": 1585637197.9173567, "device_end": 1585637197.9181883}, "cmdq": 0, "read": {"device_start": -1, "device_end": -1}}, "softmax41": {"write": {"device_start": -1, "host_queued_start": 1585637264.726029, "device_queued": -1, "device_end": -1, "host_queued_end": 1585637264.73297}, "device": "gpu", "nd_range": {"device_start": 1585637197.9214334, "device_end": 1585637197.9216292}, "cmdq": 0, "read": {"device_start": -1, "device_end": -1}}, "FFC_sans_bias11": {"write": {"device_start": 1585637197.9134166, "host_queued_start": 1585637264.712072, "device_queued": 1585637197.91156, "device_end": 1585637197.913448, "host_queued_end": 1585637264.73297}, "device": "gpu", "nd_range": {"device_start": 1585637197.913453, "device_end": 1585637197.9143002}, "cmdq": 0, "read": {"device_start": -1, "device_end": -1}}, "FFC_sans_bias10": {"write": {"device_start": 1585637197.913017, "host_queued_start": 1585637264.711035, "device_queued": 1585637197.911518, "device_end": 1585637197.913049, "host_queued_end": 1585637264.73297}, "device": "gpu", "nd_range": {"device_start": 1585637197.913053, "device_end": 1585637197.9138734}, "cmdq": 1, "read": {"device_start": -1, "device_end": -1}}, "coalesced_transpose3": {"write": {"device_start": -1, "host_queued_start": 1585637264.721959, "device_queued": -1, "device_end": -1, "host_queued_end": 1585637264.73297}, "device": "gpu", "nd_range": {"device_start": 1585637197.918191, "device_end": 1585637197.918519}, "cmdq": 0, "read": {"device_start": -1, "device_end": -1}}, "FFC_sans_bias34": {"write": {"device_start": 1585637197.9257793, "host_queued_start": 1585637264.731779, "device_queued": 1585637197.91409, "device_end": 1585637197.9258096, "host_queued_end": 1585637264.73297}, "device": "gpu", "nd_range": {"device_start": 1585637197.9258168, "device_end": 1585637197.9265878}, "cmdq": 1, "read": {"device_start": 1585637197.9265902, "device_end": 1585637197.9266126}}, "FFC_sans_bias15": {"write": {"device_start": -1, "host_queued_start": 1585637264.726678, "device_queued": -1, "device_end": -1, "host_queued_end": 1585637264.73297}, "device": "gpu", "nd_range": {"device_start": 1585637197.9216368, "device_end": 1585637197.9222443}, "cmdq": 0, "read": {"device_start": -1, "device_end": -1}}, "FFC_sans_bias31": {"write": {"device_start": -1, "host_queued_start": 1585637264.724464, "device_queued": -1, "device_end": -1, "host_queued_end": 1585637264.73297}, "device": "gpu", "nd_range": {"device_start": 1585637197.919289, "device_end": 1585637197.9203815}, "cmdq": 0, "read": {"device_start": -1, "device_end": -1}}, "FFC_sans_bias16": {"write": {"device_start": 1585637197.924724, "host_queued_start": 1585637264.729686, "device_queued": 1585637197.9138284, "device_end": 1585637197.924755, "host_queued_end": 1585637264.73297}, "device": "gpu", "nd_range": {"device_start": 1585637197.9247632, "device_end": 1585637197.9256124}, "cmdq": 1, "read": {"device_start": 1585637197.9256139, "device_end": 1585637197.9256375}}, "FFC_sans_bias19": {"write": {"device_start": 1585637197.9143918, "host_queued_start": 1585637264.714126, "device_queued": 1585637197.9117606, "device_end": 1585637197.9144194, "host_queued_end": 1585637264.73297}, "device": "gpu", "nd_range": {"device_start": 1585637197.9144242, "device_end": 1585637197.9152775}, "cmdq": 0, "read": {"device_start": -1, "device_end": -1}}, "FFC_sans_bias18": {"write": {"device_start": 1585637197.9139676, "host_queued_start": 1585637264.713098, "device_queued": 1585637197.9117193, "device_end": 1585637197.9139938, "host_queued_end": 1585637264.73297}, "device": "gpu", "nd_range": {"device_start": 1585637197.9139998, "device_end": 1585637197.9148319}, "cmdq": 1, "read": {"device_start": -1, "device_end": -1}}, "coalesced_transpose30": {"write": {"device_start": -1, "host_queued_start": 1585637264.722891, "device_queued": -1, "device_end": -1, "host_queued_end": 1585637264.73297}, "device": "gpu", "nd_range": {"device_start": 1585637197.9186652, "device_end": 1585637197.9186819}, "cmdq": 1, "read": {"device_start": -1, "device_end": -1}}, "FFC_sans_bias38": {"write": {"device_start": 1585637197.9177694, "host_queued_start": 1585637264.721618, "device_queued": 1585637197.91261, "device_end": 1585637197.917795, "host_queued_end": 1585637264.73297}, "device": "gpu", "nd_range": {"device_start": 1585637197.9177997, "device_end": 1585637197.9186509}, "cmdq": 1, "read": {"device_start": -1, "device_end": -1}}, "empty26": {"write": {"device_start": 1585637197.9109073, "host_queued_start": 1585637264.704247,