{"FFC_sans_bias4": {"write": {"device_start": -1, "host_queued_start": 1585637461.123701, "device_queued": -1, "device_end": -1, "host_queued_end": 1585637461.133046}, "device": "gpu", "nd_range": {"device_start": 1585637394.3135693, "device_end": 1585637394.3141718}, "cmdq": 1, "read": {"device_start": -1, "device_end": -1}}, "FFC_sans_bias7": {"write": {"device_start": 1585637394.3176465, "host_queued_start": 1585637461.128759, "device_queued": 1585637394.3085618, "device_end": 1585637394.3176775, "host_queued_end": 1585637461.133046}, "device": "gpu", "nd_range": {"device_start": 1585637394.3176875, "device_end": 1585637394.319549}, "cmdq": 0, "read": {"device_start": 1585637394.3195531, "device_end": 1585637394.3195765}}, "FFC_sans_bias6": {"write": {"device_start": -1, "host_queued_start": 1585637461.12649, "device_queued": -1, "device_end": -1, "host_queued_end": 1585637461.133046}, "device": "gpu", "nd_range": {"device_start": 1585637394.316547, "device_end": 1585637394.3171499}, "cmdq": 3, "read": {"device_start": -1, "device_end": -1}}, "FFC_sans_bias1": {"write": {"device_start": 1585637394.3061469, "host_queued_start": 1585637461.108072, "device_queued": 1585637394.3059394, "device_end": 1585637394.3062248, "host_queued_end": 1585637461.133046}, "device": "gpu", "nd_range": {"device_start": 1585637394.3062284, "device_end": 1585637394.3072243}, "cmdq": 2, "read": {"device_start": -1, "device_end": -1}}, "FFC_sans_bias0": {"write": {"device_start": 1585637394.3060682, "host_queued_start": 1585637461.10703, "device_queued": 1585637394.3059227, "device_end": 1585637394.3061342, "host_queued_end": 1585637461.133046}, "device": "gpu", "nd_range": {"device_start": 1585637394.3061981, "device_end": 1585637394.3068187}, "cmdq": 1, "read": {"device_start": -1, "device_end": -1}}, "FFC_sans_bias2": {"write": {"device_start": 1585637394.3062413, "host_queued_start": 1585637461.109111, "device_queued": 1585637394.3059576, "device_end": 1585637394.306292, "host_queued_end": 1585637461.133046}, "device": "gpu", "nd_range": {"device_start": 1585637394.306298, "device_end": 1585637394.307795}, "cmdq": 3, "read": {"device_start": -1, "device_end": -1}}, "FFC_sans_bias9": {"write": {"device_start": 1585637394.3063242, "host_queued_start": 1585637461.110185, "device_queued": 1585637394.3062363, "device_end": 1585637394.3063486, "host_queued_end": 1585637461.133046}, "device": "gpu", "nd_range": {"device_start": 1585637394.3063917, "device_end": 1585637394.3082163}, "cmdq": 0, "read": {"device_start": -1, "device_end": -1}}, "coalesced_transpose39": {"write": {"device_start": -1, "host_queued_start": 1585637461.123383, "device_queued": -1, "device_end": -1, "host_queued_end": 1585637461.133046}, "device": "gpu", "nd_range": {"device_start": 1585637394.3134282, "device_end": 1585637394.3134496}, "cmdq": 0, "read": {"device_start": -1, "device_end": -1}}, "softmax23": {"write": {"device_start": -1, "host_queued_start": 1585637461.125693, "device_queued": -1, "device_end": -1, "host_queued_end": 1585637461.133046}, "device": "gpu", "nd_range": {"device_start": 1585637394.315573, "device_end": 1585637394.3165493}, "cmdq": 0, "read": {"device_start": -1, "device_end": -1}}, "FFC_sans_bias37": {"write": {"device_start": 1585637394.3112571, "host_queued_start": 1585637461.120808, "device_queued": 1585637394.3072717, "device_end": 1585637394.311289, "host_queued_end": 1585637461.133046}, "device": "gpu", "nd_range": {"device_start": 1585637394.3112967, "device_end": 1585637394.3130665}, "cmdq": 2, "read": {"device_start": -1, "device_end": -1}}, "softmax41": {"write": {"device_start": -1, "host_queued_start": 1585637461.126179, "device_queued": -1, "device_end": -1, "host_queued_end": 1585637461.133046}, "device": "gpu", "nd_range": {"device_start": 1585637394.3165367, "device_end": 1585637394.3169174}, "cmdq": 2, "read": {"device_start": -1, "device_end": -1}}, "FFC_sans_bias11": {"write": {"device_start": 1585637394.3073304, "host_queued_start": 1585637461.112305, "device_queued": 1585637394.3064446, "device_end": 1585637394.3073604, "host_queued_end": 1585637461.133046}, "device": "gpu", "nd_range": {"device_start": 1585637394.3073637, "device_end": 1585637394.3091996}, "cmdq": 2, "read": {"device_start": -1, "device_end": -1}}, "FFC_sans_bias10": {"write": {"device_start": 1585637394.3069432, "host_queued_start": 1585637461.11126, "device_queued": 1585637394.3063996, "device_end": 1585637394.3069735, "host_queued_end": 1585637461.133046}, "device": "gpu", "nd_range": {"device_start": 1585637394.3069766, "device_end": 1585637394.308757}, "cmdq": 1, "read": {"device_start": -1, "device_end": -1}}, "coalesced_transpose3": {"write": {"device_start": -1, "host_queued_start": 1585637461.122178, "device_queued": -1, "device_end": -1, "host_queued_end": 1585637461.133046}, "device": "gpu", "nd_range": {"device_start": 1585637394.312134, "device_end": 1585637394.3134177}, "cmdq": 0, "read": {"device_start": -1, "device_end": -1}}, "FFC_sans_bias34": {"write": {"device_start": 1585637394.319159, "host_queued_start": 1585637461.131882, "device_queued": 1585637394.3087583, "device_end": 1585637394.3191898, "host_queued_end": 1585637461.133046}, "device": "gpu", "nd_range": {"device_start": 1585637394.319199, "device_end": 1585637394.3209863}, "cmdq": 3, "read": {"device_start": 1585637394.320996, "device_end": 1585637394.321018}}, "FFC_sans_bias15": {"write": {"device_start": -1, "host_queued_start": 1585637461.126807, "device_queued": -1, "device_end": -1, "host_queued_end": 1585637461.133046}, "device": "gpu", "nd_range": {"device_start": 1585637394.3165565, "device_end": 1585637394.3175597}, "cmdq": 0, "read": {"device_start": -1, "device_end": -1}}, "FFC_sans_bias31": {"write": {"device_start": -1, "host_queued_start": 1585637461.124639, "device_queued": -1, "device_end": -1, "host_queued_end": 1585637461.133046}, "device": "gpu", "nd_range": {"device_start": 1585637394.313602, "device_end": 1585637394.3155649}, "cmdq": 0, "read": {"device_start": -1, "device_end": -1}}, "FFC_sans_bias16": {"write": {"device_start": 1585637394.3181999, "host_queued_start": 1585637461.129801, "device_queued": 1585637394.3087149, "device_end": 1585637394.318231, "host_queued_end": 1585637461.133046}, "device": "gpu", "nd_range": {"device_start": 1585637394.318241, "device_end": 1585637394.320033}, "cmdq": 1, "read": {"device_start": 1585637394.320043, "device_end": 1585637394.3200662}}, "FFC_sans_bias19": {"write": {"device_start": 1585637394.3083274, "host_queued_start": 1585637461.114384, "device_queued": 1585637394.3066297, "device_end": 1585637394.3083596, "host_queued_end": 1585637461.133046}, "device": "gpu", "nd_range": {"device_start": 1585637394.3083649, "device_end": 1585637394.310188}, "cmdq": 0, "read": {"device_start": -1, "device_end": -1}}, "FFC_sans_bias18": {"write": {"device_start": 1585637394.3078983, "host_queued_start": 1585637461.113334, "device_queued": 1585637394.3064578, "device_end": 1585637394.3079305, "host_queued_end": 1585637461.133046}, "device": "gpu", "nd_range": {"device_start": 1585637394.307935, "device_end": 1585637394.309716}, "cmdq": 3, "read": {"device_start": -1, "device_end": -1}}, "coalesced_transpose30": {"write": {"device_start": -1, "host_queued_start": 1585637461.123084, "device_queued": -1, "device_end": -1, "host_queued_end": 1585637461.133046}, "device": "gpu", "nd_range": {"device_start": 1585637394.313556, "device_end": 1585637394.3135831}, "cmdq": 3, "read": {"device_start": -1, "device_end": -1}}, "FFC_sans_bias38": {"write": {"device_start": 1585637394.3117046, "host_queued_start": 1585637461.121854, "device_queued": 1585637394.3072968, "device_end": 1585637394.3117363, "host_queued_end": 1585637461.133046}, "device": "gpu", "nd_range": {"device_start": 1585637394.3117447, "device_end": 1585637394.3135545}, "cmdq": 3, "read": {"device_start": -1, "device_end": -1}}, "empty26": {"write": {"device_start": 1585637394.3057423,