{"FFC_sans_bias4": {"write": {"device_start": -1, "host_queued_start": 1585637655.563959, "device_queued": -1, "device_end": -1, "host_queued_end": 1585637655.565748}, "device": "cpu", "nd_range": {"device_start": 2305429.7669971413, "device_end": 2305429.77184337}, "cmdq": 0, "read": {"device_start": -1, "device_end": -1}}, "FFC_sans_bias7": {"write": {"device_start": -1, "host_queued_start": 1585637655.565702, "device_queued": -1, "device_end": -1, "host_queued_end": 1585637655.565748}, "device": "cpu", "nd_range": {"device_start": 2305429.7768618683, "device_end": 2305429.7813676023}, "cmdq": 3, "read": {"device_start": -1, "device_end": -1}}, "FFC_sans_bias6": {"write": {"device_start": -1, "host_queued_start": 1585637655.564546, "device_queued": -1, "device_end": -1, "host_queued_end": 1585637655.565748}, "device": "cpu", "nd_range": {"device_start": 2305429.7719969642, "device_end": 2305429.776838484}, "cmdq": 2, "read": {"device_start": -1, "device_end": -1}}, "FFC_sans_bias1": {"write": {"device_start": -1, "host_queued_start": 1585637655.56198, "device_queued": -1, "device_end": -1, "host_queued_end": 1585637655.565748}, "device": "cpu", "nd_range": {"device_start": 2305429.7553369203, "device_end": 2305429.763944607}, "cmdq": 2, "read": {"device_start": -1, "device_end": -1}}, "FFC_sans_bias0": {"write": {"device_start": -1, "host_queued_start": 1585637655.560754, "device_queued": -1, "device_end": -1, "host_queued_end": 1585637655.565748}, "device": "cpu", "nd_range": {"device_start": 2305429.755335505, "device_end": 2305429.767256333}, "cmdq": 1, "read": {"device_start": -1, "device_end": -1}}, "FFC_sans_bias2": {"write": {"device_start": -1, "host_queued_start": 1585637655.563142, "device_queued": -1, "device_end": -1, "host_queued_end": 1585637655.565748}, "device": "cpu", "nd_range": {"device_start": 2305429.755344224, "device_end": 2305429.7670692983}, "cmdq": 3, "read": {"device_start": -1, "device_end": -1}}, "FFC_sans_bias52": {"write": {"device_start": 1585637588.75587, "host_queued_start": 1585637655.557711, "device_queued": 1585637588.7281973, "device_end": 1585637588.7558925, "host_queued_end": 1585637655.557811}, "device": "gpu", "nd_range": {"device_start": 1585637588.7558966, "device_end": 1585637588.7564945}, "cmdq": 0, "read": {"device_start": 1585637588.7565029, "device_end": 1585637588.7565248}}, "FFC_sans_bias9": {"write": {"device_start": 1585637588.7261934, "host_queued_start": 1585637655.531823, "device_queued": 1585637588.7254937, "device_end": 1585637588.7262259, "host_queued_end": 1585637655.557811}, "device": "gpu", "nd_range": {"device_start": 1585637588.7262354, "device_end": 1585637588.7267427}, "cmdq": 0, "read": {"device_start": -1, "device_end": -1}}, "coalesced_transpose39": {"write": {"device_start": -1, "host_queued_start": 1585637655.54771, "device_queued": -1, "device_end": -1, "host_queued_end": 1585637655.557811}, "device": "gpu", "nd_range": {"device_start": 1585637588.745499, "device_end": 1585637588.7455072}, "cmdq": 0, "read": {"device_start": -1, "device_end": -1}}, "FFC_sans_bias51": {"write": {"device_start": -1, "host_queued_start": 1585637655.552549, "device_queued": -1, "device_end": -1, "host_queued_end": 1585637655.557811}, "device": "gpu", "nd_range": {"device_start": 1585637588.75197, "device_end": 1585637588.7525713}, "cmdq": 0, "read": {"device_start": -1, "device_end": -1}}, "softmax23": {"write": {"device_start": -1, "host_queued_start": 1585637655.550192, "device_queued": -1, "device_end": -1, "host_queued_end": 1585637655.557811}, "device": "gpu", "nd_range": {"device_start": 1585637588.7487276, "device_end": 1585637588.7489388}, "cmdq": 0, "read": {"device_start": -1, "device_end": -1}}, "FFC_sans_bias37": {"write": {"device_start": 1585637588.7420425, "host_queued_start": 1585637655.542271, "device_queued": 1585637588.7265768, "device_end": 1585637588.7420652, "host_queued_end": 1585637655.557811}, "device": "gpu", "nd_range": {"device_start": 1585637588.7420719, "device_end": 1585637588.7426674}, "cmdq": 0, "read": {"device_start": -1, "device_end": -1}}, "softmax41": {"write": {"device_start": -1, "host_queued_start": 1585637655.550705, "device_queued": -1, "device_end": -1, "host_queued_end": 1585637655.557811}, "device": "gpu", "nd_range": {"device_start": 1585637588.7491527, "device_end": 1585637588.7493618}, "cmdq": 0, "read": {"device_start": -1, "device_end": -1}}, "FFC_sans_bias11": {"write": {"device_start": 1585637588.7276454, "host_queued_start": 1585637655.533894, "device_queued": 1585637588.7257123, "device_end": 1585637588.72767, "host_queued_end": 1585637655.557811}, "device": "gpu", "nd_range": {"device_start": 1585637588.7276742, "device_end": 1585637588.7282715}, "cmdq": 0, "read": {"device_start": -1, "device_end": -1}}, "FFC_sans_bias10": {"write": {"device_start": 1585637588.7268698, "host_queued_start": 1585637655.532858, "device_queued": 1585637588.7255356, "device_end": 1585637588.7268994, "host_queued_end": 1585637655.557811}, "device": "gpu", "nd_range": {"device_start": 1585637588.7269042, "device_end": 1585637588.7275}, "cmdq": 0, "read": {"device_start": -1, "device_end": -1}}, "coalesced_transpose3": {"write": {"device_start": -1, "host_queued_start": 1585637655.56355, "device_queued": -1, "device_end": -1, "host_queued_end": 1585637655.565748}, "device": "cpu", "nd_range": {"device_start": 2305429.7649020134, "device_end": 2305429.766069644}, "cmdq": 4, "read": {"device_start": -1, "device_end": -1}}, "FFC_sans_bias34": {"write": {"device_start": 1585637588.754332, "host_queued_start": 1585637655.555643, "device_queued": 1585637588.7280238, "device_end": 1585637588.7543573, "host_queued_end": 1585637655.557811}, "device": "gpu", "nd_range": {"device_start": 1585637588.7543607, "device_end": 1585637588.7549465}, "cmdq": 0, "read": {"device_start": 1585637588.7549505, "device_end": 1585637588.7549727}}, "FFC_sans_bias15": {"write": {"device_start": -1, "host_queued_start": 1585637655.551258, "device_queued": -1, "device_end": -1, "host_queued_end": 1585637655.557811}, "device": "gpu", "nd_range": {"device_start": 1585637588.7495737, "device_end": 1585637588.7501733}, "cmdq": 0, "read": {"device_start": -1, "device_end": -1}}, "FFC_sans_bias31": {"write": {"device_start": -1, "host_queued_start": 1585637655.549067, "device_queued": -1, "device_end": -1, "host_queued_end": 1585637655.557811}, "device": "gpu", "nd_range": {"device_start": 1585637588.7467203, "device_end": 1585637588.7473168}, "cmdq": 0, "read": {"device_start": -1, "device_end": -1}}, "FFC_sans_bias16": {"write": {"device_start": 1585637588.7526584, "host_queued_start": 1585637655.553558, "device_queued": 1585637588.7278469, "device_end": 1585637588.7526808, "host_queued_end": 1585637655.557811}, "device": "gpu", "nd_range": {"device_start": 1585637588.7526865, "device_end": 1585637588.753282}, "cmdq": 0, "read": {"device_start": 1585637588.753284, "device_end": 1585637588.7533066}}, "FFC_sans_bias19": {"write": {"device_start": 1585637588.7291145, "host_queued_start": 1585637655.536005, "device_queued": 1585637588.7259493, "device_end": 1585637588.7291377, "host_queued_end": 1585637655.557811}, "device": "gpu", "nd_range": {"device_start": 1585637588.729142, "device_end": 1585637588.7297409}, "cmdq": 0, "read": {"device_start": -1, "device_end": -1}}, "FFC_sans_bias18": {"write": {"device_start": 1585637588.7283988, "host_queued_start": 1585637655.534973, "device_queued": 1585637588.7257617, "device_end": 1585637588.7284222, "host_queued_end": 1585637655.557811}, "device": "gpu", "nd_range": {"device_start": 1585637588.728426, "device_end": 1585637588.729018}, "cmdq": 0, "read": {"device_start": -1, "device_end": -1}}, "coalesced_transpose30": {"write": {"device_start": -1, "host_queued_start": 1585637655.547411, "device_queued": -1, "device_end": -1, "host_queued_end": 1585637655.557811}, "device": "gpu", "nd_range": {"device_start": 1585637588.7454896,