{"FFC_sans_bias4": {"write": {"device_start": -1, "host_queued_start": 1585638030.270057, "device_queued": -1, "device_end": -1, "host_queued_end": 1585638030.277598}, "device": "cpu", "nd_range": {"device_start": 2305804.5137399402, "device_end": 2305804.5290812813}, "cmdq": 0, "read": {"device_start": -1, "device_end": -1}}, "FFC_sans_bias7": {"write": {"device_start": -1, "host_queued_start": 1585638030.274606, "device_queued": -1, "device_end": -1, "host_queued_end": 1585638030.277598}, "device": "cpu", "nd_range": {"device_start": 2305804.544888805, "device_end": 2305804.560132435}, "cmdq": 0, "read": {"device_start": -1, "device_end": -1}}, "FFC_sans_bias6": {"write": {"device_start": -1, "host_queued_start": 1585638030.272539, "device_queued": -1, "device_end": -1, "host_queued_end": 1585638030.277598}, "device": "cpu", "nd_range": {"device_start": 2305804.529527462, "device_end": 2305804.5447731093}, "cmdq": 0, "read": {"device_start": -1, "device_end": -1}}, "FFC_sans_bias1": {"write": {"device_start": -1, "host_queued_start": 1585638030.257598, "device_queued": -1, "device_end": -1, "host_queued_end": 1585638030.277598}, "device": "cpu", "nd_range": {"device_start": 2305804.4672278203, "device_end": 2305804.482718709}, "cmdq": 1, "read": {"device_start": -1, "device_end": -1}}, "FFC_sans_bias0": {"write": {"device_start": -1, "host_queued_start": 1585638030.25656, "device_queued": -1, "device_end": -1, "host_queued_end": 1585638030.277598}, "device": "cpu", "nd_range": {"device_start": 2305804.467228466, "device_end": 2305804.4825423313}, "cmdq": 0, "read": {"device_start": -1, "device_end": -1}}, "FFC_sans_bias2": {"write": {"device_start": -1, "host_queued_start": 1585638030.258772, "device_queued": -1, "device_end": -1, "host_queued_end": 1585638030.277598}, "device": "cpu", "nd_range": {"device_start": 2305804.4677760364, "device_end": 2305804.483089027}, "cmdq": 2, "read": {"device_start": -1, "device_end": -1}}, "FFC_sans_bias52": {"write": {"device_start": 1585637963.4132233, "host_queued_start": 1585638030.251239, "device_queued": 1585637963.409897, "device_end": 1585637963.4132533, "host_queued_end": 1585638030.25134}, "device": "gpu", "nd_range": {"device_start": 1585637963.4140637, "device_end": 1585637963.4150288}, "cmdq": 2, "read": {"device_start": 1585637963.4150317, "device_end": 1585637963.415055}}, "FFC_sans_bias9": {"write": {"device_start": -1, "host_queued_start": 1585638030.259935, "device_queued": -1, "device_end": -1, "host_queued_end": 1585638030.277598}, "device": "cpu", "nd_range": {"device_start": 2305804.4672604273, "device_end": 2305804.483268428}, "cmdq": 3, "read": {"device_start": -1, "device_end": -1}}, "coalesced_transpose39": {"write": {"device_start": -1, "host_queued_start": 1585638030.247123, "device_queued": -1, "device_end": -1, "host_queued_end": 1585638030.25134}, "device": "gpu", "nd_range": {"device_start": 1585637963.410068, "device_end": 1585637963.4119205}, "cmdq": 3, "read": {"device_start": -1, "device_end": -1}}, "FFC_sans_bias51": {"write": {"device_start": -1, "host_queued_start": 1585638030.249144, "device_queued": -1, "device_end": -1, "host_queued_end": 1585638030.25134}, "device": "gpu", "nd_range": {"device_start": 1585637963.4133403, "device_end": 1585637963.4140587}, "cmdq": 0, "read": {"device_start": -1, "device_end": -1}}, "softmax23": {"write": {"device_start": -1, "host_queued_start": 1585638030.271932, "device_queued": -1, "device_end": -1, "host_queued_end": 1585638030.277598}, "device": "cpu", "nd_range": {"device_start": 2305804.529634675, "device_end": 2305804.529840356}, "cmdq": 2, "read": {"device_start": -1, "device_end": -1}}, "FFC_sans_bias37": {"write": {"device_start": 1585637963.4090927, "host_queued_start": 1585638030.242499, "device_queued": 1585637963.4087486, "device_end": 1585637963.4091778, "host_queued_end": 1585638030.25134}, "device": "gpu", "nd_range": {"device_start": 1585637963.4091828, "device_end": 1585637963.410067}, "cmdq": 3, "read": {"device_start": -1, "device_end": -1}}, "softmax41": {"write": {"device_start": -1, "host_queued_start": 1585638030.248296, "device_queued": -1, "device_end": -1, "host_queued_end": 1585638030.25134}, "device": "gpu", "nd_range": {"device_start": 1585637963.4125416, "device_end": 1585637963.413046}, "cmdq": 2, "read": {"device_start": -1, "device_end": -1}}, "FFC_sans_bias11": {"write": {"device_start": -1, "host_queued_start": 1585638030.262037, "device_queued": -1, "device_end": -1, "host_queued_end": 1585638030.277598}, "device": "cpu", "nd_range": {"device_start": 2305804.486244697, "device_end": 2305804.511251553}, "cmdq": 1, "read": {"device_start": -1, "device_end": -1}}, "FFC_sans_bias10": {"write": {"device_start": -1, "host_queued_start": 1585638030.260988, "device_queued": -1, "device_end": -1, "host_queued_end": 1585638030.277598}, "device": "cpu", "nd_range": {"device_start": 2305804.482682892, "device_end": 2305804.497879819}, "cmdq": 0, "read": {"device_start": -1, "device_end": -1}}, "coalesced_transpose3": {"write": {"device_start": -1, "host_queued_start": 1585638030.26873, "device_queued": -1, "device_end": -1, "host_queued_end": 1585638030.277598}, "device": "cpu", "nd_range": {"device_start": 2305804.513386521, "device_end": 2305804.5136301853}, "cmdq": 0, "read": {"device_start": -1, "device_end": -1}}, "FFC_sans_bias34": {"write": {"device_start": -1, "host_queued_start": 1585638030.277555, "device_queued": -1, "device_end": -1, "host_queued_end": 1585638030.277598}, "device": "cpu", "nd_range": {"device_start": 2305804.548121064, "device_end": 2305804.562368886}, "cmdq": 3, "read": {"device_start": -1, "device_end": -1}}, "FFC_sans_bias15": {"write": {"device_start": -1, "host_queued_start": 1585638030.27288, "device_queued": -1, "device_end": -1, "host_queued_end": 1585638030.277598}, "device": "cpu", "nd_range": {"device_start": 2305804.564947111, "device_end": 2305804.5690073413}, "cmdq": 1, "read": {"device_start": -1, "device_end": -1}}, "FFC_sans_bias31": {"write": {"device_start": -1, "host_queued_start": 1585638030.271103, "device_queued": -1, "device_end": -1, "host_queued_end": 1585638030.277598}, "device": "cpu", "nd_range": {"device_start": 2305804.515808797, "device_end": 2305804.53138918}, "cmdq": 3, "read": {"device_start": -1, "device_end": -1}}, "FFC_sans_bias16": {"write": {"device_start": -1, "host_queued_start": 1585638030.275591, "device_queued": -1, "device_end": -1, "host_queued_end": 1585638030.277598}, "device": "cpu", "nd_range": {"device_start": 2305804.569013296, "device_end": 2305804.573834667}, "cmdq": 1, "read": {"device_start": -1, "device_end": -1}}, "FFC_sans_bias19": {"write": {"device_start": -1, "host_queued_start": 1585638030.264164, "device_queued": -1, "device_end": -1, "host_queued_end": 1585638030.277598}, "device": "cpu", "nd_range": {"device_start": 2305804.483397042, "device_end": 2305804.4993404914}, "cmdq": 3, "read": {"device_start": -1, "device_end": -1}}, "FFC_sans_bias18": {"write": {"device_start": -1, "host_queued_start": 1585638030.263111, "device_queued": -1, "device_end": -1, "host_queued_end": 1585638030.277598}, "device": "cpu", "nd_range": {"device_start": 2305804.483207255, "device_end": 2305804.498427629}, "cmdq": 2, "read": {"device_start": -1, "device_end": -1}}, "coalesced_transpose30": {"write": {"device_start": -1, "host_queued_start": 1585638030.269718, "device_queued": -1, "device_end": -1, "host_queued_end": 1585638030.277598}, "device": "cpu", "nd_range": {"device_start": 2305804.5154391592, "device_end": 2305804.5156873884}, "cmdq": 3, "read": {"device_start": -1, "device_end": -1}}, "FFC_sans_bias38": {"write": {"device_start": 1585637963.4091835, "host_queued_start": 1585638030.243623, "device_queued": 1585637963.4089391, "device_end": 1585637963.4092233, "host_queued_end": 1585638030.25134}, "device": "gpu", "nd_range": {"device_start": 1585637963.4092274, "device_end": 1585637963.4106297}, "cmdq": 4,