{"FFC_sans_bias4": {"write": {"device_start": -1, "host_queued_start": 1585637685.779768, "device_queued": -1, "device_end": -1, "host_queued_end": 1585637685.789396}, "device": "cpu", "nd_range": {"device_start": 2305460.049565953, "device_end": 2305460.0536625003}, "cmdq": 0, "read": {"device_start": -1, "device_end": -1}}, "FFC_sans_bias7": {"write": {"device_start": -1, "host_queued_start": 1585637685.785339, "device_queued": -1, "device_end": -1, "host_queued_end": 1585637685.789396}, "device": "cpu", "nd_range": {"device_start": 2305460.095535891, "device_end": 2305460.100825285}, "cmdq": 0, "read": {"device_start": -1, "device_end": -1}}, "FFC_sans_bias6": {"write": {"device_start": -1, "host_queued_start": 1585637685.782901, "device_queued": -1, "device_end": -1, "host_queued_end": 1585637685.789396}, "device": "cpu", "nd_range": {"device_start": 2305460.07303186, "device_end": 2305460.077342823}, "cmdq": 0, "read": {"device_start": -1, "device_end": -1}}, "FFC_sans_bias1": {"write": {"device_start": -1, "host_queued_start": 1585637685.763822, "device_queued": -1, "device_end": -1, "host_queued_end": 1585637685.789396}, "device": "cpu", "nd_range": {"device_start": 2305459.983311328, "device_end": 2305459.987321738}, "cmdq": 0, "read": {"device_start": -1, "device_end": -1}}, "FFC_sans_bias0": {"write": {"device_start": -1, "host_queued_start": 1585637685.762782, "device_queued": -1, "device_end": -1, "host_queued_end": 1585637685.789396}, "device": "cpu", "nd_range": {"device_start": 2305459.9790436053, "device_end": 2305459.983297754}, "cmdq": 0, "read": {"device_start": -1, "device_end": -1}}, "FFC_sans_bias2": {"write": {"device_start": -1, "host_queued_start": 1585637685.764873, "device_queued": -1, "device_end": -1, "host_queued_end": 1585637685.789396}, "device": "cpu", "nd_range": {"device_start": 2305459.9873299543, "device_end": 2305459.991316549}, "cmdq": 0, "read": {"device_start": -1, "device_end": -1}}, "FFC_sans_bias52": {"write": {"device_start": 1585637618.9261596, "host_queued_start": 1585637685.756953, "device_queued": 1585637618.92397, "device_end": 1585637618.9261906, "host_queued_end": 1585637685.757057}, "device": "gpu", "nd_range": {"device_start": 1585637618.9266555, "device_end": 1585637618.9271574}, "cmdq": 0, "read": {"device_start": 1585637618.9271603, "device_end": 1585637618.927183}}, "FFC_sans_bias9": {"write": {"device_start": -1, "host_queued_start": 1585637685.765936, "device_queued": -1, "device_end": -1, "host_queued_end": 1585637685.789396}, "device": "cpu", "nd_range": {"device_start": 2305459.99132267, "device_end": 2305459.995284506}, "cmdq": 0, "read": {"device_start": -1, "device_end": -1}}, "coalesced_transpose39": {"write": {"device_start": -1, "host_queued_start": 1585637685.77942, "device_queued": -1, "device_end": -1, "host_queued_end": 1585637685.789396}, "device": "cpu", "nd_range": {"device_start": 2305460.049350622, "device_end": 2305460.049452059}, "cmdq": 0, "read": {"device_start": -1, "device_end": -1}}, "FFC_sans_bias51": {"write": {"device_start": -1, "host_queued_start": 1585637685.755938, "device_queued": -1, "device_end": -1, "host_queued_end": 1585637685.757057}, "device": "gpu", "nd_range": {"device_start": 1585637618.9260542, "device_end": 1585637618.9266515}, "cmdq": 1, "read": {"device_start": -1, "device_end": -1}}, "softmax23": {"write": {"device_start": -1, "host_queued_start": 1585637685.781981, "device_queued": -1, "device_end": -1, "host_queued_end": 1585637685.789396}, "device": "cpu", "nd_range": {"device_start": 2305460.0726053743, "device_end": 2305460.0726942583}, "cmdq": 0, "read": {"device_start": -1, "device_end": -1}}, "FFC_sans_bias37": {"write": {"device_start": -1, "host_queued_start": 1585637685.77671, "device_queued": -1, "device_end": -1, "host_queued_end": 1585637685.789396}, "device": "cpu", "nd_range": {"device_start": 2305460.039448773, "device_end": 2305460.043771467}, "cmdq": 0, "read": {"device_start": -1, "device_end": -1}}, "softmax41": {"write": {"device_start": -1, "host_queued_start": 1585637685.782533, "device_queued": -1, "device_end": -1, "host_queued_end": 1585637685.789396}, "device": "cpu", "nd_range": {"device_start": 2305460.0729343933, "device_end": 2305460.073025525}, "cmdq": 0, "read": {"device_start": -1, "device_end": -1}}, "FFC_sans_bias11": {"write": {"device_start": -1, "host_queued_start": 1585637685.768088, "device_queued": -1, "device_end": -1, "host_queued_end": 1585637685.789396}, "device": "cpu", "nd_range": {"device_start": 2305460.000304983, "device_end": 2305460.006385773}, "cmdq": 0, "read": {"device_start": -1, "device_end": -1}}, "FFC_sans_bias10": {"write": {"device_start": -1, "host_queued_start": 1585637685.767011, "device_queued": -1, "device_end": -1, "host_queued_end": 1585637685.789396}, "device": "cpu", "nd_range": {"device_start": 2305459.995408562, "device_end": 2305460.000290817}, "cmdq": 0, "read": {"device_start": -1, "device_end": -1}}, "coalesced_transpose3": {"write": {"device_start": -1, "host_queued_start": 1585637685.778091, "device_queued": -1, "device_end": -1, "host_queued_end": 1585637685.789396}, "device": "cpu", "nd_range": {"device_start": 2305460.04837432, "device_end": 2305460.04853275}, "cmdq": 0, "read": {"device_start": -1, "device_end": -1}}, "FFC_sans_bias34": {"write": {"device_start": -1, "host_queued_start": 1585637685.78834, "device_queued": -1, "device_end": -1, "host_queued_end": 1585637685.789396}, "device": "cpu", "nd_range": {"device_start": 2305460.1097538522, "device_end": 2305460.1140329014}, "cmdq": 0, "read": {"device_start": -1, "device_end": -1}}, "FFC_sans_bias15": {"write": {"device_start": -1, "host_queued_start": 1585637685.783248, "device_queued": -1, "device_end": -1, "host_queued_end": 1585637685.789396}, "device": "cpu", "nd_range": {"device_start": 2305460.077349698, "device_end": 2305460.082094729}, "cmdq": 0, "read": {"device_start": -1, "device_end": -1}}, "FFC_sans_bias31": {"write": {"device_start": -1, "host_queued_start": 1585637685.780816, "device_queued": -1, "device_end": -1, "host_queued_end": 1585637685.789396}, "device": "cpu", "nd_range": {"device_start": 2305460.063069708, "device_end": 2305460.0677027223}, "cmdq": 0, "read": {"device_start": -1, "device_end": -1}}, "FFC_sans_bias16": {"write": {"device_start": -1, "host_queued_start": 1585637685.78633, "device_queued": -1, "device_end": -1, "host_queued_end": 1585637685.789396}, "device": "cpu", "nd_range": {"device_start": 2305460.100828657, "device_end": 2305460.10492684}, "cmdq": 0, "read": {"device_start": -1, "device_end": -1}}, "FFC_sans_bias19": {"write": {"device_start": -1, "host_queued_start": 1585637685.770191, "device_queued": -1, "device_end": -1, "host_queued_end": 1585637685.789396}, "device": "cpu", "nd_range": {"device_start": 2305460.01051216, "device_end": 2305460.015342243}, "cmdq": 0, "read": {"device_start": -1, "device_end": -1}}, "FFC_sans_bias18": {"write": {"device_start": -1, "host_queued_start": 1585637685.769148, "device_queued": -1, "device_end": -1, "host_queued_end": 1585637685.789396}, "device": "cpu", "nd_range": {"device_start": 2305460.006390824, "device_end": 2305460.0105068283}, "cmdq": 0, "read": {"device_start": -1, "device_end": -1}}, "coalesced_transpose30": {"write": {"device_start": -1, "host_queued_start": 1585637685.779093, "device_queued": -1, "device_end": -1, "host_queued_end": 1585637685.789396}, "device": "cpu", "nd_range": {"device_start": 2305460.049126742, "device_end": 2305460.049233287}, "cmdq": 0, "read": {"device_start": -1, "device_end": -1}}, "FFC_sans_bias38": {"write": {"device_start": -1, "host_queued_start": 1585637685.777759, "device_queued": -1, "device_end": -1, "host_queued_end": 1585637685.789396}, "device": "cpu", "nd_range": {"device_start": 2305460.04377662, "device_end": 2305460.048369533}, "cmdq": 0, "read": {"device_start": -1, "device_end": -1}}, "empty26": {"write": {"device_start": -1,