{"FFC_sans_bias4": {"write": {"device_start": -1, "host_queued_start": 1585637809.72043, "device_queued": -1, "device_end": -1, "host_queued_end": 1585637809.722239}, "device": "cpu", "nd_range": {"device_start": 2305583.924467735, "device_end": 2305583.9320819993}, "cmdq": 2, "read": {"device_start": -1, "device_end": -1}}, "FFC_sans_bias7": {"write": {"device_start": -1, "host_queued_start": 1585637809.722192, "device_queued": -1, "device_end": -1, "host_queued_end": 1585637809.722239}, "device": "cpu", "nd_range": {"device_start": 2305583.9361862233, "device_end": 2305583.9410742032}, "cmdq": 2, "read": {"device_start": -1, "device_end": -1}}, "FFC_sans_bias6": {"write": {"device_start": -1, "host_queued_start": 1585637809.721092, "device_queued": -1, "device_end": -1, "host_queued_end": 1585637809.722239}, "device": "cpu", "nd_range": {"device_start": 2305583.932220037, "device_end": 2305583.9361672173}, "cmdq": 1, "read": {"device_start": -1, "device_end": -1}}, "FFC_sans_bias1": {"write": {"device_start": -1, "host_queued_start": 1585637809.718261, "device_queued": -1, "device_end": -1, "host_queued_end": 1585637809.722239}, "device": "cpu", "nd_range": {"device_start": 2305583.9118560622, "device_end": 2305583.920285156}, "cmdq": 2, "read": {"device_start": -1, "device_end": -1}}, "FFC_sans_bias0": {"write": {"device_start": -1, "host_queued_start": 1585637809.716771, "device_queued": -1, "device_end": -1, "host_queued_end": 1585637809.722239}, "device": "cpu", "nd_range": {"device_start": 2305583.9118507123, "device_end": 2305583.9241744713}, "cmdq": 1, "read": {"device_start": -1, "device_end": -1}}, "FFC_sans_bias2": {"write": {"device_start": -1, "host_queued_start": 1585637809.719603, "device_queued": -1, "device_end": -1, "host_queued_end": 1585637809.722239}, "device": "cpu", "nd_range": {"device_start": 2305583.912118943, "device_end": 2305583.923969463}, "cmdq": 0, "read": {"device_start": -1, "device_end": -1}}, "FFC_sans_bias52": {"write": {"device_start": 1585637742.8915803, "host_queued_start": 1585637809.713781, "device_queued": 1585637742.8806887, "device_end": 1585637742.8916054, "host_queued_end": 1585637809.713891}, "device": "gpu", "nd_range": {"device_start": 1585637742.891613, "device_end": 1585637742.8923597}, "cmdq": 2, "read": {"device_start": 1585637742.892364, "device_end": 1585637742.8923864}}, "FFC_sans_bias9": {"write": {"device_start": 1585637742.8777037, "host_queued_start": 1585637809.687946, "device_queued": 1585637742.8775258, "device_end": 1585637742.8777866, "host_queued_end": 1585637809.713891}, "device": "gpu", "nd_range": {"device_start": 1585637742.8777962, "device_end": 1585637742.8784068}, "cmdq": 2, "read": {"device_start": -1, "device_end": -1}}, "coalesced_transpose39": {"write": {"device_start": -1, "host_queued_start": 1585637809.703828, "device_queued": -1, "device_end": -1, "host_queued_end": 1585637809.713891}, "device": "gpu", "nd_range": {"device_start": 1585637742.884998, "device_end": 1585637742.8850205}, "cmdq": 2, "read": {"device_start": -1, "device_end": -1}}, "FFC_sans_bias51": {"write": {"device_start": -1, "host_queued_start": 1585637809.708584, "device_queued": -1, "device_end": -1, "host_queued_end": 1585637809.713891}, "device": "gpu", "nd_range": {"device_start": 1585637742.889513, "device_end": 1585637742.890906}, "cmdq": 0, "read": {"device_start": -1, "device_end": -1}}, "softmax23": {"write": {"device_start": -1, "host_queued_start": 1585637809.706276, "device_queued": -1, "device_end": -1, "host_queued_end": 1585637809.713891}, "device": "gpu", "nd_range": {"device_start": 1585637742.8876293, "device_end": 1585637742.8878317}, "cmdq": 1, "read": {"device_start": -1, "device_end": -1}}, "FFC_sans_bias37": {"write": {"device_start": 1585637742.8819134, "host_queued_start": 1585637809.698402, "device_queued": 1585637742.878658, "device_end": 1585637742.88194, "host_queued_end": 1585637809.713891}, "device": "gpu", "nd_range": {"device_start": 1585637742.8819454, "device_end": 1585637742.8831937}, "cmdq": 0, "read": {"device_start": -1, "device_end": -1}}, "softmax41": {"write": {"device_start": -1, "host_queued_start": 1585637809.706795, "device_queued": -1, "device_end": -1, "host_queued_end": 1585637809.713891}, "device": "gpu", "nd_range": {"device_start": 1585637742.8879025, "device_end": 1585637742.8882794}, "cmdq": 0, "read": {"device_start": -1, "device_end": -1}}, "FFC_sans_bias11": {"write": {"device_start": 1585637742.8779333, "host_queued_start": 1585637809.690025, "device_queued": 1585637742.8778307, "device_end": 1585637742.8779628, "host_queued_end": 1585637809.713891}, "device": "gpu", "nd_range": {"device_start": 1585637742.8779662, "device_end": 1585637742.879367}, "cmdq": 1, "read": {"device_start": -1, "device_end": -1}}, "FFC_sans_bias10": {"write": {"device_start": 1585637742.8778033, "host_queued_start": 1585637809.688983, "device_queued": 1585637742.8776126, "device_end": 1585637742.8778374, "host_queued_end": 1585637809.713891}, "device": "gpu", "nd_range": {"device_start": 1585637742.8778489, "device_end": 1585637742.878806}, "cmdq": 0, "read": {"device_start": -1, "device_end": -1}}, "coalesced_transpose3": {"write": {"device_start": -1, "host_queued_start": 1585637809.720013, "device_queued": -1, "device_end": -1, "host_queued_end": 1585637809.722239}, "device": "cpu", "nd_range": {"device_start": 2305583.924198043, "device_end": 2305583.924303297}, "cmdq": 1, "read": {"device_start": -1, "device_end": -1}}, "FFC_sans_bias34": {"write": {"device_start": 1585637742.8909843, "host_queued_start": 1585637809.711695, "device_queued": 1585637742.880467, "device_end": 1585637742.89101, "host_queued_end": 1585637809.713891}, "device": "gpu", "nd_range": {"device_start": 1585637742.891019, "device_end": 1585637742.8918884}, "cmdq": 0, "read": {"device_start": 1585637742.891898, "device_end": 1585637742.891921}}, "FFC_sans_bias15": {"write": {"device_start": -1, "host_queued_start": 1585637809.707349, "device_queued": -1, "device_end": -1, "host_queued_end": 1585637809.713891}, "device": "gpu", "nd_range": {"device_start": 1585637742.8879135, "device_end": 1585637742.8885224}, "cmdq": 2, "read": {"device_start": -1, "device_end": -1}}, "FFC_sans_bias31": {"write": {"device_start": -1, "host_queued_start": 1585637809.705146, "device_queued": -1, "device_end": -1, "host_queued_end": 1585637809.713891}, "device": "gpu", "nd_range": {"device_start": 1585637742.885177, "device_end": 1585637742.8867304}, "cmdq": 0, "read": {"device_start": -1, "device_end": -1}}, "FFC_sans_bias16": {"write": {"device_start": 1585637742.8890135, "host_queued_start": 1585637809.709591, "device_queued": 1585637742.8803616, "device_end": 1585637742.8890388, "host_queued_end": 1585637809.713891}, "device": "gpu", "nd_range": {"device_start": 1585637742.8890486, "device_end": 1585637742.890471}, "cmdq": 1, "read": {"device_start": 1585637742.8904731, "device_end": 1585637742.8904972}}, "FFC_sans_bias19": {"write": {"device_start": 1585637742.8789408, "host_queued_start": 1585637809.692129, "device_queued": 1585637742.8780138, "device_end": 1585637742.8789704, "host_queued_end": 1585637809.713891}, "device": "gpu", "nd_range": {"device_start": 1585637742.878976, "device_end": 1585637742.8803177}, "cmdq": 0, "read": {"device_start": -1, "device_end": -1}}, "FFC_sans_bias18": {"write": {"device_start": 1585637742.8785398, "host_queued_start": 1585637809.691092, "device_queued": 1585637742.8778543, "device_end": 1585637742.8785694, "host_queued_end": 1585637809.713891}, "device": "gpu", "nd_range": {"device_start": 1585637742.8785715, "device_end": 1585637742.8797991}, "cmdq": 2, "read": {"device_start": -1, "device_end": -1}}, "coalesced_transpose30": {"write": {"device_start": -1, "host_queued_start": 1585637809.703529, "device_queued": -1, "device_end": -1, "host_queued_end": 1585637809.713891}, "device": "gpu", "nd_range": {"device_start": 1585637742.8851311,