{"FFC_sans_bias4": {"write": {"device_start": -1, "host_queued_start": 1585637721.549781, "device_queued": -1, "device_end": -1, "host_queued_end": 1585637721.557374}, "device": "cpu", "nd_range": {"device_start": 2305495.802842005, "device_end": 2305495.810960128}, "cmdq": 2, "read": {"device_start": -1, "device_end": -1}}, "FFC_sans_bias7": {"write": {"device_start": -1, "host_queued_start": 1585637721.554344, "device_queued": -1, "device_end": -1, "host_queued_end": 1585637721.557374}, "device": "cpu", "nd_range": {"device_start": 2305495.832207179, "device_end": 2305495.84765374}, "cmdq": 2, "read": {"device_start": -1, "device_end": -1}}, "FFC_sans_bias6": {"write": {"device_start": -1, "host_queued_start": 1585637721.552253, "device_queued": -1, "device_end": -1, "host_queued_end": 1585637721.557374}, "device": "cpu", "nd_range": {"device_start": 2305495.8142519863, "device_end": 2305495.821648852}, "cmdq": 1, "read": {"device_start": -1, "device_end": -1}}, "FFC_sans_bias1": {"write": {"device_start": -1, "host_queued_start": 1585637721.537377, "device_queued": -1, "device_end": -1, "host_queued_end": 1585637721.557374}, "device": "cpu", "nd_range": {"device_start": 2305495.7470366443, "device_end": 2305495.758620487}, "cmdq": 2, "read": {"device_start": -1, "device_end": -1}}, "FFC_sans_bias0": {"write": {"device_start": -1, "host_queued_start": 1585637721.536268, "device_queued": -1, "device_end": -1, "host_queued_end": 1585637721.557374}, "device": "cpu", "nd_range": {"device_start": 2305495.747013261, "device_end": 2305495.755642311}, "cmdq": 1, "read": {"device_start": -1, "device_end": -1}}, "FFC_sans_bias2": {"write": {"device_start": -1, "host_queued_start": 1585637721.538495, "device_queued": -1, "device_end": -1, "host_queued_end": 1585637721.557374}, "device": "cpu", "nd_range": {"device_start": 2305495.747021581, "device_end": 2305495.763273837}, "cmdq": 0, "read": {"device_start": -1, "device_end": -1}}, "FFC_sans_bias52": {"write": {"device_start": 1585637654.702128, "host_queued_start": 1585637721.531086, "device_queued": 1585637654.6979861, "device_end": 1585637654.7021587, "host_queued_end": 1585637721.53119}, "device": "gpu", "nd_range": {"device_start": 1585637654.7021623, "device_end": 1585637654.7030034}, "cmdq": 1, "read": {"device_start": 1585637654.7030056, "device_end": 1585637654.703029}}, "FFC_sans_bias9": {"write": {"device_start": -1, "host_queued_start": 1585637721.539563, "device_queued": -1, "device_end": -1, "host_queued_end": 1585637721.557374}, "device": "cpu", "nd_range": {"device_start": 2305495.756734029, "device_end": 2305495.776964338}, "cmdq": 1, "read": {"device_start": -1, "device_end": -1}}, "coalesced_transpose39": {"write": {"device_start": -1, "host_queued_start": 1585637721.526948, "device_queued": -1, "device_end": -1, "host_queued_end": 1585637721.53119}, "device": "gpu", "nd_range": {"device_start": 1585637654.699568, "device_end": 1585637654.699882}, "cmdq": 0, "read": {"device_start": -1, "device_end": -1}}, "FFC_sans_bias51": {"write": {"device_start": -1, "host_queued_start": 1585637721.528997, "device_queued": -1, "device_end": -1, "host_queued_end": 1585637721.53119}, "device": "gpu", "nd_range": {"device_start": 1585637654.7013297, "device_end": 1585637654.7020278}, "cmdq": 1, "read": {"device_start": -1, "device_end": -1}}, "softmax23": {"write": {"device_start": -1, "host_queued_start": 1585637721.551642, "device_queued": -1, "device_end": -1, "host_queued_end": 1585637721.557374}, "device": "cpu", "nd_range": {"device_start": 2305495.8232564763, "device_end": 2305495.823421495}, "cmdq": 2, "read": {"device_start": -1, "device_end": -1}}, "FFC_sans_bias37": {"write": {"device_start": 1585637654.6971374, "host_queued_start": 1585637721.522409, "device_queued": 1585637654.6970367, "device_end": 1585637654.6971672, "host_queued_end": 1585637721.53119}, "device": "gpu", "nd_range": {"device_start": 1585637654.6971712, "device_end": 1585637654.6980214}, "cmdq": 1, "read": {"device_start": -1, "device_end": -1}}, "softmax41": {"write": {"device_start": -1, "host_queued_start": 1585637721.528135, "device_queued": -1, "device_end": -1, "host_queued_end": 1585637721.53119}, "device": "gpu", "nd_range": {"device_start": 1585637654.700493, "device_end": 1585637654.701017}, "cmdq": 0, "read": {"device_start": -1, "device_end": -1}}, "FFC_sans_bias11": {"write": {"device_start": -1, "host_queued_start": 1585637721.541762, "device_queued": -1, "device_end": -1, "host_queued_end": 1585637721.557374}, "device": "cpu", "nd_range": {"device_start": 2305495.763395177, "device_end": 2305495.77792773}, "cmdq": 0, "read": {"device_start": -1, "device_end": -1}}, "FFC_sans_bias10": {"write": {"device_start": -1, "host_queued_start": 1585637721.540703, "device_queued": -1, "device_end": -1, "host_queued_end": 1585637721.557374}, "device": "cpu", "nd_range": {"device_start": 2305495.758738936, "device_end": 2305495.767275977}, "cmdq": 2, "read": {"device_start": -1, "device_end": -1}}, "coalesced_transpose3": {"write": {"device_start": -1, "host_queued_start": 1585637721.548452, "device_queued": -1, "device_end": -1, "host_queued_end": 1585637721.557374}, "device": "cpu", "nd_range": {"device_start": 2305495.802551254, "device_end": 2305495.802699435}, "cmdq": 1, "read": {"device_start": -1, "device_end": -1}}, "FFC_sans_bias34": {"write": {"device_start": -1, "host_queued_start": 1585637721.55733, "device_queued": -1, "device_end": -1, "host_queued_end": 1585637721.557374}, "device": "cpu", "nd_range": {"device_start": 2305495.847663462, "device_end": 2305495.8561953204}, "cmdq": 2, "read": {"device_start": -1, "device_end": -1}}, "FFC_sans_bias15": {"write": {"device_start": -1, "host_queued_start": 1585637721.552594, "device_queued": -1, "device_end": -1, "host_queued_end": 1585637721.557374}, "device": "cpu", "nd_range": {"device_start": 2305495.8234281223, "device_end": 2305495.832085958}, "cmdq": 2, "read": {"device_start": -1, "device_end": -1}}, "FFC_sans_bias31": {"write": {"device_start": -1, "host_queued_start": 1585637721.550812, "device_queued": -1, "device_end": -1, "host_queued_end": 1585637721.557374}, "device": "cpu", "nd_range": {"device_start": 2305495.811100886, "device_end": 2305495.823244492}, "cmdq": 2, "read": {"device_start": -1, "device_end": -1}}, "FFC_sans_bias16": {"write": {"device_start": -1, "host_queued_start": 1585637721.555356, "device_queued": -1, "device_end": -1, "host_queued_end": 1585637721.557374}, "device": "cpu", "nd_range": {"device_start": 2305495.8420784553, "device_end": 2305495.856788265}, "cmdq": 0, "read": {"device_start": -1, "device_end": -1}}, "FFC_sans_bias19": {"write": {"device_start": -1, "host_queued_start": 1585637721.543876, "device_queued": -1, "device_end": -1, "host_queued_end": 1585637721.557374}, "device": "cpu", "nd_range": {"device_start": 2305495.7672833763, "device_end": 2305495.775129177}, "cmdq": 2, "read": {"device_start": -1, "device_end": -1}}, "FFC_sans_bias18": {"write": {"device_start": -1, "host_queued_start": 1585637721.54283, "device_queued": -1, "device_end": -1, "host_queued_end": 1585637721.557374}, "device": "cpu", "nd_range": {"device_start": 2305495.77697569, "device_end": 2305495.7915618583}, "cmdq": 1, "read": {"device_start": -1, "device_end": -1}}, "coalesced_transpose30": {"write": {"device_start": -1, "host_queued_start": 1585637721.54944, "device_queued": -1, "device_end": -1, "host_queued_end": 1585637721.557374}, "device": "cpu", "nd_range": {"device_start": 2305495.802822447, "device_end": 2305495.803083292}, "cmdq": 1, "read": {"device_start": -1, "device_end": -1}}, "FFC_sans_bias38": {"write": {"device_start": 1585637654.6977367, "host_queued_start": 1585637721.523475, "device_queued": 1585637654.6970875, "device_end": 1585637654.6977613, "host_queued_end": 1585637721.53119}, "device": "gpu", "nd_range": {"device_start": 1585637654.697764, "device_end": 1585637654.698604}, "cmdq": 0,