{"FFC_sans_bias4": {"write": {"device_start": -1, "host_queued_start": 1585637578.540034, "device_queued": -1, "device_end": -1, "host_queued_end": 1585637578.54189}, "device": "cpu", "nd_range": {"device_start": 2305352.744304189, "device_end": 2305352.748438876}, "cmdq": 0, "read": {"device_start": -1, "device_end": -1}}, "FFC_sans_bias7": {"write": {"device_start": -1, "host_queued_start": 1585637578.541844, "device_queued": -1, "device_end": -1, "host_queued_end": 1585637578.54189}, "device": "cpu", "nd_range": {"device_start": 2305352.753537637, "device_end": 2305352.757857962}, "cmdq": 0, "read": {"device_start": -1, "device_end": -1}}, "FFC_sans_bias6": {"write": {"device_start": -1, "host_queued_start": 1585637578.540672, "device_queued": -1, "device_end": -1, "host_queued_end": 1585637578.54189}, "device": "cpu", "nd_range": {"device_start": 2305352.748728117, "device_end": 2305352.753530626}, "cmdq": 0, "read": {"device_start": -1, "device_end": -1}}, "FFC_sans_bias1": {"write": {"device_start": -1, "host_queued_start": 1585637578.538153, "device_queued": -1, "device_end": -1, "host_queued_end": 1585637578.54189}, "device": "cpu", "nd_range": {"device_start": 2305352.7360472833, "device_end": 2305352.739942736}, "cmdq": 0, "read": {"device_start": -1, "device_end": -1}}, "FFC_sans_bias0": {"write": {"device_start": -1, "host_queued_start": 1585637578.536888, "device_queued": -1, "device_end": -1, "host_queued_end": 1585637578.54189}, "device": "cpu", "nd_range": {"device_start": 2305352.731493573, "device_end": 2305352.735894616}, "cmdq": 0, "read": {"device_start": -1, "device_end": -1}}, "FFC_sans_bias2": {"write": {"device_start": -1, "host_queued_start": 1585637578.539274, "device_queued": -1, "device_end": -1, "host_queued_end": 1585637578.54189}, "device": "cpu", "nd_range": {"device_start": 2305352.740082382, "device_end": 2305352.7439034223}, "cmdq": 0, "read": {"device_start": -1, "device_end": -1}}, "FFC_sans_bias52": {"write": {"device_start": 1585637511.7265217, "host_queued_start": 1585637578.533923, "device_queued": 1585637511.7065144, "device_end": 1585637511.726545, "host_queued_end": 1585637578.534023}, "device": "gpu", "nd_range": {"device_start": 1585637511.7265503, "device_end": 1585637511.727142}, "cmdq": 0, "read": {"device_start": 1585637511.7271483, "device_end": 1585637511.7271705}}, "FFC_sans_bias9": {"write": {"device_start": 1585637511.7043066, "host_queued_start": 1585637578.507924, "device_queued": 1585637511.7037668, "device_end": 1585637511.7043364, "host_queued_end": 1585637578.534023}, "device": "gpu", "nd_range": {"device_start": 1585637511.704345, "device_end": 1585637511.704939}, "cmdq": 0, "read": {"device_start": -1, "device_end": -1}}, "coalesced_transpose39": {"write": {"device_start": -1, "host_queued_start": 1585637578.52383, "device_queued": -1, "device_end": -1, "host_queued_end": 1585637578.534023}, "device": "gpu", "nd_range": {"device_start": 1585637511.7162266, "device_end": 1585637511.716235}, "cmdq": 0, "read": {"device_start": -1, "device_end": -1}}, "FFC_sans_bias51": {"write": {"device_start": -1, "host_queued_start": 1585637578.528694, "device_queued": -1, "device_end": -1, "host_queued_end": 1585637578.534023}, "device": "gpu", "nd_range": {"device_start": 1585637511.7227128, "device_end": 1585637511.7233179}, "cmdq": 0, "read": {"device_start": -1, "device_end": -1}}, "softmax23": {"write": {"device_start": -1, "host_queued_start": 1585637578.526365, "device_queued": -1, "device_end": -1, "host_queued_end": 1585637578.534023}, "device": "gpu", "nd_range": {"device_start": 1585637511.71947, "device_end": 1585637511.7196808}, "cmdq": 0, "read": {"device_start": -1, "device_end": -1}}, "FFC_sans_bias37": {"write": {"device_start": 1585637511.7117612, "host_queued_start": 1585637578.518396, "device_queued": 1585637511.7048032, "device_end": 1585637511.7117844, "host_queued_end": 1585637578.534023}, "device": "gpu", "nd_range": {"device_start": 1585637511.7117896, "device_end": 1585637511.7123814}, "cmdq": 0, "read": {"device_start": -1, "device_end": -1}}, "softmax41": {"write": {"device_start": -1, "host_queued_start": 1585637578.52688, "device_queued": -1, "device_end": -1, "host_queued_end": 1585637578.534023}, "device": "gpu", "nd_range": {"device_start": 1585637511.719894, "device_end": 1585637511.7201042}, "cmdq": 0, "read": {"device_start": -1, "device_end": -1}}, "FFC_sans_bias11": {"write": {"device_start": 1585637511.7058363, "host_queued_start": 1585637578.510014, "device_queued": 1585637511.7040129, "device_end": 1585637511.7058659, "host_queued_end": 1585637578.534023}, "device": "gpu", "nd_range": {"device_start": 1585637511.7058697, "device_end": 1585637511.706473}, "cmdq": 0, "read": {"device_start": -1, "device_end": -1}}, "FFC_sans_bias10": {"write": {"device_start": 1585637511.7050703, "host_queued_start": 1585637578.508971, "device_queued": 1585637511.703824, "device_end": 1585637511.7050996, "host_queued_end": 1585637578.534023}, "device": "gpu", "nd_range": {"device_start": 1585637511.7051022, "device_end": 1585637511.7057006}, "cmdq": 0, "read": {"device_start": -1, "device_end": -1}}, "coalesced_transpose3": {"write": {"device_start": -1, "host_queued_start": 1585637578.53966, "device_queued": -1, "device_end": -1, "host_queued_end": 1585637578.54189}, "device": "cpu", "nd_range": {"device_start": 2305352.7440251773, "device_end": 2305352.744170389}, "cmdq": 0, "read": {"device_start": -1, "device_end": -1}}, "FFC_sans_bias34": {"write": {"device_start": 1585637511.7249918, "host_queued_start": 1585637578.531844, "device_queued": 1585637511.7062855, "device_end": 1585637511.7250154, "host_queued_end": 1585637578.534023}, "device": "gpu", "nd_range": {"device_start": 1585637511.7250197, "device_end": 1585637511.7256052}, "cmdq": 0, "read": {"device_start": 1585637511.7256093, "device_end": 1585637511.7256312}}, "FFC_sans_bias15": {"write": {"device_start": -1, "host_queued_start": 1585637578.527436, "device_queued": -1, "device_end": -1, "host_queued_end": 1585637578.534023}, "device": "gpu", "nd_range": {"device_start": 1585637511.7203155, "device_end": 1585637511.7209163}, "cmdq": 0, "read": {"device_start": -1, "device_end": -1}}, "FFC_sans_bias31": {"write": {"device_start": -1, "host_queued_start": 1585637578.525194, "device_queued": -1, "device_end": -1, "host_queued_end": 1585637578.534023}, "device": "gpu", "nd_range": {"device_start": 1585637511.717446, "device_end": 1585637511.7180436}, "cmdq": 0, "read": {"device_start": -1, "device_end": -1}}, "FFC_sans_bias16": {"write": {"device_start": 1585637511.7234454, "host_queued_start": 1585637578.529708, "device_queued": 1585637511.7060716, "device_end": 1585637511.7234695, "host_queued_end": 1585637578.534023}, "device": "gpu", "nd_range": {"device_start": 1585637511.7234733, "device_end": 1585637511.7240705}, "cmdq": 0, "read": {"device_start": 1585637511.7240748, "device_end": 1585637511.7240994}}, "FFC_sans_bias19": {"write": {"device_start": 1585637511.7073212, "host_queued_start": 1585637578.512162, "device_queued": 1585637511.7042384, "device_end": 1585637511.7073498, "host_queued_end": 1585637578.534023}, "device": "gpu", "nd_range": {"device_start": 1585637511.7073567, "device_end": 1585637511.7079513}, "cmdq": 0, "read": {"device_start": -1, "device_end": -1}}, "FFC_sans_bias18": {"write": {"device_start": 1585637511.706587, "host_queued_start": 1585637578.511104, "device_queued": 1585637511.7040498, "device_end": 1585637511.7066128, "host_queued_end": 1585637578.534023}, "device": "gpu", "nd_range": {"device_start": 1585637511.7066157, "device_end": 1585637511.7072165}, "cmdq": 0, "read": {"device_start": -1, "device_end": -1}}, "coalesced_transpose30": {"write": {"device_start": -1, "host_queued_start": 1585637578.523531, "device_queued": -1, "device_end": -1, "host_queued_end": 1585637578.534023}, "device": "gpu", "nd_range": {"device_start": 1585637511.7162173, "device_end": 1585637511.7162256},