{"FFC_sans_bias4": {"write": {"device_start": -1, "host_queued_start": 1585637793.09846, "device_queued": -1, "device_end": -1, "host_queued_end": 1585637793.102517}, "device": "cpu", "nd_range": {"device_start": 2305567.316479256, "device_end": 2305567.322069832}, "cmdq": 0, "read": {"device_start": -1, "device_end": -1}}, "FFC_sans_bias7": {"write": {"device_start": -1, "host_queued_start": 1585637793.101487, "device_queued": -1, "device_end": -1, "host_queued_end": 1585637793.102517}, "device": "cpu", "nd_range": {"device_start": 2305567.3301411252, "device_end": 2305567.335388104}, "cmdq": 0, "read": {"device_start": -1, "device_end": -1}}, "FFC_sans_bias6": {"write": {"device_start": -1, "host_queued_start": 1585637793.0999, "device_queued": -1, "device_end": -1, "host_queued_end": 1585637793.102517}, "device": "cpu", "nd_range": {"device_start": 2305567.322404075, "device_end": 2305567.33002789}, "cmdq": 0, "read": {"device_start": -1, "device_end": -1}}, "FFC_sans_bias1": {"write": {"device_start": -1, "host_queued_start": 1585637793.093006, "device_queued": -1, "device_end": -1, "host_queued_end": 1585637793.102517}, "device": "cpu", "nd_range": {"device_start": 2305567.2921332833, "device_end": 2305567.298850219}, "cmdq": 1, "read": {"device_start": -1, "device_end": -1}}, "FFC_sans_bias0": {"write": {"device_start": -1, "host_queued_start": 1585637793.091791, "device_queued": -1, "device_end": -1, "host_queued_end": 1585637793.102517}, "device": "cpu", "nd_range": {"device_start": 2305567.292134467, "device_end": 2305567.3004392963}, "cmdq": 0, "read": {"device_start": -1, "device_end": -1}}, "FFC_sans_bias2": {"write": {"device_start": -1, "host_queued_start": 1585637793.094216, "device_queued": -1, "device_end": -1, "host_queued_end": 1585637793.102517}, "device": "cpu", "nd_range": {"device_start": 2305567.300549947, "device_end": 2305567.308381345}, "cmdq": 0, "read": {"device_start": -1, "device_end": -1}}, "FFC_sans_bias52": {"write": {"device_start": 1585637726.2630944, "host_queued_start": 1585637793.08779, "device_queued": 1585637726.2544286, "device_end": 1585637726.263127, "host_queued_end": 1585637793.087889}, "device": "gpu", "nd_range": {"device_start": 1585637726.2631361, "device_end": 1585637726.264256}, "cmdq": 2, "read": {"device_start": 1585637726.2642596, "device_end": 1585637726.2642822}}, "FFC_sans_bias9": {"write": {"device_start": -1, "host_queued_start": 1585637793.095291, "device_queued": -1, "device_end": -1, "host_queued_end": 1585637793.102517}, "device": "cpu", "nd_range": {"device_start": 2305567.298974024, "device_end": 2305567.3056613463}, "cmdq": 1, "read": {"device_start": -1, "device_end": -1}}, "coalesced_transpose39": {"write": {"device_start": -1, "host_queued_start": 1585637793.079667, "device_queued": -1, "device_end": -1, "host_queued_end": 1585637793.087889}, "device": "gpu", "nd_range": {"device_start": 1585637726.25806, "device_end": 1585637726.2580745}, "cmdq": 0, "read": {"device_start": -1, "device_end": -1}}, "FFC_sans_bias51": {"write": {"device_start": -1, "host_queued_start": 1585637793.08362, "device_queued": -1, "device_end": -1, "host_queued_end": 1585637793.087889}, "device": "gpu", "nd_range": {"device_start": 1585637726.260917, "device_end": 1585637726.26231}, "cmdq": 1, "read": {"device_start": -1, "device_end": -1}}, "softmax23": {"write": {"device_start": -1, "host_queued_start": 1585637793.081486, "device_queued": -1, "device_end": -1, "host_queued_end": 1585637793.087889}, "device": "gpu", "nd_range": {"device_start": 1585637726.259086, "device_end": 1585637726.2602916}, "cmdq": 0, "read": {"device_start": -1, "device_end": -1}}, "FFC_sans_bias37": {"write": {"device_start": 1585637726.2555015, "host_queued_start": 1585637793.074518, "device_queued": 1585637726.2526479, "device_end": 1585637726.2555628, "host_queued_end": 1585637793.087889}, "device": "gpu", "nd_range": {"device_start": 1585637726.2555757, "device_end": 1585637726.2561874}, "cmdq": 2, "read": {"device_start": -1, "device_end": -1}}, "softmax41": {"write": {"device_start": -1, "host_queued_start": 1585637793.081973, "device_queued": -1, "device_end": -1, "host_queued_end": 1585637793.087889}, "device": "gpu", "nd_range": {"device_start": 1585637726.2600749, "device_end": 1585637726.2602863}, "cmdq": 2, "read": {"device_start": -1, "device_end": -1}}, "FFC_sans_bias11": {"write": {"device_start": -1, "host_queued_start": 1585637793.097405, "device_queued": -1, "device_end": -1, "host_queued_end": 1585637793.102517}, "device": "cpu", "nd_range": {"device_start": 2305567.307227718, "device_end": 2305567.3148596194}, "cmdq": 1, "read": {"device_start": -1, "device_end": -1}}, "FFC_sans_bias10": {"write": {"device_start": -1, "host_queued_start": 1585637793.096335, "device_queued": -1, "device_end": -1, "host_queued_end": 1585637793.102517}, "device": "cpu", "nd_range": {"device_start": 2305567.308499963, "device_end": 2305567.316143967}, "cmdq": 0, "read": {"device_start": -1, "device_end": -1}}, "coalesced_transpose3": {"write": {"device_start": -1, "host_queued_start": 1585637793.097734, "device_queued": -1, "device_end": -1, "host_queued_end": 1585637793.102517}, "device": "cpu", "nd_range": {"device_start": 2305567.3162610494, "device_end": 2305567.3163662343}, "cmdq": 0, "read": {"device_start": -1, "device_end": -1}}, "FFC_sans_bias34": {"write": {"device_start": 1585637726.262024, "host_queued_start": 1585637793.085684, "device_queued": 1585637726.2541702, "device_end": 1585637726.2620564, "host_queued_end": 1585637793.087889}, "device": "gpu", "nd_range": {"device_start": 1585637726.2620618, "device_end": 1585637726.2632935}, "cmdq": 0, "read": {"device_start": 1585637726.2633033, "device_end": 1585637726.2633262}}, "FFC_sans_bias15": {"write": {"device_start": -1, "host_queued_start": 1585637793.10029, "device_queued": -1, "device_end": -1, "host_queued_end": 1585637793.102517}, "device": "cpu", "nd_range": {"device_start": 2305567.3376479154, "device_end": 2305567.3418394173}, "cmdq": 1, "read": {"device_start": -1, "device_end": -1}}, "FFC_sans_bias31": {"write": {"device_start": -1, "host_queued_start": 1585637793.080614, "device_queued": -1, "device_end": -1, "host_queued_end": 1585637793.087889}, "device": "gpu", "nd_range": {"device_start": 1585637726.2580822, "device_end": 1585637726.2590792}, "cmdq": 0, "read": {"device_start": -1, "device_end": -1}}, "FFC_sans_bias16": {"write": {"device_start": -1, "host_queued_start": 1585637793.102473, "device_queued": -1, "device_end": -1, "host_queued_end": 1585637793.102517}, "device": "cpu", "nd_range": {"device_start": 2305567.341845179, "device_end": 2305567.3466984}, "cmdq": 1, "read": {"device_start": -1, "device_end": -1}}, "FFC_sans_bias19": {"write": {"device_start": 1585637726.2521312, "host_queued_start": 1585637793.068255, "device_queued": 1585637726.2519214, "device_end": 1585637726.2521596, "host_queued_end": 1585637793.087889}, "device": "gpu", "nd_range": {"device_start": 1585637726.2521636, "device_end": 1585637726.2531273}, "cmdq": 2, "read": {"device_start": -1, "device_end": -1}}, "FFC_sans_bias18": {"write": {"device_start": 1585637726.2520378, "host_queued_start": 1585637793.067221, "device_queued": 1585637726.251898, "device_end": 1585637726.2521071, "host_queued_end": 1585637793.087889}, "device": "gpu", "nd_range": {"device_start": 1585637726.2521167, "device_end": 1585637726.252722}, "cmdq": 1, "read": {"device_start": -1, "device_end": -1}}, "coalesced_transpose30": {"write": {"device_start": -1, "host_queued_start": 1585637793.079361, "device_queued": -1, "device_end": -1, "host_queued_end": 1585637793.087889}, "device": "gpu", "nd_range": {"device_start": 1585637726.2575853, "device_end": 1585637726.2579825}, "cmdq": 2, "read": {"device_start": -1, "device_end": -1}}, "FFC_sans_bias38": {"write": {"device_start": 1585637726.2555892, "host_queued_start": 1585637793.075591, "device_queued": 1585637726.2528605,