{"FFC_sans_bias4": {"write": {"device_start": -1, "host_queued_start": 1585637945.081196, "device_queued": -1, "device_end": -1, "host_queued_end": 1585637945.083067}, "device": "cpu", "nd_range": {"device_start": 2305719.284943084, "device_end": 2305719.288994446}, "cmdq": 0, "read": {"device_start": -1, "device_end": -1}}, "FFC_sans_bias7": {"write": {"device_start": -1, "host_queued_start": 1585637945.083022, "device_queued": -1, "device_end": -1, "host_queued_end": 1585637945.083067}, "device": "cpu", "nd_range": {"device_start": 2305719.294446364, "device_end": 2305719.2987416773}, "cmdq": 3, "read": {"device_start": -1, "device_end": -1}}, "FFC_sans_bias6": {"write": {"device_start": -1, "host_queued_start": 1585637945.081956, "device_queued": -1, "device_end": -1, "host_queued_end": 1585637945.083067}, "device": "cpu", "nd_range": {"device_start": 2305719.289328896, "device_end": 2305719.29432995}, "cmdq": 2, "read": {"device_start": -1, "device_end": -1}}, "FFC_sans_bias1": {"write": {"device_start": -1, "host_queued_start": 1585637945.078955, "device_queued": -1, "device_end": -1, "host_queued_end": 1585637945.083067}, "device": "cpu", "nd_range": {"device_start": 2305719.27267279, "device_end": 2305719.284522579}, "cmdq": 2, "read": {"device_start": -1, "device_end": -1}}, "FFC_sans_bias0": {"write": {"device_start": -1, "host_queued_start": 1585637945.077626, "device_queued": -1, "device_end": -1, "host_queued_end": 1585637945.083067}, "device": "cpu", "nd_range": {"device_start": 2305719.2726628543, "device_end": 2305719.284521596}, "cmdq": 1, "read": {"device_start": -1, "device_end": -1}}, "FFC_sans_bias2": {"write": {"device_start": -1, "host_queued_start": 1585637945.080274, "device_queued": -1, "device_end": -1, "host_queued_end": 1585637945.083067}, "device": "cpu", "nd_range": {"device_start": 2305719.272676314, "device_end": 2305719.2803621544}, "cmdq": 3, "read": {"device_start": -1, "device_end": -1}}, "FFC_sans_bias52": {"write": {"device_start": 1585637878.2546093, "host_queued_start": 1585637945.074795, "device_queued": 1585637878.238085, "device_end": 1585637878.2546337, "host_queued_end": 1585637945.074893}, "device": "gpu", "nd_range": {"device_start": 1585637878.2546396, "device_end": 1585637878.2562313}, "cmdq": 0, "read": {"device_start": 1585637878.2562356, "device_end": 1585637878.2562575}}, "FFC_sans_bias9": {"write": {"device_start": 1585637878.2350402, "host_queued_start": 1585637945.048472, "device_queued": 1585637878.2349088, "device_end": 1585637878.235094, "host_queued_end": 1585637945.074893}, "device": "gpu", "nd_range": {"device_start": 1585637878.2351568, "device_end": 1585637878.2357714}, "cmdq": 1, "read": {"device_start": -1, "device_end": -1}}, "coalesced_transpose39": {"write": {"device_start": -1, "host_queued_start": 1585637945.064736, "device_queued": -1, "device_end": -1, "host_queued_end": 1585637945.074893}, "device": "gpu", "nd_range": {"device_start": 1585637878.2425344, "device_end": 1585637878.2425628}, "cmdq": 3, "read": {"device_start": -1, "device_end": -1}}, "FFC_sans_bias51": {"write": {"device_start": -1, "host_queued_start": 1585637945.06959, "device_queued": -1, "device_end": -1, "host_queued_end": 1585637945.074893}, "device": "gpu", "nd_range": {"device_start": 1585637878.2461312, "device_end": 1585637878.2480001}, "cmdq": 3, "read": {"device_start": -1, "device_end": -1}}, "softmax23": {"write": {"device_start": -1, "host_queued_start": 1585637945.067277, "device_queued": -1, "device_end": -1, "host_queued_end": 1585637945.074893}, "device": "gpu", "nd_range": {"device_start": 1585637878.244128, "device_end": 1585637878.2455072}, "cmdq": 3, "read": {"device_start": -1, "device_end": -1}}, "FFC_sans_bias37": {"write": {"device_start": 1585637878.238784, "host_queued_start": 1585637945.059184, "device_queued": 1585637878.235817, "device_end": 1585637878.2388165, "host_queued_end": 1585637945.074893}, "device": "gpu", "nd_range": {"device_start": 1585637878.2388241, "device_end": 1585637878.240588}, "cmdq": 3, "read": {"device_start": -1, "device_end": -1}}, "softmax41": {"write": {"device_start": -1, "host_queued_start": 1585637945.067777, "device_queued": -1, "device_end": -1, "host_queued_end": 1585637945.074893}, "device": "gpu", "nd_range": {"device_start": 1585637878.245026, "device_end": 1585637878.2452292}, "cmdq": 1, "read": {"device_start": -1, "device_end": -1}}, "FFC_sans_bias11": {"write": {"device_start": 1585637878.2352178, "host_queued_start": 1585637945.050648, "device_queued": 1585637878.2349412, "device_end": 1585637878.2352912, "host_queued_end": 1585637945.074893}, "device": "gpu", "nd_range": {"device_start": 1585637878.2352953, "device_end": 1585637878.2367454}, "cmdq": 3, "read": {"device_start": -1, "device_end": -1}}, "FFC_sans_bias10": {"write": {"device_start": 1585637878.2351272, "host_queued_start": 1585637945.049534, "device_queued": 1585637878.2349234, "device_end": 1585637878.2352037, "host_queued_end": 1585637945.074893}, "device": "gpu", "nd_range": {"device_start": 1585637878.2352068, "device_end": 1585637878.2361724}, "cmdq": 2, "read": {"device_start": -1, "device_end": -1}}, "coalesced_transpose3": {"write": {"device_start": -1, "host_queued_start": 1585637945.080729, "device_queued": -1, "device_end": -1, "host_queued_end": 1585637945.083067}, "device": "cpu", "nd_range": {"device_start": 2305719.2845426314, "device_end": 2305719.284632449}, "cmdq": 4, "read": {"device_start": -1, "device_end": -1}}, "FFC_sans_bias34": {"write": {"device_start": 1585637878.2538192, "host_queued_start": 1585637945.072706, "device_queued": 1585637878.2377334, "device_end": 1585637878.2538714, "host_queued_end": 1585637945.074893}, "device": "gpu", "nd_range": {"device_start": 1585637878.2538831, "device_end": 1585637878.2553422}, "cmdq": 2, "read": {"device_start": 1585637878.255351, "device_end": 1585637878.2553737}}, "FFC_sans_bias15": {"write": {"device_start": -1, "host_queued_start": 1585637945.068324, "device_queued": -1, "device_end": -1, "host_queued_end": 1585637945.074893}, "device": "gpu", "nd_range": {"device_start": 1585637878.245515, "device_end": 1585637878.2461243}, "cmdq": 3, "read": {"device_start": -1, "device_end": -1}}, "FFC_sans_bias31": {"write": {"device_start": -1, "host_queued_start": 1585637945.066116, "device_queued": -1, "device_end": -1, "host_queued_end": 1585637945.074893}, "device": "gpu", "nd_range": {"device_start": 1585637878.2425733, "device_end": 1585637878.2441208}, "cmdq": 3, "read": {"device_start": -1, "device_end": -1}}, "FFC_sans_bias16": {"write": {"device_start": 1585637878.2536595, "host_queued_start": 1585637945.070611, "device_queued": 1585637878.2375338, "device_end": 1585637878.2537267, "host_queued_end": 1585637945.074893}, "device": "gpu", "nd_range": {"device_start": 1585637878.2537513, "device_end": 1585637878.254371}, "cmdq": 0, "read": {"device_start": 1585637878.2543786, "device_end": 1585637878.2544024}}, "FFC_sans_bias19": {"write": {"device_start": 1585637878.235849, "host_queued_start": 1585637945.052773, "device_queued": 1585637878.2353747, "device_end": 1585637878.235879, "host_queued_end": 1585637945.074893}, "device": "gpu", "nd_range": {"device_start": 1585637878.2358847, "device_end": 1585637878.237711}, "cmdq": 1, "read": {"device_start": -1, "device_end": -1}}, "FFC_sans_bias18": {"write": {"device_start": 1585637878.2353067, "host_queued_start": 1585637945.051715, "device_queued": 1585637878.2351997, "device_end": 1585637878.2353315, "host_queued_end": 1585637945.074893}, "device": "gpu", "nd_range": {"device_start": 1585637878.2353675, "device_end": 1585637878.2371676}, "cmdq": 0, "read": {"device_start": -1, "device_end": -1}}, "coalesced_transpose30": {"write": {"device_start": -1, "host_queued_start": 1585637945.064432, "device_queued": -1, "device_end": -1, "host_queued_end": 1585637945.074893}, "device": "gpu", "nd_range": {"device_start": 1585637878.2420342,