{"FFC_sans_bias4": {"write": {"device_start": -1, "host_queued_start": 1585637953.249986, "device_queued": -1, "device_end": -1, "host_queued_end": 1585637953.257562}, "device": "cpu", "nd_range": {"device_start": 2305727.489620274, "device_end": 2305727.504853033}, "cmdq": 0, "read": {"device_start": -1, "device_end": -1}}, "FFC_sans_bias7": {"write": {"device_start": -1, "host_queued_start": 1585637953.254534, "device_queued": -1, "device_end": -1, "host_queued_end": 1585637953.257562}, "device": "cpu", "nd_range": {"device_start": 2305727.5428062123, "device_end": 2305727.5537662674}, "cmdq": 2, "read": {"device_start": -1, "device_end": -1}}, "FFC_sans_bias6": {"write": {"device_start": -1, "host_queued_start": 1585637953.252472, "device_queued": -1, "device_end": -1, "host_queued_end": 1585637953.257562}, "device": "cpu", "nd_range": {"device_start": 2305727.527379522, "device_end": 2305727.542641439}, "cmdq": 3, "read": {"device_start": -1, "device_end": -1}}, "FFC_sans_bias1": {"write": {"device_start": -1, "host_queued_start": 1585637953.237559, "device_queued": -1, "device_end": -1, "host_queued_end": 1585637953.257562}, "device": "cpu", "nd_range": {"device_start": 2305727.447192788, "device_end": 2305727.4624991193}, "cmdq": 0, "read": {"device_start": -1, "device_end": -1}}, "FFC_sans_bias0": {"write": {"device_start": -1, "host_queued_start": 1585637953.236447, "device_queued": -1, "device_end": -1, "host_queued_end": 1585637953.257562}, "device": "cpu", "nd_range": {"device_start": 2305727.478744226, "device_end": 2305727.493994893}, "cmdq": 4, "read": {"device_start": -1, "device_end": -1}}, "FFC_sans_bias2": {"write": {"device_start": -1, "host_queued_start": 1585637953.238718, "device_queued": -1, "device_end": -1, "host_queued_end": 1585637953.257562}, "device": "cpu", "nd_range": {"device_start": 2305727.4471921553, "device_end": 2305727.462670431}, "cmdq": 1, "read": {"device_start": -1, "device_end": -1}}, "FFC_sans_bias52": {"write": {"device_start": 1585637886.3954983, "host_queued_start": 1585637953.231229, "device_queued": 1585637886.3920374, "device_end": 1585637886.395523, "host_queued_end": 1585637953.231329}, "device": "gpu", "nd_range": {"device_start": 1585637886.396325, "device_end": 1585637886.3972995}, "cmdq": 1, "read": {"device_start": 1585637886.3973048, "device_end": 1585637886.3973281}}, "FFC_sans_bias9": {"write": {"device_start": -1, "host_queued_start": 1585637953.239877, "device_queued": -1, "device_end": -1, "host_queued_end": 1585637953.257562}, "device": "cpu", "nd_range": {"device_start": 2305727.4475376112, "device_end": 2305727.46290251}, "cmdq": 2, "read": {"device_start": -1, "device_end": -1}}, "coalesced_transpose39": {"write": {"device_start": -1, "host_queued_start": 1585637953.227067, "device_queued": -1, "device_end": -1, "host_queued_end": 1585637953.231329}, "device": "gpu", "nd_range": {"device_start": 1585637886.3926854, "device_end": 1585637886.3939698}, "cmdq": 0, "read": {"device_start": -1, "device_end": -1}}, "FFC_sans_bias51": {"write": {"device_start": -1, "host_queued_start": 1585637953.229145, "device_queued": -1, "device_end": -1, "host_queued_end": 1585637953.231329}, "device": "gpu", "nd_range": {"device_start": 1585637886.395316, "device_end": 1585637886.3963218}, "cmdq": 3, "read": {"device_start": -1, "device_end": -1}}, "softmax23": {"write": {"device_start": -1, "host_queued_start": 1585637953.251864, "device_queued": -1, "device_end": -1, "host_queued_end": 1585637953.257562}, "device": "cpu", "nd_range": {"device_start": 2305727.5120951054, "device_end": 2305727.512316591}, "cmdq": 1, "read": {"device_start": -1, "device_end": -1}}, "FFC_sans_bias37": {"write": {"device_start": 1585637886.3911028, "host_queued_start": 1585637953.222498, "device_queued": 1585637886.39077, "device_end": 1585637886.3911273, "host_queued_end": 1585637953.231329}, "device": "gpu", "nd_range": {"device_start": 1585637886.391131, "device_end": 1585637886.3921235}, "cmdq": 3, "read": {"device_start": -1, "device_end": -1}}, "softmax41": {"write": {"device_start": -1, "host_queued_start": 1585637953.228273, "device_queued": -1, "device_end": -1, "host_queued_end": 1585637953.231329}, "device": "gpu", "nd_range": {"device_start": 1585637886.3950975, "device_end": 1585637886.395292}, "cmdq": 0, "read": {"device_start": -1, "device_end": -1}}, "FFC_sans_bias11": {"write": {"device_start": -1, "host_queued_start": 1585637953.24197, "device_queued": -1, "device_end": -1, "host_queued_end": 1585637953.257562}, "device": "cpu", "nd_range": {"device_start": 2305727.494115765, "device_end": 2305727.508129205}, "cmdq": 4, "read": {"device_start": -1, "device_end": -1}}, "FFC_sans_bias10": {"write": {"device_start": -1, "host_queued_start": 1585637953.240928, "device_queued": -1, "device_end": -1, "host_queued_end": 1585637953.257562}, "device": "cpu", "nd_range": {"device_start": 2305727.4472274063, "device_end": 2305727.463642409}, "cmdq": 3, "read": {"device_start": -1, "device_end": -1}}, "coalesced_transpose3": {"write": {"device_start": -1, "host_queued_start": 1585637953.248651, "device_queued": -1, "device_end": -1, "host_queued_end": 1585637953.257562}, "device": "cpu", "nd_range": {"device_start": 2305727.487406643, "device_end": 2305727.487655512}, "cmdq": 1, "read": {"device_start": -1, "device_end": -1}}, "FFC_sans_bias34": {"write": {"device_start": -1, "host_queued_start": 1585637953.257518, "device_queued": -1, "device_end": -1, "host_queued_end": 1585637953.257562}, "device": "cpu", "nd_range": {"device_start": 2305727.543084526, "device_end": 2305727.554554045}, "cmdq": 0, "read": {"device_start": -1, "device_end": -1}}, "FFC_sans_bias15": {"write": {"device_start": -1, "host_queued_start": 1585637953.252812, "device_queued": -1, "device_end": -1, "host_queued_end": 1585637953.257562}, "device": "cpu", "nd_range": {"device_start": 2305727.51504288, "device_end": 2305727.526461311}, "cmdq": 4, "read": {"device_start": -1, "device_end": -1}}, "FFC_sans_bias31": {"write": {"device_start": -1, "host_queued_start": 1585637953.251038, "device_queued": -1, "device_end": -1, "host_queued_end": 1585637953.257562}, "device": "cpu", "nd_range": {"device_start": 2305727.516853445, "device_end": 2305727.5273674293}, "cmdq": 3, "read": {"device_start": -1, "device_end": -1}}, "FFC_sans_bias16": {"write": {"device_start": -1, "host_queued_start": 1585637953.255548, "device_queued": -1, "device_end": -1, "host_queued_end": 1585637953.257562}, "device": "cpu", "nd_range": {"device_start": 2305727.542781103, "device_end": 2305727.551458007}, "cmdq": 3, "read": {"device_start": -1, "device_end": -1}}, "FFC_sans_bias19": {"write": {"device_start": -1, "host_queued_start": 1585637953.244074, "device_queued": -1, "device_end": -1, "host_queued_end": 1585637953.257562}, "device": "cpu", "nd_range": {"device_start": 2305727.466209357, "device_end": 2305727.4865407404}, "cmdq": 1, "read": {"device_start": -1, "device_end": -1}}, "FFC_sans_bias18": {"write": {"device_start": -1, "host_queued_start": 1585637953.243036, "device_queued": -1, "device_end": -1, "host_queued_end": 1585637953.257562}, "device": "cpu", "nd_range": {"device_start": 2305727.462636283, "device_end": 2305727.4779235013}, "cmdq": 0, "read": {"device_start": -1, "device_end": -1}}, "coalesced_transpose30": {"write": {"device_start": -1, "host_queued_start": 1585637953.249644, "device_queued": -1, "device_end": -1, "host_queued_end": 1585637953.257562}, "device": "cpu", "nd_range": {"device_start": 2305727.514377303, "device_end": 2305727.514617489}, "cmdq": 4, "read": {"device_start": -1, "device_end": -1}}, "FFC_sans_bias38": {"write": {"device_start": 1585637886.391214, "host_queued_start": 1585637953.223588, "device_queued": 1585637886.3911378, "device_end": 1585637886.3912382, "host_queued_end": 1585637953.231329}, "device": "gpu", "nd_range": {"device_start": 1585637886.3912413, "device_end": 1585637886.392683}, "cmdq": 0,