{"FFC_sans_bias4": {"write": {"device_start": -1, "host_queued_start": 1585637638.997862, "device_queued": -1, "device_end": -1, "host_queued_end": 1585637639.00161}, "device": "cpu", "nd_range": {"device_start": 2305413.229344163, "device_end": 2305413.237728429}, "cmdq": 2, "read": {"device_start": -1, "device_end": -1}}, "FFC_sans_bias7": {"write": {"device_start": -1, "host_queued_start": 1585637639.000495, "device_queued": -1, "device_end": -1, "host_queued_end": 1585637639.00161}, "device": "cpu", "nd_range": {"device_start": 2305413.2460551932, "device_end": 2305413.2526965113}, "cmdq": 0, "read": {"device_start": -1, "device_end": -1}}, "FFC_sans_bias6": {"write": {"device_start": -1, "host_queued_start": 1585637638.999111, "device_queued": -1, "device_end": -1, "host_queued_end": 1585637639.00161}, "device": "cpu", "nd_range": {"device_start": 2305413.238220285, "device_end": 2305413.2458984233}, "cmdq": 2, "read": {"device_start": -1, "device_end": -1}}, "FFC_sans_bias1": {"write": {"device_start": -1, "host_queued_start": 1585637638.992267, "device_queued": -1, "device_end": -1, "host_queued_end": 1585637639.00161}, "device": "cpu", "nd_range": {"device_start": 2305413.1915513324, "device_end": 2305413.21490947}, "cmdq": 3, "read": {"device_start": -1, "device_end": -1}}, "FFC_sans_bias0": {"write": {"device_start": -1, "host_queued_start": 1585637638.991165, "device_queued": -1, "device_end": -1, "host_queued_end": 1585637639.00161}, "device": "cpu", "nd_range": {"device_start": 2305413.207458068, "device_end": 2305413.217787525}, "cmdq": 2, "read": {"device_start": -1, "device_end": -1}}, "FFC_sans_bias2": {"write": {"device_start": -1, "host_queued_start": 1585637638.993443, "device_queued": -1, "device_end": -1, "host_queued_end": 1585637639.00161}, "device": "cpu", "nd_range": {"device_start": 2305413.191509509, "device_end": 2305413.2088221973}, "cmdq": 0, "read": {"device_start": -1, "device_end": -1}}, "FFC_sans_bias52": {"write": {"device_start": 1585637572.1729221, "host_queued_start": 1585637638.9875, "device_queued": 1585637572.1578107, "device_end": 1585637572.172951, "host_queued_end": 1585637638.9876}, "device": "gpu", "nd_range": {"device_start": 1585637572.172959, "device_end": 1585637572.173554}, "cmdq": 0, "read": {"device_start": 1585637572.1735573, "device_end": 1585637572.1735811}}, "FFC_sans_bias9": {"write": {"device_start": -1, "host_queued_start": 1585637638.994533, "device_queued": -1, "device_end": -1, "host_queued_end": 1585637639.00161}, "device": "cpu", "nd_range": {"device_start": 2305413.19131126, "device_end": 2305413.20716319}, "cmdq": 1, "read": {"device_start": -1, "device_end": -1}}, "coalesced_transpose39": {"write": {"device_start": -1, "host_queued_start": 1585637638.979367, "device_queued": -1, "device_end": -1, "host_queued_end": 1585637638.9876}, "device": "gpu", "nd_range": {"device_start": 1585637572.1646488, "device_end": 1585637572.1646566}, "cmdq": 0, "read": {"device_start": -1, "device_end": -1}}, "FFC_sans_bias51": {"write": {"device_start": -1, "host_queued_start": 1585637638.98331, "device_queued": -1, "device_end": -1, "host_queued_end": 1585637638.9876}, "device": "gpu", "nd_range": {"device_start": 1585637572.169758, "device_end": 1585637572.170359}, "cmdq": 0, "read": {"device_start": -1, "device_end": -1}}, "softmax23": {"write": {"device_start": -1, "host_queued_start": 1585637638.981173, "device_queued": -1, "device_end": -1, "host_queued_end": 1585637638.9876}, "device": "gpu", "nd_range": {"device_start": 1585637572.1670759, "device_end": 1585637572.1672876}, "cmdq": 0, "read": {"device_start": -1, "device_end": -1}}, "FFC_sans_bias37": {"write": {"device_start": 1585637572.1610055, "host_queued_start": 1585637638.974199, "device_queued": 1585637572.1563518, "device_end": 1585637572.1610348, "host_queued_end": 1585637638.9876}, "device": "gpu", "nd_range": {"device_start": 1585637572.161041, "device_end": 1585637572.1616406}, "cmdq": 0, "read": {"device_start": -1, "device_end": -1}}, "softmax41": {"write": {"device_start": -1, "host_queued_start": 1585637638.98167, "device_queued": -1, "device_end": -1, "host_queued_end": 1585637638.9876}, "device": "gpu", "nd_range": {"device_start": 1585637572.1675005, "device_end": 1585637572.1677108}, "cmdq": 0, "read": {"device_start": -1, "device_end": -1}}, "FFC_sans_bias11": {"write": {"device_start": -1, "host_queued_start": 1585637638.996787, "device_queued": -1, "device_end": -1, "host_queued_end": 1585637639.00161}, "device": "cpu", "nd_range": {"device_start": 2305413.217967907, "device_end": 2305413.2366661713}, "cmdq": 3, "read": {"device_start": -1, "device_end": -1}}, "FFC_sans_bias10": {"write": {"device_start": -1, "host_queued_start": 1585637638.995713, "device_queued": -1, "device_end": -1, "host_queued_end": 1585637639.00161}, "device": "cpu", "nd_range": {"device_start": 2305413.2179647763, "device_end": 2305413.229172618}, "cmdq": 2, "read": {"device_start": -1, "device_end": -1}}, "coalesced_transpose3": {"write": {"device_start": -1, "host_queued_start": 1585637638.997183, "device_queued": -1, "device_end": -1, "host_queued_end": 1585637639.00161}, "device": "cpu", "nd_range": {"device_start": 2305413.218012459, "device_end": 2305413.218162075}, "cmdq": 0, "read": {"device_start": -1, "device_end": -1}}, "FFC_sans_bias34": {"write": {"device_start": 1585637572.1713083, "host_queued_start": 1585637638.985365, "device_queued": 1585637572.1576183, "device_end": 1585637572.1713383, "host_queued_end": 1585637638.9876}, "device": "gpu", "nd_range": {"device_start": 1585637572.1713412, "device_end": 1585637572.171941}, "cmdq": 0, "read": {"device_start": 1585637572.1719475, "device_end": 1585637572.1719694}}, "FFC_sans_bias15": {"write": {"device_start": -1, "host_queued_start": 1585637638.999452, "device_queued": -1, "device_end": -1, "host_queued_end": 1585637639.00161}, "device": "cpu", "nd_range": {"device_start": 2305413.247282978, "device_end": 2305413.2558000553}, "cmdq": 3, "read": {"device_start": -1, "device_end": -1}}, "FFC_sans_bias31": {"write": {"device_start": -1, "host_queued_start": 1585637638.980297, "device_queued": -1, "device_end": -1, "host_queued_end": 1585637638.9876}, "device": "gpu", "nd_range": {"device_start": 1585637572.1652627, "device_end": 1585637572.1658676}, "cmdq": 0, "read": {"device_start": -1, "device_end": -1}}, "FFC_sans_bias16": {"write": {"device_start": -1, "host_queued_start": 1585637639.001532, "device_queued": -1, "device_end": -1, "host_queued_end": 1585637639.00161}, "device": "cpu", "nd_range": {"device_start": 2305413.255806467, "device_end": 2305413.259833992}, "cmdq": 1, "read": {"device_start": -1, "device_end": -1}}, "FFC_sans_bias19": {"write": {"device_start": 1585637572.1566372, "host_queued_start": 1585637638.967935, "device_queued": 1585637572.155676, "device_end": 1585637572.1566608, "host_queued_end": 1585637638.9876}, "device": "gpu", "nd_range": {"device_start": 1585637572.1566691, "device_end": 1585637572.1572683}, "cmdq": 0, "read": {"device_start": -1, "device_end": -1}}, "FFC_sans_bias18": {"write": {"device_start": 1585637572.1559877, "host_queued_start": 1585637638.966963, "device_queued": 1585637572.155632, "device_end": 1585637572.1560178, "host_queued_end": 1585637638.9876}, "device": "gpu", "nd_range": {"device_start": 1585637572.1560261, "device_end": 1585637572.1565292}, "cmdq": 0, "read": {"device_start": -1, "device_end": -1}}, "coalesced_transpose30": {"write": {"device_start": -1, "host_queued_start": 1585637638.979063, "device_queued": -1, "device_end": -1, "host_queued_end": 1585637638.9876}, "device": "gpu", "nd_range": {"device_start": 1585637572.1646383, "device_end": 1585637572.164647}, "cmdq": 0, "read": {"device_start": -1, "device_end": -1}}, "FFC_sans_bias38": {"write": {"device_start": 1585637572.1617765, "host_queued_start": 1585637638.975278, "device_queued": 1585637572.1564915, "device_end": 1585637572.1618109,