{"FFC_sans_bias4": {"write": {"device_start": -1, "host_queued_start": 1585637895.220019, "device_queued": -1, "device_end": -1, "host_queued_end": 1585637895.227847}, "device": "cpu", "nd_range": {"device_start": 2305669.4661859344, "device_end": 2305669.475616739}, "cmdq": 0, "read": {"device_start": -1, "device_end": -1}}, "FFC_sans_bias7": {"write": {"device_start": -1, "host_queued_start": 1585637895.224721, "device_queued": -1, "device_end": -1, "host_queued_end": 1585637895.227847}, "device": "cpu", "nd_range": {"device_start": 2305669.4998078253, "device_end": 2305669.511044146}, "cmdq": 0, "read": {"device_start": -1, "device_end": -1}}, "FFC_sans_bias6": {"write": {"device_start": -1, "host_queued_start": 1585637895.222567, "device_queued": -1, "device_end": -1, "host_queued_end": 1585637895.227847}, "device": "cpu", "nd_range": {"device_start": 2305669.4833028084, "device_end": 2305669.490913058}, "cmdq": 0, "read": {"device_start": -1, "device_end": -1}}, "FFC_sans_bias1": {"write": {"device_start": -1, "host_queued_start": 1585637895.207113, "device_queued": -1, "device_end": -1, "host_queued_end": 1585637895.227847}, "device": "cpu", "nd_range": {"device_start": 2305669.417494229, "device_end": 2305669.42754648}, "cmdq": 1, "read": {"device_start": -1, "device_end": -1}}, "FFC_sans_bias0": {"write": {"device_start": -1, "host_queued_start": 1585637895.205957, "device_queued": -1, "device_end": -1, "host_queued_end": 1585637895.227847}, "device": "cpu", "nd_range": {"device_start": 2305669.41749498, "device_end": 2305669.4243810372}, "cmdq": 0, "read": {"device_start": -1, "device_end": -1}}, "FFC_sans_bias2": {"write": {"device_start": -1, "host_queued_start": 1585637895.208303, "device_queued": -1, "device_end": -1, "host_queued_end": 1585637895.227847}, "device": "cpu", "nd_range": {"device_start": 2305669.424512146, "device_end": 2305669.431785847}, "cmdq": 0, "read": {"device_start": -1, "device_end": -1}}, "FFC_sans_bias52": {"write": {"device_start": 1585637828.3665376, "host_queued_start": 1585637895.200679, "device_queued": 1585637828.363426, "device_end": 1585637828.366568, "host_queued_end": 1585637895.200781}, "device": "gpu", "nd_range": {"device_start": 1585637828.3673487, "device_end": 1585637828.3683286}, "cmdq": 1, "read": {"device_start": 1585637828.3683305, "device_end": 1585637828.3683565}}, "FFC_sans_bias9": {"write": {"device_start": -1, "host_queued_start": 1585637895.209355, "device_queued": -1, "device_end": -1, "host_queued_end": 1585637895.227847}, "device": "cpu", "nd_range": {"device_start": 2305669.427672665, "device_end": 2305669.4351935294}, "cmdq": 1, "read": {"device_start": -1, "device_end": -1}}, "coalesced_transpose39": {"write": {"device_start": -1, "host_queued_start": 1585637895.196363, "device_queued": -1, "device_end": -1, "host_queued_end": 1585637895.200781}, "device": "gpu", "nd_range": {"device_start": 1585637828.3637419, "device_end": 1585637828.3649895}, "cmdq": 0, "read": {"device_start": -1, "device_end": -1}}, "FFC_sans_bias51": {"write": {"device_start": -1, "host_queued_start": 1585637895.198499, "device_queued": -1, "device_end": -1, "host_queued_end": 1585637895.200781}, "device": "gpu", "nd_range": {"device_start": 1585637828.3663511, "device_end": 1585637828.3673458}, "cmdq": 3, "read": {"device_start": -1, "device_end": -1}}, "softmax23": {"write": {"device_start": -1, "host_queued_start": 1585637895.22195, "device_queued": -1, "device_end": -1, "host_queued_end": 1585637895.227847}, "device": "cpu", "nd_range": {"device_start": 2305669.482152693, "device_end": 2305669.483186394}, "cmdq": 0, "read": {"device_start": -1, "device_end": -1}}, "FFC_sans_bias37": {"write": {"device_start": 1585637828.3620534, "host_queued_start": 1585637895.191448, "device_queued": 1585637828.3618424, "device_end": 1585637828.3620794, "host_queued_end": 1585637895.200781}, "device": "gpu", "nd_range": {"device_start": 1585637828.3621702, "device_end": 1585637828.363166}, "cmdq": 3, "read": {"device_start": -1, "device_end": -1}}, "softmax41": {"write": {"device_start": -1, "host_queued_start": 1585637895.197557, "device_queued": -1, "device_end": -1, "host_queued_end": 1585637895.200781}, "device": "gpu", "nd_range": {"device_start": 1585637828.3661368, "device_end": 1585637828.3663325}, "cmdq": 0, "read": {"device_start": -1, "device_end": -1}}, "FFC_sans_bias11": {"write": {"device_start": -1, "host_queued_start": 1585637895.211685, "device_queued": -1, "device_end": -1, "host_queued_end": 1585637895.227847}, "device": "cpu", "nd_range": {"device_start": 2305669.4354742793, "device_end": 2305669.444409754}, "cmdq": 1, "read": {"device_start": -1, "device_end": -1}}, "FFC_sans_bias10": {"write": {"device_start": -1, "host_queued_start": 1585637895.210612, "device_queued": -1, "device_end": -1, "host_queued_end": 1585637895.227847}, "device": "cpu", "nd_range": {"device_start": 2305669.4319044123, "device_end": 2305669.441914561}, "cmdq": 0, "read": {"device_start": -1, "device_end": -1}}, "coalesced_transpose3": {"write": {"device_start": -1, "host_queued_start": 1585637895.218641, "device_queued": -1, "device_end": -1, "host_queued_end": 1585637895.227847}, "device": "cpu", "nd_range": {"device_start": 2305669.4654608713, "device_end": 2305669.4657175513}, "cmdq": 0, "read": {"device_start": -1, "device_end": -1}}, "FFC_sans_bias34": {"write": {"device_start": -1, "host_queued_start": 1585637895.227793, "device_queued": -1, "device_end": -1, "host_queued_end": 1585637895.227847}, "device": "cpu", "nd_range": {"device_start": 2305669.521624713, "device_end": 2305669.526226765}, "cmdq": 1, "read": {"device_start": -1, "device_end": -1}}, "FFC_sans_bias15": {"write": {"device_start": -1, "host_queued_start": 1585637895.222947, "device_queued": -1, "device_end": -1, "host_queued_end": 1585637895.227847}, "device": "cpu", "nd_range": {"device_start": 2305669.498818858, "device_end": 2305669.504619922}, "cmdq": 1, "read": {"device_start": -1, "device_end": -1}}, "FFC_sans_bias31": {"write": {"device_start": -1, "host_queued_start": 1585637895.221121, "device_queued": -1, "device_end": -1, "host_queued_end": 1585637895.227847}, "device": "cpu", "nd_range": {"device_start": 2305669.4886134863, "device_end": 2305669.498273498}, "cmdq": 1, "read": {"device_start": -1, "device_end": -1}}, "FFC_sans_bias16": {"write": {"device_start": -1, "host_queued_start": 1585637895.225777, "device_queued": -1, "device_end": -1, "host_queued_end": 1585637895.227847}, "device": "cpu", "nd_range": {"device_start": 2305669.512800407, "device_end": 2305669.521617725}, "cmdq": 1, "read": {"device_start": -1, "device_end": -1}}, "FFC_sans_bias19": {"write": {"device_start": -1, "host_queued_start": 1585637895.213885, "device_queued": -1, "device_end": -1, "host_queued_end": 1585637895.227847}, "device": "cpu", "nd_range": {"device_start": 2305669.44456382, "device_end": 2305669.453202748}, "cmdq": 1, "read": {"device_start": -1, "device_end": -1}}, "FFC_sans_bias18": {"write": {"device_start": -1, "host_queued_start": 1585637895.212795, "device_queued": -1, "device_end": -1, "host_queued_end": 1585637895.227847}, "device": "cpu", "nd_range": {"device_start": 2305669.4420332853, "device_end": 2305669.449934435}, "cmdq": 0, "read": {"device_start": -1, "device_end": -1}}, "coalesced_transpose30": {"write": {"device_start": -1, "host_queued_start": 1585637895.219636, "device_queued": -1, "device_end": -1, "host_queued_end": 1585637895.227847}, "device": "cpu", "nd_range": {"device_start": 2305669.476956789, "device_end": 2305669.477200365}, "cmdq": 1, "read": {"device_start": -1, "device_end": -1}}, "FFC_sans_bias38": {"write": {"device_start": 1585637828.3622913, "host_queued_start": 1585637895.192568, "device_queued": 1585637828.362184, "device_end": 1585637828.362331, "host_queued_end": 1585637895.200781}, "device": "gpu", "nd_range": {"device_start": 1585637828.3623333, "device_end": 1585637828.3637402}, "cmdq": 0,