{"FFC_sans_bias4": {"write": {"device_start": -1, "host_queued_start": 1585637608.687664, "device_queued": -1, "device_end": -1, "host_queued_end": 1585637608.697276}, "device": "cpu", "nd_range": {"device_start": 2305382.959142574, "device_end": 2305382.968474943}, "cmdq": 1, "read": {"device_start": -1, "device_end": -1}}, "FFC_sans_bias7": {"write": {"device_start": -1, "host_queued_start": 1585637608.693259, "device_queued": -1, "device_end": -1, "host_queued_end": 1585637608.697276}, "device": "cpu", "nd_range": {"device_start": 2305383.001155332, "device_end": 2305383.013943802}, "cmdq": 0, "read": {"device_start": -1, "device_end": -1}}, "FFC_sans_bias6": {"write": {"device_start": -1, "host_queued_start": 1585637608.690799, "device_queued": -1, "device_end": -1, "host_queued_end": 1585637608.697276}, "device": "cpu", "nd_range": {"device_start": 2305382.982016704, "device_end": 2305382.99155751}, "cmdq": 1, "read": {"device_start": -1, "device_end": -1}}, "FFC_sans_bias1": {"write": {"device_start": -1, "host_queued_start": 1585637608.671745, "device_queued": -1, "device_end": -1, "host_queued_end": 1585637608.697276}, "device": "cpu", "nd_range": {"device_start": 2305382.886973245, "device_end": 2305382.8960077753}, "cmdq": 0, "read": {"device_start": -1, "device_end": -1}}, "FFC_sans_bias0": {"write": {"device_start": -1, "host_queued_start": 1585637608.670705, "device_queued": -1, "device_end": -1, "host_queued_end": 1585637608.697276}, "device": "cpu", "nd_range": {"device_start": 2305382.886940042, "device_end": 2305382.894684255}, "cmdq": 1, "read": {"device_start": -1, "device_end": -1}}, "FFC_sans_bias2": {"write": {"device_start": -1, "host_queued_start": 1585637608.672806, "device_queued": -1, "device_end": -1, "host_queued_end": 1585637608.697276}, "device": "cpu", "nd_range": {"device_start": 2305382.8949291483, "device_end": 2305382.9006725242}, "cmdq": 1, "read": {"device_start": -1, "device_end": -1}}, "FFC_sans_bias52": {"write": {"device_start": 1585637541.8372893, "host_queued_start": 1585637608.664874, "device_queued": 1585637541.8339376, "device_end": 1585637541.8373187, "host_queued_end": 1585637608.664992}, "device": "gpu", "nd_range": {"device_start": 1585637541.8373215, "device_end": 1585637541.8379185}, "cmdq": 0, "read": {"device_start": 1585637541.8379252, "device_end": 1585637541.837948}}, "FFC_sans_bias9": {"write": {"device_start": -1, "host_queued_start": 1585637608.673863, "device_queued": -1, "device_end": -1, "host_queued_end": 1585637608.697276}, "device": "cpu", "nd_range": {"device_start": 2305382.896130296, "device_end": 2305382.905128506}, "cmdq": 0, "read": {"device_start": -1, "device_end": -1}}, "coalesced_transpose39": {"write": {"device_start": -1, "host_queued_start": 1585637608.687315, "device_queued": -1, "device_end": -1, "host_queued_end": 1585637608.697276}, "device": "cpu", "nd_range": {"device_start": 2305382.944683163, "device_end": 2305382.9449188113}, "cmdq": 0, "read": {"device_start": -1, "device_end": -1}}, "FFC_sans_bias51": {"write": {"device_start": -1, "host_queued_start": 1585637608.663859, "device_queued": -1, "device_end": -1, "host_queued_end": 1585637608.664992}, "device": "gpu", "nd_range": {"device_start": 1585637541.8365798, "device_end": 1585637541.8371692}, "cmdq": 0, "read": {"device_start": -1, "device_end": -1}}, "softmax23": {"write": {"device_start": -1, "host_queued_start": 1585637608.689878, "device_queued": -1, "device_end": -1, "host_queued_end": 1585637608.697276}, "device": "cpu", "nd_range": {"device_start": 2305382.976375461, "device_end": 2305382.9765792233}, "cmdq": 0, "read": {"device_start": -1, "device_end": -1}}, "FFC_sans_bias37": {"write": {"device_start": -1, "host_queued_start": 1585637608.684568, "device_queued": -1, "device_end": -1, "host_queued_end": 1585637608.697276}, "device": "cpu", "nd_range": {"device_start": 2305382.935656233, "device_end": 2305382.943845057}, "cmdq": 0, "read": {"device_start": -1, "device_end": -1}}, "softmax41": {"write": {"device_start": -1, "host_queued_start": 1585637608.690431, "device_queued": -1, "device_end": -1, "host_queued_end": 1585637608.697276}, "device": "cpu", "nd_range": {"device_start": 2305382.980523385, "device_end": 2305382.980712239}, "cmdq": 0, "read": {"device_start": -1, "device_end": -1}}, "FFC_sans_bias11": {"write": {"device_start": -1, "host_queued_start": 1585637608.675995, "device_queued": -1, "device_end": -1, "host_queued_end": 1585637608.697276}, "device": "cpu", "nd_range": {"device_start": 2305382.905246728, "device_end": 2305382.911933396}, "cmdq": 0, "read": {"device_start": -1, "device_end": -1}}, "FFC_sans_bias10": {"write": {"device_start": -1, "host_queued_start": 1585637608.674945, "device_queued": -1, "device_end": -1, "host_queued_end": 1585637608.697276}, "device": "cpu", "nd_range": {"device_start": 2305382.902202165, "device_end": 2305382.9081490063}, "cmdq": 1, "read": {"device_start": -1, "device_end": -1}}, "coalesced_transpose3": {"write": {"device_start": -1, "host_queued_start": 1585637608.685952, "device_queued": -1, "device_end": -1, "host_queued_end": 1585637608.697276}, "device": "cpu", "nd_range": {"device_start": 2305382.943962727, "device_end": 2305382.9442156353}, "cmdq": 0, "read": {"device_start": -1, "device_end": -1}}, "FFC_sans_bias34": {"write": {"device_start": -1, "host_queued_start": 1585637608.696241, "device_queued": -1, "device_end": -1, "host_queued_end": 1585637608.697276}, "device": "cpu", "nd_range": {"device_start": 2305383.01250917, "device_end": 2305383.018193629}, "cmdq": 1, "read": {"device_start": -1, "device_end": -1}}, "FFC_sans_bias15": {"write": {"device_start": -1, "host_queued_start": 1585637608.691141, "device_queued": -1, "device_end": -1, "host_queued_end": 1585637608.697276}, "device": "cpu", "nd_range": {"device_start": 2305382.9807574283, "device_end": 2305382.986913628}, "cmdq": 0, "read": {"device_start": -1, "device_end": -1}}, "FFC_sans_bias31": {"write": {"device_start": -1, "host_queued_start": 1585637608.688697, "device_queued": -1, "device_end": -1, "host_queued_end": 1585637608.697276}, "device": "cpu", "nd_range": {"device_start": 2305382.9651219794, "device_end": 2305382.976008092}, "cmdq": 0, "read": {"device_start": -1, "device_end": -1}}, "FFC_sans_bias16": {"write": {"device_start": -1, "host_queued_start": 1585637608.694252, "device_queued": -1, "device_end": -1, "host_queued_end": 1585637608.697276}, "device": "cpu", "nd_range": {"device_start": 2305383.005211452, "device_end": 2305383.012503927}, "cmdq": 1, "read": {"device_start": -1, "device_end": -1}}, "FFC_sans_bias19": {"write": {"device_start": -1, "host_queued_start": 1585637608.678075, "device_queued": -1, "device_end": -1, "host_queued_end": 1585637608.697276}, "device": "cpu", "nd_range": {"device_start": 2305382.912079093, "device_end": 2305382.9178151754}, "cmdq": 0, "read": {"device_start": -1, "device_end": -1}}, "FFC_sans_bias18": {"write": {"device_start": -1, "host_queued_start": 1585637608.677036, "device_queued": -1, "device_end": -1, "host_queued_end": 1585637608.697276}, "device": "cpu", "nd_range": {"device_start": 2305382.9142164933, "device_end": 2305382.9234832954}, "cmdq": 1, "read": {"device_start": -1, "device_end": -1}}, "coalesced_transpose30": {"write": {"device_start": -1, "host_queued_start": 1585637608.68699, "device_queued": -1, "device_end": -1, "host_queued_end": 1585637608.697276}, "device": "cpu", "nd_range": {"device_start": 2305382.958782414, "device_end": 2305382.9590343093}, "cmdq": 1, "read": {"device_start": -1, "device_end": -1}}, "FFC_sans_bias38": {"write": {"device_start": -1, "host_queued_start": 1585637608.685623, "device_queued": -1, "device_end": -1, "host_queued_end": 1585637608.697276}, "device": "cpu", "nd_range": {"device_start": 2305382.950835125, "device_end": 2305382.9585080934}, "cmdq": 1, "read": {"device_start": -1, "device_end": -1}}, "empty26": {"write": {"device_start": -1,