{"FFC_sans_bias4": {"write": {"device_start": -1, "host_queued_start": 1585637779.330066, "device_queued": -1, "device_end": -1, "host_queued_end": 1585637779.337667}, "device": "cpu", "nd_range": {"device_start": 2305553.582032522, "device_end": 2305553.5863313703}, "cmdq": 0, "read": {"device_start": -1, "device_end": -1}}, "FFC_sans_bias7": {"write": {"device_start": -1, "host_queued_start": 1585637779.334648, "device_queued": -1, "device_end": -1, "host_queued_end": 1585637779.337667}, "device": "cpu", "nd_range": {"device_start": 2305553.6189663373, "device_end": 2305553.623489791}, "cmdq": 0, "read": {"device_start": -1, "device_end": -1}}, "FFC_sans_bias6": {"write": {"device_start": -1, "host_queued_start": 1585637779.33256, "device_queued": -1, "device_end": -1, "host_queued_end": 1585637779.337667}, "device": "cpu", "nd_range": {"device_start": 2305553.600850194, "device_end": 2305553.6052688262}, "cmdq": 0, "read": {"device_start": -1, "device_end": -1}}, "FFC_sans_bias1": {"write": {"device_start": -1, "host_queued_start": 1585637779.317612, "device_queued": -1, "device_end": -1, "host_queued_end": 1585637779.337667}, "device": "cpu", "nd_range": {"device_start": 2305553.531651792, "device_end": 2305553.5357520203}, "cmdq": 0, "read": {"device_start": -1, "device_end": -1}}, "FFC_sans_bias0": {"write": {"device_start": -1, "host_queued_start": 1585637779.316514, "device_queued": -1, "device_end": -1, "host_queued_end": 1585637779.337667}, "device": "cpu", "nd_range": {"device_start": 2305553.527301602, "device_end": 2305553.531635281}, "cmdq": 0, "read": {"device_start": -1, "device_end": -1}}, "FFC_sans_bias2": {"write": {"device_start": -1, "host_queued_start": 1585637779.318783, "device_queued": -1, "device_end": -1, "host_queued_end": 1585637779.337667}, "device": "cpu", "nd_range": {"device_start": 2305553.535773285, "device_end": 2305553.540129079}, "cmdq": 0, "read": {"device_start": -1, "device_end": -1}}, "FFC_sans_bias52": {"write": {"device_start": 1585637712.480518, "host_queued_start": 1585637779.311179, "device_queued": 1585637712.4764988, "device_end": 1585637712.4805489, "host_queued_end": 1585637779.311292}, "device": "gpu", "nd_range": {"device_start": 1585637712.4810097, "device_end": 1585637712.4819825}, "cmdq": 2, "read": {"device_start": 1585637712.4819915, "device_end": 1585637712.4820201}}, "FFC_sans_bias9": {"write": {"device_start": -1, "host_queued_start": 1585637779.319827, "device_queued": -1, "device_end": -1, "host_queued_end": 1585637779.337667}, "device": "cpu", "nd_range": {"device_start": 2305553.540134514, "device_end": 2305553.5441215113}, "cmdq": 0, "read": {"device_start": -1, "device_end": -1}}, "coalesced_transpose39": {"write": {"device_start": -1, "host_queued_start": 1585637779.306984, "device_queued": -1, "device_end": -1, "host_queued_end": 1585637779.311292}, "device": "gpu", "nd_range": {"device_start": 1585637712.477602, "device_end": 1585637712.4784284}, "cmdq": 2, "read": {"device_start": -1, "device_end": -1}}, "FFC_sans_bias51": {"write": {"device_start": -1, "host_queued_start": 1585637779.309066, "device_queued": -1, "device_end": -1, "host_queued_end": 1585637779.311292}, "device": "gpu", "nd_range": {"device_start": 1585637712.4804032, "device_end": 1585637712.4810042}, "cmdq": 0, "read": {"device_start": -1, "device_end": -1}}, "softmax23": {"write": {"device_start": -1, "host_queued_start": 1585637779.331948, "device_queued": -1, "device_end": -1, "host_queued_end": 1585637779.337667}, "device": "cpu", "nd_range": {"device_start": 2305553.6005773824, "device_end": 2305553.600659421}, "cmdq": 0, "read": {"device_start": -1, "device_end": -1}}, "FFC_sans_bias37": {"write": {"device_start": 1585637712.4756896, "host_queued_start": 1585637779.302406, "device_queued": 1585637712.4755874, "device_end": 1585637712.4757497, "host_queued_end": 1585637779.311292}, "device": "gpu", "nd_range": {"device_start": 1585637712.4757528, "device_end": 1585637712.4765978}, "cmdq": 0, "read": {"device_start": -1, "device_end": -1}}, "softmax41": {"write": {"device_start": -1, "host_queued_start": 1585637779.308181, "device_queued": -1, "device_end": -1, "host_queued_end": 1585637779.311292}, "device": "gpu", "nd_range": {"device_start": 1585637712.4795835, "device_end": 1585637712.4797769}, "cmdq": 0, "read": {"device_start": -1, "device_end": -1}}, "FFC_sans_bias11": {"write": {"device_start": -1, "host_queued_start": 1585637779.322052, "device_queued": -1, "device_end": -1, "host_queued_end": 1585637779.337667}, "device": "cpu", "nd_range": {"device_start": 2305553.549005884, "device_end": 2305553.553325403}, "cmdq": 0, "read": {"device_start": -1, "device_end": -1}}, "FFC_sans_bias10": {"write": {"device_start": -1, "host_queued_start": 1585637779.320876, "device_queued": -1, "device_end": -1, "host_queued_end": 1585637779.337667}, "device": "cpu", "nd_range": {"device_start": 2305553.544127164, "device_end": 2305553.549001209}, "cmdq": 0, "read": {"device_start": -1, "device_end": -1}}, "coalesced_transpose3": {"write": {"device_start": -1, "host_queued_start": 1585637779.328707, "device_queued": -1, "device_end": -1, "host_queued_end": 1585637779.337667}, "device": "cpu", "nd_range": {"device_start": 2305553.58097593, "device_end": 2305553.581169128}, "cmdq": 0, "read": {"device_start": -1, "device_end": -1}}, "FFC_sans_bias34": {"write": {"device_start": -1, "host_queued_start": 1585637779.337622, "device_queued": -1, "device_end": -1, "host_queued_end": 1585637779.337667}, "device": "cpu", "nd_range": {"device_start": 2305553.63249066, "device_end": 2305553.6370770503}, "cmdq": 0, "read": {"device_start": -1, "device_end": -1}}, "FFC_sans_bias15": {"write": {"device_start": -1, "host_queued_start": 1585637779.332903, "device_queued": -1, "device_end": -1, "host_queued_end": 1585637779.337667}, "device": "cpu", "nd_range": {"device_start": 2305553.605275028, "device_end": 2305553.609775771}, "cmdq": 0, "read": {"device_start": -1, "device_end": -1}}, "FFC_sans_bias31": {"write": {"device_start": -1, "host_queued_start": 1585637779.331124, "device_queued": -1, "device_end": -1, "host_queued_end": 1585637779.337667}, "device": "cpu", "nd_range": {"device_start": 2305553.595359348, "device_end": 2305553.6000980353}, "cmdq": 0, "read": {"device_start": -1, "device_end": -1}}, "FFC_sans_bias16": {"write": {"device_start": -1, "host_queued_start": 1585637779.335641, "device_queued": -1, "device_end": -1, "host_queued_end": 1585637779.337667}, "device": "cpu", "nd_range": {"device_start": 2305553.623492603, "device_end": 2305553.628050447}, "cmdq": 0, "read": {"device_start": -1, "device_end": -1}}, "FFC_sans_bias19": {"write": {"device_start": -1, "host_queued_start": 1585637779.32416, "device_queued": -1, "device_end": -1, "host_queued_end": 1585637779.337667}, "device": "cpu", "nd_range": {"device_start": 2305553.5579516534, "device_end": 2305553.562628333}, "cmdq": 0, "read": {"device_start": -1, "device_end": -1}}, "FFC_sans_bias18": {"write": {"device_start": -1, "host_queued_start": 1585637779.323121, "device_queued": -1, "device_end": -1, "host_queued_end": 1585637779.337667}, "device": "cpu", "nd_range": {"device_start": 2305553.553329723, "device_end": 2305553.5579460124}, "cmdq": 0, "read": {"device_start": -1, "device_end": -1}}, "coalesced_transpose30": {"write": {"device_start": -1, "host_queued_start": 1585637779.329721, "device_queued": -1, "device_end": -1, "host_queued_end": 1585637779.337667}, "device": "cpu", "nd_range": {"device_start": 2305553.581805447, "device_end": 2305553.5819178843}, "cmdq": 0, "read": {"device_start": -1, "device_end": -1}}, "FFC_sans_bias38": {"write": {"device_start": 1585637712.4757886, "host_queued_start": 1585637779.303491, "device_queued": 1585637712.475636, "device_end": 1585637712.4758132, "host_queued_end": 1585637779.311292}, "device": "gpu", "nd_range": {"device_start": 1585637712.4758472, "device_end": 1585637712.4771776}, "cmdq": 1,