{"FFC_sans_bias4": {"write": {"device_start": -1, "host_queued_start": 1585637716.094396, "device_queued": -1, "device_end": -1, "host_queued_end": 1585637716.098434}, "device": "cpu", "nd_range": {"device_start": 2305490.3123861523, "device_end": 2305490.323647919}, "cmdq": 1, "read": {"device_start": -1, "device_end": -1}}, "FFC_sans_bias7": {"write": {"device_start": -1, "host_queued_start": 1585637716.097402, "device_queued": -1, "device_end": -1, "host_queued_end": 1585637716.098434}, "device": "cpu", "nd_range": {"device_start": 2305490.340148022, "device_end": 2305490.3478849772}, "cmdq": 1, "read": {"device_start": -1, "device_end": -1}}, "FFC_sans_bias6": {"write": {"device_start": -1, "host_queued_start": 1585637716.095831, "device_queued": -1, "device_end": -1, "host_queued_end": 1585637716.098434}, "device": "cpu", "nd_range": {"device_start": 2305490.3326225583, "device_end": 2305490.340130291}, "cmdq": 2, "read": {"device_start": -1, "device_end": -1}}, "FFC_sans_bias1": {"write": {"device_start": -1, "host_queued_start": 1585637716.088864, "device_queued": -1, "device_end": -1, "host_queued_end": 1585637716.098434}, "device": "cpu", "nd_range": {"device_start": 2305490.288171281, "device_end": 2305490.300711335}, "cmdq": 0, "read": {"device_start": -1, "device_end": -1}}, "FFC_sans_bias0": {"write": {"device_start": -1, "host_queued_start": 1585637716.087604, "device_queued": -1, "device_end": -1, "host_queued_end": 1585637716.098434}, "device": "cpu", "nd_range": {"device_start": 2305490.2881555203, "device_end": 2305490.2967913654}, "cmdq": 2, "read": {"device_start": -1, "device_end": -1}}, "FFC_sans_bias2": {"write": {"device_start": -1, "host_queued_start": 1585637716.090148, "device_queued": -1, "device_end": -1, "host_queued_end": 1585637716.098434}, "device": "cpu", "nd_range": {"device_start": 2305490.288175856, "device_end": 2305490.299864752}, "cmdq": 1, "read": {"device_start": -1, "device_end": -1}}, "FFC_sans_bias52": {"write": {"device_start": 1585637649.2614079, "host_queued_start": 1585637716.083625, "device_queued": 1585637649.2524858, "device_end": 1585637649.2614381, "host_queued_end": 1585637716.083732}, "device": "gpu", "nd_range": {"device_start": 1585637649.2614417, "device_end": 1585637649.2621093}, "cmdq": 1, "read": {"device_start": 1585637649.2621152, "device_end": 1585637649.2621393}}, "FFC_sans_bias9": {"write": {"device_start": -1, "host_queued_start": 1585637716.091249, "device_queued": -1, "device_end": -1, "host_queued_end": 1585637716.098434}, "device": "cpu", "nd_range": {"device_start": 2305490.2997266543, "device_end": 2305490.3073990024}, "cmdq": 2, "read": {"device_start": -1, "device_end": -1}}, "coalesced_transpose39": {"write": {"device_start": -1, "host_queued_start": 1585637716.075512, "device_queued": -1, "device_end": -1, "host_queued_end": 1585637716.083732}, "device": "gpu", "nd_range": {"device_start": 1585637649.255846, "device_end": 1585637649.25587}, "cmdq": 0, "read": {"device_start": -1, "device_end": -1}}, "FFC_sans_bias51": {"write": {"device_start": -1, "host_queued_start": 1585637716.079466, "device_queued": -1, "device_end": -1, "host_queued_end": 1585637716.083732}, "device": "gpu", "nd_range": {"device_start": 1585637649.259164, "device_end": 1585637649.2601662}, "cmdq": 1, "read": {"device_start": -1, "device_end": -1}}, "softmax23": {"write": {"device_start": -1, "host_queued_start": 1585637716.077334, "device_queued": -1, "device_end": -1, "host_queued_end": 1585637716.083732}, "device": "gpu", "nd_range": {"device_start": 1585637649.2574534, "device_end": 1585637649.2579477}, "cmdq": 0, "read": {"device_start": -1, "device_end": -1}}, "FFC_sans_bias37": {"write": {"device_start": 1585637649.2531435, "host_queued_start": 1585637716.070365, "device_queued": 1585637649.2506123, "device_end": 1585637649.2531695, "host_queued_end": 1585637716.083732}, "device": "gpu", "nd_range": {"device_start": 1585637649.253175, "device_end": 1585637649.2540343}, "cmdq": 1, "read": {"device_start": -1, "device_end": -1}}, "softmax41": {"write": {"device_start": -1, "host_queued_start": 1585637716.077819, "device_queued": -1, "device_end": -1, "host_queued_end": 1585637716.083732}, "device": "gpu", "nd_range": {"device_start": 1585637649.2579489, "device_end": 1585637649.2581506}, "cmdq": 0, "read": {"device_start": -1, "device_end": -1}}, "FFC_sans_bias11": {"write": {"device_start": -1, "host_queued_start": 1585637716.093394, "device_queued": -1, "device_end": -1, "host_queued_end": 1585637716.098434}, "device": "cpu", "nd_range": {"device_start": 2305490.299991143, "device_end": 2305490.312378865}, "cmdq": 1, "read": {"device_start": -1, "device_end": -1}}, "FFC_sans_bias10": {"write": {"device_start": -1, "host_queued_start": 1585637716.092304, "device_queued": -1, "device_end": -1, "host_queued_end": 1585637716.098434}, "device": "cpu", "nd_range": {"device_start": 2305490.300850495, "device_end": 2305490.3178766672}, "cmdq": 0, "read": {"device_start": -1, "device_end": -1}}, "coalesced_transpose3": {"write": {"device_start": -1, "host_queued_start": 1585637716.093724, "device_queued": -1, "device_end": -1, "host_queued_end": 1585637716.098434}, "device": "cpu", "nd_range": {"device_start": 2305490.307524137, "device_end": 2305490.307759115}, "cmdq": 2, "read": {"device_start": -1, "device_end": -1}}, "FFC_sans_bias34": {"write": {"device_start": 1585637649.260317, "host_queued_start": 1585637716.081529, "device_queued": 1585637649.252176, "device_end": 1585637649.2603498, "host_queued_end": 1585637716.083732}, "device": "gpu", "nd_range": {"device_start": 1585637649.2603536, "device_end": 1585637649.2611547}, "cmdq": 1, "read": {"device_start": 1585637649.2611575, "device_end": 1585637649.2611816}}, "FFC_sans_bias15": {"write": {"device_start": -1, "host_queued_start": 1585637716.09621, "device_queued": -1, "device_end": -1, "host_queued_end": 1585637716.098434}, "device": "cpu", "nd_range": {"device_start": 2305490.332863313, "device_end": 2305490.35241008}, "cmdq": 0, "read": {"device_start": -1, "device_end": -1}}, "FFC_sans_bias31": {"write": {"device_start": -1, "host_queued_start": 1585637716.076454, "device_queued": -1, "device_end": -1, "host_queued_end": 1585637716.083732}, "device": "gpu", "nd_range": {"device_start": 1585637649.2563462, "device_end": 1585637649.2569566}, "cmdq": 1, "read": {"device_start": -1, "device_end": -1}}, "FFC_sans_bias16": {"write": {"device_start": -1, "host_queued_start": 1585637716.09839, "device_queued": -1, "device_end": -1, "host_queued_end": 1585637716.098434}, "device": "cpu", "nd_range": {"device_start": 2305490.352416758, "device_end": 2305490.3563548164}, "cmdq": 2, "read": {"device_start": -1, "device_end": -1}}, "FFC_sans_bias19": {"write": {"device_start": 1585637649.2500622, "host_queued_start": 1585637716.064101, "device_queued": 1585637649.2499132, "device_end": 1585637649.2500935, "host_queued_end": 1585637716.083732}, "device": "gpu", "nd_range": {"device_start": 1585637649.2500963, "device_end": 1585637649.2510638}, "cmdq": 1, "read": {"device_start": -1, "device_end": -1}}, "FFC_sans_bias18": {"write": {"device_start": 1585637649.2499633, "host_queued_start": 1585637716.063125, "device_queued": 1585637649.2498612, "device_end": 1585637649.2500505, "host_queued_end": 1585637716.083732}, "device": "gpu", "nd_range": {"device_start": 1585637649.250056, "device_end": 1585637649.250661}, "cmdq": 0, "read": {"device_start": -1, "device_end": -1}}, "coalesced_transpose30": {"write": {"device_start": -1, "host_queued_start": 1585637716.075212, "device_queued": -1, "device_end": -1, "host_queued_end": 1585637716.083732}, "device": "gpu", "nd_range": {"device_start": 1585637649.2560072, "device_end": 1585637649.2563071}, "cmdq": 1, "read": {"device_start": -1, "device_end": -1}}, "FFC_sans_bias38": {"write": {"device_start": 1585637649.253699, "host_queued_start": 1585637716.071427, "device_queued": 1585637649.250852,