{"FFC_sans_bias4": {"write": {"device_start": -1, "host_queued_start": 1585637617.027692, "device_queued": -1, "device_end": -1, "host_queued_end": 1585637617.029457}, "device": "cpu", "nd_range": {"device_start": 2305391.231235121, "device_end": 2305391.237266846}, "cmdq": 2, "read": {"device_start": -1, "device_end": -1}}, "FFC_sans_bias7": {"write": {"device_start": -1, "host_queued_start": 1585637617.029409, "device_queued": -1, "device_end": -1, "host_queued_end": 1585637617.029457}, "device": "cpu", "nd_range": {"device_start": 2305391.2423190293, "device_end": 2305391.2474737093}, "cmdq": 2, "read": {"device_start": -1, "device_end": -1}}, "FFC_sans_bias6": {"write": {"device_start": -1, "host_queued_start": 1585637617.028306, "device_queued": -1, "device_end": -1, "host_queued_end": 1585637617.029457}, "device": "cpu", "nd_range": {"device_start": 2305391.2377890823, "device_end": 2305391.242297293}, "cmdq": 1, "read": {"device_start": -1, "device_end": -1}}, "FFC_sans_bias1": {"write": {"device_start": -1, "host_queued_start": 1585637617.025813, "device_queued": -1, "device_end": -1, "host_queued_end": 1585637617.029457}, "device": "cpu", "nd_range": {"device_start": 2305391.219017981, "device_end": 2305391.2276505493}, "cmdq": 2, "read": {"device_start": -1, "device_end": -1}}, "FFC_sans_bias0": {"write": {"device_start": -1, "host_queued_start": 1585637617.024681, "device_queued": -1, "device_end": -1, "host_queued_end": 1585637617.029457}, "device": "cpu", "nd_range": {"device_start": 2305391.21901564, "device_end": 2305391.230833245}, "cmdq": 1, "read": {"device_start": -1, "device_end": -1}}, "FFC_sans_bias2": {"write": {"device_start": -1, "host_queued_start": 1585637617.026993, "device_queued": -1, "device_end": -1, "host_queued_end": 1585637617.029457}, "device": "cpu", "nd_range": {"device_start": 2305391.219024559, "device_end": 2305391.2311257534}, "cmdq": 0, "read": {"device_start": -1, "device_end": -1}}, "FFC_sans_bias52": {"write": {"device_start": 1585637550.2133267, "host_queued_start": 1585637617.021473, "device_queued": 1585637550.1935139, "device_end": 1585637550.2133598, "host_queued_end": 1585637617.021588}, "device": "gpu", "nd_range": {"device_start": 1585637550.2134116, "device_end": 1585637550.2140102}, "cmdq": 0, "read": {"device_start": 1585637550.2140143, "device_end": 1585637550.2140362}}, "FFC_sans_bias9": {"write": {"device_start": 1585637550.191319, "host_queued_start": 1585637616.9918, "device_queued": 1585637550.1906085, "device_end": 1585637550.1913579, "host_queued_end": 1585637617.021588}, "device": "gpu", "nd_range": {"device_start": 1585637550.1914096, "device_end": 1585637550.1920044}, "cmdq": 0, "read": {"device_start": -1, "device_end": -1}}, "coalesced_transpose39": {"write": {"device_start": -1, "host_queued_start": 1585637617.010335, "device_queued": -1, "device_end": -1, "host_queued_end": 1585637617.021588}, "device": "gpu", "nd_range": {"device_start": 1585637550.202641, "device_end": 1585637550.2026496}, "cmdq": 0, "read": {"device_start": -1, "device_end": -1}}, "FFC_sans_bias51": {"write": {"device_start": -1, "host_queued_start": 1585637617.015677, "device_queued": -1, "device_end": -1, "host_queued_end": 1585637617.021588}, "device": "gpu", "nd_range": {"device_start": 1585637550.209112, "device_end": 1585637550.2097127}, "cmdq": 0, "read": {"device_start": -1, "device_end": -1}}, "softmax23": {"write": {"device_start": -1, "host_queued_start": 1585637617.013103, "device_queued": -1, "device_end": -1, "host_queued_end": 1585637617.021588}, "device": "gpu", "nd_range": {"device_start": 1585637550.205866, "device_end": 1585637550.2060754}, "cmdq": 0, "read": {"device_start": -1, "device_end": -1}}, "FFC_sans_bias37": {"write": {"device_start": 1585637550.1992037, "host_queued_start": 1585637617.003025, "device_queued": 1585637550.1918578, "device_end": 1585637550.199228, "host_queued_end": 1585637617.021588}, "device": "gpu", "nd_range": {"device_start": 1585637550.1992311, "device_end": 1585637550.1998262}, "cmdq": 0, "read": {"device_start": -1, "device_end": -1}}, "softmax41": {"write": {"device_start": -1, "host_queued_start": 1585637617.013656, "device_queued": -1, "device_end": -1, "host_queued_end": 1585637617.021588}, "device": "gpu", "nd_range": {"device_start": 1585637550.206289, "device_end": 1585637550.2065}, "cmdq": 0, "read": {"device_start": -1, "device_end": -1}}, "FFC_sans_bias11": {"write": {"device_start": 1585637550.1929123, "host_queued_start": 1585637616.993877, "device_queued": 1585637550.1909597, "device_end": 1585637550.1929476, "host_queued_end": 1585637617.021588}, "device": "gpu", "nd_range": {"device_start": 1585637550.1930044, "device_end": 1585637550.1936014}, "cmdq": 0, "read": {"device_start": -1, "device_end": -1}}, "FFC_sans_bias10": {"write": {"device_start": 1585637550.1921237, "host_queued_start": 1585637616.992838, "device_queued": 1585637550.1906848, "device_end": 1585637550.1921651, "host_queued_end": 1585637617.021588}, "device": "gpu", "nd_range": {"device_start": 1585637550.1922169, "device_end": 1585637550.192817}, "cmdq": 0, "read": {"device_start": -1, "device_end": -1}}, "coalesced_transpose3": {"write": {"device_start": -1, "host_queued_start": 1585637617.02732, "device_queued": -1, "device_end": -1, "host_queued_end": 1585637617.029457}, "device": "cpu", "nd_range": {"device_start": 2305391.230971889, "device_end": 2305391.23110153}, "cmdq": 1, "read": {"device_start": -1, "device_end": -1}}, "FFC_sans_bias34": {"write": {"device_start": 1585637550.2115738, "host_queued_start": 1585637617.019134, "device_queued": 1585637550.193337, "device_end": 1585637550.211606, "host_queued_end": 1585637617.021588}, "device": "gpu", "nd_range": {"device_start": 1585637550.211661, "device_end": 1585637550.2122583}, "cmdq": 0, "read": {"device_start": 1585637550.2122638, "device_end": 1585637550.2122855}}, "FFC_sans_bias15": {"write": {"device_start": -1, "host_queued_start": 1585637617.014288, "device_queued": -1, "device_end": -1, "host_queued_end": 1585637617.021588}, "device": "gpu", "nd_range": {"device_start": 1585637550.2067122, "device_end": 1585637550.2073078}, "cmdq": 0, "read": {"device_start": -1, "device_end": -1}}, "FFC_sans_bias31": {"write": {"device_start": -1, "host_queued_start": 1585637617.011855, "device_queued": -1, "device_end": -1, "host_queued_end": 1585637617.021588}, "device": "gpu", "nd_range": {"device_start": 1585637550.2038445, "device_end": 1585637550.2044437}, "cmdq": 0, "read": {"device_start": -1, "device_end": -1}}, "FFC_sans_bias16": {"write": {"device_start": 1585637550.2098174, "host_queued_start": 1585637617.016793, "device_queued": 1585637550.1931546, "device_end": 1585637550.2098482, "host_queued_end": 1585637617.021588}, "device": "gpu", "nd_range": {"device_start": 1585637550.209893, "device_end": 1585637550.21049}, "cmdq": 0, "read": {"device_start": 1585637550.2104974, "device_end": 1585637550.2105203}}, "FFC_sans_bias19": {"write": {"device_start": 1585637550.1944892, "host_queued_start": 1585637616.996003, "device_queued": 1585637550.1912935, "device_end": 1585637550.1945243, "host_queued_end": 1585637617.021588}, "device": "gpu", "nd_range": {"device_start": 1585637550.194571, "device_end": 1585637550.1951628}, "cmdq": 0, "read": {"device_start": -1, "device_end": -1}}, "FFC_sans_bias18": {"write": {"device_start": 1585637550.1937091, "host_queued_start": 1585637616.994972, "device_queued": 1585637550.1910279, "device_end": 1585637550.193744, "host_queued_end": 1585637617.021588}, "device": "gpu", "nd_range": {"device_start": 1585637550.1937985, "device_end": 1585637550.1943996}, "cmdq": 0, "read": {"device_start": -1, "device_end": -1}}, "coalesced_transpose30": {"write": {"device_start": -1, "host_queued_start": 1585637617.010002, "device_queued": -1, "device_end": -1, "host_queued_end": 1585637617.021588}, "device": "gpu", "nd_range": {"device_start": 1585637550.2026315,