{"FFC_sans_bias4": {"write": {"device_start": -1, "host_queued_start": 1585637906.39789, "device_queued": -1, "device_end": -1, "host_queued_end": 1585637906.399729}, "device": "cpu", "nd_range": {"device_start": 2305680.601389727, "device_end": 2305680.6064340263}, "cmdq": 2, "read": {"device_start": -1, "device_end": -1}}, "FFC_sans_bias7": {"write": {"device_start": -1, "host_queued_start": 1585637906.399682, "device_queued": -1, "device_end": -1, "host_queued_end": 1585637906.399729}, "device": "cpu", "nd_range": {"device_start": 2305680.6110228132, "device_end": 2305680.615660443}, "cmdq": 2, "read": {"device_start": -1, "device_end": -1}}, "FFC_sans_bias6": {"write": {"device_start": -1, "host_queued_start": 1585637906.398627, "device_queued": -1, "device_end": -1, "host_queued_end": 1585637906.399729}, "device": "cpu", "nd_range": {"device_start": 2305680.606720548, "device_end": 2305680.6110111163}, "cmdq": 1, "read": {"device_start": -1, "device_end": -1}}, "FFC_sans_bias1": {"write": {"device_start": -1, "host_queued_start": 1585637906.39594, "device_queued": -1, "device_end": -1, "host_queued_end": 1585637906.399729}, "device": "cpu", "nd_range": {"device_start": 2305680.589295713, "device_end": 2305680.6006937632}, "cmdq": 2, "read": {"device_start": -1, "device_end": -1}}, "FFC_sans_bias0": {"write": {"device_start": -1, "host_queued_start": 1585637906.394434, "device_queued": -1, "device_end": -1, "host_queued_end": 1585637906.399729}, "device": "cpu", "nd_range": {"device_start": 2305680.58929432, "device_end": 2305680.597881114}, "cmdq": 1, "read": {"device_start": -1, "device_end": -1}}, "FFC_sans_bias2": {"write": {"device_start": -1, "host_queued_start": 1585637906.397159, "device_queued": -1, "device_end": -1, "host_queued_end": 1585637906.399729}, "device": "cpu", "nd_range": {"device_start": 2305680.589301762, "device_end": 2305680.604840817}, "cmdq": 0, "read": {"device_start": -1, "device_end": -1}}, "FFC_sans_bias52": {"write": {"device_start": 1585637839.5664022, "host_queued_start": 1585637906.391471, "device_queued": 1585637839.555793, "device_end": 1585637839.5664272, "host_queued_end": 1585637906.391572}, "device": "gpu", "nd_range": {"device_start": 1585637839.5664337, "device_end": 1585637839.568173}, "cmdq": 0, "read": {"device_start": 1585637839.5681758, "device_end": 1585637839.5681977}}, "FFC_sans_bias9": {"write": {"device_start": 1585637839.5528076, "host_queued_start": 1585637906.364611, "device_queued": 1585637839.552673, "device_end": 1585637839.5528738, "host_queued_end": 1585637906.391572}, "device": "gpu", "nd_range": {"device_start": 1585637839.552901, "device_end": 1585637839.5535114}, "cmdq": 1, "read": {"device_start": -1, "device_end": -1}}, "coalesced_transpose39": {"write": {"device_start": -1, "host_queued_start": 1585637906.380993, "device_queued": -1, "device_end": -1, "host_queued_end": 1585637906.391572}, "device": "gpu", "nd_range": {"device_start": 1585637839.5602517, "device_end": 1585637839.560281}, "cmdq": 3, "read": {"device_start": -1, "device_end": -1}}, "FFC_sans_bias51": {"write": {"device_start": -1, "host_queued_start": 1585637906.386029, "device_queued": -1, "device_end": -1, "host_queued_end": 1585637906.391572}, "device": "gpu", "nd_range": {"device_start": 1585637839.563845, "device_end": 1585637839.5657823}, "cmdq": 3, "read": {"device_start": -1, "device_end": -1}}, "softmax23": {"write": {"device_start": -1, "host_queued_start": 1585637906.383685, "device_queued": -1, "device_end": -1, "host_queued_end": 1585637906.391572}, "device": "gpu", "nd_range": {"device_start": 1585637839.561853, "device_end": 1585637839.5632255}, "cmdq": 3, "read": {"device_start": -1, "device_end": -1}}, "FFC_sans_bias37": {"write": {"device_start": 1585637839.5564673, "host_queued_start": 1585637906.375418, "device_queued": 1585637839.5536385, "device_end": 1585637839.5564926, "host_queued_end": 1585637906.391572}, "device": "gpu", "nd_range": {"device_start": 1585637839.556502, "device_end": 1585637839.5583181}, "cmdq": 3, "read": {"device_start": -1, "device_end": -1}}, "softmax41": {"write": {"device_start": -1, "host_queued_start": 1585637906.384218, "device_queued": -1, "device_end": -1, "host_queued_end": 1585637906.391572}, "device": "gpu", "nd_range": {"device_start": 1585637839.5627382, "device_end": 1585637839.5629392}, "cmdq": 1, "read": {"device_start": -1, "device_end": -1}}, "FFC_sans_bias11": {"write": {"device_start": 1585637839.5530255, "host_queued_start": 1585637906.366786, "device_queued": 1585637839.5527081, "device_end": 1585637839.5531032, "host_queued_end": 1585637906.391572}, "device": "gpu", "nd_range": {"device_start": 1585637839.553107, "device_end": 1585637839.5544803}, "cmdq": 3, "read": {"device_start": -1, "device_end": -1}}, "FFC_sans_bias10": {"write": {"device_start": 1585637839.5529058, "host_queued_start": 1585637906.365719, "device_queued": 1585637839.5526917, "device_end": 1585637839.5529823, "host_queued_end": 1585637906.391572}, "device": "gpu", "nd_range": {"device_start": 1585637839.5529876, "device_end": 1585637839.5539176}, "cmdq": 2, "read": {"device_start": -1, "device_end": -1}}, "coalesced_transpose3": {"write": {"device_start": -1, "host_queued_start": 1585637906.397542, "device_queued": -1, "device_end": -1, "host_queued_end": 1585637906.399729}, "device": "cpu", "nd_range": {"device_start": 2305680.6010656953, "device_end": 2305680.6012576693}, "cmdq": 1, "read": {"device_start": -1, "device_end": -1}}, "FFC_sans_bias34": {"write": {"device_start": 1585637839.56531, "host_queued_start": 1585637906.389309, "device_queued": 1585637839.5554466, "device_end": 1585637839.5653348, "host_queued_end": 1585637906.391572}, "device": "gpu", "nd_range": {"device_start": 1585637839.5653465, "device_end": 1585637839.5672104}, "cmdq": 2, "read": {"device_start": 1585637839.5672157, "device_end": 1585637839.5672395}}, "FFC_sans_bias15": {"write": {"device_start": -1, "host_queued_start": 1585637906.384771, "device_queued": -1, "device_end": -1, "host_queued_end": 1585637906.391572}, "device": "gpu", "nd_range": {"device_start": 1585637839.5632334, "device_end": 1585637839.5638375}, "cmdq": 3, "read": {"device_start": -1, "device_end": -1}}, "FFC_sans_bias31": {"write": {"device_start": -1, "host_queued_start": 1585637906.382462, "device_queued": -1, "device_end": -1, "host_queued_end": 1585637906.391572}, "device": "gpu", "nd_range": {"device_start": 1585637839.5602906, "device_end": 1585637839.5618458}, "cmdq": 3, "read": {"device_start": -1, "device_end": -1}}, "FFC_sans_bias16": {"write": {"device_start": 1585637839.5643468, "host_queued_start": 1585637906.38715, "device_queued": 1585637839.555252, "device_end": 1585637839.5643718, "host_queued_end": 1585637906.391572}, "device": "gpu", "nd_range": {"device_start": 1585637839.5643797, "device_end": 1585637839.566229}, "cmdq": 0, "read": {"device_start": 1585637839.5662339, "device_end": 1585637839.5662577}}, "FFC_sans_bias19": {"write": {"device_start": 1585637839.5536444, "host_queued_start": 1585637906.368931, "device_queued": 1585637839.5531738, "device_end": 1585637839.5536695, "host_queued_end": 1585637906.391572}, "device": "gpu", "nd_range": {"device_start": 1585637839.5536728, "device_end": 1585637839.5554388}, "cmdq": 1, "read": {"device_start": -1, "device_end": -1}}, "FFC_sans_bias18": {"write": {"device_start": 1585637839.553114, "host_queued_start": 1585637906.367905, "device_queued": 1585637839.5529675, "device_end": 1585637839.5531392, "host_queued_end": 1585637906.391572}, "device": "gpu", "nd_range": {"device_start": 1585637839.553166, "device_end": 1585637839.5549066}, "cmdq": 0, "read": {"device_start": -1, "device_end": -1}}, "coalesced_transpose30": {"write": {"device_start": -1, "host_queued_start": 1585637906.380688, "device_queued": -1, "device_end": -1, "host_queued_end": 1585637906.391572}, "device": "gpu", "nd_range": {"device_start": 1585637839.5597851,