{"FFC_sans_bias4": {"write": {"device_start": -1, "host_queued_start": 1585637815.124164, "device_queued": -1, "device_end": -1, "host_queued_end": 1585637815.12977}, "device": "cpu", "nd_range": {"device_start": 2305589.356483368, "device_end": 2305589.366618574}, "cmdq": 0, "read": {"device_start": -1, "device_end": -1}}, "FFC_sans_bias7": {"write": {"device_start": -1, "host_queued_start": 1585637815.127754, "device_queued": -1, "device_end": -1, "host_queued_end": 1585637815.12977}, "device": "cpu", "nd_range": {"device_start": 2305589.375139601, "device_end": 2305589.3915005}, "cmdq": 0, "read": {"device_start": -1, "device_end": -1}}, "FFC_sans_bias6": {"write": {"device_start": -1, "host_queued_start": 1585637815.126003, "device_queued": -1, "device_end": -1, "host_queued_end": 1585637815.12977}, "device": "cpu", "nd_range": {"device_start": 2305589.3669349253, "device_end": 2305589.37502531}, "cmdq": 0, "read": {"device_start": -1, "device_end": -1}}, "FFC_sans_bias1": {"write": {"device_start": -1, "host_queued_start": 1585637815.115113, "device_queued": -1, "device_end": -1, "host_queued_end": 1585637815.12977}, "device": "cpu", "nd_range": {"device_start": 2305589.3194055553, "device_end": 2305589.327989446}, "cmdq": 1, "read": {"device_start": -1, "device_end": -1}}, "FFC_sans_bias0": {"write": {"device_start": -1, "host_queued_start": 1585637815.114021, "device_queued": -1, "device_end": -1, "host_queued_end": 1585637815.12977}, "device": "cpu", "nd_range": {"device_start": 2305589.319395534, "device_end": 2305589.330868218}, "cmdq": 0, "read": {"device_start": -1, "device_end": -1}}, "FFC_sans_bias2": {"write": {"device_start": -1, "host_queued_start": 1585637815.11619, "device_queued": -1, "device_end": -1, "host_queued_end": 1585637815.12977}, "device": "cpu", "nd_range": {"device_start": 2305589.319398168, "device_end": 2305589.3331508273}, "cmdq": 2, "read": {"device_start": -1, "device_end": -1}}, "FFC_sans_bias52": {"write": {"device_start": 1585637748.2811687, "host_queued_start": 1585637815.109376, "device_queued": 1585637748.274894, "device_end": 1585637748.2811995, "host_queued_end": 1585637815.109565}, "device": "gpu", "nd_range": {"device_start": 1585637748.2812023, "device_end": 1585637748.2819257}, "cmdq": 2, "read": {"device_start": 1585637748.281931, "device_end": 1585637748.2819538}}, "FFC_sans_bias9": {"write": {"device_start": -1, "host_queued_start": 1585637815.117341, "device_queued": -1, "device_end": -1, "host_queued_end": 1585637815.12977}, "device": "cpu", "nd_range": {"device_start": 2305589.331005029, "device_end": 2305589.347405602}, "cmdq": 0, "read": {"device_start": -1, "device_end": -1}}, "coalesced_transpose39": {"write": {"device_start": -1, "host_queued_start": 1585637815.103347, "device_queued": -1, "device_end": -1, "host_queued_end": 1585637815.109565}, "device": "gpu", "nd_range": {"device_start": 1585637748.277145, "device_end": 1585637748.277505}, "cmdq": 1, "read": {"device_start": -1, "device_end": -1}}, "FFC_sans_bias51": {"write": {"device_start": -1, "host_queued_start": 1585637815.106246, "device_queued": -1, "device_end": -1, "host_queued_end": 1585637815.109565}, "device": "gpu", "nd_range": {"device_start": 1585637748.2797198, "device_end": 1585637748.2810178}, "cmdq": 2, "read": {"device_start": -1, "device_end": -1}}, "softmax23": {"write": {"device_start": -1, "host_queued_start": 1585637815.125668, "device_queued": -1, "device_end": -1, "host_queued_end": 1585637815.12977}, "device": "cpu", "nd_range": {"device_start": 2305589.386897736, "device_end": 2305589.387316362}, "cmdq": 2, "read": {"device_start": -1, "device_end": -1}}, "FFC_sans_bias37": {"write": {"device_start": 1585637748.2742658, "host_queued_start": 1585637815.098539, "device_queued": 1585637748.2734854, "device_end": 1585637748.2742903, "host_queued_end": 1585637815.109565}, "device": "gpu", "nd_range": {"device_start": 1585637748.2742958, "device_end": 1585637748.2757018}, "cmdq": 1, "read": {"device_start": -1, "device_end": -1}}, "softmax41": {"write": {"device_start": -1, "host_queued_start": 1585637815.105068, "device_queued": -1, "device_end": -1, "host_queued_end": 1585637815.109565}, "device": "gpu", "nd_range": {"device_start": 1585637748.2785645, "device_end": 1585637748.279259}, "cmdq": 1, "read": {"device_start": -1, "device_end": -1}}, "FFC_sans_bias11": {"write": {"device_start": -1, "host_queued_start": 1585637815.119696, "device_queued": -1, "device_end": -1, "host_queued_end": 1585637815.12977}, "device": "cpu", "nd_range": {"device_start": 2305589.333160535, "device_end": 2305589.345108314}, "cmdq": 2, "read": {"device_start": -1, "device_end": -1}}, "FFC_sans_bias10": {"write": {"device_start": -1, "host_queued_start": 1585637815.11849, "device_queued": -1, "device_end": -1, "host_queued_end": 1585637815.12977}, "device": "cpu", "nd_range": {"device_start": 2305589.3281481103, "device_end": 2305589.340658768}, "cmdq": 1, "read": {"device_start": -1, "device_end": -1}}, "coalesced_transpose3": {"write": {"device_start": -1, "host_queued_start": 1585637815.123177, "device_queued": -1, "device_end": -1, "host_queued_end": 1585637815.12977}, "device": "cpu", "nd_range": {"device_start": 2305589.356123928, "device_end": 2305589.356370807}, "cmdq": 0, "read": {"device_start": -1, "device_end": -1}}, "FFC_sans_bias34": {"write": {"device_start": 1585637748.279663, "host_queued_start": 1585637815.107276, "device_queued": 1585637748.2746637, "device_end": 1585637748.279694, "host_queued_end": 1585637815.109565}, "device": "gpu", "nd_range": {"device_start": 1585637748.2796977, "device_end": 1585637748.2805142}, "cmdq": 0, "read": {"device_start": 1585637748.2805169, "device_end": 1585637748.2805407}}, "FFC_sans_bias15": {"write": {"device_start": -1, "host_queued_start": 1585637815.126366, "device_queued": -1, "device_end": -1, "host_queued_end": 1585637815.12977}, "device": "cpu", "nd_range": {"device_start": 2305589.3707488873, "device_end": 2305589.382681334}, "cmdq": 1, "read": {"device_start": -1, "device_end": -1}}, "FFC_sans_bias31": {"write": {"device_start": -1, "host_queued_start": 1585637815.103955, "device_queued": -1, "device_end": -1, "host_queued_end": 1585637815.109565}, "device": "gpu", "nd_range": {"device_start": 1585637748.2774932, "device_end": 1585637748.2780955}, "cmdq": 0, "read": {"device_start": -1, "device_end": -1}}, "FFC_sans_bias16": {"write": {"device_start": -1, "host_queued_start": 1585637815.128745, "device_queued": -1, "device_end": -1, "host_queued_end": 1585637815.12977}, "device": "cpu", "nd_range": {"device_start": 2305589.382799107, "device_end": 2305589.3903841903}, "cmdq": 1, "read": {"device_start": -1, "device_end": -1}}, "FFC_sans_bias19": {"write": {"device_start": -1, "host_queued_start": 1585637815.121773, "device_queued": -1, "device_end": -1, "host_queued_end": 1585637815.12977}, "device": "cpu", "nd_range": {"device_start": 2305589.340776083, "device_end": 2305589.351405832}, "cmdq": 1, "read": {"device_start": -1, "device_end": -1}}, "FFC_sans_bias18": {"write": {"device_start": -1, "host_queued_start": 1585637815.120738, "device_queued": -1, "device_end": -1, "host_queued_end": 1585637815.12977}, "device": "cpu", "nd_range": {"device_start": 2305589.347415279, "device_end": 2305589.3559990833}, "cmdq": 0, "read": {"device_start": -1, "device_end": -1}}, "coalesced_transpose30": {"write": {"device_start": -1, "host_queued_start": 1585637815.103049, "device_queued": -1, "device_end": -1, "host_queued_end": 1585637815.109565}, "device": "gpu", "nd_range": {"device_start": 1585637748.276649, "device_end": 1585637748.2774923}, "cmdq": 0, "read": {"device_start": -1, "device_end": -1}}, "FFC_sans_bias38": {"write": {"device_start": 1585637748.274842, "host_queued_start": 1585637815.099618, "device_queued": 1585637748.273618, "device_end": 1585637748.2748673, "host_queued_end": 1585637815.109565}, "device": "gpu",