{"FFC_sans_bias4": {"write": {"device_start": -1, "host_queued_start": 1585637787.720964, "device_queued": -1, "device_end": -1, "host_queued_end": 1585637787.73236}, "device": "gpu", "nd_range": {"device_start": 1585637720.9056172, "device_end": 1585637720.9062269}, "cmdq": 0, "read": {"device_start": -1, "device_end": -1}}, "FFC_sans_bias7": {"write": {"device_start": 1585637720.9106028, "host_queued_start": 1585637787.726997, "device_queued": 1585637720.899934, "device_end": 1585637720.9106326, "host_queued_end": 1585637787.73236}, "device": "gpu", "nd_range": {"device_start": 1585637720.9106402, "device_end": 1585637720.9119115}, "cmdq": 0, "read": {"device_start": 1585637720.9119222, "device_end": 1585637720.911946}}, "FFC_sans_bias6": {"write": {"device_start": -1, "host_queued_start": 1585637787.724383, "device_queued": -1, "device_end": -1, "host_queued_end": 1585637787.73236}, "device": "gpu", "nd_range": {"device_start": 1585637720.9089031, "device_end": 1585637720.9095056}, "cmdq": 0, "read": {"device_start": -1, "device_end": -1}}, "FFC_sans_bias1": {"write": {"device_start": 1585637720.8969853, "host_queued_start": 1585637787.701839, "device_queued": 1585637720.8968887, "device_end": 1585637720.8970435, "host_queued_end": 1585637787.73236}, "device": "gpu", "nd_range": {"device_start": 1585637720.897047, "device_end": 1585637720.8979423}, "cmdq": 1, "read": {"device_start": -1, "device_end": -1}}, "FFC_sans_bias0": {"write": {"device_start": 1585637720.8968873, "host_queued_start": 1585637787.700803, "device_queued": 1585637720.8966577, "device_end": 1585637720.896914, "host_queued_end": 1585637787.73236}, "device": "gpu", "nd_range": {"device_start": 1585637720.8969243, "device_end": 1585637720.8975263}, "cmdq": 0, "read": {"device_start": -1, "device_end": -1}}, "FFC_sans_bias2": {"write": {"device_start": 1585637720.8970678, "host_queued_start": 1585637787.702948, "device_queued": 1585637720.8969238, "device_end": 1585637720.897092, "host_queued_end": 1585637787.73236}, "device": "gpu", "nd_range": {"device_start": 1585637720.897095, "device_end": 1585637720.8984973}, "cmdq": 2, "read": {"device_start": -1, "device_end": -1}}, "FFC_sans_bias52": {"write": {"device_start": 1585637720.9140496, "host_queued_start": 1585637787.732259, "device_queued": 1585637720.9004304, "device_end": 1585637720.91408, "host_queued_end": 1585637787.73236}, "device": "gpu", "nd_range": {"device_start": 1585637720.9140837, "device_end": 1585637720.9147987}, "cmdq": 2, "read": {"device_start": 1585637720.9148068, "device_end": 1585637720.914829}}, "FFC_sans_bias9": {"write": {"device_start": 1585637720.8976748, "host_queued_start": 1585637787.703983, "device_queued": 1585637720.897102, "device_end": 1585637720.8977058, "host_queued_end": 1585637787.73236}, "device": "gpu", "nd_range": {"device_start": 1585637720.8977096, "device_end": 1585637720.898924}, "cmdq": 0, "read": {"device_start": -1, "device_end": -1}}, "coalesced_transpose39": {"write": {"device_start": -1, "host_queued_start": 1585637787.720338, "device_queued": -1, "device_end": -1, "host_queued_end": 1585637787.73236}, "device": "gpu", "nd_range": {"device_start": 1585637720.9056022, "device_end": 1585637720.905625}, "cmdq": 1, "read": {"device_start": -1, "device_end": -1}}, "FFC_sans_bias51": {"write": {"device_start": -1, "host_queued_start": 1585637787.725971, "device_queued": -1, "device_end": -1, "host_queued_end": 1585637787.73236}, "device": "gpu", "nd_range": {"device_start": 1585637720.9114552, "device_end": 1585637720.912889}, "cmdq": 2, "read": {"device_start": -1, "device_end": -1}}, "softmax23": {"write": {"device_start": -1, "host_queued_start": 1585637787.723334, "device_queued": -1, "device_end": -1, "host_queued_end": 1585637787.73236}, "device": "gpu", "nd_range": {"device_start": 1585637720.9087, "device_end": 1585637720.9089112}, "cmdq": 2, "read": {"device_start": -1, "device_end": -1}}, "FFC_sans_bias37": {"write": {"device_start": 1585637720.9024189, "host_queued_start": 1585637787.714453, "device_queued": 1585637720.8981874, "device_end": 1585637720.902445, "host_queued_end": 1585637787.73236}, "device": "gpu", "nd_range": {"device_start": 1585637720.9024496, "device_end": 1585637720.9037724}, "cmdq": 1, "read": {"device_start": -1, "device_end": -1}}, "softmax41": {"write": {"device_start": -1, "host_queued_start": 1585637787.723829, "device_queued": -1, "device_end": -1, "host_queued_end": 1585637787.73236}, "device": "gpu", "nd_range": {"device_start": 1585637720.908477, "device_end": 1585637720.9089062}, "cmdq": 1, "read": {"device_start": -1, "device_end": -1}}, "FFC_sans_bias11": {"write": {"device_start": 1585637720.8987238, "host_queued_start": 1585637787.706051, "device_queued": 1585637720.8971877, "device_end": 1585637720.8987548, "host_queued_end": 1585637787.73236}, "device": "gpu", "nd_range": {"device_start": 1585637720.8987586, "device_end": 1585637720.899918}, "cmdq": 2, "read": {"device_start": -1, "device_end": -1}}, "FFC_sans_bias10": {"write": {"device_start": 1585637720.8980849, "host_queued_start": 1585637787.705015, "device_queued": 1585637720.8971648, "device_end": 1585637720.8981156, "host_queued_end": 1585637787.73236}, "device": "gpu", "nd_range": {"device_start": 1585637720.898119, "device_end": 1585637720.89946}, "cmdq": 1, "read": {"device_start": -1, "device_end": -1}}, "coalesced_transpose3": {"write": {"device_start": -1, "host_queued_start": 1585637787.718999, "device_queued": -1, "device_end": -1, "host_queued_end": 1585637787.73236}, "device": "gpu", "nd_range": {"device_start": 1585637720.9047549, "device_end": 1585637720.9055862}, "cmdq": 0, "read": {"device_start": -1, "device_end": -1}}, "FFC_sans_bias34": {"write": {"device_start": 1585637720.9131527, "host_queued_start": 1585637787.730153, "device_queued": 1585637720.900368, "device_end": 1585637720.9131827, "host_queued_end": 1585637787.73236}, "device": "gpu", "nd_range": {"device_start": 1585637720.9131873, "device_end": 1585637720.9143114}, "cmdq": 0, "read": {"device_start": 1585637720.914321, "device_end": 1585637720.914343}}, "FFC_sans_bias15": {"write": {"device_start": -1, "host_queued_start": 1585637787.724703, "device_queued": -1, "device_end": -1, "host_queued_end": 1585637787.73236}, "device": "gpu", "nd_range": {"device_start": 1585637720.9089077, "device_end": 1585637720.9099183}, "cmdq": 1, "read": {"device_start": -1, "device_end": -1}}, "FFC_sans_bias31": {"write": {"device_start": -1, "host_queued_start": 1585637787.721919, "device_queued": -1, "device_end": -1, "host_queued_end": 1585637787.73236}, "device": "gpu", "nd_range": {"device_start": 1585637720.906228, "device_end": 1585637720.9072058}, "cmdq": 0, "read": {"device_start": -1, "device_end": -1}}, "FFC_sans_bias16": {"write": {"device_start": 1585637720.9110422, "host_queued_start": 1585637787.728056, "device_queued": 1585637720.9001243, "device_end": 1585637720.9110737, "host_queued_end": 1585637787.73236}, "device": "gpu", "nd_range": {"device_start": 1585637720.9110782, "device_end": 1585637720.9123974}, "cmdq": 1, "read": {"device_start": 1585637720.9123995, "device_end": 1585637720.9124236}}, "FFC_sans_bias19": {"write": {"device_start": 1585637720.8995917, "host_queued_start": 1585637787.708173, "device_queued": 1585637720.897479, "device_end": 1585637720.8996224, "host_queued_end": 1585637787.73236}, "device": "gpu", "nd_range": {"device_start": 1585637720.8996263, "device_end": 1585637720.90091}, "cmdq": 1, "read": {"device_start": -1, "device_end": -1}}, "FFC_sans_bias18": {"write": {"device_start": 1585637720.8990552, "host_queued_start": 1585637787.707124, "device_queued": 1585637720.8973353, "device_end": 1585637720.8990855, "host_queued_end": 1585637787.73236}, "device": "gpu", "nd_range": {"device_start": 1585637720.899091, "device_end": 1585637720.9004061}, "cmdq": 0, "read": {"device_start": -1, "device_end": -1}}, "coalesced_transpose30": {"write": {"device_start": -1,