{"FFC_sans_bias4": {"write": {"device_start": -1, "host_queued_start": 1585637942.389174, "device_queued": -1, "device_end": -1, "host_queued_end": 1585637942.400648}, "device": "gpu", "nd_range": {"device_start": 1585637875.5699806, "device_end": 1585637875.570978}, "cmdq": 2, "read": {"device_start": -1, "device_end": -1}}, "FFC_sans_bias7": {"write": {"device_start": 1585637875.5750785, "host_queued_start": 1585637942.395282, "device_queued": 1585637875.56401, "device_end": 1585637875.575109, "host_queued_end": 1585637942.400648}, "device": "gpu", "nd_range": {"device_start": 1585637875.5751293, "device_end": 1585637875.5769024}, "cmdq": 0, "read": {"device_start": 1585637875.5769064, "device_end": 1585637875.57693}}, "FFC_sans_bias6": {"write": {"device_start": -1, "host_queued_start": 1585637942.392646, "device_queued": -1, "device_end": -1, "host_queued_end": 1585637942.400648}, "device": "gpu", "nd_range": {"device_start": 1585637875.5734012, "device_end": 1585637875.5740128}, "cmdq": 2, "read": {"device_start": -1, "device_end": -1}}, "FFC_sans_bias1": {"write": {"device_start": 1585637875.5611837, "host_queued_start": 1585637942.369978, "device_queued": 1585637875.5607789, "device_end": 1585637875.5612566, "host_queued_end": 1585637942.400648}, "device": "gpu", "nd_range": {"device_start": 1585637875.5612621, "device_end": 1585637875.5621746}, "cmdq": 3, "read": {"device_start": -1, "device_end": -1}}, "FFC_sans_bias0": {"write": {"device_start": 1585637875.561079, "host_queued_start": 1585637942.368933, "device_queued": 1585637875.5607636, "device_end": 1585637875.5611484, "host_queued_end": 1585637942.400648}, "device": "gpu", "nd_range": {"device_start": 1585637875.5611567, "device_end": 1585637875.5617611}, "cmdq": 2, "read": {"device_start": -1, "device_end": -1}}, "FFC_sans_bias2": {"write": {"device_start": 1585637875.561283, "host_queued_start": 1585637942.371063, "device_queued": 1585637875.561019, "device_end": 1585637875.5613365, "host_queued_end": 1585637942.400648}, "device": "gpu", "nd_range": {"device_start": 1585637875.561342, "device_end": 1585637875.5627372}, "cmdq": 0, "read": {"device_start": -1, "device_end": -1}}, "FFC_sans_bias52": {"write": {"device_start": 1585637875.5775735, "host_queued_start": 1585637942.400544, "device_queued": 1585637875.5647755, "device_end": 1585637875.5776036, "host_queued_end": 1585637942.400648}, "device": "gpu", "nd_range": {"device_start": 1585637875.5776134, "device_end": 1585637875.5792708}, "cmdq": 1, "read": {"device_start": 1585637875.5792754, "device_end": 1585637875.5792973}}, "FFC_sans_bias9": {"write": {"device_start": 1585637875.5613792, "host_queued_start": 1585637942.372105, "device_queued": 1585637875.5611815, "device_end": 1585637875.5614033, "host_queued_end": 1585637942.400648}, "device": "gpu", "nd_range": {"device_start": 1585637875.5614064, "device_end": 1585637875.5631623}, "cmdq": 1, "read": {"device_start": -1, "device_end": -1}}, "coalesced_transpose39": {"write": {"device_start": -1, "host_queued_start": 1585637942.388547, "device_queued": -1, "device_end": -1, "host_queued_end": 1585637942.400648}, "device": "gpu", "nd_range": {"device_start": 1585637875.5698385, "device_end": 1585637875.569878}, "cmdq": 0, "read": {"device_start": -1, "device_end": -1}}, "FFC_sans_bias51": {"write": {"device_start": -1, "host_queued_start": 1585637942.394241, "device_queued": -1, "device_end": -1, "host_queued_end": 1585637942.400648}, "device": "gpu", "nd_range": {"device_start": 1585637875.574422, "device_end": 1585637875.5763972}, "cmdq": 3, "read": {"device_start": -1, "device_end": -1}}, "softmax23": {"write": {"device_start": -1, "host_queued_start": 1585637942.391591, "device_queued": -1, "device_end": -1, "host_queued_end": 1585637942.400648}, "device": "gpu", "nd_range": {"device_start": 1585637875.5725265, "device_end": 1585637875.5733914}, "cmdq": 2, "read": {"device_start": -1, "device_end": -1}}, "FFC_sans_bias37": {"write": {"device_start": 1585637875.5662293, "host_queued_start": 1585637942.38265, "device_queued": 1585637875.562094, "device_end": 1585637875.566255, "host_queued_end": 1585637942.400648}, "device": "gpu", "nd_range": {"device_start": 1585637875.5662723, "device_end": 1585637875.5680096}, "cmdq": 3, "read": {"device_start": -1, "device_end": -1}}, "softmax41": {"write": {"device_start": -1, "host_queued_start": 1585637942.392081, "device_queued": -1, "device_end": -1, "host_queued_end": 1585637942.400648}, "device": "gpu", "nd_range": {"device_start": 1585637875.5727053, "device_end": 1585637875.5734148}, "cmdq": 0, "read": {"device_start": -1, "device_end": -1}}, "FFC_sans_bias11": {"write": {"device_start": 1585637875.5623066, "host_queued_start": 1585637942.374191, "device_queued": 1585637875.5612254, "device_end": 1585637875.562332, "host_queued_end": 1585637942.400648}, "device": "gpu", "nd_range": {"device_start": 1585637875.562337, "device_end": 1585637875.5641532}, "cmdq": 3, "read": {"device_start": -1, "device_end": -1}}, "FFC_sans_bias10": {"write": {"device_start": 1585637875.561884, "host_queued_start": 1585637942.373145, "device_queued": 1585637875.5612075, "device_end": 1585637875.5619202, "host_queued_end": 1585637942.400648}, "device": "gpu", "nd_range": {"device_start": 1585637875.561926, "device_end": 1585637875.5637023}, "cmdq": 2, "read": {"device_start": -1, "device_end": -1}}, "coalesced_transpose3": {"write": {"device_start": -1, "host_queued_start": 1585637942.387208, "device_queued": -1, "device_end": -1, "host_queued_end": 1585637942.400648}, "device": "gpu", "nd_range": {"device_start": 1585637875.5685246, "device_end": 1585637875.569829}, "cmdq": 0, "read": {"device_start": -1, "device_end": -1}}, "FFC_sans_bias34": {"write": {"device_start": 1585637875.576507, "host_queued_start": 1585637942.398419, "device_queued": 1585637875.564237, "device_end": 1585637875.5765378, "host_queued_end": 1585637942.400648}, "device": "gpu", "nd_range": {"device_start": 1585637875.5765545, "device_end": 1585637875.5783513}, "cmdq": 3, "read": {"device_start": 1585637875.5783613, "device_end": 1585637875.5783834}}, "FFC_sans_bias15": {"write": {"device_start": -1, "host_queued_start": 1585637942.392969, "device_queued": -1, "device_end": -1, "host_queued_end": 1585637942.400648}, "device": "gpu", "nd_range": {"device_start": 1585637875.5734124, "device_end": 1585637875.5744133}, "cmdq": 3, "read": {"device_start": -1, "device_end": -1}}, "FFC_sans_bias31": {"write": {"device_start": -1, "host_queued_start": 1585637942.390152, "device_queued": -1, "device_end": -1, "host_queued_end": 1585637942.400648}, "device": "gpu", "nd_range": {"device_start": 1585637875.5700076, "device_end": 1585637875.5719678}, "cmdq": 1, "read": {"device_start": -1, "device_end": -1}}, "FFC_sans_bias16": {"write": {"device_start": 1585637875.5755122, "host_queued_start": 1585637942.396338, "device_queued": 1585637875.5641744, "device_end": 1585637875.5755436, "host_queued_end": 1585637942.400648}, "device": "gpu", "nd_range": {"device_start": 1585637875.5755641, "device_end": 1585637875.5773878}, "cmdq": 1, "read": {"device_start": 1585637875.5773902, "device_end": 1585637875.5774136}}, "FFC_sans_bias19": {"write": {"device_start": 1585637875.5632544, "host_queued_start": 1585637942.376321, "device_queued": 1585637875.5615606, "device_end": 1585637875.5632856, "host_queued_end": 1585637942.400648}, "device": "gpu", "nd_range": {"device_start": 1585637875.5632882, "device_end": 1585637875.5651457}, "cmdq": 1, "read": {"device_start": -1, "device_end": -1}}, "FFC_sans_bias18": {"write": {"device_start": 1585637875.5628572, "host_queued_start": 1585637942.375286, "device_queued": 1585637875.5614207, "device_end": 1585637875.562887, "host_queued_end": 1585637942.400648}, "device": "gpu", "nd_range": {"device_start": 1585637875.562894, "device_end": 1585637875.5646505}, "cmdq": 0, "read": {"device_start": -1, "device_end": -1}},