{"FFC_sans_bias4": {"write": {"device_start": -1, "host_queued_start": 1585638011.044385, "device_queued": -1, "device_end": -1, "host_queued_end": 1585638011.051987}, "device": "cpu", "nd_range": {"device_start": 2305785.2950992812, "device_end": 2305785.302985799}, "cmdq": 2, "read": {"device_start": -1, "device_end": -1}}, "FFC_sans_bias7": {"write": {"device_start": -1, "host_queued_start": 1585638011.048922, "device_queued": -1, "device_end": -1, "host_queued_end": 1585638011.051987}, "device": "cpu", "nd_range": {"device_start": 2305785.332752155, "device_end": 2305785.348206581}, "cmdq": 2, "read": {"device_start": -1, "device_end": -1}}, "FFC_sans_bias6": {"write": {"device_start": -1, "host_queued_start": 1585638011.046862, "device_queued": -1, "device_end": -1, "host_queued_end": 1585638011.051987}, "device": "cpu", "nd_range": {"device_start": 2305785.3165235203, "device_end": 2305785.331849114}, "cmdq": 1, "read": {"device_start": -1, "device_end": -1}}, "FFC_sans_bias1": {"write": {"device_start": -1, "host_queued_start": 1585638011.031687, "device_queued": -1, "device_end": -1, "host_queued_end": 1585638011.051987}, "device": "cpu", "nd_range": {"device_start": 2305785.2416528473, "device_end": 2305785.254085299}, "cmdq": 2, "read": {"device_start": -1, "device_end": -1}}, "FFC_sans_bias0": {"write": {"device_start": -1, "host_queued_start": 1585638011.030553, "device_queued": -1, "device_end": -1, "host_queued_end": 1585638011.051987}, "device": "cpu", "nd_range": {"device_start": 2305785.241611135, "device_end": 2305785.250580592}, "cmdq": 1, "read": {"device_start": -1, "device_end": -1}}, "FFC_sans_bias2": {"write": {"device_start": -1, "host_queued_start": 1585638011.032764, "device_queued": -1, "device_end": -1, "host_queued_end": 1585638011.051987}, "device": "cpu", "nd_range": {"device_start": 2305785.241619868, "device_end": 2305785.2552404683}, "cmdq": 0, "read": {"device_start": -1, "device_end": -1}}, "FFC_sans_bias52": {"write": {"device_start": 1585637944.1883411, "host_queued_start": 1585638011.025276, "device_queued": 1585637944.1846216, "device_end": 1585637944.1883717, "host_queued_end": 1585638011.025383}, "device": "gpu", "nd_range": {"device_start": 1585637944.1894386, "device_end": 1585637944.1905193}, "cmdq": 2, "read": {"device_start": 1585637944.1905262, "device_end": 1585637944.1905496}}, "FFC_sans_bias9": {"write": {"device_start": -1, "host_queued_start": 1585638011.034099, "device_queued": -1, "device_end": -1, "host_queued_end": 1585638011.051987}, "device": "cpu", "nd_range": {"device_start": 2305785.250714457, "device_end": 2305785.264831108}, "cmdq": 1, "read": {"device_start": -1, "device_end": -1}}, "coalesced_transpose39": {"write": {"device_start": -1, "host_queued_start": 1585638011.02072, "device_queued": -1, "device_end": -1, "host_queued_end": 1585638011.025383}, "device": "gpu", "nd_range": {"device_start": 1585637944.1848543, "device_end": 1585637944.1868477}, "cmdq": 3, "read": {"device_start": -1, "device_end": -1}}, "FFC_sans_bias51": {"write": {"device_start": -1, "host_queued_start": 1585638011.023042, "device_queued": -1, "device_end": -1, "host_queued_end": 1585638011.025383}, "device": "gpu", "nd_range": {"device_start": 1585637944.1884947, "device_end": 1585637944.189434}, "cmdq": 0, "read": {"device_start": -1, "device_end": -1}}, "softmax23": {"write": {"device_start": -1, "host_queued_start": 1585638011.046235, "device_queued": -1, "device_end": -1, "host_queued_end": 1585638011.051987}, "device": "cpu", "nd_range": {"device_start": 2305785.317857045, "device_end": 2305785.318062523}, "cmdq": 2, "read": {"device_start": -1, "device_end": -1}}, "FFC_sans_bias37": {"write": {"device_start": 1585637944.1837149, "host_queued_start": 1585638011.014912, "device_queued": 1585637944.1834543, "device_end": 1585637944.1837862, "host_queued_end": 1585638011.025383}, "device": "gpu", "nd_range": {"device_start": 1585637944.1838593, "device_end": 1585637944.184853}, "cmdq": 3, "read": {"device_start": -1, "device_end": -1}}, "softmax41": {"write": {"device_start": -1, "host_queued_start": 1585638011.022047, "device_queued": -1, "device_end": -1, "host_queued_end": 1585638011.025383}, "device": "gpu", "nd_range": {"device_start": 1585637944.1877677, "device_end": 1585637944.188216}, "cmdq": 2, "read": {"device_start": -1, "device_end": -1}}, "FFC_sans_bias11": {"write": {"device_start": -1, "host_queued_start": 1585638011.036315, "device_queued": -1, "device_end": -1, "host_queued_end": 1585638011.051987}, "device": "cpu", "nd_range": {"device_start": 2305785.2568359743, "device_end": 2305785.2713972293}, "cmdq": 0, "read": {"device_start": -1, "device_end": -1}}, "FFC_sans_bias10": {"write": {"device_start": -1, "host_queued_start": 1585638011.035243, "device_queued": -1, "device_end": -1, "host_queued_end": 1585638011.051987}, "device": "cpu", "nd_range": {"device_start": 2305785.254093062, "device_end": 2305785.266658401}, "cmdq": 2, "read": {"device_start": -1, "device_end": -1}}, "coalesced_transpose3": {"write": {"device_start": -1, "host_queued_start": 1585638011.043059, "device_queued": -1, "device_end": -1, "host_queued_end": 1585638011.051987}, "device": "cpu", "nd_range": {"device_start": 2305785.2848456083, "device_end": 2305785.285096636}, "cmdq": 1, "read": {"device_start": -1, "device_end": -1}}, "FFC_sans_bias34": {"write": {"device_start": -1, "host_queued_start": 1585638011.051943, "device_queued": -1, "device_end": -1, "host_queued_end": 1585638011.051987}, "device": "cpu", "nd_range": {"device_start": 2305785.3482149174, "device_end": 2305785.3560102503}, "cmdq": 2, "read": {"device_start": -1, "device_end": -1}}, "FFC_sans_bias15": {"write": {"device_start": -1, "host_queued_start": 1585638011.047205, "device_queued": -1, "device_end": -1, "host_queued_end": 1585638011.051987}, "device": "cpu", "nd_range": {"device_start": 2305785.318169266, "device_end": 2305785.332643901}, "cmdq": 2, "read": {"device_start": -1, "device_end": -1}}, "FFC_sans_bias31": {"write": {"device_start": -1, "host_queued_start": 1585638011.045406, "device_queued": -1, "device_end": -1, "host_queued_end": 1585638011.051987}, "device": "cpu", "nd_range": {"device_start": 2305785.30310425, "device_end": 2305785.3177434}, "cmdq": 2, "read": {"device_start": -1, "device_end": -1}}, "FFC_sans_bias16": {"write": {"device_start": -1, "host_queued_start": 1585638011.049914, "device_queued": -1, "device_end": -1, "host_queued_end": 1585638011.051987}, "device": "cpu", "nd_range": {"device_start": 2305785.3328554262, "device_end": 2305785.348127129}, "cmdq": 0, "read": {"device_start": -1, "device_end": -1}}, "FFC_sans_bias19": {"write": {"device_start": -1, "host_queued_start": 1585638011.038443, "device_queued": -1, "device_end": -1, "host_queued_end": 1585638011.051987}, "device": "cpu", "nd_range": {"device_start": 2305785.266664397, "device_end": 2305785.281409501}, "cmdq": 2, "read": {"device_start": -1, "device_end": -1}}, "FFC_sans_bias18": {"write": {"device_start": -1, "host_queued_start": 1585638011.037382, "device_queued": -1, "device_end": -1, "host_queued_end": 1585638011.051987}, "device": "cpu", "nd_range": {"device_start": 2305785.264948028, "device_end": 2305785.273461522}, "cmdq": 1, "read": {"device_start": -1, "device_end": -1}}, "coalesced_transpose30": {"write": {"device_start": -1, "host_queued_start": 1585638011.044045, "device_queued": -1, "device_end": -1, "host_queued_end": 1585638011.051987}, "device": "cpu", "nd_range": {"device_start": 2305785.2951907963, "device_end": 2305785.2954278244}, "cmdq": 1, "read": {"device_start": -1, "device_end": -1}}, "FFC_sans_bias38": {"write": {"device_start": 1585637944.1838334, "host_queued_start": 1585638011.016232, "device_queued": 1585637944.1837206, "device_end": 1585637944.1838639, "host_queued_end": 1585638011.025383}, "device": "gpu", "nd_range": {"device_start": 1585637944.1838682, "device_end": 1585637944.1855364}, "cmdq": 4,