{"FFC_sans_bias4": {"write": {"device_start": -1, "host_queued_start": 1585637967.023462, "device_queued": -1, "device_end": -1, "host_queued_end": 1585637967.027443}, "device": "cpu", "nd_range": {"device_start": 2305741.2456244472, "device_end": 2305741.250178631}, "cmdq": 0, "read": {"device_start": -1, "device_end": -1}}, "FFC_sans_bias7": {"write": {"device_start": -1, "host_queued_start": 1585637967.026296, "device_queued": -1, "device_end": -1, "host_queued_end": 1585637967.027443}, "device": "cpu", "nd_range": {"device_start": 2305741.264043006, "device_end": 2305741.268434084}, "cmdq": 0, "read": {"device_start": -1, "device_end": -1}}, "FFC_sans_bias6": {"write": {"device_start": -1, "host_queued_start": 1585637967.024809, "device_queued": -1, "device_end": -1, "host_queued_end": 1585637967.027443}, "device": "cpu", "nd_range": {"device_start": 2305741.255096231, "device_end": 2305741.259530599}, "cmdq": 0, "read": {"device_start": -1, "device_end": -1}}, "FFC_sans_bias1": {"write": {"device_start": -1, "host_queued_start": 1585637967.017904, "device_queued": -1, "device_end": -1, "host_queued_end": 1585637967.027443}, "device": "cpu", "nd_range": {"device_start": 2305741.221488277, "device_end": 2305741.2254297193}, "cmdq": 0, "read": {"device_start": -1, "device_end": -1}}, "FFC_sans_bias0": {"write": {"device_start": -1, "host_queued_start": 1585637967.016436, "device_queued": -1, "device_end": -1, "host_queued_end": 1585637967.027443}, "device": "cpu", "nd_range": {"device_start": 2305741.217066083, "device_end": 2305741.22146479}, "cmdq": 0, "read": {"device_start": -1, "device_end": -1}}, "FFC_sans_bias2": {"write": {"device_start": -1, "host_queued_start": 1585637967.019132, "device_queued": -1, "device_end": -1, "host_queued_end": 1585637967.027443}, "device": "cpu", "nd_range": {"device_start": 2305741.22558045, "device_end": 2305741.230874914}, "cmdq": 0, "read": {"device_start": -1, "device_end": -1}}, "FFC_sans_bias52": {"write": {"device_start": 1585637900.1829228, "host_queued_start": 1585637967.012124, "device_queued": 1585637900.175393, "device_end": 1585637900.1829846, "host_queued_end": 1585637967.012236}, "device": "gpu", "nd_range": {"device_start": 1585637900.183874, "device_end": 1585637900.1855426}, "cmdq": 0, "read": {"device_start": 1585637900.1855488, "device_end": 1585637900.185572}}, "FFC_sans_bias9": {"write": {"device_start": -1, "host_queued_start": 1585637967.020217, "device_queued": -1, "device_end": -1, "host_queued_end": 1585637967.027443}, "device": "cpu", "nd_range": {"device_start": 2305741.230884681, "device_end": 2305741.2354506874}, "cmdq": 0, "read": {"device_start": -1, "device_end": -1}}, "coalesced_transpose39": {"write": {"device_start": -1, "host_queued_start": 1585637967.001837, "device_queued": -1, "device_end": -1, "host_queued_end": 1585637967.012236}, "device": "gpu", "nd_range": {"device_start": 1585637900.1774576, "device_end": 1585637900.17843}, "cmdq": 3, "read": {"device_start": -1, "device_end": -1}}, "FFC_sans_bias51": {"write": {"device_start": -1, "host_queued_start": 1585637967.007594, "device_queued": -1, "device_end": -1, "host_queued_end": 1585637967.012236}, "device": "gpu", "nd_range": {"device_start": 1585637900.1827657, "device_end": 1585637900.1838636}, "cmdq": 1, "read": {"device_start": -1, "device_end": -1}}, "softmax23": {"write": {"device_start": -1, "host_queued_start": 1585637967.005146, "device_queued": -1, "device_end": -1, "host_queued_end": 1585637967.012236}, "device": "gpu", "nd_range": {"device_start": 1585637900.17918, "device_end": 1585637900.180987}, "cmdq": 4, "read": {"device_start": -1, "device_end": -1}}, "FFC_sans_bias37": {"write": {"device_start": 1585637900.1742394, "host_queued_start": 1585637966.996321, "device_queued": 1585637900.1730487, "device_end": 1585637900.1742845, "host_queued_end": 1585637967.012236}, "device": "gpu", "nd_range": {"device_start": 1585637900.1742904, "device_end": 1585637900.1764736}, "cmdq": 1, "read": {"device_start": -1, "device_end": -1}}, "softmax41": {"write": {"device_start": -1, "host_queued_start": 1585637967.005902, "device_queued": -1, "device_end": -1, "host_queued_end": 1585637967.012236}, "device": "gpu", "nd_range": {"device_start": 1585637900.1802676, "device_end": 1585637900.180991}, "cmdq": 1, "read": {"device_start": -1, "device_end": -1}}, "FFC_sans_bias11": {"write": {"device_start": -1, "host_queued_start": 1585637967.02237, "device_queued": -1, "device_end": -1, "host_queued_end": 1585637967.027443}, "device": "cpu", "nd_range": {"device_start": 2305741.240469539, "device_end": 2305741.245057459}, "cmdq": 0, "read": {"device_start": -1, "device_end": -1}}, "FFC_sans_bias10": {"write": {"device_start": -1, "host_queued_start": 1585637967.02129, "device_queued": -1, "device_end": -1, "host_queued_end": 1585637967.027443}, "device": "cpu", "nd_range": {"device_start": 2305741.235459574, "device_end": 2305741.240301052}, "cmdq": 0, "read": {"device_start": -1, "device_end": -1}}, "coalesced_transpose3": {"write": {"device_start": -1, "host_queued_start": 1585637967.022718, "device_queued": -1, "device_end": -1, "host_queued_end": 1585637967.027443}, "device": "cpu", "nd_range": {"device_start": 2305741.245179946, "device_end": 2305741.2452886594}, "cmdq": 0, "read": {"device_start": -1, "device_end": -1}}, "FFC_sans_bias34": {"write": {"device_start": 1585637900.1817513, "host_queued_start": 1585637967.009844, "device_queued": 1585637900.1749065, "device_end": 1585637900.1817808, "host_queued_end": 1585637967.012236}, "device": "gpu", "nd_range": {"device_start": 1585637900.1827533, "device_end": 1585637900.1833582}, "cmdq": 3, "read": {"device_start": 1585637900.1833656, "device_end": 1585637900.18339}}, "FFC_sans_bias15": {"write": {"device_start": -1, "host_queued_start": 1585637967.025198, "device_queued": -1, "device_end": -1, "host_queued_end": 1585637967.027443}, "device": "cpu", "nd_range": {"device_start": 2305741.259536256, "device_end": 2305741.2640372673}, "cmdq": 0, "read": {"device_start": -1, "device_end": -1}}, "FFC_sans_bias31": {"write": {"device_start": -1, "host_queued_start": 1585637967.003641, "device_queued": -1, "device_end": -1, "host_queued_end": 1585637967.012236}, "device": "gpu", "nd_range": {"device_start": 1585637900.178576, "device_end": 1585637900.1796763}, "cmdq": 1, "read": {"device_start": -1, "device_end": -1}}, "FFC_sans_bias16": {"write": {"device_start": -1, "host_queued_start": 1585637967.027393, "device_queued": -1, "device_end": -1, "host_queued_end": 1585637967.027443}, "device": "cpu", "nd_range": {"device_start": 2305741.268437252, "device_end": 2305741.272958075}, "cmdq": 0, "read": {"device_start": -1, "device_end": -1}}, "FFC_sans_bias19": {"write": {"device_start": 1585637900.1722102, "host_queued_start": 1585637966.989884, "device_queued": 1585637900.1721115, "device_end": 1585637900.172266, "host_queued_end": 1585637967.012236}, "device": "gpu", "nd_range": {"device_start": 1585637900.1722684, "device_end": 1585637900.1731632}, "cmdq": 0, "read": {"device_start": -1, "device_end": -1}}, "FFC_sans_bias18": {"write": {"device_start": 1585637900.1720524, "host_queued_start": 1585637966.988852, "device_queued": 1585637900.1719232, "device_end": 1585637900.1721103, "host_queued_end": 1585637967.012236}, "device": "gpu", "nd_range": {"device_start": 1585637900.172156, "device_end": 1585637900.1727648}, "cmdq": 4, "read": {"device_start": -1, "device_end": -1}}, "coalesced_transpose30": {"write": {"device_start": -1, "host_queued_start": 1585637967.001362, "device_queued": -1, "device_end": -1, "host_queued_end": 1585637967.012236}, "device": "gpu", "nd_range": {"device_start": 1585637900.1770163, "device_end": 1585637900.1784096}, "cmdq": 2, "read": {"device_start": -1, "device_end": -1}}, "FFC_sans_bias38": {"write": {"device_start": 1585637900.1746638, "host_queued_start": 1585637966.99738, "device_queued": 1585637900.173075,