{"FFC_sans_bias4": {"write": {"device_start": -1, "host_queued_start": 1585637658.262339, "device_queued": -1, "device_end": -1, "host_queued_end": 1585637658.266051}, "device": "cpu", "nd_range": {"device_start": 2305432.481375954, "device_end": 2305432.489508682}, "cmdq": 0, "read": {"device_start": -1, "device_end": -1}}, "FFC_sans_bias7": {"write": {"device_start": -1, "host_queued_start": 1585637658.265017, "device_queued": -1, "device_end": -1, "host_queued_end": 1585637658.266051}, "device": "cpu", "nd_range": {"device_start": 2305432.507179282, "device_end": 2305432.5112359743}, "cmdq": 1, "read": {"device_start": -1, "device_end": -1}}, "FFC_sans_bias6": {"write": {"device_start": -1, "host_queued_start": 1585637658.263633, "device_queued": -1, "device_end": -1, "host_queued_end": 1585637658.266051}, "device": "cpu", "nd_range": {"device_start": 2305432.493874268, "device_end": 2305432.50717265}, "cmdq": 4, "read": {"device_start": -1, "device_end": -1}}, "FFC_sans_bias1": {"write": {"device_start": -1, "host_queued_start": 1585637658.256604, "device_queued": -1, "device_end": -1, "host_queued_end": 1585637658.266051}, "device": "cpu", "nd_range": {"device_start": 2305432.471249081, "device_end": 2305432.4809061233}, "cmdq": 3, "read": {"device_start": -1, "device_end": -1}}, "FFC_sans_bias0": {"write": {"device_start": -1, "host_queued_start": 1585637658.255488, "device_queued": -1, "device_end": -1, "host_queued_end": 1585637658.266051}, "device": "cpu", "nd_range": {"device_start": 2305432.455679587, "device_end": 2305432.471173331}, "cmdq": 2, "read": {"device_start": -1, "device_end": -1}}, "FFC_sans_bias2": {"write": {"device_start": -1, "host_queued_start": 1585637658.257792, "device_queued": -1, "device_end": -1, "host_queued_end": 1585637658.266051}, "device": "cpu", "nd_range": {"device_start": 2305432.455762296, "device_end": 2305432.471066959}, "cmdq": 4, "read": {"device_start": -1, "device_end": -1}}, "FFC_sans_bias52": {"write": {"device_start": 1585637591.4475975, "host_queued_start": 1585637658.251652, "device_queued": 1585637591.4214945, "device_end": 1585637591.4476209, "host_queued_end": 1585637658.251748}, "device": "gpu", "nd_range": {"device_start": 1585637591.447626, "device_end": 1585637591.4482203}, "cmdq": 0, "read": {"device_start": 1585637591.448224, "device_end": 1585637591.44825}}, "FFC_sans_bias9": {"write": {"device_start": -1, "host_queued_start": 1585637658.258995, "device_queued": -1, "device_end": -1, "host_queued_end": 1585637658.266051}, "device": "cpu", "nd_range": {"device_start": 2305432.455669885, "device_end": 2305432.471187078}, "cmdq": 0, "read": {"device_start": -1, "device_end": -1}}, "coalesced_transpose39": {"write": {"device_start": -1, "host_queued_start": 1585637658.243531, "device_queued": -1, "device_end": -1, "host_queued_end": 1585637658.251748}, "device": "gpu", "nd_range": {"device_start": 1585637591.4285097, "device_end": 1585637591.428518}, "cmdq": 0, "read": {"device_start": -1, "device_end": -1}}, "FFC_sans_bias51": {"write": {"device_start": -1, "host_queued_start": 1585637658.247495, "device_queued": -1, "device_end": -1, "host_queued_end": 1585637658.251748}, "device": "gpu", "nd_range": {"device_start": 1585637591.4335659, "device_end": 1585637591.4341629}, "cmdq": 0, "read": {"device_start": -1, "device_end": -1}}, "softmax23": {"write": {"device_start": -1, "host_queued_start": 1585637658.245348, "device_queued": -1, "device_end": -1, "host_queued_end": 1585637658.251748}, "device": "gpu", "nd_range": {"device_start": 1585637591.4309351, "device_end": 1585637591.431149}, "cmdq": 0, "read": {"device_start": -1, "device_end": -1}}, "FFC_sans_bias37": {"write": {"device_start": 1585637591.4248672, "host_queued_start": 1585637658.238359, "device_queued": 1585637591.4199455, "device_end": 1585637591.424896, "host_queued_end": 1585637658.251748}, "device": "gpu", "nd_range": {"device_start": 1585637591.4248996, "device_end": 1585637591.425488}, "cmdq": 0, "read": {"device_start": -1, "device_end": -1}}, "softmax41": {"write": {"device_start": -1, "host_queued_start": 1585637658.245845, "device_queued": -1, "device_end": -1, "host_queued_end": 1585637658.251748}, "device": "gpu", "nd_range": {"device_start": 1585637591.4313617, "device_end": 1585637591.4315732}, "cmdq": 0, "read": {"device_start": -1, "device_end": -1}}, "FFC_sans_bias11": {"write": {"device_start": -1, "host_queued_start": 1585637658.261269, "device_queued": -1, "device_end": -1, "host_queued_end": 1585637658.266051}, "device": "cpu", "nd_range": {"device_start": 2305432.471220997, "device_end": 2305432.4934457582}, "cmdq": 2, "read": {"device_start": -1, "device_end": -1}}, "FFC_sans_bias10": {"write": {"device_start": -1, "host_queued_start": 1585637658.260142, "device_queued": -1, "device_end": -1, "host_queued_end": 1585637658.266051}, "device": "cpu", "nd_range": {"device_start": 2305432.4556644703, "device_end": 2305432.472480113}, "cmdq": 1, "read": {"device_start": -1, "device_end": -1}}, "coalesced_transpose3": {"write": {"device_start": -1, "host_queued_start": 1585637658.261655, "device_queued": -1, "device_end": -1, "host_queued_end": 1585637658.266051}, "device": "cpu", "nd_range": {"device_start": 2305432.4810243873, "device_end": 2305432.481262862}, "cmdq": 3, "read": {"device_start": -1, "device_end": -1}}, "FFC_sans_bias34": {"write": {"device_start": 1585637591.446045, "host_queued_start": 1585637658.24956, "device_queued": 1585637591.4212878, "device_end": 1585637591.4460683, "host_queued_end": 1585637658.251748}, "device": "gpu", "nd_range": {"device_start": 1585637591.4460738, "device_end": 1585637591.4466717}, "cmdq": 0, "read": {"device_start": 1585637591.4466798, "device_end": 1585637591.4467022}}, "FFC_sans_bias15": {"write": {"device_start": -1, "host_queued_start": 1585637658.26397, "device_queued": -1, "device_end": -1, "host_queued_end": 1585637658.266051}, "device": "cpu", "nd_range": {"device_start": 2305432.4895174773, "device_end": 2305432.495223054}, "cmdq": 0, "read": {"device_start": -1, "device_end": -1}}, "FFC_sans_bias31": {"write": {"device_start": -1, "host_queued_start": 1585637658.244471, "device_queued": -1, "device_end": -1, "host_queued_end": 1585637658.251748}, "device": "gpu", "nd_range": {"device_start": 1585637591.429119, "device_end": 1585637591.429731}, "cmdq": 0, "read": {"device_start": -1, "device_end": -1}}, "FFC_sans_bias16": {"write": {"device_start": -1, "host_queued_start": 1585637658.266006, "device_queued": -1, "device_end": -1, "host_queued_end": 1585637658.266051}, "device": "cpu", "nd_range": {"device_start": 2305432.49629405, "device_end": 2305432.502915191}, "cmdq": 2, "read": {"device_start": -1, "device_end": -1}}, "FFC_sans_bias19": {"write": {"device_start": 1585637591.420396, "host_queued_start": 1585637658.232111, "device_queued": 1585637591.4193342, "device_end": 1585637591.4204197, "host_queued_end": 1585637658.251748}, "device": "gpu", "nd_range": {"device_start": 1585637591.4204288, "device_end": 1585637591.4210248}, "cmdq": 0, "read": {"device_start": -1, "device_end": -1}}, "FFC_sans_bias18": {"write": {"device_start": 1585637591.4196427, "host_queued_start": 1585637658.231142, "device_queued": 1585637591.4192786, "device_end": 1585637591.419674, "host_queued_end": 1585637658.251748}, "device": "gpu", "nd_range": {"device_start": 1585637591.4196768, "device_end": 1585637591.4202754}, "cmdq": 0, "read": {"device_start": -1, "device_end": -1}}, "coalesced_transpose30": {"write": {"device_start": -1, "host_queued_start": 1585637658.243228, "device_queued": -1, "device_end": -1, "host_queued_end": 1585637658.251748}, "device": "gpu", "nd_range": {"device_start": 1585637591.4285004, "device_end": 1585637591.4285088}, "cmdq": 0, "read": {"device_start": -1, "device_end": -1}}, "FFC_sans_bias38": {"write": {"device_start": 1585637591.4255984, "host_queued_start": 1585637658.239426, "device_queued": 1585637591.4201035,