{"FFC_sans_bias4": {"write": {"device_start": -1, "host_queued_start": 1585637713.404409, "device_queued": -1, "device_end": -1, "host_queued_end": 1585637713.406368}, "device": "cpu", "nd_range": {"device_start": 2305487.608283249, "device_end": 2305487.613479063}, "cmdq": 2, "read": {"device_start": -1, "device_end": -1}}, "FFC_sans_bias7": {"write": {"device_start": -1, "host_queued_start": 1585637713.40632, "device_queued": -1, "device_end": -1, "host_queued_end": 1585637713.406368}, "device": "cpu", "nd_range": {"device_start": 2305487.620520138, "device_end": 2305487.6260189014}, "cmdq": 2, "read": {"device_start": -1, "device_end": -1}}, "FFC_sans_bias6": {"write": {"device_start": -1, "host_queued_start": 1585637713.405153, "device_queued": -1, "device_end": -1, "host_queued_end": 1585637713.406368}, "device": "cpu", "nd_range": {"device_start": 2305487.613621393, "device_end": 2305487.620514416}, "cmdq": 1, "read": {"device_start": -1, "device_end": -1}}, "FFC_sans_bias1": {"write": {"device_start": -1, "host_queued_start": 1585637713.402114, "device_queued": -1, "device_end": -1, "host_queued_end": 1585637713.406368}, "device": "cpu", "nd_range": {"device_start": 2305487.595984248, "device_end": 2305487.607995289}, "cmdq": 2, "read": {"device_start": -1, "device_end": -1}}, "FFC_sans_bias0": {"write": {"device_start": -1, "host_queued_start": 1585637713.400687, "device_queued": -1, "device_end": -1, "host_queued_end": 1585637713.406368}, "device": "cpu", "nd_range": {"device_start": 2305487.595976843, "device_end": 2305487.608120936}, "cmdq": 1, "read": {"device_start": -1, "device_end": -1}}, "FFC_sans_bias2": {"write": {"device_start": -1, "host_queued_start": 1585637713.403516, "device_queued": -1, "device_end": -1, "host_queued_end": 1585637713.406368}, "device": "cpu", "nd_range": {"device_start": 2305487.5959843853, "device_end": 2305487.604739456}, "cmdq": 0, "read": {"device_start": -1, "device_end": -1}}, "FFC_sans_bias52": {"write": {"device_start": 1585637646.578196, "host_queued_start": 1585637713.397751, "device_queued": 1585637646.56686, "device_end": 1585637646.578221, "host_queued_end": 1585637713.397852}, "device": "gpu", "nd_range": {"device_start": 1585637646.5782294, "device_end": 1585637646.5789368}, "cmdq": 0, "read": {"device_start": 1585637646.5795193, "device_end": 1585637646.5795426}}, "FFC_sans_bias9": {"write": {"device_start": 1585637646.564179, "host_queued_start": 1585637713.371934, "device_queued": 1585637646.564036, "device_end": 1585637646.5642424, "host_queued_end": 1585637713.397852}, "device": "gpu", "nd_range": {"device_start": 1585637646.5642493, "device_end": 1585637646.5648532}, "cmdq": 1, "read": {"device_start": -1, "device_end": -1}}, "coalesced_transpose39": {"write": {"device_start": -1, "host_queued_start": 1585637713.387794, "device_queued": -1, "device_end": -1, "host_queued_end": 1585637713.397852}, "device": "gpu", "nd_range": {"device_start": 1585637646.5716207, "device_end": 1585637646.571638}, "cmdq": 1, "read": {"device_start": -1, "device_end": -1}}, "FFC_sans_bias51": {"write": {"device_start": -1, "host_queued_start": 1585637713.392556, "device_queued": -1, "device_end": -1, "host_queued_end": 1585637713.397852}, "device": "gpu", "nd_range": {"device_start": 1585637646.5765033, "device_end": 1585637646.5774806}, "cmdq": 1, "read": {"device_start": -1, "device_end": -1}}, "softmax23": {"write": {"device_start": -1, "host_queued_start": 1585637713.390267, "device_queued": -1, "device_end": -1, "host_queued_end": 1585637713.397852}, "device": "gpu", "nd_range": {"device_start": 1585637646.574245, "device_end": 1585637646.5744495}, "cmdq": 1, "read": {"device_start": -1, "device_end": -1}}, "FFC_sans_bias37": {"write": {"device_start": 1585637646.5688276, "host_queued_start": 1585637713.382382, "device_queued": 1585637646.5650675, "device_end": 1585637646.5688617, "host_queued_end": 1585637713.397852}, "device": "gpu", "nd_range": {"device_start": 1585637646.5688663, "device_end": 1585637646.5696785}, "cmdq": 1, "read": {"device_start": -1, "device_end": -1}}, "softmax41": {"write": {"device_start": -1, "host_queued_start": 1585637713.390764, "device_queued": -1, "device_end": -1, "host_queued_end": 1585637713.397852}, "device": "gpu", "nd_range": {"device_start": 1585637646.5744574, "device_end": 1585637646.5748074}, "cmdq": 1, "read": {"device_start": -1, "device_end": -1}}, "FFC_sans_bias11": {"write": {"device_start": 1585637646.5649443, "host_queued_start": 1585637713.37405, "device_queued": 1585637646.5642762, "device_end": 1585637646.5649748, "host_queued_end": 1585637713.397852}, "device": "gpu", "nd_range": {"device_start": 1585637646.564977, "device_end": 1585637646.565822}, "cmdq": 1, "read": {"device_start": -1, "device_end": -1}}, "FFC_sans_bias10": {"write": {"device_start": 1585637646.5642657, "host_queued_start": 1585637713.373009, "device_queued": 1585637646.5640872, "device_end": 1585637646.5642912, "host_queued_end": 1585637713.397852}, "device": "gpu", "nd_range": {"device_start": 1585637646.5642934, "device_end": 1585637646.5652559}, "cmdq": 0, "read": {"device_start": -1, "device_end": -1}}, "coalesced_transpose3": {"write": {"device_start": -1, "host_queued_start": 1585637713.40396, "device_queued": -1, "device_end": -1, "host_queued_end": 1585637713.406368}, "device": "cpu", "nd_range": {"device_start": 2305487.6081783404, "device_end": 2305487.608264828}, "cmdq": 1, "read": {"device_start": -1, "device_end": -1}}, "FFC_sans_bias34": {"write": {"device_start": 1585637646.577234, "host_queued_start": 1585637713.395672, "device_queued": 1585637646.5666156, "device_end": 1585637646.577259, "host_queued_end": 1585637713.397852}, "device": "gpu", "nd_range": {"device_start": 1585637646.577268, "device_end": 1585637646.5779884}, "cmdq": 0, "read": {"device_start": 1585637646.5779998, "device_end": 1585637646.5780237}}, "FFC_sans_bias15": {"write": {"device_start": -1, "host_queued_start": 1585637713.391315, "device_queued": -1, "device_end": -1, "host_queued_end": 1585637713.397852}, "device": "gpu", "nd_range": {"device_start": 1585637646.5748158, "device_end": 1585637646.5754983}, "cmdq": 1, "read": {"device_start": -1, "device_end": -1}}, "FFC_sans_bias31": {"write": {"device_start": -1, "host_queued_start": 1585637713.389131, "device_queued": -1, "device_end": -1, "host_queued_end": 1585637713.397852}, "device": "gpu", "nd_range": {"device_start": 1585637646.572663, "device_end": 1585637646.573627}, "cmdq": 1, "read": {"device_start": -1, "device_end": -1}}, "FFC_sans_bias16": {"write": {"device_start": 1585637646.576178, "host_queued_start": 1585637713.39359, "device_queued": 1585637646.566359, "device_end": 1585637646.5762036, "host_queued_end": 1585637713.397852}, "device": "gpu", "nd_range": {"device_start": 1585637646.576213, "device_end": 1585637646.5770419}, "cmdq": 0, "read": {"device_start": 1585637646.5770476, "device_end": 1585637646.5770733}}, "FFC_sans_bias19": {"write": {"device_start": 1585637646.5659215, "host_queued_start": 1585637713.376148, "device_queued": 1585637646.5644667, "device_end": 1585637646.565948, "host_queued_end": 1585637713.397852}, "device": "gpu", "nd_range": {"device_start": 1585637646.5659537, "device_end": 1585637646.5667984}, "cmdq": 1, "read": {"device_start": -1, "device_end": -1}}, "FFC_sans_bias18": {"write": {"device_start": 1585637646.56533, "host_queued_start": 1585637713.375111, "device_queued": 1585637646.5643227, "device_end": 1585637646.5653615, "host_queued_end": 1585637713.397852}, "device": "gpu", "nd_range": {"device_start": 1585637646.565364, "device_end": 1585637646.5662477}, "cmdq": 0, "read": {"device_start": -1, "device_end": -1}}, "coalesced_transpose30": {"write": {"device_start": -1, "host_queued_start": 1585637713.387495, "device_queued": -1, "device_end": -1, "host_queued_end": 1585637713.397852}, "device": "gpu", "nd_range": {"device_start": 1585637646.5714629, "device_end": 1585637646.5714831},