{"FFC_sans_bias4": {"write": {"device_start": -1, "host_queued_start": 1585637682.997769, "device_queued": -1, "device_end": -1, "host_queued_end": 1585637683.007627}, "device": "cpu", "nd_range": {"device_start": 2305457.258830023, "device_end": 2305457.26313687}, "cmdq": 0, "read": {"device_start": -1, "device_end": -1}}, "FFC_sans_bias7": {"write": {"device_start": -1, "host_queued_start": 1585637683.003411, "device_queued": -1, "device_end": -1, "host_queued_end": 1585637683.007627}, "device": "cpu", "nd_range": {"device_start": 2305457.29587621, "device_end": 2305457.300688033}, "cmdq": 0, "read": {"device_start": -1, "device_end": -1}}, "FFC_sans_bias6": {"write": {"device_start": -1, "host_queued_start": 1585637683.00025, "device_queued": -1, "device_end": -1, "host_queued_end": 1585637683.007627}, "device": "cpu", "nd_range": {"device_start": 2305457.277531173, "device_end": 2305457.281922549}, "cmdq": 0, "read": {"device_start": -1, "device_end": -1}}, "FFC_sans_bias1": {"write": {"device_start": -1, "host_queued_start": 1585637682.985341, "device_queued": -1, "device_end": -1, "host_queued_end": 1585637683.007627}, "device": "cpu", "nd_range": {"device_start": 2305457.2013846263, "device_end": 2305457.205436}, "cmdq": 0, "read": {"device_start": -1, "device_end": -1}}, "FFC_sans_bias0": {"write": {"device_start": -1, "host_queued_start": 1585637682.984242, "device_queued": -1, "device_end": -1, "host_queued_end": 1585637683.007627}, "device": "cpu", "nd_range": {"device_start": 2305457.197283511, "device_end": 2305457.201365355}, "cmdq": 0, "read": {"device_start": -1, "device_end": -1}}, "FFC_sans_bias2": {"write": {"device_start": -1, "host_queued_start": 1585637682.986459, "device_queued": -1, "device_end": -1, "host_queued_end": 1585637683.007627}, "device": "cpu", "nd_range": {"device_start": 2305457.205577373, "device_end": 2305457.210868434}, "cmdq": 0, "read": {"device_start": -1, "device_end": -1}}, "FFC_sans_bias52": {"write": {"device_start": 1585637616.1511965, "host_queued_start": 1585637682.979143, "device_queued": 1585637616.1470833, "device_end": 1585637616.1512258, "host_queued_end": 1585637682.979249}, "device": "gpu", "nd_range": {"device_start": 1585637616.151228, "device_end": 1585637616.152081}, "cmdq": 1, "read": {"device_start": 1585637616.1520894, "device_end": 1585637616.1521146}}, "FFC_sans_bias9": {"write": {"device_start": -1, "host_queued_start": 1585637682.987515, "device_queued": -1, "device_end": -1, "host_queued_end": 1585637683.007627}, "device": "cpu", "nd_range": {"device_start": 2305457.21107163, "device_end": 2305457.215105726}, "cmdq": 0, "read": {"device_start": -1, "device_end": -1}}, "coalesced_transpose39": {"write": {"device_start": -1, "host_queued_start": 1585637682.974991, "device_queued": -1, "device_end": -1, "host_queued_end": 1585637682.979249}, "device": "gpu", "nd_range": {"device_start": 1585637616.1486738, "device_end": 1585637616.1489506}, "cmdq": 0, "read": {"device_start": -1, "device_end": -1}}, "FFC_sans_bias51": {"write": {"device_start": -1, "host_queued_start": 1585637682.977046, "device_queued": -1, "device_end": -1, "host_queued_end": 1585637682.979249}, "device": "gpu", "nd_range": {"device_start": 1585637616.1504197, "device_end": 1585637616.1510954}, "cmdq": 1, "read": {"device_start": -1, "device_end": -1}}, "softmax23": {"write": {"device_start": -1, "host_queued_start": 1585637682.999643, "device_queued": -1, "device_end": -1, "host_queued_end": 1585637683.007627}, "device": "cpu", "nd_range": {"device_start": 2305457.2771938792, "device_end": 2305457.2773588332}, "cmdq": 0, "read": {"device_start": -1, "device_end": -1}}, "FFC_sans_bias37": {"write": {"device_start": 1585637616.1462228, "host_queued_start": 1585637682.97045, "device_queued": 1585637616.1461146, "device_end": 1585637616.1462526, "host_queued_end": 1585637682.979249}, "device": "gpu", "nd_range": {"device_start": 1585637616.1462555, "device_end": 1585637616.1471033}, "cmdq": 1, "read": {"device_start": -1, "device_end": -1}}, "softmax41": {"write": {"device_start": -1, "host_queued_start": 1585637682.976181, "device_queued": -1, "device_end": -1, "host_queued_end": 1585637682.979249}, "device": "gpu", "nd_range": {"device_start": 1585637616.1495824, "device_end": 1585637616.1500864}, "cmdq": 0, "read": {"device_start": -1, "device_end": -1}}, "FFC_sans_bias11": {"write": {"device_start": -1, "host_queued_start": 1585637682.989741, "device_queued": -1, "device_end": -1, "host_queued_end": 1585637683.007627}, "device": "cpu", "nd_range": {"device_start": 2305457.223931148, "device_end": 2305457.229024421}, "cmdq": 0, "read": {"device_start": -1, "device_end": -1}}, "FFC_sans_bias10": {"write": {"device_start": -1, "host_queued_start": 1585637682.98857, "device_queued": -1, "device_end": -1, "host_queued_end": 1585637683.007627}, "device": "cpu", "nd_range": {"device_start": 2305457.21525153, "device_end": 2305457.223900678}, "cmdq": 0, "read": {"device_start": -1, "device_end": -1}}, "coalesced_transpose3": {"write": {"device_start": -1, "host_queued_start": 1585637682.99644, "device_queued": -1, "device_end": -1, "host_queued_end": 1585637683.007627}, "device": "cpu", "nd_range": {"device_start": 2305457.257849343, "device_end": 2305457.258004044}, "cmdq": 0, "read": {"device_start": -1, "device_end": -1}}, "FFC_sans_bias34": {"write": {"device_start": -1, "host_queued_start": 1585637683.007568, "device_queued": -1, "device_end": -1, "host_queued_end": 1585637683.007627}, "device": "cpu", "nd_range": {"device_start": 2305457.309291691, "device_end": 2305457.314630128}, "cmdq": 0, "read": {"device_start": -1, "device_end": -1}}, "FFC_sans_bias15": {"write": {"device_start": -1, "host_queued_start": 1585637683.00061, "device_queued": -1, "device_end": -1, "host_queued_end": 1585637683.007627}, "device": "cpu", "nd_range": {"device_start": 2305457.281928176, "device_end": 2305457.286797333}, "cmdq": 0, "read": {"device_start": -1, "device_end": -1}}, "FFC_sans_bias31": {"write": {"device_start": -1, "host_queued_start": 1585637682.998808, "device_queued": -1, "device_end": -1, "host_queued_end": 1585637683.007627}, "device": "cpu", "nd_range": {"device_start": 2305457.272214774, "device_end": 2305457.2767785434}, "cmdq": 0, "read": {"device_start": -1, "device_end": -1}}, "FFC_sans_bias16": {"write": {"device_start": -1, "host_queued_start": 1585637683.005213, "device_queued": -1, "device_end": -1, "host_queued_end": 1585637683.007627}, "device": "cpu", "nd_range": {"device_start": 2305457.3006914933, "device_end": 2305457.3052374823}, "cmdq": 0, "read": {"device_start": -1, "device_end": -1}}, "FFC_sans_bias19": {"write": {"device_start": -1, "host_queued_start": 1585637682.991863, "device_queued": -1, "device_end": -1, "host_queued_end": 1585637683.007627}, "device": "cpu", "nd_range": {"device_start": 2305457.234863602, "device_end": 2305457.2393713063}, "cmdq": 0, "read": {"device_start": -1, "device_end": -1}}, "FFC_sans_bias18": {"write": {"device_start": -1, "host_queued_start": 1585637682.99082, "device_queued": -1, "device_end": -1, "host_queued_end": 1585637683.007627}, "device": "cpu", "nd_range": {"device_start": 2305457.22904342, "device_end": 2305457.234846271}, "cmdq": 0, "read": {"device_start": -1, "device_end": -1}}, "coalesced_transpose30": {"write": {"device_start": -1, "host_queued_start": 1585637682.997424, "device_queued": -1, "device_end": -1, "host_queued_end": 1585637683.007627}, "device": "cpu", "nd_range": {"device_start": 2305457.25860856, "device_end": 2305457.258715691}, "cmdq": 0, "read": {"device_start": -1, "device_end": -1}}, "FFC_sans_bias38": {"write": {"device_start": 1585637616.1468122, "host_queued_start": 1585637682.971545, "device_queued": 1585637616.1461663, "device_end": 1585637616.1468422, "host_queued_end": 1585637682.979249}, "device": "gpu", "nd_range": {"device_start": 1585637616.1468456, "device_end": 1585637616.1476877}, "cmdq": 0,