{"FFC_sans_bias4": {"write": {"device_start": -1, "host_queued_start": 1585637589.451806, "device_queued": -1, "device_end": -1, "host_queued_end": 1585637589.461385}, "device": "cpu", "nd_range": {"device_start": 2305363.7197272223, "device_end": 2305363.723769551}, "cmdq": 0, "read": {"device_start": -1, "device_end": -1}}, "FFC_sans_bias7": {"write": {"device_start": -1, "host_queued_start": 1585637589.457363, "device_queued": -1, "device_end": -1, "host_queued_end": 1585637589.461385}, "device": "cpu", "nd_range": {"device_start": 2305363.76518424, "device_end": 2305363.7699435153}, "cmdq": 0, "read": {"device_start": -1, "device_end": -1}}, "FFC_sans_bias6": {"write": {"device_start": -1, "host_queued_start": 1585637589.45495, "device_queued": -1, "device_end": -1, "host_queued_end": 1585637589.461385}, "device": "cpu", "nd_range": {"device_start": 2305363.743911826, "device_end": 2305363.748195343}, "cmdq": 0, "read": {"device_start": -1, "device_end": -1}}, "FFC_sans_bias1": {"write": {"device_start": -1, "host_queued_start": 1585637589.435947, "device_queued": -1, "device_end": -1, "host_queued_end": 1585637589.461385}, "device": "cpu", "nd_range": {"device_start": 2305363.655454302, "device_end": 2305363.6595876804}, "cmdq": 0, "read": {"device_start": -1, "device_end": -1}}, "FFC_sans_bias0": {"write": {"device_start": -1, "host_queued_start": 1585637589.434902, "device_queued": -1, "device_end": -1, "host_queued_end": 1585637589.461385}, "device": "cpu", "nd_range": {"device_start": 2305363.651033509, "device_end": 2305363.655434425}, "cmdq": 0, "read": {"device_start": -1, "device_end": -1}}, "FFC_sans_bias2": {"write": {"device_start": -1, "host_queued_start": 1585637589.437003, "device_queued": -1, "device_end": -1, "host_queued_end": 1585637589.461385}, "device": "cpu", "nd_range": {"device_start": 2305363.659609571, "device_end": 2305363.6635470213}, "cmdq": 0, "read": {"device_start": -1, "device_end": -1}}, "FFC_sans_bias52": {"write": {"device_start": 1585637522.601984, "host_queued_start": 1585637589.428964, "device_queued": 1585637522.5985389, "device_end": 1585637522.6020124, "host_queued_end": 1585637589.429072}, "device": "gpu", "nd_range": {"device_start": 1585637522.6020212, "device_end": 1585637522.6026187}, "cmdq": 0, "read": {"device_start": 1585637522.6026218, "device_end": 1585637522.6026442}}, "FFC_sans_bias9": {"write": {"device_start": -1, "host_queued_start": 1585637589.438044, "device_queued": -1, "device_end": -1, "host_queued_end": 1585637589.461385}, "device": "cpu", "nd_range": {"device_start": 2305363.663551947, "device_end": 2305363.667533555}, "cmdq": 0, "read": {"device_start": -1, "device_end": -1}}, "coalesced_transpose39": {"write": {"device_start": -1, "host_queued_start": 1585637589.451461, "device_queued": -1, "device_end": -1, "host_queued_end": 1585637589.461385}, "device": "cpu", "nd_range": {"device_start": 2305363.719514119, "device_end": 2305363.7196171014}, "cmdq": 0, "read": {"device_start": -1, "device_end": -1}}, "FFC_sans_bias51": {"write": {"device_start": -1, "host_queued_start": 1585637589.427933, "device_queued": -1, "device_end": -1, "host_queued_end": 1585637589.429072}, "device": "gpu", "nd_range": {"device_start": 1585637522.6012688, "device_end": 1585637522.6018677}, "cmdq": 0, "read": {"device_start": -1, "device_end": -1}}, "softmax23": {"write": {"device_start": -1, "host_queued_start": 1585637589.454032, "device_queued": -1, "device_end": -1, "host_queued_end": 1585637589.461385}, "device": "cpu", "nd_range": {"device_start": 2305363.742912791, "device_end": 2305363.7436538003}, "cmdq": 0, "read": {"device_start": -1, "device_end": -1}}, "FFC_sans_bias37": {"write": {"device_start": -1, "host_queued_start": 1585637589.448749, "device_queued": -1, "device_end": -1, "host_queued_end": 1585637589.461385}, "device": "cpu", "nd_range": {"device_start": 2305363.708836783, "device_end": 2305363.713388414}, "cmdq": 0, "read": {"device_start": -1, "device_end": -1}}, "softmax41": {"write": {"device_start": -1, "host_queued_start": 1585637589.454599, "device_queued": -1, "device_end": -1, "host_queued_end": 1585637589.461385}, "device": "cpu", "nd_range": {"device_start": 2305363.743795183, "device_end": 2305363.7439062144}, "cmdq": 0, "read": {"device_start": -1, "device_end": -1}}, "FFC_sans_bias11": {"write": {"device_start": -1, "host_queued_start": 1585637589.440166, "device_queued": -1, "device_end": -1, "host_queued_end": 1585637589.461385}, "device": "cpu", "nd_range": {"device_start": 2305363.672342956, "device_end": 2305363.676898401}, "cmdq": 0, "read": {"device_start": -1, "device_end": -1}}, "FFC_sans_bias10": {"write": {"device_start": -1, "host_queued_start": 1585637589.439114, "device_queued": -1, "device_end": -1, "host_queued_end": 1585637589.461385}, "device": "cpu", "nd_range": {"device_start": 2305363.667538638, "device_end": 2305363.672337822}, "cmdq": 0, "read": {"device_start": -1, "device_end": -1}}, "coalesced_transpose3": {"write": {"device_start": -1, "host_queued_start": 1585637589.450128, "device_queued": -1, "device_end": -1, "host_queued_end": 1585637589.461385}, "device": "cpu", "nd_range": {"device_start": 2305363.7184387883, "device_end": 2305363.718620182}, "cmdq": 0, "read": {"device_start": -1, "device_end": -1}}, "FFC_sans_bias34": {"write": {"device_start": -1, "host_queued_start": 1585637589.460344, "device_queued": -1, "device_end": -1, "host_queued_end": 1585637589.461385}, "device": "cpu", "nd_range": {"device_start": 2305363.7790636723, "device_end": 2305363.783138187}, "cmdq": 0, "read": {"device_start": -1, "device_end": -1}}, "FFC_sans_bias15": {"write": {"device_start": -1, "host_queued_start": 1585637589.455294, "device_queued": -1, "device_end": -1, "host_queued_end": 1585637589.461385}, "device": "cpu", "nd_range": {"device_start": 2305363.748200456, "device_end": 2305363.752137909}, "cmdq": 0, "read": {"device_start": -1, "device_end": -1}}, "FFC_sans_bias31": {"write": {"device_start": -1, "host_queued_start": 1585637589.452836, "device_queued": -1, "device_end": -1, "host_queued_end": 1585637589.461385}, "device": "cpu", "nd_range": {"device_start": 2305363.7327589183, "device_end": 2305363.7381486422}, "cmdq": 0, "read": {"device_start": -1, "device_end": -1}}, "FFC_sans_bias16": {"write": {"device_start": -1, "host_queued_start": 1585637589.458352, "device_queued": -1, "device_end": -1, "host_queued_end": 1585637589.461385}, "device": "cpu", "nd_range": {"device_start": 2305363.769950555, "device_end": 2305363.7742503593}, "cmdq": 0, "read": {"device_start": -1, "device_end": -1}}, "FFC_sans_bias19": {"write": {"device_start": -1, "host_queued_start": 1585637589.442258, "device_queued": -1, "device_end": -1, "host_queued_end": 1585637589.461385}, "device": "cpu", "nd_range": {"device_start": 2305363.6815893482, "device_end": 2305363.685952154}, "cmdq": 0, "read": {"device_start": -1, "device_end": -1}}, "FFC_sans_bias18": {"write": {"device_start": -1, "host_queued_start": 1585637589.441214, "device_queued": -1, "device_end": -1, "host_queued_end": 1585637589.461385}, "device": "cpu", "nd_range": {"device_start": 2305363.6769034583, "device_end": 2305363.6815843983}, "cmdq": 0, "read": {"device_start": -1, "device_end": -1}}, "coalesced_transpose30": {"write": {"device_start": -1, "host_queued_start": 1585637589.451134, "device_queued": -1, "device_end": -1, "host_queued_end": 1585637589.461385}, "device": "cpu", "nd_range": {"device_start": 2305363.719273913, "device_end": 2305363.719394559}, "cmdq": 0, "read": {"device_start": -1, "device_end": -1}}, "FFC_sans_bias38": {"write": {"device_start": -1, "host_queued_start": 1585637589.449796, "device_queued": -1, "device_end": -1, "host_queued_end": 1585637589.461385}, "device": "cpu", "nd_range": {"device_start": 2305363.713393025, "device_end": 2305363.718433881}, "cmdq": 0, "read": {"device_start": -1, "device_end": -1}}, "empty26": {"write": {"device_start": -1,