{"FFC_sans_bias4": {"write": {"device_start": -1, "host_queued_start": 1585637660.972422, "device_queued": -1, "device_end": -1, "host_queued_end": 1585637660.978113}, "device": "cpu", "nd_range": {"device_start": 2305435.21143738, "device_end": 2305435.2239203183}, "cmdq": 0, "read": {"device_start": -1, "device_end": -1}}, "FFC_sans_bias7": {"write": {"device_start": -1, "host_queued_start": 1585637660.976079, "device_queued": -1, "device_end": -1, "host_queued_end": 1585637660.978113}, "device": "cpu", "nd_range": {"device_start": 2305435.2312685363, "device_end": 2305435.2397139804}, "cmdq": 4, "read": {"device_start": -1, "device_end": -1}}, "FFC_sans_bias6": {"write": {"device_start": -1, "host_queued_start": 1585637660.974309, "device_queued": -1, "device_end": -1, "host_queued_end": 1585637660.978113}, "device": "cpu", "nd_range": {"device_start": 2305435.2242154283, "device_end": 2305435.231036967}, "cmdq": 1, "read": {"device_start": -1, "device_end": -1}}, "FFC_sans_bias1": {"write": {"device_start": -1, "host_queued_start": 1585637660.963118, "device_queued": -1, "device_end": -1, "host_queued_end": 1585637660.978113}, "device": "cpu", "nd_range": {"device_start": 2305435.18320201, "device_end": 2305435.2073986214}, "cmdq": 4, "read": {"device_start": -1, "device_end": -1}}, "FFC_sans_bias0": {"write": {"device_start": -1, "host_queued_start": 1585637660.961969, "device_queued": -1, "device_end": -1, "host_queued_end": 1585637660.978113}, "device": "cpu", "nd_range": {"device_start": 2305435.1678614314, "device_end": 2305435.183181027}, "cmdq": 3, "read": {"device_start": -1, "device_end": -1}}, "FFC_sans_bias2": {"write": {"device_start": -1, "host_queued_start": 1585637660.964333, "device_queued": -1, "device_end": -1, "host_queued_end": 1585637660.978113}, "device": "cpu", "nd_range": {"device_start": 2305435.167737279, "device_end": 2305435.183107327}, "cmdq": 0, "read": {"device_start": -1, "device_end": -1}}, "FFC_sans_bias52": {"write": {"device_start": 1585637594.1381035, "host_queued_start": 1585637660.957355, "device_queued": 1585637594.1263814, "device_end": 1585637594.1381316, "host_queued_end": 1585637660.957462}, "device": "gpu", "nd_range": {"device_start": 1585637594.138135, "device_end": 1585637594.138733}, "cmdq": 0, "read": {"device_start": 1585637594.1387422, "device_end": 1585637594.1387644}}, "FFC_sans_bias9": {"write": {"device_start": -1, "host_queued_start": 1585637660.965438, "device_queued": -1, "device_end": -1, "host_queued_end": 1585637660.978113}, "device": "cpu", "nd_range": {"device_start": 2305435.167732736, "device_end": 2305435.183231029}, "cmdq": 1, "read": {"device_start": -1, "device_end": -1}}, "coalesced_transpose39": {"write": {"device_start": -1, "host_queued_start": 1585637660.951327, "device_queued": -1, "device_end": -1, "host_queued_end": 1585637660.957462}, "device": "gpu", "nd_range": {"device_start": 1585637594.1318927, "device_end": 1585637594.1319013}, "cmdq": 0, "read": {"device_start": -1, "device_end": -1}}, "FFC_sans_bias51": {"write": {"device_start": -1, "host_queued_start": 1585637660.954228, "device_queued": -1, "device_end": -1, "host_queued_end": 1585637660.957462}, "device": "gpu", "nd_range": {"device_start": 1585637594.1355503, "device_end": 1585637594.1361475}, "cmdq": 0, "read": {"device_start": -1, "device_end": -1}}, "softmax23": {"write": {"device_start": -1, "host_queued_start": 1585637660.97397, "device_queued": -1, "device_end": -1, "host_queued_end": 1585637660.978113}, "device": "cpu", "nd_range": {"device_start": 2305435.2432232033, "device_end": 2305435.243425895}, "cmdq": 0, "read": {"device_start": -1, "device_end": -1}}, "FFC_sans_bias37": {"write": {"device_start": 1585637594.1282537, "host_queued_start": 1585637660.946498, "device_queued": 1585637594.1252367, "device_end": 1585637594.128282, "host_queued_end": 1585637660.957462}, "device": "gpu", "nd_range": {"device_start": 1585637594.1282856, "device_end": 1585637594.128881}, "cmdq": 0, "read": {"device_start": -1, "device_end": -1}}, "softmax41": {"write": {"device_start": -1, "host_queued_start": 1585637660.953055, "device_queued": -1, "device_end": -1, "host_queued_end": 1585637660.957462}, "device": "gpu", "nd_range": {"device_start": 1585637594.1339288, "device_end": 1585637594.1341424}, "cmdq": 0, "read": {"device_start": -1, "device_end": -1}}, "FFC_sans_bias11": {"write": {"device_start": -1, "host_queued_start": 1585637660.967553, "device_queued": -1, "device_end": -1, "host_queued_end": 1585637660.978113}, "device": "cpu", "nd_range": {"device_start": 2305435.183396684, "device_end": 2305435.2016455163}, "cmdq": 3, "read": {"device_start": -1, "device_end": -1}}, "FFC_sans_bias10": {"write": {"device_start": -1, "host_queued_start": 1585637660.966492, "device_queued": -1, "device_end": -1, "host_queued_end": 1585637660.978113}, "device": "cpu", "nd_range": {"device_start": 2305435.167773303, "device_end": 2305435.1833789693}, "cmdq": 2, "read": {"device_start": -1, "device_end": -1}}, "coalesced_transpose3": {"write": {"device_start": -1, "host_queued_start": 1585637660.971295, "device_queued": -1, "device_end": -1, "host_queued_end": 1585637660.978113}, "device": "cpu", "nd_range": {"device_start": 2305435.211003301, "device_end": 2305435.2112769443}, "cmdq": 2, "read": {"device_start": -1, "device_end": -1}}, "FFC_sans_bias34": {"write": {"device_start": 1585637594.1363177, "host_queued_start": 1585637660.955275, "device_queued": 1585637594.1261663, "device_end": 1585637594.1363473, "host_queued_end": 1585637660.957462}, "device": "gpu", "nd_range": {"device_start": 1585637594.136356, "device_end": 1585637594.1369522}, "cmdq": 0, "read": {"device_start": 1585637594.1369598, "device_end": 1585637594.1369836}}, "FFC_sans_bias15": {"write": {"device_start": -1, "host_queued_start": 1585637660.974688, "device_queued": -1, "device_end": -1, "host_queued_end": 1585637660.978113}, "device": "cpu", "nd_range": {"device_start": 2305435.243093044, "device_end": 2305435.251734321}, "cmdq": 2, "read": {"device_start": -1, "device_end": -1}}, "FFC_sans_bias31": {"write": {"device_start": -1, "host_queued_start": 1585637660.951939, "device_queued": -1, "device_end": -1, "host_queued_end": 1585637660.957462}, "device": "gpu", "nd_range": {"device_start": 1585637594.131912, "device_end": 1585637594.1325085}, "cmdq": 0, "read": {"device_start": -1, "device_end": -1}}, "FFC_sans_bias16": {"write": {"device_start": -1, "host_queued_start": 1585637660.97708, "device_queued": -1, "device_end": -1, "host_queued_end": 1585637660.978113}, "device": "cpu", "nd_range": {"device_start": 2305435.251802369, "device_end": 2305435.258937666}, "cmdq": 0, "read": {"device_start": -1, "device_end": -1}}, "FFC_sans_bias19": {"write": {"device_start": -1, "host_queued_start": 1585637660.969651, "device_queued": -1, "device_end": -1, "host_queued_end": 1585637660.978113}, "device": "cpu", "nd_range": {"device_start": 2305435.183226981, "device_end": 2305435.19875536}, "cmdq": 0, "read": {"device_start": -1, "device_end": -1}}, "FFC_sans_bias18": {"write": {"device_start": -1, "host_queued_start": 1585637660.968598, "device_queued": -1, "device_end": -1, "host_queued_end": 1585637660.978113}, "device": "cpu", "nd_range": {"device_start": 2305435.210876375, "device_end": 2305435.223919384}, "cmdq": 4, "read": {"device_start": -1, "device_end": -1}}, "coalesced_transpose30": {"write": {"device_start": -1, "host_queued_start": 1585637660.951029, "device_queued": -1, "device_end": -1, "host_queued_end": 1585637660.957462}, "device": "gpu", "nd_range": {"device_start": 1585637594.1318834, "device_end": 1585637594.1318915}, "cmdq": 0, "read": {"device_start": -1, "device_end": -1}}, "FFC_sans_bias38": {"write": {"device_start": 1585637594.1290085, "host_queued_start": 1585637660.947568, "device_queued": 1585637594.1253679, "device_end": 1585637594.1290314, "host_queued_end": 1585637660.957462}, "device": "gpu",