{"FFC_sans_bias4": {"write": {"device_start": -1, "host_queued_start": 1585637892.445961, "device_queued": -1, "device_end": -1, "host_queued_end": 1585637892.451699}, "device": "cpu", "nd_range": {"device_start": 2305666.6847611, "device_end": 2305666.68976855}, "cmdq": 1, "read": {"device_start": -1, "device_end": -1}}, "FFC_sans_bias7": {"write": {"device_start": -1, "host_queued_start": 1585637892.449598, "device_queued": -1, "device_end": -1, "host_queued_end": 1585637892.451699}, "device": "cpu", "nd_range": {"device_start": 2305666.7190667023, "device_end": 2305666.72477489}, "cmdq": 0, "read": {"device_start": -1, "device_end": -1}}, "FFC_sans_bias6": {"write": {"device_start": -1, "host_queued_start": 1585637892.447829, "device_queued": -1, "device_end": -1, "host_queued_end": 1585637892.451699}, "device": "cpu", "nd_range": {"device_start": 2305666.70491115, "device_end": 2305666.71905834}, "cmdq": 1, "read": {"device_start": -1, "device_end": -1}}, "FFC_sans_bias1": {"write": {"device_start": -1, "host_queued_start": 1585637892.436592, "device_queued": -1, "device_end": -1, "host_queued_end": 1585637892.451699}, "device": "cpu", "nd_range": {"device_start": 2305666.641316587, "device_end": 2305666.6517345794}, "cmdq": 0, "read": {"device_start": -1, "device_end": -1}}, "FFC_sans_bias0": {"write": {"device_start": -1, "host_queued_start": 1585637892.435505, "device_queued": -1, "device_end": -1, "host_queued_end": 1585637892.451699}, "device": "cpu", "nd_range": {"device_start": 2305666.6413095742, "device_end": 2305666.647431652}, "cmdq": 1, "read": {"device_start": -1, "device_end": -1}}, "FFC_sans_bias2": {"write": {"device_start": -1, "host_queued_start": 1585637892.437706, "device_queued": -1, "device_end": -1, "host_queued_end": 1585637892.451699}, "device": "cpu", "nd_range": {"device_start": 2305666.647575952, "device_end": 2305666.655310065}, "cmdq": 1, "read": {"device_start": -1, "device_end": -1}}, "FFC_sans_bias52": {"write": {"device_start": 1585637825.5993135, "host_queued_start": 1585637892.430813, "device_queued": 1585637825.593915, "device_end": 1585637825.5993445, "host_queued_end": 1585637892.431048}, "device": "gpu", "nd_range": {"device_start": 1585637825.6001527, "device_end": 1585637825.6015422}, "cmdq": 2, "read": {"device_start": 1585637825.6015515, "device_end": 1585637825.6015744}}, "FFC_sans_bias9": {"write": {"device_start": -1, "host_queued_start": 1585637892.438874, "device_queued": -1, "device_end": -1, "host_queued_end": 1585637892.451699}, "device": "cpu", "nd_range": {"device_start": 2305666.651843444, "device_end": 2305666.659104985}, "cmdq": 0, "read": {"device_start": -1, "device_end": -1}}, "coalesced_transpose39": {"write": {"device_start": -1, "host_queued_start": 1585637892.424564, "device_queued": -1, "device_end": -1, "host_queued_end": 1585637892.431048}, "device": "gpu", "nd_range": {"device_start": 1585637825.59596, "device_end": 1585637825.5968175}, "cmdq": 1, "read": {"device_start": -1, "device_end": -1}}, "FFC_sans_bias51": {"write": {"device_start": -1, "host_queued_start": 1585637892.42765, "device_queued": -1, "device_end": -1, "host_queued_end": 1585637892.431048}, "device": "gpu", "nd_range": {"device_start": 1585637825.5986917, "device_end": 1585637825.6001458}, "cmdq": 3, "read": {"device_start": -1, "device_end": -1}}, "softmax23": {"write": {"device_start": -1, "host_queued_start": 1585637892.447491, "device_queued": -1, "device_end": -1, "host_queued_end": 1585637892.451699}, "device": "cpu", "nd_range": {"device_start": 2305666.704503482, "device_end": 2305666.7047496783}, "cmdq": 0, "read": {"device_start": -1, "device_end": -1}}, "FFC_sans_bias37": {"write": {"device_start": 1585637825.5938203, "host_queued_start": 1585637892.419522, "device_queued": 1585637825.5925646, "device_end": 1585637825.5938952, "host_queued_end": 1585637892.431048}, "device": "gpu", "nd_range": {"device_start": 1585637825.5939043, "device_end": 1585637825.5949867}, "cmdq": 3, "read": {"device_start": -1, "device_end": -1}}, "softmax41": {"write": {"device_start": -1, "host_queued_start": 1585637892.426362, "device_queued": -1, "device_end": -1, "host_queued_end": 1585637892.431048}, "device": "gpu", "nd_range": {"device_start": 1585637825.597947, "device_end": 1585637825.5985594}, "cmdq": 3, "read": {"device_start": -1, "device_end": -1}}, "FFC_sans_bias11": {"write": {"device_start": -1, "host_queued_start": 1585637892.441224, "device_queued": -1, "device_end": -1, "host_queued_end": 1585637892.451699}, "device": "cpu", "nd_range": {"device_start": 2305666.6647166153, "device_end": 2305666.679510294}, "cmdq": 0, "read": {"device_start": -1, "device_end": -1}}, "FFC_sans_bias10": {"write": {"device_start": -1, "host_queued_start": 1585637892.440049, "device_queued": -1, "device_end": -1, "host_queued_end": 1585637892.451699}, "device": "cpu", "nd_range": {"device_start": 2305666.655437945, "device_end": 2305666.6621035202}, "cmdq": 1, "read": {"device_start": -1, "device_end": -1}}, "coalesced_transpose3": {"write": {"device_start": -1, "host_queued_start": 1585637892.444854, "device_queued": -1, "device_end": -1, "host_queued_end": 1585637892.451699}, "device": "cpu", "nd_range": {"device_start": 2305666.6845872942, "device_end": 2305666.6847430863}, "cmdq": 0, "read": {"device_start": -1, "device_end": -1}}, "FFC_sans_bias34": {"write": {"device_start": 1585637825.598816, "host_queued_start": 1585637892.42866, "device_queued": 1585637825.5936942, "device_end": 1585637825.5988417, "host_queued_end": 1585637892.431048}, "device": "gpu", "nd_range": {"device_start": 1585637825.599606, "device_end": 1585637825.6005793}, "cmdq": 0, "read": {"device_start": 1585637825.6005824, "device_end": 1585637825.6006062}}, "FFC_sans_bias15": {"write": {"device_start": -1, "host_queued_start": 1585637892.448173, "device_queued": -1, "device_end": -1, "host_queued_end": 1585637892.451699}, "device": "cpu", "nd_range": {"device_start": 2305666.704903608, "device_end": 2305666.712504335}, "cmdq": 0, "read": {"device_start": -1, "device_end": -1}}, "FFC_sans_bias31": {"write": {"device_start": -1, "host_queued_start": 1585637892.425178, "device_queued": -1, "device_end": -1, "host_queued_end": 1585637892.431048}, "device": "gpu", "nd_range": {"device_start": 1585637825.596917, "device_end": 1585637825.597523}, "cmdq": 3, "read": {"device_start": -1, "device_end": -1}}, "FFC_sans_bias16": {"write": {"device_start": -1, "host_queued_start": 1585637892.450662, "device_queued": -1, "device_end": -1, "host_queued_end": 1585637892.451699}, "device": "cpu", "nd_range": {"device_start": 2305666.727197286, "device_end": 2305666.7350613163}, "cmdq": 1, "read": {"device_start": -1, "device_end": -1}}, "FFC_sans_bias19": {"write": {"device_start": -1, "host_queued_start": 1585637892.443413, "device_queued": -1, "device_end": -1, "host_queued_end": 1585637892.451699}, "device": "cpu", "nd_range": {"device_start": 2305666.679517326, "device_end": 2305666.684581247}, "cmdq": 0, "read": {"device_start": -1, "device_end": -1}}, "FFC_sans_bias18": {"write": {"device_start": -1, "host_queued_start": 1585637892.442284, "device_queued": -1, "device_end": -1, "host_queued_end": 1585637892.451699}, "device": "cpu", "nd_range": {"device_start": 2305666.662113115, "device_end": 2305666.668037916}, "cmdq": 1, "read": {"device_start": -1, "device_end": -1}}, "coalesced_transpose30": {"write": {"device_start": -1, "host_queued_start": 1585637892.424186, "device_queued": -1, "device_end": -1, "host_queued_end": 1585637892.431048}, "device": "gpu", "nd_range": {"device_start": 1585637825.5954885, "device_end": 1585637825.5968068}, "cmdq": 0, "read": {"device_start": -1, "device_end": -1}}, "FFC_sans_bias38": {"write": {"device_start": 1585637825.5939171, "host_queued_start": 1585637892.42062, "device_queued": 1585637825.5928075, "device_end": 1585637825.5939424, "host_queued_end": 1585637892.431048}, "device": "gpu",