{"FFC_sans_bias4": {"write": {"device_start": -1, "host_queued_start": 1585637909.109173, "device_queued": -1, "device_end": -1, "host_queued_end": 1585637909.113322}, "device": "cpu", "nd_range": {"device_start": 2305683.3333892482, "device_end": 2305683.339363255}, "cmdq": 1, "read": {"device_start": -1, "device_end": -1}}, "FFC_sans_bias7": {"write": {"device_start": -1, "host_queued_start": 1585637909.112283, "device_queued": -1, "device_end": -1, "host_queued_end": 1585637909.113322}, "device": "cpu", "nd_range": {"device_start": 2305683.3543718103, "device_end": 2305683.365714304}, "cmdq": 1, "read": {"device_start": -1, "device_end": -1}}, "FFC_sans_bias6": {"write": {"device_start": -1, "host_queued_start": 1585637909.110752, "device_queued": -1, "device_end": -1, "host_queued_end": 1585637909.113322}, "device": "cpu", "nd_range": {"device_start": 2305683.346735625, "device_end": 2305683.354364057}, "cmdq": 2, "read": {"device_start": -1, "device_end": -1}}, "FFC_sans_bias1": {"write": {"device_start": -1, "host_queued_start": 1585637909.103339, "device_queued": -1, "device_end": -1, "host_queued_end": 1585637909.113322}, "device": "cpu", "nd_range": {"device_start": 2305683.3029239923, "device_end": 2305683.311531185}, "cmdq": 0, "read": {"device_start": -1, "device_end": -1}}, "FFC_sans_bias0": {"write": {"device_start": -1, "host_queued_start": 1585637909.101997, "device_queued": -1, "device_end": -1, "host_queued_end": 1585637909.113322}, "device": "cpu", "nd_range": {"device_start": 2305683.3029176933, "device_end": 2305683.315981516}, "cmdq": 2, "read": {"device_start": -1, "device_end": -1}}, "FFC_sans_bias2": {"write": {"device_start": -1, "host_queued_start": 1585637909.104421, "device_queued": -1, "device_end": -1, "host_queued_end": 1585637909.113322}, "device": "cpu", "nd_range": {"device_start": 2305683.302924373, "device_end": 2305683.315740048}, "cmdq": 1, "read": {"device_start": -1, "device_end": -1}}, "FFC_sans_bias52": {"write": {"device_start": 1585637842.2699127, "host_queued_start": 1585637909.097758, "device_queued": 1585637842.2611213, "device_end": 1585637842.269943, "host_queued_end": 1585637909.097864}, "device": "gpu", "nd_range": {"device_start": 1585637842.2699468, "device_end": 1585637842.270762}, "cmdq": 3, "read": {"device_start": 1585637842.2707682, "device_end": 1585637842.2708008}}, "FFC_sans_bias9": {"write": {"device_start": -1, "host_queued_start": 1585637909.105522, "device_queued": -1, "device_end": -1, "host_queued_end": 1585637909.113322}, "device": "cpu", "nd_range": {"device_start": 2305683.3161224253, "device_end": 2305683.3331141192}, "cmdq": 2, "read": {"device_start": -1, "device_end": -1}}, "coalesced_transpose39": {"write": {"device_start": -1, "host_queued_start": 1585637909.08923, "device_queued": -1, "device_end": -1, "host_queued_end": 1585637909.097864}, "device": "gpu", "nd_range": {"device_start": 1585637842.2644446, "device_end": 1585637842.2648294}, "cmdq": 2, "read": {"device_start": -1, "device_end": -1}}, "FFC_sans_bias51": {"write": {"device_start": -1, "host_queued_start": 1585637909.093475, "device_queued": -1, "device_end": -1, "host_queued_end": 1585637909.097864}, "device": "gpu", "nd_range": {"device_start": 1585637842.2680407, "device_end": 1585637842.2698}, "cmdq": 3, "read": {"device_start": -1, "device_end": -1}}, "softmax23": {"write": {"device_start": -1, "host_queued_start": 1585637909.091224, "device_queued": -1, "device_end": -1, "host_queued_end": 1585637909.097864}, "device": "gpu", "nd_range": {"device_start": 1585637842.2654243, "device_end": 1585637842.2667785}, "cmdq": 0, "read": {"device_start": -1, "device_end": -1}}, "FFC_sans_bias37": {"write": {"device_start": 1585637842.261116, "host_queued_start": 1585637909.083846, "device_queued": 1585637842.2594984, "device_end": 1585637842.2611423, "host_queued_end": 1585637909.097864}, "device": "gpu", "nd_range": {"device_start": 1585637842.2611518, "device_end": 1585637842.2629817}, "cmdq": 3, "read": {"device_start": -1, "device_end": -1}}, "softmax41": {"write": {"device_start": -1, "host_queued_start": 1585637909.091851, "device_queued": -1, "device_end": -1, "host_queued_end": 1585637909.097864}, "device": "gpu", "nd_range": {"device_start": 1585637842.2664142, "device_end": 1585637842.2670686}, "cmdq": 2, "read": {"device_start": -1, "device_end": -1}}, "FFC_sans_bias11": {"write": {"device_start": -1, "host_queued_start": 1585637909.107859, "device_queued": -1, "device_end": -1, "host_queued_end": 1585637909.113322}, "device": "cpu", "nd_range": {"device_start": 2305683.315749999, "device_end": 2305683.327627201}, "cmdq": 1, "read": {"device_start": -1, "device_end": -1}}, "FFC_sans_bias10": {"write": {"device_start": -1, "host_queued_start": 1585637909.106588, "device_queued": -1, "device_end": -1, "host_queued_end": 1585637909.113322}, "device": "cpu", "nd_range": {"device_start": 2305683.3117575194, "device_end": 2305683.333113817}, "cmdq": 0, "read": {"device_start": -1, "device_end": -1}}, "coalesced_transpose3": {"write": {"device_start": -1, "host_queued_start": 1585637909.108334, "device_queued": -1, "device_end": -1, "host_queued_end": 1585637909.113322}, "device": "cpu", "nd_range": {"device_start": 2305683.33312185, "device_end": 2305683.333376718}, "cmdq": 2, "read": {"device_start": -1, "device_end": -1}}, "FFC_sans_bias34": {"write": {"device_start": 1585637842.267975, "host_queued_start": 1585637909.095594, "device_queued": 1585637842.2609358, "device_end": 1585637842.2680066, "host_queued_end": 1585637909.097864}, "device": "gpu", "nd_range": {"device_start": 1585637842.2680163, "device_end": 1585637842.269336}, "cmdq": 1, "read": {"device_start": 1585637842.2693398, "device_end": 1585637842.2693708}}, "FFC_sans_bias15": {"write": {"device_start": -1, "host_queued_start": 1585637909.111156, "device_queued": -1, "device_end": -1, "host_queued_end": 1585637909.113322}, "device": "cpu", "nd_range": {"device_start": 2305683.348712835, "device_end": 2305683.355814362}, "cmdq": 0, "read": {"device_start": -1, "device_end": -1}}, "FFC_sans_bias31": {"write": {"device_start": -1, "host_queued_start": 1585637909.090251, "device_queued": -1, "device_end": -1, "host_queued_end": 1585637909.097864}, "device": "gpu", "nd_range": {"device_start": 1585637842.2648263, "device_end": 1585637842.2658489}, "cmdq": 1, "read": {"device_start": -1, "device_end": -1}}, "FFC_sans_bias16": {"write": {"device_start": -1, "host_queued_start": 1585637909.113278, "device_queued": -1, "device_end": -1, "host_queued_end": 1585637909.113322}, "device": "cpu", "nd_range": {"device_start": 2305683.3567816843, "device_end": 2305683.364379369}, "cmdq": 2, "read": {"device_start": -1, "device_end": -1}}, "FFC_sans_bias19": {"write": {"device_start": 1585637842.259008, "host_queued_start": 1585637909.077266, "device_queued": 1585637842.2588835, "device_end": 1585637842.2590787, "host_queued_end": 1585637909.097864}, "device": "gpu", "nd_range": {"device_start": 1585637842.2591436, "device_end": 1585637842.2600234}, "cmdq": 1, "read": {"device_start": -1, "device_end": -1}}, "FFC_sans_bias18": {"write": {"device_start": 1585637842.2589195, "host_queued_start": 1585637909.076125, "device_queued": 1585637842.2588077, "device_end": 1585637842.2590003, "host_queued_end": 1585637909.097864}, "device": "gpu", "nd_range": {"device_start": 1585637842.2590082, "device_end": 1585637842.2596195}, "cmdq": 0, "read": {"device_start": -1, "device_end": -1}}, "coalesced_transpose30": {"write": {"device_start": -1, "host_queued_start": 1585637909.088911, "device_queued": -1, "device_end": -1, "host_queued_end": 1585637909.097864}, "device": "gpu", "nd_range": {"device_start": 1585637842.2639778, "device_end": 1585637842.264825}, "cmdq": 1, "read": {"device_start": -1, "device_end": -1}}, "FFC_sans_bias38": {"write": {"device_start": 1585637842.2616644, "host_queued_start": 1585637909.084973, "device_queued": 1585637842.259725,