{"FFC_sans_bias4": {"write": {"device_start": -1, "host_queued_start": 1585638000.184875, "device_queued": -1, "device_end": -1, "host_queued_end": 1585638000.196138}, "device": "gpu", "nd_range": {"device_start": 1585637933.3638606, "device_end": 1585637933.3644686}, "cmdq": 0, "read": {"device_start": -1, "device_end": -1}}, "FFC_sans_bias7": {"write": {"device_start": 1585637933.3691628, "host_queued_start": 1585638000.19084, "device_queued": 1585637933.3579407, "device_end": 1585637933.369193, "host_queued_end": 1585638000.196138}, "device": "gpu", "nd_range": {"device_start": 1585637933.3695195, "device_end": 1585637933.3709707}, "cmdq": 3, "read": {"device_start": 1585637933.3709788, "device_end": 1585637933.371002}}, "FFC_sans_bias6": {"write": {"device_start": -1, "host_queued_start": 1585638000.188243, "device_queued": -1, "device_end": -1, "host_queued_end": 1585638000.196138}, "device": "gpu", "nd_range": {"device_start": 1585637933.3675025, "device_end": 1585637933.3684952}, "cmdq": 2, "read": {"device_start": -1, "device_end": -1}}, "FFC_sans_bias1": {"write": {"device_start": 1585637933.3550754, "host_queued_start": 1585638000.165853, "device_queued": 1585637933.3548632, "device_end": 1585637933.3551428, "host_queued_end": 1585638000.196138}, "device": "gpu", "nd_range": {"device_start": 1585637933.3552008, "device_end": 1585637933.356158}, "cmdq": 2, "read": {"device_start": -1, "device_end": -1}}, "FFC_sans_bias0": {"write": {"device_start": 1585637933.3549943, "host_queued_start": 1585638000.164817, "device_queued": 1585637933.3548443, "device_end": 1585637933.3550522, "host_queued_end": 1585638000.196138}, "device": "gpu", "nd_range": {"device_start": 1585637933.3551435, "device_end": 1585637933.3557537}, "cmdq": 1, "read": {"device_start": -1, "device_end": -1}}, "FFC_sans_bias2": {"write": {"device_start": 1585637933.355164, "host_queued_start": 1585638000.166962, "device_queued": 1585637933.3550694, "device_end": 1585637933.3552282, "host_queued_end": 1585638000.196138}, "device": "gpu", "nd_range": {"device_start": 1585637933.3553333, "device_end": 1585637933.3567386}, "cmdq": 3, "read": {"device_start": -1, "device_end": -1}}, "FFC_sans_bias52": {"write": {"device_start": 1585637933.3711443, "host_queued_start": 1585638000.196038, "device_queued": 1585637933.358631, "device_end": 1585637933.3711746, "host_queued_end": 1585638000.196138}, "device": "gpu", "nd_range": {"device_start": 1585637933.3711867, "device_end": 1585637933.3733444}, "cmdq": 3, "read": {"device_start": 1585637933.373351, "device_end": 1585637933.373373}}, "FFC_sans_bias9": {"write": {"device_start": 1585637933.3552642, "host_queued_start": 1585638000.167989, "device_queued": 1585637933.3550942, "device_end": 1585637933.355287, "host_queued_end": 1585638000.196138}, "device": "gpu", "nd_range": {"device_start": 1585637933.3553483, "device_end": 1585637933.3571534}, "cmdq": 4, "read": {"device_start": -1, "device_end": -1}}, "coalesced_transpose39": {"write": {"device_start": -1, "host_queued_start": 1585638000.184258, "device_queued": -1, "device_end": -1, "host_queued_end": 1585638000.196138}, "device": "gpu", "nd_range": {"device_start": 1585637933.3639574, "device_end": 1585637933.3642895}, "cmdq": 3, "read": {"device_start": -1, "device_end": -1}}, "FFC_sans_bias51": {"write": {"device_start": -1, "host_queued_start": 1585638000.189805, "device_queued": -1, "device_end": -1, "host_queued_end": 1585638000.196138}, "device": "gpu", "nd_range": {"device_start": 1585637933.3695035, "device_end": 1585637933.3704815}, "cmdq": 2, "read": {"device_start": -1, "device_end": -1}}, "softmax23": {"write": {"device_start": -1, "host_queued_start": 1585638000.187191, "device_queued": -1, "device_end": -1, "host_queued_end": 1585638000.196138}, "device": "gpu", "nd_range": {"device_start": 1585637933.3664098, "device_end": 1585637933.3675048}, "cmdq": 3, "read": {"device_start": -1, "device_end": -1}}, "FFC_sans_bias37": {"write": {"device_start": 1585637933.3596716, "host_queued_start": 1585638000.178407, "device_queued": 1585637933.3561146, "device_end": 1585637933.3597026, "host_queued_end": 1585638000.196138}, "device": "gpu", "nd_range": {"device_start": 1585637933.3597078, "device_end": 1585637933.3620286}, "cmdq": 4, "read": {"device_start": -1, "device_end": -1}}, "softmax41": {"write": {"device_start": -1, "host_queued_start": 1585638000.187685, "device_queued": -1, "device_end": -1, "host_queued_end": 1585638000.196138}, "device": "gpu", "nd_range": {"device_start": 1585637933.3668427, "device_end": 1585637933.3670483}, "cmdq": 0, "read": {"device_start": -1, "device_end": -1}}, "FFC_sans_bias11": {"write": {"device_start": 1585637933.3558724, "host_queued_start": 1585638000.17005, "device_queued": 1585637933.3555095, "device_end": 1585637933.355902, "host_queued_end": 1585638000.196138}, "device": "gpu", "nd_range": {"device_start": 1585637933.355914, "device_end": 1585637933.358155}, "cmdq": 1, "read": {"device_start": -1, "device_end": -1}}, "FFC_sans_bias10": {"write": {"device_start": 1585637933.355446, "host_queued_start": 1585638000.169018, "device_queued": 1585637933.355355, "device_end": 1585637933.3554757, "host_queued_end": 1585638000.196138}, "device": "gpu", "nd_range": {"device_start": 1585637933.3554802, "device_end": 1585637933.3577054}, "cmdq": 0, "read": {"device_start": -1, "device_end": -1}}, "coalesced_transpose3": {"write": {"device_start": -1, "host_queued_start": 1585638000.1829, "device_queued": -1, "device_end": -1, "host_queued_end": 1585638000.196138}, "device": "gpu", "nd_range": {"device_start": 1585637933.3620296, "device_end": 1585637933.3638263}, "cmdq": 4, "read": {"device_start": -1, "device_end": -1}}, "FFC_sans_bias34": {"write": {"device_start": 1585637933.3701143, "host_queued_start": 1585638000.193953, "device_queued": 1585637933.3584118, "device_end": 1585637933.370145, "host_queued_end": 1585638000.196138}, "device": "gpu", "nd_range": {"device_start": 1585637933.370156, "device_end": 1585637933.3724499}, "cmdq": 1, "read": {"device_start": 1585637933.372457, "device_end": 1585637933.372479}}, "FFC_sans_bias15": {"write": {"device_start": -1, "host_queued_start": 1585638000.18855, "device_queued": -1, "device_end": -1, "host_queued_end": 1585638000.196138}, "device": "gpu", "nd_range": {"device_start": 1585637933.3675137, "device_end": 1585637933.3690696}, "cmdq": 3, "read": {"device_start": -1, "device_end": -1}}, "FFC_sans_bias31": {"write": {"device_start": -1, "host_queued_start": 1585638000.185817, "device_queued": -1, "device_end": -1, "host_queued_end": 1585638000.196138}, "device": "gpu", "nd_range": {"device_start": 1585637933.364301, "device_end": 1585637933.3658907}, "cmdq": 3, "read": {"device_start": -1, "device_end": -1}}, "FFC_sans_bias16": {"write": {"device_start": 1585637933.3695781, "host_queued_start": 1585638000.191891, "device_queued": 1585637933.3579063, "device_end": 1585637933.3696084, "host_queued_end": 1585638000.196138}, "device": "gpu", "nd_range": {"device_start": 1585637933.3696222, "device_end": 1585637933.37146}, "cmdq": 4, "read": {"device_start": 1585637933.3714674, "device_end": 1585637933.3714912}}, "FFC_sans_bias19": {"write": {"device_start": 1585637933.3568242, "host_queued_start": 1585638000.172138, "device_queued": 1585637933.355559, "device_end": 1585637933.356849, "host_queued_end": 1585638000.196138}, "device": "gpu", "nd_range": {"device_start": 1585637933.3568568, "device_end": 1585637933.3591392}, "cmdq": 3, "read": {"device_start": -1, "device_end": -1}}, "FFC_sans_bias18": {"write": {"device_start": 1585637933.3562405, "host_queued_start": 1585638000.171111, "device_queued": 1585637933.355545, "device_end": 1585637933.3562639, "host_queued_end": 1585638000.196138}, "device": "gpu", "nd_range": {"device_start": 1585637933.3562694, "device_end": 1585637933.3586528}, "cmdq": 2, "read": {"device_start": -1, "device_end": -1}},