{"FFC_sans_bias4": {"write": {"device_start": -1, "host_queued_start": 1585637636.316181, "device_queued": -1, "device_end": -1, "host_queued_end": 1585637636.318041}, "device": "cpu", "nd_range": {"device_start": 2305410.519658909, "device_end": 2305410.523915381}, "cmdq": 1, "read": {"device_start": -1, "device_end": -1}}, "FFC_sans_bias7": {"write": {"device_start": -1, "host_queued_start": 1585637636.317995, "device_queued": -1, "device_end": -1, "host_queued_end": 1585637636.318041}, "device": "cpu", "nd_range": {"device_start": 2305410.5291810352, "device_end": 2305410.5336842}, "cmdq": 0, "read": {"device_start": -1, "device_end": -1}}, "FFC_sans_bias6": {"write": {"device_start": -1, "host_queued_start": 1585637636.316902, "device_queued": -1, "device_end": -1, "host_queued_end": 1585637636.318041}, "device": "cpu", "nd_range": {"device_start": 2305410.524219138, "device_end": 2305410.5291715753}, "cmdq": 3, "read": {"device_start": -1, "device_end": -1}}, "FFC_sans_bias1": {"write": {"device_start": -1, "host_queued_start": 1585637636.314193, "device_queued": -1, "device_end": -1, "host_queued_end": 1585637636.318041}, "device": "cpu", "nd_range": {"device_start": 2305410.5076314732, "device_end": 2305410.5194462473}, "cmdq": 2, "read": {"device_start": -1, "device_end": -1}}, "FFC_sans_bias0": {"write": {"device_start": -1, "host_queued_start": 1585637636.312913, "device_queued": -1, "device_end": -1, "host_queued_end": 1585637636.318041}, "device": "cpu", "nd_range": {"device_start": 2305410.507629665, "device_end": 2305410.5165608632}, "cmdq": 1, "read": {"device_start": -1, "device_end": -1}}, "FFC_sans_bias2": {"write": {"device_start": -1, "host_queued_start": 1585637636.315412, "device_queued": -1, "device_end": -1, "host_queued_end": 1585637636.318041}, "device": "cpu", "nd_range": {"device_start": 2305410.5076902374, "device_end": 2305410.519445729}, "cmdq": 3, "read": {"device_start": -1, "device_end": -1}}, "FFC_sans_bias52": {"write": {"device_start": 1585637569.4999874, "host_queued_start": 1585637636.309968, "device_queued": 1585637569.4809155, "device_end": 1585637569.50001, "host_queued_end": 1585637636.310066}, "device": "gpu", "nd_range": {"device_start": 1585637569.500015, "device_end": 1585637569.5006125}, "cmdq": 0, "read": {"device_start": 1585637569.500621, "device_end": 1585637569.5006435}}, "FFC_sans_bias9": {"write": {"device_start": 1585637569.478783, "host_queued_start": 1585637636.283997, "device_queued": 1585637569.4782143, "device_end": 1585637569.478807, "host_queued_end": 1585637636.310066}, "device": "gpu", "nd_range": {"device_start": 1585637569.478815, "device_end": 1585637569.4794073}, "cmdq": 0, "read": {"device_start": -1, "device_end": -1}}, "coalesced_transpose39": {"write": {"device_start": -1, "host_queued_start": 1585637636.299942, "device_queued": -1, "device_end": -1, "host_queued_end": 1585637636.310066}, "device": "gpu", "nd_range": {"device_start": 1585637569.4897087, "device_end": 1585637569.4897172}, "cmdq": 0, "read": {"device_start": -1, "device_end": -1}}, "FFC_sans_bias51": {"write": {"device_start": -1, "host_queued_start": 1585637636.304738, "device_queued": -1, "device_end": -1, "host_queued_end": 1585637636.310066}, "device": "gpu", "nd_range": {"device_start": 1585637569.4961698, "device_end": 1585637569.4967659}, "cmdq": 0, "read": {"device_start": -1, "device_end": -1}}, "softmax23": {"write": {"device_start": -1, "host_queued_start": 1585637636.302408, "device_queued": -1, "device_end": -1, "host_queued_end": 1585637636.310066}, "device": "gpu", "nd_range": {"device_start": 1585637569.4929333, "device_end": 1585637569.493143}, "cmdq": 0, "read": {"device_start": -1, "device_end": -1}}, "FFC_sans_bias37": {"write": {"device_start": 1585637569.4862306, "host_queued_start": 1585637636.294423, "device_queued": 1585637569.479263, "device_end": 1585637569.4862542, "host_queued_end": 1585637636.310066}, "device": "gpu", "nd_range": {"device_start": 1585637569.4862597, "device_end": 1585637569.4868557}, "cmdq": 0, "read": {"device_start": -1, "device_end": -1}}, "softmax41": {"write": {"device_start": -1, "host_queued_start": 1585637636.302927, "device_queued": -1, "device_end": -1, "host_queued_end": 1585637636.310066}, "device": "gpu", "nd_range": {"device_start": 1585637569.4933548, "device_end": 1585637569.4935634}, "cmdq": 0, "read": {"device_start": -1, "device_end": -1}}, "FFC_sans_bias11": {"write": {"device_start": 1585637569.4802675, "host_queued_start": 1585637636.286081, "device_queued": 1585637569.478454, "device_end": 1585637569.480297, "host_queued_end": 1585637636.310066}, "device": "gpu", "nd_range": {"device_start": 1585637569.4803019, "device_end": 1585637569.4809003}, "cmdq": 0, "read": {"device_start": -1, "device_end": -1}}, "FFC_sans_bias10": {"write": {"device_start": 1585637569.4795375, "host_queued_start": 1585637636.28504, "device_queued": 1585637569.4782565, "device_end": 1585637569.4795663, "host_queued_end": 1585637636.310066}, "device": "gpu", "nd_range": {"device_start": 1585637569.4795709, "device_end": 1585637569.4801602}, "cmdq": 0, "read": {"device_start": -1, "device_end": -1}}, "coalesced_transpose3": {"write": {"device_start": -1, "host_queued_start": 1585637636.315776, "device_queued": -1, "device_end": -1, "host_queued_end": 1585637636.318041}, "device": "cpu", "nd_range": {"device_start": 2305410.5194979943, "device_end": 2305410.5196486954}, "cmdq": 0, "read": {"device_start": -1, "device_end": -1}}, "FFC_sans_bias34": {"write": {"device_start": 1585637569.498437, "host_queued_start": 1585637636.307858, "device_queued": 1585637569.4807155, "device_end": 1585637569.49846, "host_queued_end": 1585637636.310066}, "device": "gpu", "nd_range": {"device_start": 1585637569.4984646, "device_end": 1585637569.4990633}, "cmdq": 0, "read": {"device_start": 1585637569.499071, "device_end": 1585637569.499095}}, "FFC_sans_bias15": {"write": {"device_start": -1, "host_queued_start": 1585637636.30348, "device_queued": -1, "device_end": -1, "host_queued_end": 1585637636.310066}, "device": "gpu", "nd_range": {"device_start": 1585637569.4937751, "device_end": 1585637569.494374}, "cmdq": 0, "read": {"device_start": -1, "device_end": -1}}, "FFC_sans_bias31": {"write": {"device_start": -1, "host_queued_start": 1585637636.301275, "device_queued": -1, "device_end": -1, "host_queued_end": 1585637636.310066}, "device": "gpu", "nd_range": {"device_start": 1585637569.4909282, "device_end": 1585637569.491519}, "cmdq": 0, "read": {"device_start": -1, "device_end": -1}}, "FFC_sans_bias16": {"write": {"device_start": 1585637569.4968452, "host_queued_start": 1585637636.305752, "device_queued": 1585637569.480514, "device_end": 1585637569.4968688, "host_queued_end": 1585637636.310066}, "device": "gpu", "nd_range": {"device_start": 1585637569.4968722, "device_end": 1585637569.497471}, "cmdq": 0, "read": {"device_start": 1585637569.4974759, "device_end": 1585637569.4975011}}, "FFC_sans_bias19": {"write": {"device_start": 1585637569.4816558, "host_queued_start": 1585637636.288173, "device_queued": 1585637569.4786892, "device_end": 1585637569.4816797, "host_queued_end": 1585637636.310066}, "device": "gpu", "nd_range": {"device_start": 1585637569.4816847, "device_end": 1585637569.4822857}, "cmdq": 0, "read": {"device_start": -1, "device_end": -1}}, "FFC_sans_bias18": {"write": {"device_start": 1585637569.4810083, "host_queued_start": 1585637636.287143, "device_queued": 1585637569.478507, "device_end": 1585637569.4810393, "host_queued_end": 1585637636.310066}, "device": "gpu", "nd_range": {"device_start": 1585637569.4810476, "device_end": 1585637569.4815495}, "cmdq": 0, "read": {"device_start": -1, "device_end": -1}}, "coalesced_transpose30": {"write": {"device_start": -1, "host_queued_start": 1585637636.299643, "device_queued": -1, "device_end": -1, "host_queued_end": 1585637636.310066}, "device": "gpu", "nd_range": {"device_start": 1585637569.4896982,