{"FFC_sans_bias4": {"write": {"device_start": -1, "host_queued_start": 1585638049.602376, "device_queued": -1, "device_end": -1, "host_queued_end": 1585638049.610111}, "device": "cpu", "nd_range": {"device_start": 2305823.847251029, "device_end": 2305823.855369897}, "cmdq": 0, "read": {"device_start": -1, "device_end": -1}}, "FFC_sans_bias7": {"write": {"device_start": -1, "host_queued_start": 1585638049.607014, "device_queued": -1, "device_end": -1, "host_queued_end": 1585638049.610111}, "device": "cpu", "nd_range": {"device_start": 2305823.89519611, "device_end": 2305823.907592283}, "cmdq": 2, "read": {"device_start": -1, "device_end": -1}}, "FFC_sans_bias6": {"write": {"device_start": -1, "host_queued_start": 1585638049.6049, "device_queued": -1, "device_end": -1, "host_queued_end": 1585638049.610111}, "device": "cpu", "nd_range": {"device_start": 2305823.8802957903, "device_end": 2305823.895061207}, "cmdq": 3, "read": {"device_start": -1, "device_end": -1}}, "FFC_sans_bias1": {"write": {"device_start": -1, "host_queued_start": 1585638049.589921, "device_queued": -1, "device_end": -1, "host_queued_end": 1585638049.610111}, "device": "cpu", "nd_range": {"device_start": 2305823.7997144694, "device_end": 2305823.8151630573}, "cmdq": 0, "read": {"device_start": -1, "device_end": -1}}, "FFC_sans_bias0": {"write": {"device_start": -1, "host_queued_start": 1585638049.588839, "device_queued": -1, "device_end": -1, "host_queued_end": 1585638049.610111}, "device": "cpu", "nd_range": {"device_start": 2305823.8311220133, "device_end": 2305823.839750022}, "cmdq": 4, "read": {"device_start": -1, "device_end": -1}}, "FFC_sans_bias2": {"write": {"device_start": -1, "host_queued_start": 1585638049.591071, "device_queued": -1, "device_end": -1, "host_queued_end": 1585638049.610111}, "device": "cpu", "nd_range": {"device_start": 2305823.799714003, "device_end": 2305823.815342896}, "cmdq": 1, "read": {"device_start": -1, "device_end": -1}}, "FFC_sans_bias52": {"write": {"device_start": 1585637982.7449172, "host_queued_start": 1585638049.583436, "device_queued": 1585637982.741622, "device_end": 1585637982.7449424, "host_queued_end": 1585638049.583533}, "device": "gpu", "nd_range": {"device_start": 1585637982.7457578, "device_end": 1585637982.7467341}, "cmdq": 2, "read": {"device_start": 1585637982.7467375, "device_end": 1585637982.746761}}, "FFC_sans_bias9": {"write": {"device_start": -1, "host_queued_start": 1585638049.592242, "device_queued": -1, "device_end": -1, "host_queued_end": 1585638049.610111}, "device": "cpu", "nd_range": {"device_start": 2305823.799742009, "device_end": 2305823.815535466}, "cmdq": 2, "read": {"device_start": -1, "device_end": -1}}, "coalesced_transpose39": {"write": {"device_start": -1, "host_queued_start": 1585638049.579235, "device_queued": -1, "device_end": -1, "host_queued_end": 1585638049.583533}, "device": "gpu", "nd_range": {"device_start": 1585637982.7417483, "device_end": 1585637982.743592}, "cmdq": 3, "read": {"device_start": -1, "device_end": -1}}, "FFC_sans_bias51": {"write": {"device_start": -1, "host_queued_start": 1585638049.581328, "device_queued": -1, "device_end": -1, "host_queued_end": 1585638049.583533}, "device": "gpu", "nd_range": {"device_start": 1585637982.7450821, "device_end": 1585637982.7457516}, "cmdq": 0, "read": {"device_start": -1, "device_end": -1}}, "softmax23": {"write": {"device_start": -1, "host_queued_start": 1585638049.604281, "device_queued": -1, "device_end": -1, "host_queued_end": 1585638049.610111}, "device": "cpu", "nd_range": {"device_start": 2305823.865543637, "device_end": 2305823.865706712}, "cmdq": 1, "read": {"device_start": -1, "device_end": -1}}, "FFC_sans_bias37": {"write": {"device_start": 1585637982.7407818, "host_queued_start": 1585638049.574588, "device_queued": 1585637982.740413, "device_end": 1585637982.7408488, "host_queued_end": 1585638049.583533}, "device": "gpu", "nd_range": {"device_start": 1585637982.740855, "device_end": 1585637982.7417474}, "cmdq": 3, "read": {"device_start": -1, "device_end": -1}}, "softmax41": {"write": {"device_start": -1, "host_queued_start": 1585638049.580444, "device_queued": -1, "device_end": -1, "host_queued_end": 1585638049.583533}, "device": "gpu", "nd_range": {"device_start": 1585637982.7442183, "device_end": 1585637982.7447374}, "cmdq": 2, "read": {"device_start": -1, "device_end": -1}}, "FFC_sans_bias11": {"write": {"device_start": -1, "host_queued_start": 1585638049.594347, "device_queued": -1, "device_end": -1, "host_queued_end": 1585638049.610111}, "device": "cpu", "nd_range": {"device_start": 2305823.840841622, "device_end": 2305823.856134007}, "cmdq": 4, "read": {"device_start": -1, "device_end": -1}}, "FFC_sans_bias10": {"write": {"device_start": -1, "host_queued_start": 1585638049.593297, "device_queued": -1, "device_end": -1, "host_queued_end": 1585638049.610111}, "device": "cpu", "nd_range": {"device_start": 2305823.800078899, "device_end": 2305823.815418867}, "cmdq": 3, "read": {"device_start": -1, "device_end": -1}}, "coalesced_transpose3": {"write": {"device_start": -1, "host_queued_start": 1585638049.601026, "device_queued": -1, "device_end": -1, "host_queued_end": 1585638049.610111}, "device": "cpu", "nd_range": {"device_start": 2305823.846587952, "device_end": 2305823.846838557}, "cmdq": 1, "read": {"device_start": -1, "device_end": -1}}, "FFC_sans_bias34": {"write": {"device_start": -1, "host_queued_start": 1585638049.610065, "device_queued": -1, "device_end": -1, "host_queued_end": 1585638049.610111}, "device": "cpu", "nd_range": {"device_start": 2305823.894647804, "device_end": 2305823.910847011}, "cmdq": 0, "read": {"device_start": -1, "device_end": -1}}, "FFC_sans_bias15": {"write": {"device_start": -1, "host_queued_start": 1585638049.60525, "device_queued": -1, "device_end": -1, "host_queued_end": 1585638049.610111}, "device": "cpu", "nd_range": {"device_start": 2305823.8663428403, "device_end": 2305823.8787815273}, "cmdq": 4, "read": {"device_start": -1, "device_end": -1}}, "FFC_sans_bias31": {"write": {"device_start": -1, "host_queued_start": 1585638049.603439, "device_queued": -1, "device_end": -1, "host_queued_end": 1585638049.610111}, "device": "cpu", "nd_range": {"device_start": 2305823.865948634, "device_end": 2305823.880281956}, "cmdq": 3, "read": {"device_start": -1, "device_end": -1}}, "FFC_sans_bias16": {"write": {"device_start": -1, "host_queued_start": 1585638049.608029, "device_queued": -1, "device_end": -1, "host_queued_end": 1585638049.610111}, "device": "cpu", "nd_range": {"device_start": 2305823.895071742, "device_end": 2305823.9108767263}, "cmdq": 3, "read": {"device_start": -1, "device_end": -1}}, "FFC_sans_bias19": {"write": {"device_start": -1, "host_queued_start": 1585638049.596468, "device_queued": -1, "device_end": -1, "host_queued_end": 1585638049.610111}, "device": "cpu", "nd_range": {"device_start": 2305823.818632834, "device_end": 2305823.841920827}, "cmdq": 1, "read": {"device_start": -1, "device_end": -1}}, "FFC_sans_bias18": {"write": {"device_start": -1, "host_queued_start": 1585638049.595421, "device_queued": -1, "device_end": -1, "host_queued_end": 1585638049.610111}, "device": "cpu", "nd_range": {"device_start": 2305823.815293673, "device_end": 2305823.830986665}, "cmdq": 0, "read": {"device_start": -1, "device_end": -1}}, "coalesced_transpose30": {"write": {"device_start": -1, "host_queued_start": 1585638049.602027, "device_queued": -1, "device_end": -1, "host_queued_end": 1585638049.610111}, "device": "cpu", "nd_range": {"device_start": 2305823.865740001, "device_end": 2305823.865894379}, "cmdq": 4, "read": {"device_start": -1, "device_end": -1}}, "FFC_sans_bias38": {"write": {"device_start": 1585637982.740873, "host_queued_start": 1585638049.575677, "device_queued": 1585637982.7406576, "device_end": 1585637982.740899, "host_queued_end": 1585638049.583533}, "device": "gpu", "nd_range": {"device_start": 1585637982.7409036, "device_end": 1585637982.7423077}, "cmdq": 4,