{"FFC_sans_bias4": {"write": {"device_start": -1, "host_queued_start": 1585637917.411684, "device_queued": -1, "device_end": -1, "host_queued_end": 1585637917.421223}, "device": "cpu", "nd_range": {"device_start": 2305691.674606225, "device_end": 2305691.685098493}, "cmdq": 1, "read": {"device_start": -1, "device_end": -1}}, "FFC_sans_bias7": {"write": {"device_start": -1, "host_queued_start": 1585637917.417224, "device_queued": -1, "device_end": -1, "host_queued_end": 1585637917.421223}, "device": "cpu", "nd_range": {"device_start": 2305691.722160723, "device_end": 2305691.730241802}, "cmdq": 1, "read": {"device_start": -1, "device_end": -1}}, "FFC_sans_bias6": {"write": {"device_start": -1, "host_queued_start": 1585637917.414768, "device_queued": -1, "device_end": -1, "host_queued_end": 1585637917.421223}, "device": "cpu", "nd_range": {"device_start": 2305691.708506715, "device_end": 2305691.722020966}, "cmdq": 2, "read": {"device_start": -1, "device_end": -1}}, "FFC_sans_bias1": {"write": {"device_start": -1, "host_queued_start": 1585637917.395824, "device_queued": -1, "device_end": -1, "host_queued_end": 1585637917.421223}, "device": "cpu", "nd_range": {"device_start": 2305691.610856349, "device_end": 2305691.619696463}, "cmdq": 0, "read": {"device_start": -1, "device_end": -1}}, "FFC_sans_bias0": {"write": {"device_start": -1, "host_queued_start": 1585637917.394785, "device_queued": -1, "device_end": -1, "host_queued_end": 1585637917.421223}, "device": "cpu", "nd_range": {"device_start": 2305691.610881114, "device_end": 2305691.6248186883}, "cmdq": 2, "read": {"device_start": -1, "device_end": -1}}, "FFC_sans_bias2": {"write": {"device_start": -1, "host_queued_start": 1585637917.396869, "device_queued": -1, "device_end": -1, "host_queued_end": 1585637917.421223}, "device": "cpu", "nd_range": {"device_start": 2305691.6108965343, "device_end": 2305691.6240095734}, "cmdq": 1, "read": {"device_start": -1, "device_end": -1}}, "FFC_sans_bias52": {"write": {"device_start": 1585637850.5512252, "host_queued_start": 1585637917.388908, "device_queued": 1585637850.54987, "device_end": 1585637850.5512555, "host_queued_end": 1585637917.38902}, "device": "gpu", "nd_range": {"device_start": 1585637850.5526743, "device_end": 1585637850.5532687}, "cmdq": 0, "read": {"device_start": 1585637850.5532742, "device_end": 1585637850.5532968}}, "FFC_sans_bias9": {"write": {"device_start": -1, "host_queued_start": 1585637917.397915, "device_queued": -1, "device_end": -1, "host_queued_end": 1585637917.421223}, "device": "cpu", "nd_range": {"device_start": 2305691.6267103204, "device_end": 2305691.637125243}, "cmdq": 2, "read": {"device_start": -1, "device_end": -1}}, "coalesced_transpose39": {"write": {"device_start": -1, "host_queued_start": 1585637917.411336, "device_queued": -1, "device_end": -1, "host_queued_end": 1585637917.421223}, "device": "cpu", "nd_range": {"device_start": 2305691.6801391044, "device_end": 2305691.680370463}, "cmdq": 0, "read": {"device_start": -1, "device_end": -1}}, "FFC_sans_bias51": {"write": {"device_start": -1, "host_queued_start": 1585637917.387899, "device_queued": -1, "device_end": -1, "host_queued_end": 1585637917.38902}, "device": "gpu", "nd_range": {"device_start": 1585637850.552073, "device_end": 1585637850.552671}, "cmdq": 3, "read": {"device_start": -1, "device_end": -1}}, "softmax23": {"write": {"device_start": -1, "host_queued_start": 1585637917.413876, "device_queued": -1, "device_end": -1, "host_queued_end": 1585637917.421223}, "device": "cpu", "nd_range": {"device_start": 2305691.70818093, "device_end": 2305691.7083955472}, "cmdq": 2, "read": {"device_start": -1, "device_end": -1}}, "FFC_sans_bias37": {"write": {"device_start": -1, "host_queued_start": 1585637917.408616, "device_queued": -1, "device_end": -1, "host_queued_end": 1585637917.421223}, "device": "cpu", "nd_range": {"device_start": 2305691.6706160563, "device_end": 2305691.679656148}, "cmdq": 0, "read": {"device_start": -1, "device_end": -1}}, "softmax41": {"write": {"device_start": -1, "host_queued_start": 1585637917.414422, "device_queued": -1, "device_end": -1, "host_queued_end": 1585637917.421223}, "device": "cpu", "nd_range": {"device_start": 2305691.7092066812, "device_end": 2305691.709416024}, "cmdq": 1, "read": {"device_start": -1, "device_end": -1}}, "FFC_sans_bias11": {"write": {"device_start": -1, "host_queued_start": 1585637917.400045, "device_queued": -1, "device_end": -1, "host_queued_end": 1585637917.421223}, "device": "cpu", "nd_range": {"device_start": 2305691.6241240953, "device_end": 2305691.636028379}, "cmdq": 1, "read": {"device_start": -1, "device_end": -1}}, "FFC_sans_bias10": {"write": {"device_start": -1, "host_queued_start": 1585637917.398998, "device_queued": -1, "device_end": -1, "host_queued_end": 1585637917.421223}, "device": "cpu", "nd_range": {"device_start": 2305691.619810826, "device_end": 2305691.6288545313}, "cmdq": 0, "read": {"device_start": -1, "device_end": -1}}, "coalesced_transpose3": {"write": {"device_start": -1, "host_queued_start": 1585637917.409993, "device_queued": -1, "device_end": -1, "host_queued_end": 1585637917.421223}, "device": "cpu", "nd_range": {"device_start": 2305691.66894656, "device_end": 2305691.669197896}, "cmdq": 2, "read": {"device_start": -1, "device_end": -1}}, "FFC_sans_bias34": {"write": {"device_start": -1, "host_queued_start": 1585637917.420189, "device_queued": -1, "device_end": -1, "host_queued_end": 1585637917.421223}, "device": "cpu", "nd_range": {"device_start": 2305691.738496844, "device_end": 2305691.747094742}, "cmdq": 1, "read": {"device_start": -1, "device_end": -1}}, "FFC_sans_bias15": {"write": {"device_start": -1, "host_queued_start": 1585637917.415108, "device_queued": -1, "device_end": -1, "host_queued_end": 1585637917.421223}, "device": "cpu", "nd_range": {"device_start": 2305691.699386165, "device_end": 2305691.7187725604}, "cmdq": 0, "read": {"device_start": -1, "device_end": -1}}, "FFC_sans_bias31": {"write": {"device_start": -1, "host_queued_start": 1585637917.412706, "device_queued": -1, "device_end": -1, "host_queued_end": 1585637917.421223}, "device": "cpu", "nd_range": {"device_start": 2305691.6852158173, "device_end": 2305691.6984502804}, "cmdq": 1, "read": {"device_start": -1, "device_end": -1}}, "FFC_sans_bias16": {"write": {"device_start": -1, "host_queued_start": 1585637917.41821, "device_queued": -1, "device_end": -1, "host_queued_end": 1585637917.421223}, "device": "cpu", "nd_range": {"device_start": 2305691.734716381, "device_end": 2305691.748725743}, "cmdq": 2, "read": {"device_start": -1, "device_end": -1}}, "FFC_sans_bias19": {"write": {"device_start": -1, "host_queued_start": 1585637917.402132, "device_queued": -1, "device_end": -1, "host_queued_end": 1585637917.421223}, "device": "cpu", "nd_range": {"device_start": 2305691.634714262, "device_end": 2305691.6534809223}, "cmdq": 0, "read": {"device_start": -1, "device_end": -1}}, "FFC_sans_bias18": {"write": {"device_start": -1, "host_queued_start": 1585637917.40109, "device_queued": -1, "device_end": -1, "host_queued_end": 1585637917.421223}, "device": "cpu", "nd_range": {"device_start": 2305691.637255057, "device_end": 2305691.6485918784}, "cmdq": 2, "read": {"device_start": -1, "device_end": -1}}, "coalesced_transpose30": {"write": {"device_start": -1, "host_queued_start": 1585637917.411011, "device_queued": -1, "device_end": -1, "host_queued_end": 1585637917.421223}, "device": "cpu", "nd_range": {"device_start": 2305691.6725591663, "device_end": 2305691.67279441}, "cmdq": 2, "read": {"device_start": -1, "device_end": -1}}, "FFC_sans_bias38": {"write": {"device_start": -1, "host_queued_start": 1585637917.409663, "device_queued": -1, "device_end": -1, "host_queued_end": 1585637917.421223}, "device": "cpu", "nd_range": {"device_start": 2305691.6622439483, "device_end": 2305691.6741307504}, "cmdq": 1, "read": {"device_start": -1, "device_end": -1}}, "empty26": {"write": {"device_start": -1,