{"mt0": {"write": {"device_start": -1, "host_queued_start": 1586236006.014918, "device_queued": -1, "device_end": -1, "host_queued_end": 1586236006.015244}, "device": "cpu", "nd_range": {"device_start": 2903780.2047348283, "device_end": 2903780.2065762733}, "cmdq": 0, "read": {"device_start": -1, "device_end": -1}}}