{"mt0": {"write": {"device_start": 1586235903.5490825, "host_queued_start": 1586235987.62511, "device_queued": 1586235903.548798, "device_end": 1586235903.5501058, "host_queued_end": 1586235987.625472}, "device": "gpu", "nd_range": {"device_start": 1586235903.5501082, "device_end": 1586235903.5502927}, "cmdq": 0, "read": {"device_start": 1586235903.5502949, "device_end": 1586235903.551541}}}