{"mt0": {"write": {"device_start": 1586200037.3709922, "host_queued_start": 1586200120.416028, "device_queued": 1586200037.3709772, "device_end": 1586200037.3709936, "host_queued_end": 1586200120.416374}, "device": "gpu", "nd_range": {"device_start": 1586200037.3710148, "device_end": 1586200037.3710313}, "cmdq": 0, "read": {"device_start": 1586200037.3710475, "device_end": 1586200037.3710496}}}