{"mt0": {"write": {"device_start": 1586204830.7688627, "host_queued_start": 1586204913.948728, "device_queued": 1586204830.768783, "device_end": 1586204830.7688868, "host_queued_end": 1586204913.949082}, "device": "gpu", "nd_range": {"device_start": 1586204830.7688923, "device_end": 1586204830.768911}, "cmdq": 0, "read": {"device_start": 1586204830.7689164, "device_end": 1586204830.7689443}}}