{"mt0": {"write": {"device_start": 1586235900.9130607, "host_queued_start": 1586235984.989006, "device_queued": 1586235900.912764, "device_end": 1586235900.914051, "host_queued_end": 1586235984.989382}, "device": "gpu", "nd_range": {"device_start": 1586235900.9140596, "device_end": 1586235900.9142435}, "cmdq": 0, "read": {"device_start": 1586235900.9142516, "device_end": 1586235900.9155464}}}