{"mt0": {"write": {"device_start": 1586204864.6318047, "host_queued_start": 1586204947.812691, "device_queued": 1586204864.631719, "device_end": 1586204864.6318352, "host_queued_end": 1586204947.813033}, "device": "gpu", "nd_range": {"device_start": 1586204864.6318378, "device_end": 1586204864.6318548}, "cmdq": 0, "read": {"device_start": 1586204864.631858, "device_end": 1586204864.6318872}}}