{"mt0": {"write": {"device_start": 1586200115.4528964, "host_queued_start": 1586200198.500114, "device_queued": 1586200115.4528732, "device_end": 1586200115.452905, "host_queued_end": 1586200198.500452}, "device": "gpu", "nd_range": {"device_start": 1586200115.45291, "device_end": 1586200115.4529257}, "cmdq": 0, "read": {"device_start": 1586200115.4529338, "device_end": 1586200115.4529486}}}