{"mt0": {"write": {"device_start": 1586200089.417787, "host_queued_start": 1586200172.464314, "device_queued": 1586200089.4177697, "device_end": 1586200089.4177895, "host_queued_end": 1586200172.464664}, "device": "gpu", "nd_range": {"device_start": 1586200089.4178019, "device_end": 1586200089.4178164}, "cmdq": 0, "read": {"device_start": 1586200089.4178236, "device_end": 1586200089.4178267}}}