{"mt0": {"write": {"device_start": 1586235924.5563328, "host_queued_start": 1586236008.633016, "device_queued": 1586235924.5560517, "device_end": 1586235924.5573657, "host_queued_end": 1586236008.633376}, "device": "gpu", "nd_range": {"device_start": 1586235924.5573707, "device_end": 1586235924.557551}, "cmdq": 0, "read": {"device_start": 1586235924.5575585, "device_end": 1586235924.5587974}}}