{"mt0": {"write": {"device_start": 1586200086.797892, "host_queued_start": 1586200169.84432, "device_queued": 1586200086.797874, "device_end": 1586200086.7978947, "host_queued_end": 1586200169.844667}, "device": "gpu", "nd_range": {"device_start": 1586200086.7979078, "device_end": 1586200086.7979283}, "cmdq": 0, "read": {"device_start": 1586200086.7979422, "device_end": 1586200086.7979455}}}