{"mt0": {"write": {"device_start": 1586204914.1529782, "host_queued_start": 1586204997.33507, "device_queued": 1586204914.152722, "device_end": 1586204914.1530719, "host_queued_end": 1586204997.335428}, "device": "gpu", "nd_range": {"device_start": 1586204914.153079, "device_end": 1586204914.1531286}, "cmdq": 0, "read": {"device_start": 1586204914.153136, "device_end": 1586204914.1532211}}}