{"mt0": {"write": {"device_start": 1586200112.852932, "host_queued_start": 1586200195.900079, "device_queued": 1586200112.852908, "device_end": 1586200112.8529406, "host_queued_end": 1586200195.900419}, "device": "gpu", "nd_range": {"device_start": 1586200112.8529456, "device_end": 1586200112.8529618}, "cmdq": 0, "read": {"device_start": 1586200112.8529687, "device_end": 1586200112.852984}}}