{"mt0": {"write": {"device_start": 1586204862.0319016, "host_queued_start": 1586204945.212701, "device_queued": 1586204862.0318255, "device_end": 1586204862.0319264, "host_queued_end": 1586204945.213041}, "device": "gpu", "nd_range": {"device_start": 1586204862.0319376, "device_end": 1586204862.0319545}, "cmdq": 0, "read": {"device_start": 1586204862.031962, "device_end": 1586204862.0319848}}}