{"mt0": {"write": {"device_start": 1586200060.7542422, "host_queued_start": 1586200143.799983, "device_queued": 1586200060.754225, "device_end": 1586200060.754245, "host_queued_end": 1586200143.800316}, "device": "gpu", "nd_range": {"device_start": 1586200060.7542574, "device_end": 1586200060.7542708}, "cmdq": 0, "read": {"device_start": 1586200060.7542794, "device_end": 1586200060.7542827}}}