{"mt0": {"write": {"device_start": 1586200006.0958538, "host_queued_start": 1586200089.13998, "device_queued": 1586200006.0958388, "device_end": 1586200006.0958552, "host_queued_end": 1586200089.140315}, "device": "gpu", "nd_range": {"device_start": 1586200006.0958695, "device_end": 1586200006.0958824}, "cmdq": 0, "read": {"device_start": 1586200006.0958912, "device_end": 1586200006.0958934}}}