{"mt0": {"write": {"device_start": 1586200141.5961804, "host_queued_start": 1586200224.64411, "device_queued": 1586200141.5961568, "device_end": 1586200141.596189, "host_queued_end": 1586200224.644447}, "device": "gpu", "nd_range": {"device_start": 1586200141.5961933, "device_end": 1586200141.5962095}, "cmdq": 0, "read": {"device_start": 1586200141.5962172, "device_end": 1586200141.596232}}}