{"mt0": {"write": {"device_start": 1586200063.3502092, "host_queued_start": 1586200146.396011, "device_queued": 1586200063.3501914, "device_end": 1586200063.3502116, "host_queued_end": 1586200146.396349}, "device": "gpu", "nd_range": {"device_start": 1586200063.350222, "device_end": 1586200063.3502352}, "cmdq": 0, "read": {"device_start": 1586200063.3502429, "device_end": 1586200063.3502462}}}