{"mt0": {"write": {"device_start": 1586200011.2757475, "host_queued_start": 1586200094.320014, "device_queued": 1586200011.275731, "device_end": 1586200011.2757487, "host_queued_end": 1586200094.320354}, "device": "gpu", "nd_range": {"device_start": 1586200011.2757602, "device_end": 1586200011.2757735}, "cmdq": 0, "read": {"device_start": 1586200011.2757814, "device_end": 1586200011.2757838}}}