{"mt0": {"write": {"device_start": 1586200136.3603294, "host_queued_start": 1586200219.408115, "device_queued": 1586200136.360305, "device_end": 1586200136.360338, "host_queued_end": 1586200219.40845}, "device": "gpu", "nd_range": {"device_start": 1586200136.3603427, "device_end": 1586200136.360359}, "cmdq": 0, "read": {"device_start": 1586200136.3603673, "device_end": 1586200136.360382}}}