{"mt0": {"write": {"device_start": 1586200003.4879935, "host_queued_start": 1586200086.53203, "device_queued": 1586200003.4879775, "device_end": 1586200003.4879944, "host_queued_end": 1586200086.532365}, "device": "gpu", "nd_range": {"device_start": 1586200003.4880059, "device_end": 1586200003.488019}, "cmdq": 0, "read": {"device_start": 1586200003.4880266, "device_end": 1586200003.4880288}}}