{"mt0": {"write": {"device_start": 1586200013.8677046, "host_queued_start": 1586200096.912058, "device_queued": 1586200013.8676894, "device_end": 1586200013.8677056, "host_queued_end": 1586200096.912393}, "device": "gpu", "nd_range": {"device_start": 1586200013.8677182, "device_end": 1586200013.8677306}, "cmdq": 0, "read": {"device_start": 1586200013.8677387, "device_end": 1586200013.8677409}}}