{"mt0": {"write": {"device_start": 1586204833.400734, "host_queued_start": 1586204916.580706, "device_queued": 1586204833.4006543, "device_end": 1586204833.400759, "host_queued_end": 1586204916.581047}, "device": "gpu", "nd_range": {"device_start": 1586204833.4007638, "device_end": 1586204833.4007893}, "cmdq": 0, "read": {"device_start": 1586204833.400798, "device_end": 1586204833.4008274}}}