{"mt0": {"write": {"device_start": 1586200092.0055146, "host_queued_start": 1586200175.052095, "device_queued": 1586200092.005496, "device_end": 1586200092.0055175, "host_queued_end": 1586200175.052434}, "device": "gpu", "nd_range": {"device_start": 1586200092.00553, "device_end": 1586200092.0055447}, "cmdq": 0, "read": {"device_start": 1586200092.0055525, "device_end": 1586200092.0055559}}}