{"mt0": {"write": {"device_start": 1586204906.3730829, "host_queued_start": 1586204989.554985, "device_queued": 1586204906.372831, "device_end": 1586204906.3731778, "host_queued_end": 1586204989.555331}, "device": "gpu", "nd_range": {"device_start": 1586204906.37318, "device_end": 1586204906.3732295}, "cmdq": 0, "read": {"device_start": 1586204906.3732355, "device_end": 1586204906.3733208}}}