{"softmax0": {"write": {"device_start": 1585477498.502046, "host_queued_start": 1585477560.764491, "device_queued": 1585477498.5020218, "device_end": 1585477498.5020547, "host_queued_end": 1585477560.764824}, "device": "gpu", "nd_range": {"device_start": 1585477498.502058, "device_end": 1585477498.5021472}, "cmdq": 0, "read": {"device_start": 1585477498.50215, "device_end": 1585477498.502157}}}