{"empty0": {"write": {"device_start": 1585477529.9558952, "host_queued_start": 1585477592.218923, "device_queued": 1585477529.9556286, "device_end": 1585477529.9559896, "host_queued_end": 1585477592.219305}, "device": "gpu", "nd_range": {"device_start": 1585477529.955996, "device_end": 1585477529.956001}, "cmdq": 0, "read": {"device_start": 1585477529.9560037, "device_end": 1585477529.9561007}}}