{"mean_kernel0": {"write": {"device_start": 1586204011.3364642, "host_queued_start": 1586204094.493369, "device_queued": 1586204011.3363857, "device_end": 1586204011.3364875, "host_queued_end": 1586204094.493702}, "device": "gpu", "nd_range": {"device_start": 1586204011.3365562, "device_end": 1586204011.3366258}, "cmdq": 0, "read": {"device_start": 1586204011.3366342, "device_end": 1586204011.336636}}}