{"mean_kernel0": {"write": {"device_start": 1586204066.1369812, "host_queued_start": 1586204149.295239, "device_queued": 1586204066.136753, "device_end": 1586204066.1370804, "host_queued_end": 1586204149.295583}, "device": "gpu", "nd_range": {"device_start": 1586204066.1370864, "device_end": 1586204066.1372085}, "cmdq": 0, "read": {"device_start": 1586204066.1372168, "device_end": 1586204066.1372187}}}