{"mean_kernel0": {"write": {"device_start": 1586199056.6909811, "host_queued_start": 1586199139.708473, "device_queued": 1586199056.6909578, "device_end": 1586199056.69099, "host_queued_end": 1586199139.708811}, "device": "gpu", "nd_range": {"device_start": 1586199056.6911044, "device_end": 1586199056.6911454}, "cmdq": 0, "read": {"device_start": 1586199056.6911616, "device_end": 1586199056.6911635}}}