{"mean_kernel0": {"write": {"device_start": 1586203959.153551, "host_queued_start": 1586204042.309035, "device_queued": 1586203959.153469, "device_end": 1586203959.1535816, "host_queued_end": 1586204042.309368}, "device": "gpu", "nd_range": {"device_start": 1586203959.15366, "device_end": 1586203959.153728}, "cmdq": 0, "read": {"device_start": 1586203959.1537344, "device_end": 1586203959.1537364}}}