{"mean_kernel0": {"write": {"device_start": 1586199007.0883696, "host_queued_start": 1586199090.104413, "device_queued": 1586199007.0883517, "device_end": 1586199007.0883722, "host_queued_end": 1586199090.104748}, "device": "gpu", "nd_range": {"device_start": 1586199007.088496, "device_end": 1586199007.0885224}, "cmdq": 0, "read": {"device_start": 1586199007.0885332, "device_end": 1586199007.088535}}}