{"mean_kernel0": {"write": {"device_start": 1586235330.3654132, "host_queued_start": 1586235414.424698, "device_queued": 1586235330.3651166, "device_end": 1586235330.3663619, "host_queued_end": 1586235414.425061}, "device": "gpu", "nd_range": {"device_start": 1586235330.366367, "device_end": 1586235330.366748}, "cmdq": 0, "read": {"device_start": 1586235330.3667517, "device_end": 1586235330.366754}}}