{"mean_kernel0": {"write": {"device_start": 1586204008.720226, "host_queued_start": 1586204091.87707, "device_queued": 1586204008.7201486, "device_end": 1586204008.720251, "host_queued_end": 1586204091.877408}, "device": "gpu", "nd_range": {"device_start": 1586204008.720343, "device_end": 1586204008.720413}, "cmdq": 0, "read": {"device_start": 1586204008.7204165, "device_end": 1586204008.7204187}}}