{"mean_kernel0": {"write": {"device_start": 1586203985.2288613, "host_queued_start": 1586204068.385064, "device_queued": 1586203985.2287834, "device_end": 1586203985.2288842, "host_queued_end": 1586204068.385397}, "device": "gpu", "nd_range": {"device_start": 1586203985.2289455, "device_end": 1586203985.2290154}, "cmdq": 0, "read": {"device_start": 1586203985.229021, "device_end": 1586203985.229023}}}