{"mean_kernel0": {"write": {"device_start": 1586199054.0950427, "host_queued_start": 1586199137.112385, "device_queued": 1586199054.095008, "device_end": 1586199054.0950513, "host_queued_end": 1586199137.112718}, "device": "gpu", "nd_range": {"device_start": 1586199054.0951855, "device_end": 1586199054.095227}, "cmdq": 0, "read": {"device_start": 1586199054.0952318, "device_end": 1586199054.095234}}}