{"mean_kernel0": {"write": {"device_start": 1586204060.9216685, "host_queued_start": 1586204144.079786, "device_queued": 1586204060.9214334, "device_end": 1586204060.9217718, "host_queued_end": 1586204144.080121}, "device": "gpu", "nd_range": {"device_start": 1586204060.9217746, "device_end": 1586204060.9218976}, "cmdq": 0, "read": {"device_start": 1586204060.921905, "device_end": 1586204060.9219067}}}