{"mean_kernel0": {"write": {"device_start": 1586203961.7574859, "host_queued_start": 1586204044.913049, "device_queued": 1586203961.7574084, "device_end": 1586203961.7575142, "host_queued_end": 1586204044.913386}, "device": "gpu", "nd_range": {"device_start": 1586203961.757568, "device_end": 1586203961.7576363}, "cmdq": 0, "read": {"device_start": 1586203961.7576416, "device_end": 1586203961.7576435}}}