{"mean_kernel0": {"write": {"device_start": 1586235314.6592572, "host_queued_start": 1586235398.718041, "device_queued": 1586235314.658976, "device_end": 1586235314.660199, "host_queued_end": 1586235398.718404}, "device": "gpu", "nd_range": {"device_start": 1586235314.6602018, "device_end": 1586235314.660579}, "cmdq": 0, "read": {"device_start": 1586235314.6605842, "device_end": 1586235314.6605866}}}