{"mean_kernel0": {"write": {"device_start": 1586235285.7993307, "host_queued_start": 1586235369.857308, "device_queued": 1586235285.7990458, "device_end": 1586235285.8003314, "host_queued_end": 1586235369.857696}, "device": "gpu", "nd_range": {"device_start": 1586235285.800336, "device_end": 1586235285.8007119}, "cmdq": 0, "read": {"device_start": 1586235285.8007202, "device_end": 1586235285.8007226}}}