{"mean_kernel0": {"write": {"device_start": 1586199027.959767, "host_queued_start": 1586199110.976421, "device_queued": 1586199027.9597442, "device_end": 1586199027.9597757, "host_queued_end": 1586199110.976763}, "device": "gpu", "nd_range": {"device_start": 1586199027.9599066, "device_end": 1586199027.959947}, "cmdq": 0, "read": {"device_start": 1586199027.959952, "device_end": 1586199027.9599543}}}