{"mean_kernel0": {"write": {"device_start": 1586199033.1673768, "host_queued_start": 1586199116.184192, "device_queued": 1586199033.1673536, "device_end": 1586199033.1673853, "host_queued_end": 1586199116.184534}, "device": "gpu", "nd_range": {"device_start": 1586199033.1675127, "device_end": 1586199033.1675532}, "cmdq": 0, "read": {"device_start": 1586199033.1675596, "device_end": 1586199033.1675613}}}