{"mean_kernel0": {"write": {"device_start": 1586204092.2603323, "host_queued_start": 1586204175.419293, "device_queued": 1586204092.2600927, "device_end": 1586204092.2604256, "host_queued_end": 1586204175.419644}, "device": "gpu", "nd_range": {"device_start": 1586204092.2604291, "device_end": 1586204092.2605524}, "cmdq": 0, "read": {"device_start": 1586204092.2605598, "device_end": 1586204092.2605615}}}