{"mean_kernel0": {"write": {"device_start": 1586235356.629039, "host_queued_start": 1586235440.689094, "device_queued": 1586235356.628759, "device_end": 1586235356.630036, "host_queued_end": 1586235440.689472}, "device": "gpu", "nd_range": {"device_start": 1586235356.6300387, "device_end": 1586235356.630427}, "cmdq": 0, "read": {"device_start": 1586235356.6304305, "device_end": 1586235356.6304328}}}