{"mean_kernel0": {"write": {"device_start": 1586235340.8291695, "host_queued_start": 1586235424.888802, "device_queued": 1586235340.8288915, "device_end": 1586235340.8301396, "host_queued_end": 1586235424.889163}, "device": "gpu", "nd_range": {"device_start": 1586235340.8301458, "device_end": 1586235340.8305297}, "cmdq": 0, "read": {"device_start": 1586235340.8305311, "device_end": 1586235340.8305335}}}