{"mean_kernel0": {"write": {"device_start": 1586204084.4485545, "host_queued_start": 1586204167.60729, "device_queued": 1586204084.448317, "device_end": 1586204084.4486508, "host_queued_end": 1586204167.607646}, "device": "gpu", "nd_range": {"device_start": 1586204084.4486578, "device_end": 1586204084.4487813}, "cmdq": 0, "read": {"device_start": 1586204084.4487884, "device_end": 1586204084.44879}}}