{"mean_kernel0": {"write": {"device_start": 1586203953.9663286, "host_queued_start": 1586204037.12166, "device_queued": 1586203953.966251, "device_end": 1586203953.966352, "host_queued_end": 1586204037.121998}, "device": "gpu", "nd_range": {"device_start": 1586203953.9664087, "device_end": 1586203953.966477}, "cmdq": 0, "read": {"device_start": 1586203953.966484, "device_end": 1586203953.9664862}}}