{"naive_kernel0": {"write": {"device_start": 1586200626.4381745, "host_queued_start": 1586200709.49933, "device_queued": 1586200626.4379232, "device_end": 1586200626.4382706, "host_queued_end": 1586200709.499683}, "device": "gpu", "nd_range": {"device_start": 1586200626.4382734, "device_end": 1586200626.4383352}, "cmdq": 0, "read": {"device_start": 1586200626.4383385, "device_end": 1586200626.438424}}}