{"naive_kernel0": {"write": {"device_start": 1586200579.5123978, "host_queued_start": 1586200662.572518, "device_queued": 1586200579.5123374, "device_end": 1586200579.512412, "host_queued_end": 1586200662.572852}, "device": "gpu", "nd_range": {"device_start": 1586200579.5124152, "device_end": 1586200579.5124276}, "cmdq": 0, "read": {"device_start": 1586200579.5124326, "device_end": 1586200579.5124507}}}