{"naive_kernel0": {"write": {"device_start": 1586200636.8021495, "host_queued_start": 1586200719.863566, "device_queued": 1586200636.801874, "device_end": 1586200636.802244, "host_queued_end": 1586200719.863921}, "device": "gpu", "nd_range": {"device_start": 1586200636.802248, "device_end": 1586200636.8023076}, "cmdq": 0, "read": {"device_start": 1586200636.802313, "device_end": 1586200636.8023982}}}