{"naive_kernel0": {"write": {"device_start": 1586205495.52172, "host_queued_start": 1586205578.71962, "device_queued": 1586205495.5214424, "device_end": 1586205495.667985, "host_queued_end": 1586205578.719985}, "device": "gpu", "nd_range": {"device_start": 1586205495.668028, "device_end": 1586205495.6853898}, "cmdq": 0, "read": {"device_start": 1586205495.6853964, "device_end": 1586205495.9447327}}}