{"naive_kernel0": {"write": {"device_start": 1586205500.1119735, "host_queued_start": 1586205583.309922, "device_queued": 1586205500.111701, "device_end": 1586205500.2587113, "host_queued_end": 1586205583.310287}, "device": "gpu", "nd_range": {"device_start": 1586205500.258756, "device_end": 1586205500.2761059}, "cmdq": 0, "read": {"device_start": 1586205500.2761142, "device_end": 1586205500.5199118}}}