{"naive_kernel0": {"write": {"device_start": 1586200652.4332125, "host_queued_start": 1586200735.495124, "device_queued": 1586200652.4329784, "device_end": 1586200652.4333065, "host_queued_end": 1586200735.495472}, "device": "gpu", "nd_range": {"device_start": 1586200652.4333134, "device_end": 1586200652.4333584}, "cmdq": 0, "read": {"device_start": 1586200652.4333618, "device_end": 1586200652.4334476}}}