{"naive_kernel0": {"write": {"device_start": 1586205408.4398904, "host_queued_start": 1586205491.635771, "device_queued": 1586205408.439625, "device_end": 1586205408.4583871, "host_queued_end": 1586205491.636147}, "device": "gpu", "nd_range": {"device_start": 1586205408.458391, "device_end": 1586205408.4609075}, "cmdq": 0, "read": {"device_start": 1586205408.4609103, "device_end": 1586205408.4916496}}}