{"naive_kernel0": {"write": {"device_start": 1586200576.9205031, "host_queued_start": 1586200659.980507, "device_queued": 1586200576.920443, "device_end": 1586200576.9205167, "host_queued_end": 1586200659.980846}, "device": "gpu", "nd_range": {"device_start": 1586200576.9205194, "device_end": 1586200576.920532}, "cmdq": 0, "read": {"device_start": 1586200576.920538, "device_end": 1586200576.920552}}}