{"naive_kernel0": {"write": {"device_start": 1586200608.2315917, "host_queued_start": 1586200691.292463, "device_queued": 1586200608.231527, "device_end": 1586200608.2316053, "host_queued_end": 1586200691.292799}, "device": "gpu", "nd_range": {"device_start": 1586200608.2316089, "device_end": 1586200608.2316217}, "cmdq": 0, "read": {"device_start": 1586200608.2316296, "device_end": 1586200608.2316496}}}