{"naive_kernel0": {"write": {"device_start": 1586200584.7002673, "host_queued_start": 1586200667.760512, "device_queued": 1586200584.7002072, "device_end": 1586200584.700281, "host_queued_end": 1586200667.760852}, "device": "gpu", "nd_range": {"device_start": 1586200584.7002838, "device_end": 1586200584.7002964}, "cmdq": 0, "read": {"device_start": 1586200584.7003033, "device_end": 1586200584.7003238}}}