{"naive_kernel0": {"write": {"device_start": 1586205382.765324, "host_queued_start": 1586205465.960437, "device_queued": 1586205382.765039, "device_end": 1586205382.7837694, "host_queued_end": 1586205465.960804}, "device": "gpu", "nd_range": {"device_start": 1586205382.7837772, "device_end": 1586205382.7871525}, "cmdq": 0, "read": {"device_start": 1586205382.7871568, "device_end": 1586205382.820918}}}