{"naive_kernel0": {"write": {"device_start": 1586200689.205869, "host_queued_start": 1586200772.268733, "device_queued": 1586200689.205593, "device_end": 1586200689.2079983, "host_queued_end": 1586200772.269095}, "device": "gpu", "nd_range": {"device_start": 1586200689.208006, "device_end": 1586200689.2084553}, "cmdq": 0, "read": {"device_start": 1586200689.2084565, "device_end": 1586200689.2115493}}}