{"covar_kernel0": {"write": {"device_start": 1586234689.481643, "host_queued_start": 1586234773.522114, "device_queued": 1586234689.481382, "device_end": 1586234689.4825544, "host_queued_end": 1586234773.522491}, "device": "gpu", "nd_range": {"device_start": 1586234689.482563, "device_end": 1586234690.1621206}, "cmdq": 0, "read": {"device_start": 1586234690.1621246, "device_end": 1586234690.1639497}}}