{"covar_kernel0": {"write": {"device_start": 1586203059.8837256, "host_queued_start": 1586203143.013632, "device_queued": 1586203059.8835065, "device_end": 1586203059.8837616, "host_queued_end": 1586203143.014704}, "device": "gpu", "nd_range": {"device_start": 1586203059.8838065, "device_end": 1586203059.9022095}, "cmdq": 0, "read": {"device_start": 1586203059.902216, "device_end": 1586203059.9022465}}}