{"covar_kernel0": {"write": {"device_start": 1586198082.1428645, "host_queued_start": 1586198165.132379, "device_queued": 1586198082.142846, "device_end": 1586198082.142867, "host_queued_end": 1586198165.132715}, "device": "gpu", "nd_range": {"device_start": 1586198082.1428807, "device_end": 1586198082.1439722}, "cmdq": 0, "read": {"device_start": 1586198082.1439743, "device_end": 1586198082.1439776}}}