{"covar_kernel0": {"write": {"device_start": 1586198074.3589728, "host_queued_start": 1586198157.348258, "device_queued": 1586198074.3589554, "device_end": 1586198074.3589756, "host_queued_end": 1586198157.348597}, "device": "gpu", "nd_range": {"device_start": 1586198074.358986, "device_end": 1586198074.360073}, "cmdq": 0, "read": {"device_start": 1586198074.360075, "device_end": 1586198074.3600783}}}