{"covar_kernel0": {"write": {"device_start": 1586234696.104967, "host_queued_start": 1586234780.145521, "device_queued": 1586234696.1046422, "device_end": 1586234696.105978, "host_queued_end": 1586234780.145921}, "device": "gpu", "nd_range": {"device_start": 1586234696.1059854, "device_end": 1586234696.7854526}, "cmdq": 0, "read": {"device_start": 1586234696.785458, "device_end": 1586234696.7867424}}}