{"covar_kernel0": {"write": {"device_start": 1586203054.6307387, "host_queued_start": 1586203137.76142, "device_queued": 1586203054.6306567, "device_end": 1586203054.6307623, "host_queued_end": 1586203137.761754}, "device": "gpu", "nd_range": {"device_start": 1586203054.6307712, "device_end": 1586203054.6490288}, "cmdq": 0, "read": {"device_start": 1586203054.6490335, "device_end": 1586203054.6490567}}}