{"covar_kernel0": {"write": {"device_start": 1586203083.4375372, "host_queued_start": 1586203166.569018, "device_queued": 1586203083.4374585, "device_end": 1586203083.4375615, "host_queued_end": 1586203166.569358}, "device": "gpu", "nd_range": {"device_start": 1586203083.4375672, "device_end": 1586203083.4594805}, "cmdq": 0, "read": {"device_start": 1586203083.4594865, "device_end": 1586203083.4595094}}}