{"covar_kernel0": {"write": {"device_start": 1586198108.1944559, "host_queued_start": 1586198191.184765, "device_queued": 1586198108.1944323, "device_end": 1586198108.1944647, "host_queued_end": 1586198191.185105}, "device": "gpu", "nd_range": {"device_start": 1586198108.1944726, "device_end": 1586198108.198891}, "cmdq": 0, "read": {"device_start": 1586198108.1988924, "device_end": 1586198108.1989}}}