{"covar_kernel0": {"write": {"device_start": 1586203078.1456978, "host_queued_start": 1586203161.277014, "device_queued": 1586203078.1456208, "device_end": 1586203078.1457229, "host_queued_end": 1586203161.277368}, "device": "gpu", "nd_range": {"device_start": 1586203078.145726, "device_end": 1586203078.1676416}, "cmdq": 0, "read": {"device_start": 1586203078.167648, "device_end": 1586203078.167671}}}