{"covar_kernel0": {"write": {"device_start": 1586203160.061941, "host_queued_start": 1586203243.195281, "device_queued": 1586203160.061684, "device_end": 1586203160.0620337, "host_queued_end": 1586203243.195627}, "device": "gpu", "nd_range": {"device_start": 1586203160.062036, "device_end": 1586203160.1577537}, "cmdq": 0, "read": {"device_start": 1586203160.1577604, "device_end": 1586203160.1578455}}}