{"covar_kernel0": {"write": {"device_start": 1586203057.2421937, "host_queued_start": 1586203140.372971, "device_queued": 1586203057.242115, "device_end": 1586203057.2422178, "host_queued_end": 1586203140.373321}, "device": "gpu", "nd_range": {"device_start": 1586203057.2422242, "device_end": 1586203057.2604713}, "cmdq": 0, "read": {"device_start": 1586203057.2604792, "device_end": 1586203057.2605023}}}