{"covar_kernel0": {"write": {"device_start": 1586203088.6582465, "host_queued_start": 1586203171.789856, "device_queued": 1586203088.658154, "device_end": 1586203088.6582706, "host_queued_end": 1586203171.790193}, "device": "gpu", "nd_range": {"device_start": 1586203088.6582823, "device_end": 1586203088.6801486}, "cmdq": 0, "read": {"device_start": 1586203088.680157, "device_end": 1586203088.6801796}}}