{"covar_kernel0": {"write": {"device_start": 1586198079.5469756, "host_queued_start": 1586198162.536405, "device_queued": 1586198079.5469584, "device_end": 1586198079.5469785, "host_queued_end": 1586198162.53675}, "device": "gpu", "nd_range": {"device_start": 1586198079.546991, "device_end": 1586198079.548081}, "cmdq": 0, "read": {"device_start": 1586198079.548084, "device_end": 1586198079.5480874}}}