{"covar_kernel0": {"write": {"device_start": 1586203107.107469, "host_queued_start": 1586203190.239367, "device_queued": 1586203107.1072054, "device_end": 1586203107.107562, "host_queued_end": 1586203190.239711}, "device": "gpu", "nd_range": {"device_start": 1586203107.10757, "device_end": 1586203107.1744182}, "cmdq": 0, "read": {"device_start": 1586203107.1744235, "device_end": 1586203107.1745088}}}