{"atax_kernel10": {"write": {"device_start": 1586202493.304407, "host_queued_start": 1586202576.419183, "device_queued": 1586202493.304145, "device_end": 1586202493.3045068, "host_queued_end": 1586202576.419556}, "device": "gpu", "nd_range": {"device_start": 1586202493.3045077, "device_end": 1586202493.3046508}, "cmdq": 0, "read": {"device_start": 1586202493.3046567, "device_end": 1586202493.3046584}}}