{"atax_kernel10": {"write": {"device_start": 1586234233.7416527, "host_queued_start": 1586234317.76855, "device_queued": 1586234233.741371, "device_end": 1586234233.742605, "host_queued_end": 1586234317.768938}, "device": "gpu", "nd_range": {"device_start": 1586234233.7426062, "device_end": 1586234233.7429183}, "cmdq": 0, "read": {"device_start": 1586234233.7429216, "device_end": 1586234233.742924}}}