{"atax_kernel10": {"write": {"device_start": 1586197690.586727, "host_queued_start": 1586197773.564299, "device_queued": 1586197690.586704, "device_end": 1586197690.5868628, "host_queued_end": 1586197773.564656}, "device": "gpu", "nd_range": {"device_start": 1586197690.5868704, "device_end": 1586197690.586915}, "cmdq": 0, "read": {"device_start": 1586197690.586923, "device_end": 1586197690.5869246}}}