{"atax_kernel10": {"write": {"device_start": 1586197659.3275611, "host_queued_start": 1586197742.304156, "device_queued": 1586197659.3275437, "device_end": 1586197659.3276775, "host_queued_end": 1586197742.30452}, "device": "gpu", "nd_range": {"device_start": 1586197659.3276858, "device_end": 1586197659.3277142}, "cmdq": 0, "read": {"device_start": 1586197659.3277173, "device_end": 1586197659.327719}}}