{"atax_kernel10": {"write": {"device_start": 1586234262.6327376, "host_queued_start": 1586234346.660538, "device_queued": 1586234262.6324558, "device_end": 1586234262.6337073, "host_queued_end": 1586234346.660926}, "device": "gpu", "nd_range": {"device_start": 1586234262.6337085, "device_end": 1586234262.6342645}, "cmdq": 0, "read": {"device_start": 1586234262.6342716, "device_end": 1586234262.634274}}}