{"atax_kernel10": {"write": {"device_start": 1586197669.7423284, "host_queued_start": 1586197752.71926, "device_queued": 1586197669.7423108, "device_end": 1586197669.7424634, "host_queued_end": 1586197752.719616}, "device": "gpu", "nd_range": {"device_start": 1586197669.7424715, "device_end": 1586197669.7425005}, "cmdq": 0, "read": {"device_start": 1586197669.7425091, "device_end": 1586197669.742511}}}