{"atax_kernel10": {"write": {"device_start": 1586234189.3070836, "host_queued_start": 1586234273.332574, "device_queued": 1586234189.3067844, "device_end": 1586234189.3080783, "host_queued_end": 1586234273.332967}, "device": "gpu", "nd_range": {"device_start": 1586234189.3080792, "device_end": 1586234189.3083763}, "cmdq": 0, "read": {"device_start": 1586234189.308378, "device_end": 1586234189.3083804}}}