{"atax_kernel10": {"write": {"device_start": 1586202514.1558957, "host_queued_start": 1586202597.271292, "device_queued": 1586202514.155669, "device_end": 1586202514.156006, "host_queued_end": 1586202597.27167}, "device": "gpu", "nd_range": {"device_start": 1586202514.156007, "device_end": 1586202514.156153}, "cmdq": 0, "read": {"device_start": 1586202514.156159, "device_end": 1586202514.1561606}}}