{"atax_kernel10": {"write": {"device_start": 1586202519.4036367, "host_queued_start": 1586202602.519164, "device_queued": 1586202519.4033968, "device_end": 1586202519.4037364, "host_queued_end": 1586202602.519543}, "device": "gpu", "nd_range": {"device_start": 1586202519.4037378, "device_end": 1586202519.4038827}, "cmdq": 0, "read": {"device_start": 1586202519.4038885, "device_end": 1586202519.4038904}}}