{"atax_kernel10": {"write": {"device_start": 1586197716.5979319, "host_queued_start": 1586197799.576283, "device_queued": 1586197716.5979087, "device_end": 1586197716.5980728, "host_queued_end": 1586197799.576643}, "device": "gpu", "nd_range": {"device_start": 1586197716.5980797, "device_end": 1586197716.5981252}, "cmdq": 0, "read": {"device_start": 1586197716.5981326, "device_end": 1586197716.5981343}}}