{"atax_kernel10": {"write": {"device_start": 1586202410.0801423, "host_queued_start": 1586202493.192822, "device_queued": 1586202410.080064, "device_end": 1586202410.0802605, "host_queued_end": 1586202493.193188}, "device": "gpu", "nd_range": {"device_start": 1586202410.0802798, "device_end": 1586202410.0803611}, "cmdq": 0, "read": {"device_start": 1586202410.0803623, "device_end": 1586202410.0803642}}}