{"atax_kernel10": {"write": {"device_start": 1586202488.1324675, "host_queued_start": 1586202571.247148, "device_queued": 1586202488.1322246, "device_end": 1586202488.1325696, "host_queued_end": 1586202571.247512}, "device": "gpu", "nd_range": {"device_start": 1586202488.1325705, "device_end": 1586202488.1327136}, "cmdq": 0, "read": {"device_start": 1586202488.1327214, "device_end": 1586202488.1327233}}}