{"atax_kernel10": {"write": {"device_start": 1586202394.5366802, "host_queued_start": 1586202477.648927, "device_queued": 1586202394.536602, "device_end": 1586202394.5368032, "host_queued_end": 1586202477.649296}, "device": "gpu", "nd_range": {"device_start": 1586202394.5368118, "device_end": 1586202394.5368884}, "cmdq": 0, "read": {"device_start": 1586202394.5368965, "device_end": 1586202394.5368981}}}