{"atax_kernel10": {"write": {"device_start": 1586234184.0950108, "host_queued_start": 1586234268.120374, "device_queued": 1586234184.0947282, "device_end": 1586234184.0959647, "host_queued_end": 1586234268.120759}, "device": "gpu", "nd_range": {"device_start": 1586234184.095966, "device_end": 1586234184.0962648}, "cmdq": 0, "read": {"device_start": 1586234184.096266, "device_end": 1586234184.0962684}}}