{"atax_kernel10": {"write": {"device_start": 1586234212.786484, "host_queued_start": 1586234296.812741, "device_queued": 1586234212.7862017, "device_end": 1586234212.7874823, "host_queued_end": 1586234296.81313}, "device": "gpu", "nd_range": {"device_start": 1586234212.7874832, "device_end": 1586234212.7877839}, "cmdq": 0, "read": {"device_start": 1586234212.7877896, "device_end": 1586234212.787792}}}