{"atax_kernel10": {"write": {"device_start": 1586202441.3832836, "host_queued_start": 1586202524.496844, "device_queued": 1586202441.3832057, "device_end": 1586202441.3834023, "host_queued_end": 1586202524.497208}, "device": "gpu", "nd_range": {"device_start": 1586202441.38341, "device_end": 1586202441.383488}, "cmdq": 0, "read": {"device_start": 1586202441.3834934, "device_end": 1586202441.3834953}}}