{"atax_kernel10": {"write": {"device_start": 1586202436.1514556, "host_queued_start": 1586202519.264864, "device_queued": 1586202436.151377, "device_end": 1586202436.151568, "host_queued_end": 1586202519.26524}, "device": "gpu", "nd_range": {"device_start": 1586202436.1515765, "device_end": 1586202436.1516547}, "cmdq": 0, "read": {"device_start": 1586202436.1516604, "device_end": 1586202436.151662}}}