{"atax_kernel10": {"write": {"device_start": 1586197693.1866684, "host_queued_start": 1586197776.16433, "device_queued": 1586197693.1866446, "device_end": 1586197693.1868064, "host_queued_end": 1586197776.1647}, "device": "gpu", "nd_range": {"device_start": 1586197693.1868143, "device_end": 1586197693.1868591}, "cmdq": 0, "read": {"device_start": 1586197693.1868606, "device_end": 1586197693.1868625}}}