{"atax_kernel10": {"write": {"device_start": 1586197685.4068987, "host_queued_start": 1586197768.384305, "device_queued": 1586197685.4068758, "device_end": 1586197685.4070365, "host_queued_end": 1586197768.384673}, "device": "gpu", "nd_range": {"device_start": 1586197685.4070442, "device_end": 1586197685.407089}, "cmdq": 0, "read": {"device_start": 1586197685.4070978, "device_end": 1586197685.4070995}}}