{"atax_kernel10": {"write": {"device_start": 1586202490.7164886, "host_queued_start": 1586202573.831181, "device_queued": 1586202490.716231, "device_end": 1586202490.716589, "host_queued_end": 1586202573.831569}, "device": "gpu", "nd_range": {"device_start": 1586202490.7165902, "device_end": 1586202490.7167325}, "cmdq": 0, "read": {"device_start": 1586202490.7167404, "device_end": 1586202490.7167423}}}