{"atax_kernel10": {"write": {"device_start": 1586202524.6154687, "host_queued_start": 1586202607.731128, "device_queued": 1586202524.6152213, "device_end": 1586202524.6155708, "host_queued_end": 1586202607.731501}, "device": "gpu", "nd_range": {"device_start": 1586202524.6155717, "device_end": 1586202524.615717}, "cmdq": 0, "read": {"device_start": 1586202524.615723, "device_end": 1586202524.6157246}}}