{"atax_kernel10": {"write": {"device_start": 1586197719.2058856, "host_queued_start": 1586197802.18436, "device_queued": 1586197719.2058623, "device_end": 1586197719.2060204, "host_queued_end": 1586197802.184723}, "device": "gpu", "nd_range": {"device_start": 1586197719.2060285, "device_end": 1586197719.2060735}, "cmdq": 0, "read": {"device_start": 1586197719.2060814, "device_end": 1586197719.206083}}}