{"atax_kernel10": {"write": {"device_start": 1586202391.8846984, "host_queued_start": 1586202474.996876, "device_queued": 1586202391.8846211, "device_end": 1586202391.884793, "host_queued_end": 1586202474.997238}, "device": "gpu", "nd_range": {"device_start": 1586202391.884801, "device_end": 1586202391.8848825}, "cmdq": 0, "read": {"device_start": 1586202391.8848913, "device_end": 1586202391.884893}}}