{"fdtd_kernel10": {"write": {"device_start": 1586234807.1913943, "host_queued_start": 1586234891.2354, "device_queued": 1586234807.1913676, "device_end": 1586234807.1953118, "host_queued_end": 1586234891.235821}, "device": "gpu", "nd_range": {"device_start": 1586234807.19532, "device_end": 1586234807.1954317}, "cmdq": 0, "read": {"device_start": 1586234807.1954339, "device_end": 1586234807.1963248}}}