{"fdtd_kernel10": {"write": {"device_start": 1586198274.813181, "host_queued_start": 1586198357.808424, "device_queued": 1586198274.8131661, "device_end": 1586198274.813311, "host_queued_end": 1586198357.808803}, "device": "gpu", "nd_range": {"device_start": 1586198274.8133168, "device_end": 1586198274.8133295}, "cmdq": 0, "read": {"device_start": 1586198274.8133385, "device_end": 1586198274.8133419}}}