{"fdtd_kernel10": {"write": {"device_start": 1586203301.2512577, "host_queued_start": 1586203384.388609, "device_queued": 1586203301.251242, "device_end": 1586203301.2524934, "host_queued_end": 1586203384.389002}, "device": "gpu", "nd_range": {"device_start": 1586203301.2524977, "device_end": 1586203301.2525299}, "cmdq": 0, "read": {"device_start": 1586203301.2525382, "device_end": 1586203301.2526228}}}