{"fdtd_kernel10": {"write": {"device_start": 1586203330.074368, "host_queued_start": 1586203413.212447, "device_queued": 1586203330.0743473, "device_end": 1586203330.0755677, "host_queued_end": 1586203413.212848}, "device": "gpu", "nd_range": {"device_start": 1586203330.0755706, "device_end": 1586203330.0756035}, "cmdq": 0, "read": {"device_start": 1586203330.075609, "device_end": 1586203330.075708}}}