{"fdtd_kernel10": {"write": {"device_start": 1586198300.8564289, "host_queued_start": 1586198383.852454, "device_queued": 1586198300.8564134, "device_end": 1586198300.8565836, "host_queued_end": 1586198383.852827}, "device": "gpu", "nd_range": {"device_start": 1586198300.8565915, "device_end": 1586198300.8566048}, "cmdq": 0, "read": {"device_start": 1586198300.856613, "device_end": 1586198300.8566163}}}