{"fdtd_kernel10": {"write": {"device_start": 1586203249.1222818, "host_queued_start": 1586203332.258202, "device_queued": 1586203249.1222668, "device_end": 1586203249.1227512, "host_queued_end": 1586203332.258605}, "device": "gpu", "nd_range": {"device_start": 1586203249.1227539, "device_end": 1586203249.122765}, "cmdq": 0, "read": {"device_start": 1586203249.1227698, "device_end": 1586203249.1227925}}}