{"fdtd_kernel10": {"write": {"device_start": 1586203332.6944904, "host_queued_start": 1586203415.832649, "device_queued": 1586203332.6944737, "device_end": 1586203332.6958466, "host_queued_end": 1586203415.833062}, "device": "gpu", "nd_range": {"device_start": 1586203332.6958504, "device_end": 1586203332.6958828}, "cmdq": 0, "read": {"device_start": 1586203332.695891, "device_end": 1586203332.6959758}}}