{"fdtd_kernel10": {"write": {"device_start": 1586234775.3598647, "host_queued_start": 1586234859.403006, "device_queued": 1586234775.3598464, "device_end": 1586234775.3637424, "host_queued_end": 1586234859.403436}, "device": "gpu", "nd_range": {"device_start": 1586234775.3637502, "device_end": 1586234775.3638601}, "cmdq": 0, "read": {"device_start": 1586234775.3638675, "device_end": 1586234775.364804}}}