{"fdtd_kernel10": {"write": {"device_start": 1586234780.6323607, "host_queued_start": 1586234864.675604, "device_queued": 1586234780.632343, "device_end": 1586234780.6361687, "host_queued_end": 1586234864.676018}, "device": "gpu", "nd_range": {"device_start": 1586234780.6361768, "device_end": 1586234780.6362813}, "cmdq": 0, "read": {"device_start": 1586234780.6362827, "device_end": 1586234780.637144}}}