{"fdtd_kernel10": {"write": {"device_start": 1586203324.8145633, "host_queued_start": 1586203407.952532, "device_queued": 1586203324.8145473, "device_end": 1586203324.815853, "host_queued_end": 1586203407.952924}, "device": "gpu", "nd_range": {"device_start": 1586203324.815861, "device_end": 1586203324.8158937}, "cmdq": 0, "read": {"device_start": 1586203324.8158948, "device_end": 1586203324.8159807}}}