{"fdtd_kernel10": {"write": {"device_start": 1586198241.1104717, "host_queued_start": 1586198324.104719, "device_queued": 1586198241.1104565, "device_end": 1586198241.1106076, "host_queued_end": 1586198324.105099}, "device": "gpu", "nd_range": {"device_start": 1586198241.110617, "device_end": 1586198241.11063}, "cmdq": 0, "read": {"device_start": 1586198241.1106386, "device_end": 1586198241.1106408}}}