{"fdtd_kernel10": {"write": {"device_start": 1586203251.7421997, "host_queued_start": 1586203334.87821, "device_queued": 1586203251.742184, "device_end": 1586203251.7426605, "host_queued_end": 1586203334.878599}, "device": "gpu", "nd_range": {"device_start": 1586203251.7426693, "device_end": 1586203251.7426808}, "cmdq": 0, "read": {"device_start": 1586203251.742685, "device_end": 1586203251.7427077}}}