{"fdtd_kernel10": {"write": {"device_start": 1586198342.4356146, "host_queued_start": 1586198425.432778, "device_queued": 1586198342.4356, "device_end": 1586198342.4357884, "host_queued_end": 1586198425.43315}, "device": "gpu", "nd_range": {"device_start": 1586198342.435795, "device_end": 1586198342.4358115}, "cmdq": 0, "read": {"device_start": 1586198342.4358282, "device_end": 1586198342.4358366}}}