{"fdtd_kernel10": {"write": {"device_start": 1586198212.5709972, "host_queued_start": 1586198295.56437, "device_queued": 1586198212.570982, "device_end": 1586198212.5711575, "host_queued_end": 1586198295.564742}, "device": "gpu", "nd_range": {"device_start": 1586198212.5711663, "device_end": 1586198212.5711796}, "cmdq": 0, "read": {"device_start": 1586198212.571188, "device_end": 1586198212.57119}}}