{"fdtd_kernel10": {"write": {"device_start": 1586198215.1751943, "host_queued_start": 1586198298.168664, "device_queued": 1586198215.1751788, "device_end": 1586198215.175354, "host_queued_end": 1586198298.169038}, "device": "gpu", "nd_range": {"device_start": 1586198215.1753616, "device_end": 1586198215.1753743}, "cmdq": 0, "read": {"device_start": 1586198215.175383, "device_end": 1586198215.1753852}}}