{"fdtd_kernel10": {"write": {"device_start": 1586198267.0364912, "host_queued_start": 1586198350.031471, "device_queued": 1586198267.0364332, "device_end": 1586198267.0366204, "host_queued_end": 1586198350.031847}, "device": "gpu", "nd_range": {"device_start": 1586198267.0366263, "device_end": 1586198267.03664}, "cmdq": 0, "read": {"device_start": 1586198267.0366488, "device_end": 1586198267.036652}}}