{"std_kernel0": {"write": {"device_start": 1586201224.1829538, "host_queued_start": 1586201307.260983, "device_queued": 1586201224.182938, "device_end": 1586201224.183066, "host_queued_end": 1586201307.261341}, "device": "gpu", "nd_range": {"device_start": 1586201224.1830788, "device_end": 1586201224.1831074}, "cmdq": 0, "read": {"device_start": 1586201224.1831136, "device_end": 1586201224.1831222}}}