{"std_kernel0": {"write": {"device_start": 1586201278.8771603, "host_queued_start": 1586201361.95667, "device_queued": 1586201278.8771453, "device_end": 1586201278.8772955, "host_queued_end": 1586201361.957026}, "device": "gpu", "nd_range": {"device_start": 1586201278.8772984, "device_end": 1586201278.877349}, "cmdq": 0, "read": {"device_start": 1586201278.8773549, "device_end": 1586201278.8773565}}}