{"std_kernel0": {"write": {"device_start": 1586201258.089669, "host_queued_start": 1586201341.168626, "device_queued": 1586201258.089654, "device_end": 1586201258.0898073, "host_queued_end": 1586201341.168978}, "device": "gpu", "nd_range": {"device_start": 1586201258.0898101, "device_end": 1586201258.0898523}, "cmdq": 0, "read": {"device_start": 1586201258.0898578, "device_end": 1586201258.0898597}}}