{"std_kernel0": {"write": {"device_start": 1586201284.0450048, "host_queued_start": 1586201367.124693, "device_queued": 1586201284.0449898, "device_end": 1586201284.0451422, "host_queued_end": 1586201367.125038}, "device": "gpu", "nd_range": {"device_start": 1586201284.0451453, "device_end": 1586201284.0451875}, "cmdq": 0, "read": {"device_start": 1586201284.045192, "device_end": 1586201284.045194}}}