{"std_kernel0": {"write": {"device_start": 1586206041.3896859, "host_queued_start": 1586206124.603582, "device_queued": 1586206041.3896706, "device_end": 1586206041.3901284, "host_queued_end": 1586206124.603949}, "device": "gpu", "nd_range": {"device_start": 1586206041.3901336, "device_end": 1586206041.3902614}, "cmdq": 0, "read": {"device_start": 1586206041.3902643, "device_end": 1586206041.390266}}}