{"std_kernel0": {"write": {"device_start": 1586205940.1741347, "host_queued_start": 1586206023.385252, "device_queued": 1586205940.1741195, "device_end": 1586205940.1743438, "host_queued_end": 1586206023.385605}, "device": "gpu", "nd_range": {"device_start": 1586205940.1743486, "device_end": 1586205940.1744194}, "cmdq": 0, "read": {"device_start": 1586205940.174425, "device_end": 1586205940.174427}}}