{"std_kernel0": {"write": {"device_start": 1586201281.4500163, "host_queued_start": 1586201364.529577, "device_queued": 1586201281.4500015, "device_end": 1586201281.4501526, "host_queued_end": 1586201364.529965}, "device": "gpu", "nd_range": {"device_start": 1586201281.4501567, "device_end": 1586201281.4501982}, "cmdq": 0, "read": {"device_start": 1586201281.450203, "device_end": 1586201281.4502048}}}