{"std_kernel0": {"write": {"device_start": 1586201229.4584415, "host_queued_start": 1586201312.536591, "device_queued": 1586201229.458427, "device_end": 1586201229.4585495, "host_queued_end": 1586201312.536944}, "device": "gpu", "nd_range": {"device_start": 1586201229.4585614, "device_end": 1586201229.4585884}, "cmdq": 0, "read": {"device_start": 1586201229.458599, "device_end": 1586201229.458601}}}