{"std_kernel0": {"write": {"device_start": 1586205968.6974165, "host_queued_start": 1586206051.909315, "device_queued": 1586205968.697401, "device_end": 1586205968.6976357, "host_queued_end": 1586206051.90966}, "device": "gpu", "nd_range": {"device_start": 1586205968.6976447, "device_end": 1586205968.6977108}, "cmdq": 0, "read": {"device_start": 1586205968.6977177, "device_end": 1586205968.6977193}}}