{"std_kernel0": {"write": {"device_start": 1586201250.2899165, "host_queued_start": 1586201333.368688, "device_queued": 1586201250.2899013, "device_end": 1586201250.2900372, "host_queued_end": 1586201333.36903}, "device": "gpu", "nd_range": {"device_start": 1586201250.2900393, "device_end": 1586201250.2900817}, "cmdq": 0, "read": {"device_start": 1586201250.2900867, "device_end": 1586201250.2900887}}}