{"std_kernel0": {"write": {"device_start": 1586205960.9415457, "host_queued_start": 1586206044.153243, "device_queued": 1586205960.9415302, "device_end": 1586205960.9417548, "host_queued_end": 1586206044.153584}, "device": "gpu", "nd_range": {"device_start": 1586205960.941764, "device_end": 1586205960.941836}, "cmdq": 0, "read": {"device_start": 1586205960.9418392, "device_end": 1586205960.941841}}}