{"std_kernel0": {"write": {"device_start": 1586201234.6582932, "host_queued_start": 1586201317.736593, "device_queued": 1586201234.6582782, "device_end": 1586201234.6584241, "host_queued_end": 1586201317.736942}, "device": "gpu", "nd_range": {"device_start": 1586201234.6584363, "device_end": 1586201234.6584628}, "cmdq": 0, "read": {"device_start": 1586201234.6584735, "device_end": 1586201234.6584754}}}