{"std_kernel0": {"write": {"device_start": 1586205963.5296211, "host_queued_start": 1586206046.741368, "device_queued": 1586205963.5296068, "device_end": 1586205963.5298119, "host_queued_end": 1586206046.741724}, "device": "gpu", "nd_range": {"device_start": 1586205963.5298173, "device_end": 1586205963.529884}, "cmdq": 0, "read": {"device_start": 1586205963.5298877, "device_end": 1586205963.5298893}}}