{"MatVecMulCoalesced20": {"write": {"device_start": 1586201981.398407, "host_queued_start": 1586202064.498811, "device_queued": 1586201981.398316, "device_end": 1586201981.3986175, "host_queued_end": 1586202064.499156}, "device": "gpu", "nd_range": {"device_start": 1586201981.3986247, "device_end": 1586201981.3988447}, "cmdq": 0, "read": {"device_start": 1586201981.3988535, "device_end": 1586201981.3988552}}}