{"MatVecMulCoalesced20": {"write": {"device_start": 1586201976.158125, "host_queued_start": 1586202059.258253, "device_queued": 1586201976.158047, "device_end": 1586201976.158287, "host_queued_end": 1586202059.258671}, "device": "gpu", "nd_range": {"device_start": 1586201976.1583257, "device_end": 1586201976.1585548}, "cmdq": 0, "read": {"device_start": 1586201976.1585646, "device_end": 1586201976.1585665}}}