{"MatVecMulCoalesced20": {"write": {"device_start": 1586233937.7958577, "host_queued_start": 1586234021.813607, "device_queued": 1586233937.7955523, "device_end": 1586233937.7980342, "host_queued_end": 1586234021.813981}, "device": "gpu", "nd_range": {"device_start": 1586233937.798042, "device_end": 1586233937.7992926}, "cmdq": 0, "read": {"device_start": 1586233937.7992947, "device_end": 1586233937.799297}}}