{"MatVecMulCoalesced20": {"write": {"device_start": 1586233877.1422668, "host_queued_start": 1586233961.158131, "device_queued": 1586233877.1419673, "device_end": 1586233877.1444833, "host_queued_end": 1586233961.158503}, "device": "gpu", "nd_range": {"device_start": 1586233877.1444883, "device_end": 1586233877.1450374}, "cmdq": 0, "read": {"device_start": 1586233877.1450448, "device_end": 1586233877.1450472}}}