{"MatVecMulCoalesced20": {"write": {"device_start": 1586233900.98806, "host_queued_start": 1586233985.00292, "device_queued": 1586233900.987222, "device_end": 1586233900.9908652, "host_queued_end": 1586233985.003957}, "device": "gpu", "nd_range": {"device_start": 1586233900.9909177, "device_end": 1586233900.9916873}, "cmdq": 0, "read": {"device_start": 1586233900.9916916, "device_end": 1586233900.991694}}}