{"MatVecMulCoalesced20": {"write": {"device_start": 1586197416.7902174, "host_queued_start": 1586197499.759327, "device_queued": 1586197416.7901921, "device_end": 1586197416.7902486, "host_queued_end": 1586197499.75967}, "device": "gpu", "nd_range": {"device_start": 1586197416.7903476, "device_end": 1586197416.7904572}, "cmdq": 0, "read": {"device_start": 1586197416.7904644, "device_end": 1586197416.790466}}}