{"MatVecMulCoalesced20": {"write": {"device_start": 1586197414.2203243, "host_queued_start": 1586197497.189343, "device_queued": 1586197414.2202988, "device_end": 1586197414.2203536, "host_queued_end": 1586197497.189694}, "device": "gpu", "nd_range": {"device_start": 1586197414.220477, "device_end": 1586197414.2205863}, "cmdq": 0, "read": {"device_start": 1586197414.220589, "device_end": 1586197414.2205906}}}