{"MatVecMulCoalesced20": {"write": {"device_start": 1586233885.1178975, "host_queued_start": 1586233969.133956, "device_queued": 1586233885.11761, "device_end": 1586233885.1200752, "host_queued_end": 1586233969.134357}, "device": "gpu", "nd_range": {"device_start": 1586233885.1200824, "device_end": 1586233885.120635}, "cmdq": 0, "read": {"device_start": 1586233885.1206388, "device_end": 1586233885.1206412}}}