{"MatVecMulCoalesced20": {"write": {"device_start": 1586202005.0062773, "host_queued_start": 1586202088.107375, "device_queued": 1586202005.0062003, "device_end": 1586202005.0065055, "host_queued_end": 1586202088.107742}, "device": "gpu", "nd_range": {"device_start": 1586202005.0065086, "device_end": 1586202005.0069256}, "cmdq": 0, "read": {"device_start": 1586202005.006934, "device_end": 1586202005.0069356}}}