{"MatVecMulCoalesced20": {"write": {"device_start": 1586202007.613917, "host_queued_start": 1586202090.715113, "device_queued": 1586202007.61385, "device_end": 1586202007.6140597, "host_queued_end": 1586202090.715465}, "device": "gpu", "nd_range": {"device_start": 1586202007.6140826, "device_end": 1586202007.614505}, "cmdq": 0, "read": {"device_start": 1586202007.614508, "device_end": 1586202007.6145096}}}