{"MatVecMulCoalesced20": {"write": {"device_start": 1586201952.631901, "host_queued_start": 1586202035.731393, "device_queued": 1586201952.6318173, "device_end": 1586201952.632084, "host_queued_end": 1586202035.731781}, "device": "gpu", "nd_range": {"device_start": 1586201952.6321094, "device_end": 1586201952.6322482}, "cmdq": 0, "read": {"device_start": 1586201952.6322563, "device_end": 1586201952.6322582}}}