{"MatVecMulCoalesced20": {"write": {"device_start": 1586233906.232643, "host_queued_start": 1586233990.249414, "device_queued": 1586233906.2323601, "device_end": 1586233906.2347672, "host_queued_end": 1586233990.249805}, "device": "gpu", "nd_range": {"device_start": 1586233906.2347708, "device_end": 1586233906.2355392}, "cmdq": 0, "read": {"device_start": 1586233906.235541, "device_end": 1586233906.2355435}}}