{"naive_copy0": {"write": {"device_start": 1586200493.3722885, "host_queued_start": 1586200576.430052, "device_queued": 1586200493.3722646, "device_end": 1586200493.372297, "host_queued_end": 1586200576.430389}, "device": "gpu", "nd_range": {"device_start": 1586200493.3723032, "device_end": 1586200493.3723214}, "cmdq": 0, "read": {"device_start": 1586200493.3723278, "device_end": 1586200493.3723423}}}