{"naive_copy0": {"write": {"device_start": 1586236181.6046724, "host_queued_start": 1586236265.688871, "device_queued": 1586236181.6043863, "device_end": 1586236181.6056771, "host_queued_end": 1586236265.689235}, "device": "gpu", "nd_range": {"device_start": 1586236181.605686, "device_end": 1586236181.6059012}, "cmdq": 0, "read": {"device_start": 1586236181.6059062, "device_end": 1586236181.6071196}}}