{"naive_copy0": {"write": {"device_start": 1586205240.081711, "host_queued_start": 1586205323.273158, "device_queued": 1586205240.081633, "device_end": 1586205240.081734, "host_queued_end": 1586205323.273492}, "device": "gpu", "nd_range": {"device_start": 1586205240.0817404, "device_end": 1586205240.0817616}, "cmdq": 0, "read": {"device_start": 1586205240.0817683, "device_end": 1586205240.0817912}}}