{"naive_copy0": {"write": {"device_start": 1586200444.0120826, "host_queued_start": 1586200527.068548, "device_queued": 1586200444.012064, "device_end": 1586200444.0120854, "host_queued_end": 1586200527.068876}, "device": "gpu", "nd_range": {"device_start": 1586200444.012097, "device_end": 1586200444.0121124}, "cmdq": 0, "read": {"device_start": 1586200444.0121207, "device_end": 1586200444.0121238}}}