{"naive_copy0": {"write": {"device_start": 1586200358.1785223, "host_queued_start": 1586200441.232469, "device_queued": 1586200358.1785064, "device_end": 1586200358.1785238, "host_queued_end": 1586200441.232809}, "device": "gpu", "nd_range": {"device_start": 1586200358.1785376, "device_end": 1586200358.178551}, "cmdq": 0, "read": {"device_start": 1586200358.1785605, "device_end": 1586200358.1785626}}}