{"naive_copy0": {"write": {"device_start": 1586205263.4155352, "host_queued_start": 1586205346.607479, "device_queued": 1586205263.415292, "device_end": 1586205263.4156325, "host_queued_end": 1586205346.607826}, "device": "gpu", "nd_range": {"device_start": 1586205263.4156384, "device_end": 1586205263.4156952}, "cmdq": 0, "read": {"device_start": 1586205263.4157033, "device_end": 1586205263.4157887}}}