{"naive_copy0": {"write": {"device_start": 1586200436.1961603, "host_queued_start": 1586200519.25238, "device_queued": 1586200436.1961422, "device_end": 1586200436.196163, "host_queued_end": 1586200519.252712}, "device": "gpu", "nd_range": {"device_start": 1586200436.1961768, "device_end": 1586200436.1961915}, "cmdq": 0, "read": {"device_start": 1586200436.196199, "device_end": 1586200436.1962023}}}