{"naive_copy0": {"write": {"device_start": 1586200368.558129, "host_queued_start": 1586200451.612391, "device_queued": 1586200368.558113, "device_end": 1586200368.5581303, "host_queued_end": 1586200451.612729}, "device": "gpu", "nd_range": {"device_start": 1586200368.558142, "device_end": 1586200368.5581548}, "cmdq": 0, "read": {"device_start": 1586200368.5581625, "device_end": 1586200368.5581646}}}