{"naive_copy0": {"write": {"device_start": 1586236178.966242, "host_queued_start": 1586236263.050341, "device_queued": 1586236178.9659626, "device_end": 1586236178.9671907, "host_queued_end": 1586236263.050739}, "device": "gpu", "nd_range": {"device_start": 1586236178.967193, "device_end": 1586236178.9674077}, "cmdq": 0, "read": {"device_start": 1586236178.9674115, "device_end": 1586236178.9686117}}}