{"naive_copy0": {"write": {"device_start": 1586200446.585142, "host_queued_start": 1586200529.641657, "device_queued": 1586200446.5851247, "device_end": 1586200446.5851448, "host_queued_end": 1586200529.641992}, "device": "gpu", "nd_range": {"device_start": 1586200446.5851552, "device_end": 1586200446.5851698}, "cmdq": 0, "read": {"device_start": 1586200446.585177, "device_end": 1586200446.58518}}}