{"atax_kernel20": {"write": {"device_start": 1586197828.6344423, "host_queued_start": 1586197911.616273, "device_queued": 1586197828.6344192, "device_end": 1586197828.634582, "host_queued_end": 1586197911.61664}, "device": "gpu", "nd_range": {"device_start": 1586197828.6345901, "device_end": 1586197828.6346338}, "cmdq": 0, "read": {"device_start": 1586197828.634636, "device_end": 1586197828.6346376}}}