{"atax_kernel20": {"write": {"device_start": 1586197797.4473524, "host_queued_start": 1586197880.428236, "device_queued": 1586197797.4473345, "device_end": 1586197797.4474854, "host_queued_end": 1586197880.428598}, "device": "gpu", "nd_range": {"device_start": 1586197797.4474938, "device_end": 1586197797.4475217}, "cmdq": 0, "read": {"device_start": 1586197797.4475298, "device_end": 1586197797.4475317}}}