{"atax_kernel20": {"write": {"device_start": 1586202741.157423, "host_queued_start": 1586202824.279162, "device_queued": 1586202741.1571693, "device_end": 1586202741.157528, "host_queued_end": 1586202824.279534}, "device": "gpu", "nd_range": {"device_start": 1586202741.1575289, "device_end": 1586202741.1576684}, "cmdq": 0, "read": {"device_start": 1586202741.1576717, "device_end": 1586202741.1576736}}}