{"atax_kernel20": {"write": {"device_start": 1586202652.4892957, "host_queued_start": 1586202735.60883, "device_queued": 1586202652.4892185, "device_end": 1586202652.489405, "host_queued_end": 1586202735.609194}, "device": "gpu", "nd_range": {"device_start": 1586202652.4894133, "device_end": 1586202652.4894915}, "cmdq": 0, "read": {"device_start": 1586202652.4894974, "device_end": 1586202652.4894993}}}