{"atax_kernel20": {"write": {"device_start": 1586202715.0020812, "host_queued_start": 1586202798.123147, "device_queued": 1586202715.0018618, "device_end": 1586202715.002188, "host_queued_end": 1586202798.123528}, "device": "gpu", "nd_range": {"device_start": 1586202715.0021892, "device_end": 1586202715.0023267}, "cmdq": 0, "read": {"device_start": 1586202715.002335, "device_end": 1586202715.002337}}}