{"atax_kernel20": {"write": {"device_start": 1586202686.3507955, "host_queued_start": 1586202769.471066, "device_queued": 1586202686.3505583, "device_end": 1586202686.3509037, "host_queued_end": 1586202769.471441}, "device": "gpu", "nd_range": {"device_start": 1586202686.3509047, "device_end": 1586202686.351037}, "cmdq": 0, "read": {"device_start": 1586202686.3510394, "device_end": 1586202686.351041}}}