{"atax_kernel20": {"write": {"device_start": 1586202636.8218336, "host_queued_start": 1586202719.940881, "device_queued": 1586202636.8217556, "device_end": 1586202636.8219447, "host_queued_end": 1586202719.941256}, "device": "gpu", "nd_range": {"device_start": 1586202636.8219528, "device_end": 1586202636.8220308}, "cmdq": 0, "read": {"device_start": 1586202636.8220344, "device_end": 1586202636.822036}}}