{"atax_kernel20": {"write": {"device_start": 1586234351.4942636, "host_queued_start": 1586234435.524614, "device_queued": 1586234351.4939604, "device_end": 1586234351.4952424, "host_queued_end": 1586234435.525009}, "device": "gpu", "nd_range": {"device_start": 1586234351.4952433, "device_end": 1586234351.495688}, "cmdq": 0, "read": {"device_start": 1586234351.4956899, "device_end": 1586234351.495692}}}