{"atax_kernel20": {"write": {"device_start": 1586202655.1213126, "host_queued_start": 1586202738.240886, "device_queued": 1586202655.1212296, "device_end": 1586202655.121452, "host_queued_end": 1586202738.241249}, "device": "gpu", "nd_range": {"device_start": 1586202655.1214604, "device_end": 1586202655.1215384}, "cmdq": 0, "read": {"device_start": 1586202655.121543, "device_end": 1586202655.1215448}}}