{"atax_kernel20": {"write": {"device_start": 1586234375.0707178, "host_queued_start": 1586234459.101787, "device_queued": 1586234375.070399, "device_end": 1586234375.0716534, "host_queued_end": 1586234459.102177}, "device": "gpu", "nd_range": {"device_start": 1586234375.0716548, "device_end": 1586234375.0721245}, "cmdq": 0, "read": {"device_start": 1586234375.072133, "device_end": 1586234375.0721352}}}