{"atax_kernel20": {"write": {"device_start": 1586202603.00276, "host_queued_start": 1586202686.120838, "device_queued": 1586202603.002686, "device_end": 1586202603.002872, "host_queued_end": 1586202686.121209}, "device": "gpu", "nd_range": {"device_start": 1586202603.0028803, "device_end": 1586202603.0029564}, "cmdq": 0, "read": {"device_start": 1586202603.0029638, "device_end": 1586202603.0029657}}}