{"atax_kernel20": {"write": {"device_start": 1586234343.6304922, "host_queued_start": 1586234427.660662, "device_queued": 1586234343.6302083, "device_end": 1586234343.631502, "host_queued_end": 1586234427.661047}, "device": "gpu", "nd_range": {"device_start": 1586234343.631503, "device_end": 1586234343.6319482}, "cmdq": 0, "read": {"device_start": 1586234343.6319568, "device_end": 1586234343.6319592}}}