{"atax_kernel20": {"write": {"device_start": 1586234377.6814415, "host_queued_start": 1586234461.712631, "device_queued": 1586234377.6811633, "device_end": 1586234377.6824045, "host_queued_end": 1586234461.713011}, "device": "gpu", "nd_range": {"device_start": 1586234377.6824057, "device_end": 1586234377.6828532}, "cmdq": 0, "read": {"device_start": 1586234377.6828618, "device_end": 1586234377.6828642}}}