{"atax_kernel20": {"write": {"device_start": 1586234398.6208172, "host_queued_start": 1586234482.652609, "device_queued": 1586234398.6205232, "device_end": 1586234398.6218033, "host_queued_end": 1586234482.65299}, "device": "gpu", "nd_range": {"device_start": 1586234398.6218045, "device_end": 1586234398.6222885}, "cmdq": 0, "read": {"device_start": 1586234398.6222908, "device_end": 1586234398.6222932}}}