{"atax_kernel20": {"write": {"device_start": 1586202657.7292378, "host_queued_start": 1586202740.848881, "device_queued": 1586202657.7291558, "device_end": 1586202657.7293236, "host_queued_end": 1586202740.849241}, "device": "gpu", "nd_range": {"device_start": 1586202657.7293315, "device_end": 1586202657.7294097}, "cmdq": 0, "read": {"device_start": 1586202657.729413, "device_end": 1586202657.7294147}}}