{"FFC_sans_bias4": {"write": {"device_start": -1, "host_queued_start": 1585619320.274881, "device_queued": -1, "device_end": -1, "host_queued_end": 1585619320.276559}, "device": "gpu", "nd_range": {"device_start": 1585619253.948242, "device_end": 1585619253.9488466}, "cmdq": 2, "read": {"device_start": -1, "device_end": -1}}, "coalesced_transpose3": {"write": {"device_start": -1, "host_queued_start": 1585619320.274532, "device_queued": -1, "device_end": -1, "host_queued_end": 1585619320.276559}, "device": "gpu", "nd_range": {"device_start": 1585619253.9476573, "device_end": 1585619253.9480608}, "cmdq": 1, "read": {"device_start": -1, "device_end": -1}}, "FFC_sans_bias6": {"write": {"device_start": -1, "host_queued_start": 1585619320.275435, "device_queued": -1, "device_end": -1, "host_queued_end": 1585619320.276559}, "device": "gpu", "nd_range": {"device_start": 1585619253.9490461, "device_end": 1585619253.9496424}, "cmdq": 1, "read": {"device_start": -1, "device_end": -1}}, "FFC_sans_bias1": {"write": {"device_start": 1585619253.9466608, "host_queued_start": 1585619320.273127, "device_queued": 1585619253.9464824, "device_end": 1585619253.9466863, "host_queued_end": 1585619320.276559}, "device": "gpu", "nd_range": {"device_start": 1585619253.946689, "device_end": 1585619253.9476545}, "cmdq": 2, "read": {"device_start": -1, "device_end": -1}}, "FFC_sans_bias0": {"write": {"device_start": 1585619253.9465837, "host_queued_start": 1585619320.272045, "device_queued": 1585619253.9464545, "device_end": 1585619253.9466348, "host_queued_end": 1585619320.276559}, "device": "gpu", "nd_range": {"device_start": 1585619253.946644, "device_end": 1585619253.9472508}, "cmdq": 1, "read": {"device_start": -1, "device_end": -1}}, "FFC_sans_bias2": {"write": {"device_start": 1585619253.9467897, "host_queued_start": 1585619320.274208, "device_queued": 1585619253.9466927, "device_end": 1585619253.94682, "host_queued_end": 1585619320.276559}, "device": "gpu", "nd_range": {"device_start": 1585619253.946824, "device_end": 1585619253.9482374}, "cmdq": 0, "read": {"device_start": -1, "device_end": -1}}, "softmax5": {"write": {"device_start": -1, "host_queued_start": 1585619320.275127, "device_queued": -1, "device_end": -1, "host_queued_end": 1585619320.276559}, "device": "gpu", "nd_range": {"device_start": 1585619253.9488506, "device_end": 1585619253.9490416}, "cmdq": 0, "read": {"device_start": -1, "device_end": -1}}, "FFC_sans_bias7": {"write": {"device_start": 1585619253.9489617, "host_queued_start": 1585619320.276451, "device_queued": 1585619253.9469, "device_end": 1585619253.9489918, "host_queued_end": 1585619320.276559}, "device": "gpu", "nd_range": {"device_start": 1585619253.9496462, "device_end": 1585619253.9502342}, "cmdq": 2, "read": {"device_start": 1585619253.9502385, "device_end": 1585619253.9502614}}, "empty8": {"write": {"device_start": 1585619253.946471, "host_queued_start": 1585619320.27084, "device_queued": 1585619253.9463544, "device_end": 1585619253.9465144, "host_queued_end": 1585619320.276559}, "device": "gpu", "nd_range": {"device_start": 1585619253.9465232, "device_end": 1585619253.946529}, "cmdq": 0, "read": {"device_start": -1, "device_end": -1}}}