{"FFC_sans_bias4": {"write": {"device_start": -1, "host_queued_start": 1585619272.886817, "device_queued": -1, "device_end": -1, "host_queued_end": 1585619272.888522}, "device": "gpu", "nd_range": {"device_start": 1585619206.562049, "device_end": 1585619206.5626466}, "cmdq": 0, "read": {"device_start": -1, "device_end": -1}}, "coalesced_transpose3": {"write": {"device_start": -1, "host_queued_start": 1585619272.886443, "device_queued": -1, "device_end": -1, "host_queued_end": 1585619272.888522}, "device": "gpu", "nd_range": {"device_start": 1585619206.562041, "device_end": 1585619206.562048}, "cmdq": 0, "read": {"device_start": -1, "device_end": -1}}, "FFC_sans_bias6": {"write": {"device_start": -1, "host_queued_start": 1585619272.887389, "device_queued": -1, "device_end": -1, "host_queued_end": 1585619272.888522}, "device": "gpu", "nd_range": {"device_start": 1585619206.562849, "device_end": 1585619206.5634441}, "cmdq": 0, "read": {"device_start": -1, "device_end": -1}}, "FFC_sans_bias1": {"write": {"device_start": 1585619206.560691, "host_queued_start": 1585619272.885067, "device_queued": 1585619206.5598936, "device_end": 1585619206.5607204, "host_queued_end": 1585619272.888522}, "device": "gpu", "nd_range": {"device_start": 1585619206.5607266, "device_end": 1585619206.561318}, "cmdq": 0, "read": {"device_start": -1, "device_end": -1}}, "FFC_sans_bias0": {"write": {"device_start": 1585619206.5599782, "host_queued_start": 1585619272.88401, "device_queued": 1585619206.5598478, "device_end": 1585619206.5600064, "host_queued_end": 1585619272.888522}, "device": "gpu", "nd_range": {"device_start": 1585619206.5600107, "device_end": 1585619206.5605965}, "cmdq": 0, "read": {"device_start": -1, "device_end": -1}}, "FFC_sans_bias2": {"write": {"device_start": 1585619206.56141, "host_queued_start": 1585619272.886119, "device_queued": 1585619206.5601127, "device_end": 1585619206.561438, "host_queued_end": 1585619272.888522}, "device": "gpu", "nd_range": {"device_start": 1585619206.5614445, "device_end": 1585619206.5620399}, "cmdq": 0, "read": {"device_start": -1, "device_end": -1}}, "softmax5": {"write": {"device_start": -1, "host_queued_start": 1585619272.887076, "device_queued": -1, "device_end": -1, "host_queued_end": 1585619272.888522}, "device": "gpu", "nd_range": {"device_start": 1585619206.5626476, "device_end": 1585619206.5628479}, "cmdq": 0, "read": {"device_start": -1, "device_end": -1}}, "FFC_sans_bias7": {"write": {"device_start": 1585619206.563518, "host_queued_start": 1585619272.88841, "device_queued": 1585619206.560328, "device_end": 1585619206.5635407, "host_queued_end": 1585619272.888522}, "device": "gpu", "nd_range": {"device_start": 1585619206.5635493, "device_end": 1585619206.5641432}, "cmdq": 0, "read": {"device_start": 1585619206.564145, "device_end": 1585619206.5641682}}, "empty8": {"write": {"device_start": 1585619206.5598733, "host_queued_start": 1585619272.882798, "device_queued": 1585619206.559752, "device_end": 1585619206.5598986, "host_queued_end": 1585619272.888522}, "device": "gpu", "nd_range": {"device_start": 1585619206.5599053, "device_end": 1585619206.5599098}, "cmdq": 0, "read": {"device_start": -1, "device_end": -1}}}