{"FFC_sans_bias4": {"write": {"device_start": -1, "host_queued_start": 1585619336.009688, "device_queued": -1, "device_end": -1, "host_queued_end": 1585619336.011626}, "device": "gpu", "nd_range": {"device_start": 1585619269.6834273, "device_end": 1585619269.6840231}, "cmdq": 1, "read": {"device_start": -1, "device_end": -1}}, "coalesced_transpose3": {"write": {"device_start": -1, "host_queued_start": 1585619336.009322, "device_queued": -1, "device_end": -1, "host_queued_end": 1585619336.011626}, "device": "gpu", "nd_range": {"device_start": 1585619269.6827443, "device_end": 1585619269.683239}, "cmdq": 0, "read": {"device_start": -1, "device_end": -1}}, "FFC_sans_bias6": {"write": {"device_start": -1, "host_queued_start": 1585619336.010302, "device_queued": -1, "device_end": -1, "host_queued_end": 1585619336.011626}, "device": "gpu", "nd_range": {"device_start": 1585619269.6843178, "device_end": 1585619269.6849124}, "cmdq": 3, "read": {"device_start": -1, "device_end": -1}}, "FFC_sans_bias1": {"write": {"device_start": 1585619269.681493, "host_queued_start": 1585619336.007688, "device_queued": 1585619269.6813543, "device_end": 1585619269.681572, "host_queued_end": 1585619336.011626}, "device": "gpu", "nd_range": {"device_start": 1585619269.6817312, "device_end": 1585619269.6827414}, "cmdq": 2, "read": {"device_start": -1, "device_end": -1}}, "FFC_sans_bias0": {"write": {"device_start": 1585619269.6814063, "host_queued_start": 1585619336.006397, "device_queued": 1585619269.681306, "device_end": 1585619269.6814804, "host_queued_end": 1585619336.011626}, "device": "gpu", "nd_range": {"device_start": 1585619269.6817265, "device_end": 1585619269.6823387}, "cmdq": 1, "read": {"device_start": -1, "device_end": -1}}, "FFC_sans_bias2": {"write": {"device_start": 1585619269.6815813, "host_queued_start": 1585619336.008909, "device_queued": 1585619269.6813924, "device_end": 1585619269.6816194, "host_queued_end": 1585619336.011626}, "device": "gpu", "nd_range": {"device_start": 1585619269.6817353, "device_end": 1585619269.6834226}, "cmdq": 3, "read": {"device_start": -1, "device_end": -1}}, "softmax5": {"write": {"device_start": -1, "host_queued_start": 1585619336.009955, "device_queued": -1, "device_end": -1, "host_queued_end": 1585619336.011626}, "device": "gpu", "nd_range": {"device_start": 1585619269.6840296, "device_end": 1585619269.6843135}, "cmdq": 2, "read": {"device_start": -1, "device_end": -1}}, "FFC_sans_bias7": {"write": {"device_start": 1585619269.6833081, "host_queued_start": 1585619336.011493, "device_queued": 1585619269.6818745, "device_end": 1585619269.683333, "host_queued_end": 1585619336.011626}, "device": "gpu", "nd_range": {"device_start": 1585619269.6849153, "device_end": 1585619269.685603}, "cmdq": 0, "read": {"device_start": 1585619269.6856072, "device_end": 1585619269.68563}}, "empty8": {"write": {"device_start": 1585619269.6813068, "host_queued_start": 1585619336.004758, "device_queued": 1585619269.6811566, "device_end": 1585619269.6813786, "host_queued_end": 1585619336.011626}, "device": "gpu", "nd_range": {"device_start": 1585619269.6814296, "device_end": 1585619269.6814623}, "cmdq": 0, "read": {"device_start": -1, "device_end": -1}}}