{"FFC_sans_bias4": {"write": {"device_start": -1, "host_queued_start": 1585619267.610919, "device_queued": -1, "device_end": -1, "host_queued_end": 1585619267.612615}, "device": "gpu", "nd_range": {"device_start": 1585619201.2862763, "device_end": 1585619201.28687}, "cmdq": 0, "read": {"device_start": -1, "device_end": -1}}, "coalesced_transpose3": {"write": {"device_start": -1, "host_queued_start": 1585619267.610592, "device_queued": -1, "device_end": -1, "host_queued_end": 1585619267.612615}, "device": "gpu", "nd_range": {"device_start": 1585619201.2862685, "device_end": 1585619201.2862754}, "cmdq": 0, "read": {"device_start": -1, "device_end": -1}}, "FFC_sans_bias6": {"write": {"device_start": -1, "host_queued_start": 1585619267.611483, "device_queued": -1, "device_end": -1, "host_queued_end": 1585619267.612615}, "device": "gpu", "nd_range": {"device_start": 1585619201.2870746, "device_end": 1585619201.2876678}, "cmdq": 0, "read": {"device_start": -1, "device_end": -1}}, "FFC_sans_bias1": {"write": {"device_start": 1585619201.2849867, "host_queued_start": 1585619267.609176, "device_queued": 1585619201.2841144, "device_end": 1585619201.2850153, "host_queued_end": 1585619267.612615}, "device": "gpu", "nd_range": {"device_start": 1585619201.2850254, "device_end": 1585619201.2856216}, "cmdq": 0, "read": {"device_start": -1, "device_end": -1}}, "FFC_sans_bias0": {"write": {"device_start": 1585619201.2842433, "host_queued_start": 1585619267.608115, "device_queued": 1585619201.2840707, "device_end": 1585619201.284272, "host_queued_end": 1585619267.612615}, "device": "gpu", "nd_range": {"device_start": 1585619201.2842808, "device_end": 1585619201.2848713}, "cmdq": 0, "read": {"device_start": -1, "device_end": -1}}, "FFC_sans_bias2": {"write": {"device_start": 1585619201.2857285, "host_queued_start": 1585619267.610254, "device_queued": 1585619201.2843623, "device_end": 1585619201.2857566, "host_queued_end": 1585619267.612615}, "device": "gpu", "nd_range": {"device_start": 1585619201.2857625, "device_end": 1585619201.2862675}, "cmdq": 0, "read": {"device_start": -1, "device_end": -1}}, "softmax5": {"write": {"device_start": -1, "host_queued_start": 1585619267.611173, "device_queued": -1, "device_end": -1, "host_queued_end": 1585619267.612615}, "device": "gpu", "nd_range": {"device_start": 1585619201.286872, "device_end": 1585619201.2870736}, "cmdq": 0, "read": {"device_start": -1, "device_end": -1}}, "FFC_sans_bias7": {"write": {"device_start": 1585619201.2877772, "host_queued_start": 1585619267.612507, "device_queued": 1585619201.284542, "device_end": 1585619201.287807, "host_queued_end": 1585619267.612615}, "device": "gpu", "nd_range": {"device_start": 1585619201.2878125, "device_end": 1585619201.2884061}, "cmdq": 0, "read": {"device_start": 1585619201.28841, "device_end": 1585619201.288433}}, "empty8": {"write": {"device_start": 1585619201.2840898, "host_queued_start": 1585619267.606901, "device_queued": 1585619201.2839768, "device_end": 1585619201.284115, "host_queued_end": 1585619267.612615}, "device": "gpu", "nd_range": {"device_start": 1585619201.2841184, "device_end": 1585619201.2841275}, "cmdq": 0, "read": {"device_start": -1, "device_end": -1}}}