{"FFC_sans_bias4": {"write": {"device_start": -1, "host_queued_start": 1585619309.758777, "device_queued": -1, "device_end": -1, "host_queued_end": 1585619309.760458}, "device": "gpu", "nd_range": {"device_start": 1585619243.4324036, "device_end": 1585619243.4330034}, "cmdq": 2, "read": {"device_start": -1, "device_end": -1}}, "coalesced_transpose3": {"write": {"device_start": -1, "host_queued_start": 1585619309.758413, "device_queued": -1, "device_end": -1, "host_queued_end": 1585619309.760458}, "device": "gpu", "nd_range": {"device_start": 1585619243.4318368, "device_end": 1585619243.432239}, "cmdq": 1, "read": {"device_start": -1, "device_end": -1}}, "FFC_sans_bias6": {"write": {"device_start": -1, "host_queued_start": 1585619309.759332, "device_queued": -1, "device_end": -1, "host_queued_end": 1585619309.760458}, "device": "gpu", "nd_range": {"device_start": 1585619243.4332094, "device_end": 1585619243.4337924}, "cmdq": 1, "read": {"device_start": -1, "device_end": -1}}, "FFC_sans_bias1": {"write": {"device_start": 1585619243.4308412, "host_queued_start": 1585619309.757019, "device_queued": 1585619243.4306633, "device_end": 1585619243.4308705, "host_queued_end": 1585619309.760458}, "device": "gpu", "nd_range": {"device_start": 1585619243.4309313, "device_end": 1585619243.4318333}, "cmdq": 2, "read": {"device_start": -1, "device_end": -1}}, "FFC_sans_bias0": {"write": {"device_start": 1585619243.430758, "host_queued_start": 1585619309.755937, "device_queued": 1585619243.430641, "device_end": 1585619243.430809, "host_queued_end": 1585619309.760458}, "device": "gpu", "nd_range": {"device_start": 1585619243.4308174, "device_end": 1585619243.4314208}, "cmdq": 1, "read": {"device_start": -1, "device_end": -1}}, "FFC_sans_bias2": {"write": {"device_start": 1585619243.431016, "host_queued_start": 1585619309.758093, "device_queued": 1585619243.430946, "device_end": 1585619243.4310462, "host_queued_end": 1585619309.760458}, "device": "gpu", "nd_range": {"device_start": 1585619243.431049, "device_end": 1585619243.432399}, "cmdq": 0, "read": {"device_start": -1, "device_end": -1}}, "softmax5": {"write": {"device_start": -1, "host_queued_start": 1585619309.759028, "device_queued": -1, "device_end": -1, "host_queued_end": 1585619309.760458}, "device": "gpu", "nd_range": {"device_start": 1585619243.4330063, "device_end": 1585619243.433205}, "cmdq": 0, "read": {"device_start": -1, "device_end": -1}}, "FFC_sans_bias7": {"write": {"device_start": 1585619243.4331083, "host_queued_start": 1585619309.760348, "device_queued": 1585619243.4311523, "device_end": 1585619243.4331384, "host_queued_end": 1585619309.760458}, "device": "gpu", "nd_range": {"device_start": 1585619243.4337957, "device_end": 1585619243.4343922}, "cmdq": 2, "read": {"device_start": 1585619243.4343996, "device_end": 1585619243.4344223}}, "empty8": {"write": {"device_start": 1585619243.4306643, "host_queued_start": 1585619309.75473, "device_queued": 1585619243.430546, "device_end": 1585619243.43071, "host_queued_end": 1585619309.760458}, "device": "gpu", "nd_range": {"device_start": 1585619243.430716, "device_end": 1585619243.430729}, "cmdq": 0, "read": {"device_start": -1, "device_end": -1}}}