{"FFC_sans_bias11": {"write": {"device_start": 1585619487.2046907, "host_queued_start": 1585619553.539148, "device_queued": 1585619487.2044265, "device_end": 1585619487.2047217, "host_queued_end": 1585619553.541691}, "device": "gpu", "nd_range": {"device_start": 1585619487.2047246, "device_end": 1585619487.2060916}, "cmdq": 3, "read": {"device_start": -1, "device_end": -1}}, "FFC_sans_bias4": {"write": {"device_start": -1, "host_queued_start": 1585619553.547018, "device_queued": -1, "device_end": -1, "host_queued_end": 1585619553.548719}, "device": "cpu", "nd_range": {"device_start": 2287327.750431343, "device_end": 2287327.755487766}, "cmdq": 1, "read": {"device_start": -1, "device_end": -1}}, "coalesced_transpose3": {"write": {"device_start": -1, "host_queued_start": 1585619553.546672, "device_queued": -1, "device_end": -1, "host_queued_end": 1585619553.548719}, "device": "cpu", "nd_range": {"device_start": 2287327.746808677, "device_end": 2287327.7470416822}, "cmdq": 0, "read": {"device_start": -1, "device_end": -1}}, "FFC_sans_bias6": {"write": {"device_start": -1, "host_queued_start": 1585619553.547632, "device_queued": -1, "device_end": -1, "host_queued_end": 1585619553.548719}, "device": "cpu", "nd_range": {"device_start": 2287327.755788283, "device_end": 2287327.760051729}, "cmdq": 1, "read": {"device_start": -1, "device_end": -1}}, "FFC_sans_bias1": {"write": {"device_start": -1, "host_queued_start": 1585619553.545151, "device_queued": -1, "device_end": -1, "host_queued_end": 1585619553.548719}, "device": "cpu", "nd_range": {"device_start": 2287327.7383421543, "device_end": 2287327.746802303}, "cmdq": 0, "read": {"device_start": -1, "device_end": -1}}, "FFC_sans_bias0": {"write": {"device_start": -1, "host_queued_start": 1585619553.544013, "device_queued": -1, "device_end": -1, "host_queued_end": 1585619553.548719}, "device": "cpu", "nd_range": {"device_start": 2287327.738337009, "device_end": 2287327.7459677113}, "cmdq": 1, "read": {"device_start": -1, "device_end": -1}}, "FFC_sans_bias2": {"write": {"device_start": -1, "host_queued_start": 1585619553.546307, "device_queued": -1, "device_end": -1, "host_queued_end": 1585619553.548719}, "device": "cpu", "nd_range": {"device_start": 2287327.746106883, "device_end": 2287327.750424811}, "cmdq": 1, "read": {"device_start": -1, "device_end": -1}}, "softmax14": {"write": {"device_start": -1, "host_queued_start": 1585619553.540246, "device_queued": -1, "device_end": -1, "host_queued_end": 1585619553.541691}, "device": "gpu", "nd_range": {"device_start": 1585619487.2067063, "device_end": 1585619487.206899}, "cmdq": 1, "read": {"device_start": -1, "device_end": -1}}, "FFC_sans_bias16": {"write": {"device_start": 1585619487.2062113, "host_queued_start": 1585619553.541583, "device_queued": 1585619487.2048225, "device_end": 1585619487.2062447, "host_queued_end": 1585619553.541691}, "device": "gpu", "nd_range": {"device_start": 1585619487.207506, "device_end": 1585619487.2081041}, "cmdq": 3, "read": {"device_start": 1585619487.2081053, "device_end": 1585619487.2081325}}, "softmax5": {"write": {"device_start": -1, "host_queued_start": 1585619553.547296, "device_queued": -1, "device_end": -1, "host_queued_end": 1585619553.548719}, "device": "cpu", "nd_range": {"device_start": 2287327.755493654, "device_end": 2287327.755640324}, "cmdq": 0, "read": {"device_start": -1, "device_end": -1}}, "FFC_sans_bias9": {"write": {"device_start": 1585619487.204496, "host_queued_start": 1585619553.536942, "device_queued": 1585619487.2043693, "device_end": 1585619487.2045636, "host_queued_end": 1585619553.541691}, "device": "gpu", "nd_range": {"device_start": 1585619487.2045882, "device_end": 1585619487.205195}, "cmdq": 1, "read": {"device_start": -1, "device_end": -1}}, "FFC_sans_bias7": {"write": {"device_start": -1, "host_queued_start": 1585619553.548675, "device_queued": -1, "device_end": -1, "host_queued_end": 1585619553.548719}, "device": "cpu", "nd_range": {"device_start": 2287327.760071917, "device_end": 2287327.76462452}, "cmdq": 0, "read": {"device_start": -1, "device_end": -1}}, "empty8": {"write": {"device_start": -1, "host_queued_start": 1585619553.543007, "device_queued": -1, "device_end": -1, "host_queued_end": 1585619553.548719}, "device": "cpu", "nd_range": {"device_start": 2287327.738293676, "device_end": 2287327.738303138}, "cmdq": 0, "read": {"device_start": -1, "device_end": -1}}, "empty17": {"write": {"device_start": 1585619487.2043743, "host_queued_start": 1585619553.535746, "device_queued": 1585619487.204253, "device_end": 1585619487.2044184, "host_queued_end": 1585619553.541691}, "device": "gpu", "nd_range": {"device_start": 1585619487.204422, "device_end": 1585619487.2044263}, "cmdq": 0, "read": {"device_start": -1, "device_end": -1}}, "FFC_sans_bias15": {"write": {"device_start": -1, "host_queued_start": 1585619553.540557, "device_queued": -1, "device_end": -1, "host_queued_end": 1585619553.541691}, "device": "gpu", "nd_range": {"device_start": 1585619487.2069054, "device_end": 1585619487.2075024}, "cmdq": 2, "read": {"device_start": -1, "device_end": -1}}, "FFC_sans_bias13": {"write": {"device_start": -1, "host_queued_start": 1585619553.539993, "device_queued": -1, "device_end": -1, "host_queued_end": 1585619553.541691}, "device": "gpu", "nd_range": {"device_start": 1585619487.2060943, "device_end": 1585619487.2066987}, "cmdq": 0, "read": {"device_start": -1, "device_end": -1}}, "FFC_sans_bias10": {"write": {"device_start": 1585619487.2045927, "host_queued_start": 1585619553.538033, "device_queued": 1585619487.204404, "device_end": 1585619487.2046533, "host_queued_end": 1585619553.541691}, "device": "gpu", "nd_range": {"device_start": 1585619487.2046652, "device_end": 1585619487.2056036}, "cmdq": 2, "read": {"device_start": -1, "device_end": -1}}, "coalesced_transpose12": {"write": {"device_start": -1, "host_queued_start": 1585619553.539642, "device_queued": -1, "device_end": -1, "host_queued_end": 1585619553.541691}, "device": "gpu", "nd_range": {"device_start": 1585619487.2056086, "device_end": 1585619487.206008}, "cmdq": 4, "read": {"device_start": -1, "device_end": -1}}}