{"FFC_sans_bias11": {"write": {"device_start": 1585619431.4904532, "host_queued_start": 1585619497.82317, "device_queued": 1585619431.4903347, "device_end": 1585619431.4904835, "host_queued_end": 1585619497.825655}, "device": "gpu", "nd_range": {"device_start": 1585619431.4904861, "device_end": 1585619431.4918334}, "cmdq": 0, "read": {"device_start": -1, "device_end": -1}}, "FFC_sans_bias4": {"write": {"device_start": -1, "host_queued_start": 1585619497.831021, "device_queued": -1, "device_end": -1, "host_queued_end": 1585619497.832722}, "device": "cpu", "nd_range": {"device_start": 2287272.035070314, "device_end": 2287272.039400098}, "cmdq": 0, "read": {"device_start": -1, "device_end": -1}}, "coalesced_transpose3": {"write": {"device_start": -1, "host_queued_start": 1585619497.830642, "device_queued": -1, "device_end": -1, "host_queued_end": 1585619497.832722}, "device": "cpu", "nd_range": {"device_start": 2287272.034582281, "device_end": 2287272.034958728}, "cmdq": 4, "read": {"device_start": -1, "device_end": -1}}, "FFC_sans_bias6": {"write": {"device_start": -1, "host_queued_start": 1585619497.831637, "device_queued": -1, "device_end": -1, "host_queued_end": 1585619497.832722}, "device": "cpu", "nd_range": {"device_start": 2287272.039775312, "device_end": 2287272.044315867}, "cmdq": 2, "read": {"device_start": -1, "device_end": -1}}, "FFC_sans_bias1": {"write": {"device_start": -1, "host_queued_start": 1585619497.829101, "device_queued": -1, "device_end": -1, "host_queued_end": 1585619497.832722}, "device": "cpu", "nd_range": {"device_start": 2287272.022332921, "device_end": 2287272.03430092}, "cmdq": 2, "read": {"device_start": -1, "device_end": -1}}, "FFC_sans_bias0": {"write": {"device_start": -1, "host_queued_start": 1585619497.827956, "device_queued": -1, "device_end": -1, "host_queued_end": 1585619497.832722}, "device": "cpu", "nd_range": {"device_start": 2287272.022328278, "device_end": 2287272.031007267}, "cmdq": 1, "read": {"device_start": -1, "device_end": -1}}, "FFC_sans_bias2": {"write": {"device_start": -1, "host_queued_start": 1585619497.830247, "device_queued": -1, "device_end": -1, "host_queued_end": 1585619497.832722}, "device": "cpu", "nd_range": {"device_start": 2287272.02233863, "device_end": 2287272.035171409}, "cmdq": 3, "read": {"device_start": -1, "device_end": -1}}, "softmax14": {"write": {"device_start": -1, "host_queued_start": 1585619497.824218, "device_queued": -1, "device_end": -1, "host_queued_end": 1585619497.825655}, "device": "gpu", "nd_range": {"device_start": 1585619431.4924426, "device_end": 1585619431.4926357}, "cmdq": 0, "read": {"device_start": -1, "device_end": -1}}, "FFC_sans_bias16": {"write": {"device_start": 1585619431.492569, "host_queued_start": 1585619497.82555, "device_queued": 1585619431.4905567, "device_end": 1585619431.4925988, "host_queued_end": 1585619497.825655}, "device": "gpu", "nd_range": {"device_start": 1585619431.4932418, "device_end": 1585619431.4938354}, "cmdq": 2, "read": {"device_start": 1585619431.4938388, "device_end": 1585619431.4938624}}, "softmax5": {"write": {"device_start": -1, "host_queued_start": 1585619497.831298, "device_queued": -1, "device_end": -1, "host_queued_end": 1585619497.832722}, "device": "cpu", "nd_range": {"device_start": 2287272.0395258754, "device_end": 2287272.039627362}, "cmdq": 1, "read": {"device_start": -1, "device_end": -1}}, "FFC_sans_bias9": {"write": {"device_start": 1585619431.4901886, "host_queued_start": 1585619497.820958, "device_queued": 1585619431.4900548, "device_end": 1585619431.4902503, "host_queued_end": 1585619497.825655}, "device": "gpu", "nd_range": {"device_start": 1585619431.490254, "device_end": 1585619431.490859}, "cmdq": 1, "read": {"device_start": -1, "device_end": -1}}, "FFC_sans_bias7": {"write": {"device_start": -1, "host_queued_start": 1585619497.832677, "device_queued": -1, "device_end": -1, "host_queued_end": 1585619497.832722}, "device": "cpu", "nd_range": {"device_start": 2287272.044448352, "device_end": 2287272.049032481}, "cmdq": 3, "read": {"device_start": -1, "device_end": -1}}, "empty8": {"write": {"device_start": -1, "host_queued_start": 1585619497.826933, "device_queued": -1, "device_end": -1, "host_queued_end": 1585619497.832722}, "device": "cpu", "nd_range": {"device_start": 2287272.022306389, "device_end": 2287272.022316853}, "cmdq": 0, "read": {"device_start": -1, "device_end": -1}}, "empty17": {"write": {"device_start": 1585619431.4900808, "host_queued_start": 1585619497.819753, "device_queued": 1585619431.489969, "device_end": 1585619431.4901383, "host_queued_end": 1585619497.825655}, "device": "gpu", "nd_range": {"device_start": 1585619431.490144, "device_end": 1585619431.4901562}, "cmdq": 0, "read": {"device_start": -1, "device_end": -1}}, "FFC_sans_bias15": {"write": {"device_start": -1, "host_queued_start": 1585619497.824527, "device_queued": -1, "device_end": -1, "host_queued_end": 1585619497.825655}, "device": "gpu", "nd_range": {"device_start": 1585619431.4926403, "device_end": 1585619431.493239}, "cmdq": 1, "read": {"device_start": -1, "device_end": -1}}, "FFC_sans_bias13": {"write": {"device_start": -1, "host_queued_start": 1585619497.823959, "device_queued": -1, "device_end": -1, "host_queued_end": 1585619497.825655}, "device": "gpu", "nd_range": {"device_start": 1585619431.491838, "device_end": 1585619431.492439}, "cmdq": 2, "read": {"device_start": -1, "device_end": -1}}, "FFC_sans_bias10": {"write": {"device_start": 1585619431.4902759, "host_queued_start": 1585619497.822048, "device_queued": 1585619431.4900737, "device_end": 1585619431.4903002, "host_queued_end": 1585619497.825655}, "device": "gpu", "nd_range": {"device_start": 1585619431.4903238, "device_end": 1585619431.4912782}, "cmdq": 2, "read": {"device_start": -1, "device_end": -1}}, "coalesced_transpose12": {"write": {"device_start": -1, "host_queued_start": 1585619497.823633, "device_queued": -1, "device_end": -1, "host_queued_end": 1585619497.825655}, "device": "gpu", "nd_range": {"device_start": 1585619431.4912815, "device_end": 1585619431.4916642}, "cmdq": 1, "read": {"device_start": -1, "device_end": -1}}}