{"FFC_sans_bias11": {"write": {"device_start": 1585619396.9353495, "host_queued_start": 1585619463.263243, "device_queued": 1585619396.9341137, "device_end": 1585619396.9353755, "host_queued_end": 1585619463.267826}, "device": "gpu", "nd_range": {"device_start": 1585619396.9353795, "device_end": 1585619396.936661}, "cmdq": 1, "read": {"device_start": -1, "device_end": -1}}, "FFC_sans_bias4": {"write": {"device_start": -1, "host_queued_start": 1585619463.264194, "device_queued": -1, "device_end": -1, "host_queued_end": 1585619463.267826}, "device": "gpu", "nd_range": {"device_start": 1585619396.936666, "device_end": 1585619396.9372718}, "cmdq": 1, "read": {"device_start": -1, "device_end": -1}}, "coalesced_transpose3": {"write": {"device_start": -1, "host_queued_start": 1585619463.263573, "device_queued": -1, "device_end": -1, "host_queued_end": 1585619463.267826}, "device": "gpu", "nd_range": {"device_start": 1585619396.9357023, "device_end": 1585619396.9365494}, "cmdq": 2, "read": {"device_start": -1, "device_end": -1}}, "FFC_sans_bias6": {"write": {"device_start": -1, "host_queued_start": 1585619463.265303, "device_queued": -1, "device_end": -1, "host_queued_end": 1585619463.267826}, "device": "gpu", "nd_range": {"device_start": 1585619396.937879, "device_end": 1585619396.93849}, "cmdq": 2, "read": {"device_start": -1, "device_end": -1}}, "FFC_sans_bias1": {"write": {"device_start": 1585619396.9337966, "host_queued_start": 1585619463.25887, "device_queued": 1585619396.9337, "device_end": 1585619396.933856, "host_queued_end": 1585619463.267826}, "device": "gpu", "nd_range": {"device_start": 1585619396.9338608, "device_end": 1585619396.9347005}, "cmdq": 0, "read": {"device_start": -1, "device_end": -1}}, "FFC_sans_bias0": {"write": {"device_start": 1585619396.9336574, "host_queued_start": 1585619463.257753, "device_queued": 1585619396.9334195, "device_end": 1585619396.9336867, "host_queued_end": 1585619463.267826}, "device": "gpu", "nd_range": {"device_start": 1585619396.9336944, "device_end": 1585619396.9342923}, "cmdq": 2, "read": {"device_start": -1, "device_end": -1}}, "FFC_sans_bias2": {"write": {"device_start": 1585619396.9338927, "host_queued_start": 1585619463.259908, "device_queued": 1585619396.933753, "device_end": 1585619396.933924, "host_queued_end": 1585619463.267826}, "device": "gpu", "nd_range": {"device_start": 1585619396.9339623, "device_end": 1585619396.9352543}, "cmdq": 1, "read": {"device_start": -1, "device_end": -1}}, "softmax14": {"write": {"device_start": -1, "host_queued_start": 1585619463.265, "device_queued": -1, "device_end": -1, "host_queued_end": 1585619463.267826}, "device": "gpu", "nd_range": {"device_start": 1585619396.9376807, "device_end": 1585619396.9378724}, "cmdq": 1, "read": {"device_start": -1, "device_end": -1}}, "FFC_sans_bias16": {"write": {"device_start": 1585619396.9386077, "host_queued_start": 1585619463.267727, "device_queued": 1585619396.9345224, "device_end": 1585619396.9386382, "host_queued_end": 1585619463.267826}, "device": "gpu", "nd_range": {"device_start": 1585619396.9391015, "device_end": 1585619396.9400735}, "cmdq": 2, "read": {"device_start": 1585619396.940078, "device_end": 1585619396.9401014}}, "softmax5": {"write": {"device_start": -1, "host_queued_start": 1585619463.264752, "device_queued": -1, "device_end": -1, "host_queued_end": 1585619463.267826}, "device": "gpu", "nd_range": {"device_start": 1585619396.9376762, "device_end": 1585619396.9378707}, "cmdq": 0, "read": {"device_start": -1, "device_end": -1}}, "FFC_sans_bias9": {"write": {"device_start": 1585619396.9344113, "host_queued_start": 1585619463.26095, "device_queued": 1585619396.9337714, "device_end": 1585619396.9344378, "host_queued_end": 1585619463.267826}, "device": "gpu", "nd_range": {"device_start": 1585619396.934441, "device_end": 1585619396.9357011}, "cmdq": 2, "read": {"device_start": -1, "device_end": -1}}, "FFC_sans_bias7": {"write": {"device_start": 1585619396.9379892, "host_queued_start": 1585619463.266669, "device_queued": 1585619396.9345424, "device_end": 1585619396.9380195, "host_queued_end": 1585619463.267826}, "device": "gpu", "nd_range": {"device_start": 1585619396.9385054, "device_end": 1585619396.9395008}, "cmdq": 1, "read": {"device_start": 1585619396.939504, "device_end": 1585619396.9395328}}, "empty8": {"write": {"device_start": 1585619396.9334517, "host_queued_start": 1585619463.255679, "device_queued": 1585619396.9333067, "device_end": 1585619396.933507, "host_queued_end": 1585619463.267826}, "device": "gpu", "nd_range": {"device_start": 1585619396.9335134, "device_end": 1585619396.9335191}, "cmdq": 0, "read": {"device_start": -1, "device_end": -1}}, "empty17": {"write": {"device_start": 1585619396.9335597, "host_queued_start": 1585619463.256732, "device_queued": 1585619396.9333975, "device_end": 1585619396.9336371, "host_queued_end": 1585619463.267826}, "device": "gpu", "nd_range": {"device_start": 1585619396.9336417, "device_end": 1585619396.9336467}, "cmdq": 1, "read": {"device_start": -1, "device_end": -1}}, "FFC_sans_bias15": {"write": {"device_start": -1, "host_queued_start": 1585619463.265609, "device_queued": -1, "device_end": -1, "host_queued_end": 1585619463.267826}, "device": "gpu", "nd_range": {"device_start": 1585619396.9384942, "device_end": 1585619396.9390967}, "cmdq": 0, "read": {"device_start": -1, "device_end": -1}}, "FFC_sans_bias13": {"write": {"device_start": -1, "host_queued_start": 1585619463.264504, "device_queued": -1, "device_end": -1, "host_queued_end": 1585619463.267826}, "device": "gpu", "nd_range": {"device_start": 1585619396.9366734, "device_end": 1585619396.9376705}, "cmdq": 2, "read": {"device_start": -1, "device_end": -1}}, "FFC_sans_bias10": {"write": {"device_start": 1585619396.934797, "host_queued_start": 1585619463.262131, "device_queued": 1585619396.9339893, "device_end": 1585619396.9348226, "host_queued_end": 1585619463.267826}, "device": "gpu", "nd_range": {"device_start": 1585619396.934826, "device_end": 1585619396.9362078}, "cmdq": 0, "read": {"device_start": -1, "device_end": -1}}, "coalesced_transpose12": {"write": {"device_start": -1, "host_queued_start": 1585619463.263876, "device_queued": -1, "device_end": -1, "host_queued_end": 1585619463.267826}, "device": "gpu", "nd_range": {"device_start": 1585619396.936209, "device_end": 1585619396.9365578}, "cmdq": 0, "read": {"device_start": -1, "device_end": -1}}}