{"FFC_sans_bias11": {"write": {"device_start": 1585619317.1440167, "host_queued_start": 1585619383.467268, "device_queued": 1585619317.1405303, "device_end": 1585619317.1440446, "host_queued_end": 1585619383.471888}, "device": "gpu", "nd_range": {"device_start": 1585619317.1440513, "device_end": 1585619317.1446614}, "cmdq": 0, "read": {"device_start": -1, "device_end": -1}}, "FFC_sans_bias4": {"write": {"device_start": -1, "host_queued_start": 1585619383.468225, "device_queued": -1, "device_end": -1, "host_queued_end": 1585619383.471888}, "device": "gpu", "nd_range": {"device_start": 1585619317.1446795, "device_end": 1585619317.1452765}, "cmdq": 0, "read": {"device_start": -1, "device_end": -1}}, "coalesced_transpose3": {"write": {"device_start": -1, "host_queued_start": 1585619383.467594, "device_queued": -1, "device_end": -1, "host_queued_end": 1585619383.471888}, "device": "gpu", "nd_range": {"device_start": 1585619317.1446624, "device_end": 1585619317.1446702}, "cmdq": 0, "read": {"device_start": -1, "device_end": -1}}, "FFC_sans_bias6": {"write": {"device_start": -1, "host_queued_start": 1585619383.469358, "device_queued": -1, "device_end": -1, "host_queued_end": 1585619383.471888}, "device": "gpu", "nd_range": {"device_start": 1585619317.146285, "device_end": 1585619317.1468828}, "cmdq": 0, "read": {"device_start": -1, "device_end": -1}}, "FFC_sans_bias1": {"write": {"device_start": 1585619317.1409802, "host_queued_start": 1585619383.462918, "device_queued": 1585619317.140141, "device_end": 1585619317.1410038, "host_queued_end": 1585619383.471888}, "device": "gpu", "nd_range": {"device_start": 1585619317.1410127, "device_end": 1585619317.1416044}, "cmdq": 0, "read": {"device_start": -1, "device_end": -1}}, "FFC_sans_bias0": {"write": {"device_start": 1585619317.1402485, "host_queued_start": 1585619383.461885, "device_queued": 1585619317.139959, "device_end": 1585619317.140278, "host_queued_end": 1585619383.471888}, "device": "gpu", "nd_range": {"device_start": 1585619317.140287, "device_end": 1585619317.1408854}, "cmdq": 0, "read": {"device_start": -1, "device_end": -1}}, "FFC_sans_bias2": {"write": {"device_start": 1585619317.1417325, "host_queued_start": 1585619383.463967, "device_queued": 1585619317.1402025, "device_end": 1585619317.1417632, "host_queued_end": 1585619383.471888}, "device": "gpu", "nd_range": {"device_start": 1585619317.1417718, "device_end": 1585619317.142367}, "cmdq": 0, "read": {"device_start": -1, "device_end": -1}}, "softmax14": {"write": {"device_start": -1, "host_queued_start": 1585619383.469046, "device_queued": -1, "device_end": -1, "host_queued_end": 1585619383.471888}, "device": "gpu", "nd_range": {"device_start": 1585619317.1460853, "device_end": 1585619317.1462839}, "cmdq": 0, "read": {"device_start": -1, "device_end": -1}}, "FFC_sans_bias16": {"write": {"device_start": 1585619317.148419, "host_queued_start": 1585619383.471785, "device_queued": 1585619317.1410668, "device_end": 1585619317.1484478, "host_queued_end": 1585619383.471888}, "device": "gpu", "nd_range": {"device_start": 1585619317.1484563, "device_end": 1585619317.1490457}, "cmdq": 0, "read": {"device_start": 1585619317.1490543, "device_end": 1585619317.1490762}}, "softmax5": {"write": {"device_start": -1, "host_queued_start": 1585619383.468796, "device_queued": -1, "device_end": -1, "host_queued_end": 1585619383.471888}, "device": "gpu", "nd_range": {"device_start": 1585619317.1458766, "device_end": 1585619317.1460843}, "cmdq": 0, "read": {"device_start": -1, "device_end": -1}}, "FFC_sans_bias9": {"write": {"device_start": 1585619317.1424952, "host_queued_start": 1585619383.46501, "device_queued": 1585619317.1403432, "device_end": 1585619317.1425235, "host_queued_end": 1585619383.471888}, "device": "gpu", "nd_range": {"device_start": 1585619317.142533, "device_end": 1585619317.1431303}, "cmdq": 0, "read": {"device_start": -1, "device_end": -1}}, "FFC_sans_bias7": {"write": {"device_start": 1585619317.1475904, "host_queued_start": 1585619383.470725, "device_queued": 1585619317.140868, "device_end": 1585619317.1476197, "host_queued_end": 1585619383.471888}, "device": "gpu", "nd_range": {"device_start": 1585619317.1476223, "device_end": 1585619317.1482167}, "cmdq": 0, "read": {"device_start": 1585619317.1482182, "device_end": 1585619317.1482415}}, "empty8": {"write": {"device_start": 1585619317.1399355, "host_queued_start": 1585619383.459768, "device_queued": 1585619317.1398106, "device_end": 1585619317.1399615, "host_queued_end": 1585619383.471888}, "device": "gpu", "nd_range": {"device_start": 1585619317.1399643, "device_end": 1585619317.1399689}, "cmdq": 0, "read": {"device_start": -1, "device_end": -1}}, "empty17": {"write": {"device_start": 1585619317.1400895, "host_queued_start": 1585619383.460841, "device_queued": 1585619317.1399126, "device_end": 1585619317.1401196, "host_queued_end": 1585619383.471888}, "device": "gpu", "nd_range": {"device_start": 1585619317.140129, "device_end": 1585619317.140139}, "cmdq": 0, "read": {"device_start": -1, "device_end": -1}}, "FFC_sans_bias15": {"write": {"device_start": -1, "host_queued_start": 1585619383.46967, "device_queued": -1, "device_end": -1, "host_queued_end": 1585619383.471888}, "device": "gpu", "nd_range": {"device_start": 1585619317.146884, "device_end": 1585619317.1474802}, "cmdq": 0, "read": {"device_start": -1, "device_end": -1}}, "FFC_sans_bias13": {"write": {"device_start": -1, "host_queued_start": 1585619383.468543, "device_queued": -1, "device_end": -1, "host_queued_end": 1585619383.471888}, "device": "gpu", "nd_range": {"device_start": 1585619317.1452777, "device_end": 1585619317.1458755}, "cmdq": 0, "read": {"device_start": -1, "device_end": -1}}, "FFC_sans_bias10": {"write": {"device_start": 1585619317.1432579, "host_queued_start": 1585619383.46605, "device_queued": 1585619317.140396, "device_end": 1585619317.143288, "host_queued_end": 1585619383.471888}, "device": "gpu", "nd_range": {"device_start": 1585619317.1432967, "device_end": 1585619317.1438882}, "cmdq": 0, "read": {"device_start": -1, "device_end": -1}}, "coalesced_transpose12": {"write": {"device_start": -1, "host_queued_start": 1585619383.467907, "device_queued": -1, "device_end": -1, "host_queued_end": 1585619383.471888}, "device": "gpu", "nd_range": {"device_start": 1585619317.1446717, "device_end": 1585619317.1446786}, "cmdq": 0, "read": {"device_start": -1, "device_end": -1}}}