{"FFC_sans_bias11": {"write": {"device_start": 1585619420.9189239, "host_queued_start": 1585619487.247495, "device_queued": 1585619420.917629, "device_end": 1585619420.9189553, "host_queued_end": 1585619487.252128}, "device": "gpu", "nd_range": {"device_start": 1585619420.9189594, "device_end": 1585619420.9201653}, "cmdq": 1, "read": {"device_start": -1, "device_end": -1}}, "FFC_sans_bias4": {"write": {"device_start": -1, "host_queued_start": 1585619487.248453, "device_queued": -1, "device_end": -1, "host_queued_end": 1585619487.252128}, "device": "gpu", "nd_range": {"device_start": 1585619420.92017, "device_end": 1585619420.920771}, "cmdq": 1, "read": {"device_start": -1, "device_end": -1}}, "coalesced_transpose3": {"write": {"device_start": -1, "host_queued_start": 1585619487.247821, "device_queued": -1, "device_end": -1, "host_queued_end": 1585619487.252128}, "device": "gpu", "nd_range": {"device_start": 1585619420.919208, "device_end": 1585619420.92006}, "cmdq": 2, "read": {"device_start": -1, "device_end": -1}}, "FFC_sans_bias6": {"write": {"device_start": -1, "host_queued_start": 1585619487.249584, "device_queued": -1, "device_end": -1, "host_queued_end": 1585619487.252128}, "device": "gpu", "nd_range": {"device_start": 1585619420.9213793, "device_end": 1585619420.9219913}, "cmdq": 2, "read": {"device_start": -1, "device_end": -1}}, "FFC_sans_bias1": {"write": {"device_start": 1585619420.917314, "host_queued_start": 1585619487.243059, "device_queued": 1585619420.917212, "device_end": 1585619420.9173791, "host_queued_end": 1585619487.252128}, "device": "gpu", "nd_range": {"device_start": 1585619420.9173903, "device_end": 1585619420.918208}, "cmdq": 0, "read": {"device_start": -1, "device_end": -1}}, "FFC_sans_bias0": {"write": {"device_start": 1585619420.9171708, "host_queued_start": 1585619487.241947, "device_queued": 1585619420.9169793, "device_end": 1585619420.9171944, "host_queued_end": 1585619487.252128}, "device": "gpu", "nd_range": {"device_start": 1585619420.9172027, "device_end": 1585619420.917802}, "cmdq": 2, "read": {"device_start": -1, "device_end": -1}}, "FFC_sans_bias2": {"write": {"device_start": 1585619420.9174123, "host_queued_start": 1585619487.244118, "device_queued": 1585619420.9172616, "device_end": 1585619420.9174378, "host_queued_end": 1585619487.252128}, "device": "gpu", "nd_range": {"device_start": 1585619420.917461, "device_end": 1585619420.9187853}, "cmdq": 1, "read": {"device_start": -1, "device_end": -1}}, "softmax14": {"write": {"device_start": -1, "host_queued_start": 1585619487.24927, "device_queued": -1, "device_end": -1, "host_queued_end": 1585619487.252128}, "device": "gpu", "nd_range": {"device_start": 1585619420.92118, "device_end": 1585619420.9213727}, "cmdq": 1, "read": {"device_start": -1, "device_end": -1}}, "FFC_sans_bias16": {"write": {"device_start": 1585619420.922108, "host_queued_start": 1585619487.252026, "device_queued": 1585619420.918077, "device_end": 1585619420.922138, "host_queued_end": 1585619487.252128}, "device": "gpu", "nd_range": {"device_start": 1585619420.9226024, "device_end": 1585619420.9235544}, "cmdq": 2, "read": {"device_start": 1585619420.9235568, "device_end": 1585619420.9235802}}, "softmax5": {"write": {"device_start": -1, "host_queued_start": 1585619487.249021, "device_queued": -1, "device_end": -1, "host_queued_end": 1585619487.252128}, "device": "gpu", "nd_range": {"device_start": 1585619420.9211752, "device_end": 1585619420.921371}, "cmdq": 0, "read": {"device_start": -1, "device_end": -1}}, "FFC_sans_bias9": {"write": {"device_start": 1585619420.9179096, "host_queued_start": 1585619487.245176, "device_queued": 1585619420.917289, "device_end": 1585619420.9179404, "host_queued_end": 1585619487.252128}, "device": "gpu", "nd_range": {"device_start": 1585619420.9179451, "device_end": 1585619420.9192069}, "cmdq": 2, "read": {"device_start": -1, "device_end": -1}}, "FFC_sans_bias7": {"write": {"device_start": 1585619420.921489, "host_queued_start": 1585619487.250958, "device_queued": 1585619420.918105, "device_end": 1585619420.9215195, "host_queued_end": 1585619487.252128}, "device": "gpu", "nd_range": {"device_start": 1585619420.9220066, "device_end": 1585619420.922997}, "cmdq": 1, "read": {"device_start": 1585619420.9230042, "device_end": 1585619420.923027}}, "empty8": {"write": {"device_start": 1585619420.9169645, "host_queued_start": 1585619487.23988, "device_queued": 1585619420.9168403, "device_end": 1585619420.9170017, "host_queued_end": 1585619487.252128}, "device": "gpu", "nd_range": {"device_start": 1585619420.9170191, "device_end": 1585619420.9170244}, "cmdq": 0, "read": {"device_start": -1, "device_end": -1}}, "empty17": {"write": {"device_start": 1585619420.9170783, "host_queued_start": 1585619487.240928, "device_queued": 1585619420.9169457, "device_end": 1585619420.9171555, "host_queued_end": 1585619487.252128}, "device": "gpu", "nd_range": {"device_start": 1585619420.9171605, "device_end": 1585619420.917165}, "cmdq": 1, "read": {"device_start": -1, "device_end": -1}}, "FFC_sans_bias15": {"write": {"device_start": -1, "host_queued_start": 1585619487.249897, "device_queued": -1, "device_end": -1, "host_queued_end": 1585619487.252128}, "device": "gpu", "nd_range": {"device_start": 1585619420.9219952, "device_end": 1585619420.922598}, "cmdq": 0, "read": {"device_start": -1, "device_end": -1}}, "FFC_sans_bias13": {"write": {"device_start": -1, "host_queued_start": 1585619487.248767, "device_queued": -1, "device_end": -1, "host_queued_end": 1585619487.252128}, "device": "gpu", "nd_range": {"device_start": 1585619420.9201765, "device_end": 1585619420.9211695}, "cmdq": 2, "read": {"device_start": -1, "device_end": -1}}, "FFC_sans_bias10": {"write": {"device_start": 1585619420.9183238, "host_queued_start": 1585619487.246374, "device_queued": 1585619420.9174886, "device_end": 1585619420.9183552, "host_queued_end": 1585619487.252128}, "device": "gpu", "nd_range": {"device_start": 1585619420.9183586, "device_end": 1585619420.9197445}, "cmdq": 0, "read": {"device_start": -1, "device_end": -1}}, "coalesced_transpose12": {"write": {"device_start": -1, "host_queued_start": 1585619487.248131, "device_queued": -1, "device_end": -1, "host_queued_end": 1585619487.252128}, "device": "gpu", "nd_range": {"device_start": 1585619420.9197457, "device_end": 1585619420.9200716}, "cmdq": 0, "read": {"device_start": -1, "device_end": -1}}}