{"FFC_sans_bias11": {"write": {"device_start": 1585619380.920468, "host_queued_start": 1585619447.247371, "device_queued": 1585619380.9186318, "device_end": 1585619380.9205003, "host_queued_end": 1585619447.251981}, "device": "gpu", "nd_range": {"device_start": 1585619380.920505, "device_end": 1585619380.9213247}, "cmdq": 1, "read": {"device_start": -1, "device_end": -1}}, "FFC_sans_bias4": {"write": {"device_start": -1, "host_queued_start": 1585619447.248316, "device_queued": -1, "device_end": -1, "host_queued_end": 1585619447.251981}, "device": "gpu", "nd_range": {"device_start": 1585619380.9211972, "device_end": 1585619380.9218037}, "cmdq": 0, "read": {"device_start": -1, "device_end": -1}}, "coalesced_transpose3": {"write": {"device_start": -1, "host_queued_start": 1585619447.2477, "device_queued": -1, "device_end": -1, "host_queued_end": 1585619447.251981}, "device": "gpu", "nd_range": {"device_start": 1585619380.9208803, "device_end": 1585619380.921196}, "cmdq": 0, "read": {"device_start": -1, "device_end": -1}}, "FFC_sans_bias6": {"write": {"device_start": -1, "host_queued_start": 1585619447.249443, "device_queued": -1, "device_end": -1, "host_queued_end": 1585619447.251981}, "device": "gpu", "nd_range": {"device_start": 1585619380.922328, "device_end": 1585619380.9229283}, "cmdq": 0, "read": {"device_start": -1, "device_end": -1}}, "FFC_sans_bias1": {"write": {"device_start": 1585619380.9183877, "host_queued_start": 1585619447.242971, "device_queued": 1585619380.9182599, "device_end": 1585619380.9184132, "host_queued_end": 1585619447.251981}, "device": "gpu", "nd_range": {"device_start": 1585619380.918421, "device_end": 1585619380.9193485}, "cmdq": 1, "read": {"device_start": -1, "device_end": -1}}, "FFC_sans_bias0": {"write": {"device_start": 1585619380.9182706, "host_queued_start": 1585619447.241867, "device_queued": 1585619380.9181035, "device_end": 1585619380.9183311, "host_queued_end": 1585619447.251981}, "device": "gpu", "nd_range": {"device_start": 1585619380.918336, "device_end": 1585619380.9189353}, "cmdq": 0, "read": {"device_start": -1, "device_end": -1}}, "FFC_sans_bias2": {"write": {"device_start": 1585619380.9191036, "host_queued_start": 1585619447.244025, "device_queued": 1585619380.9183092, "device_end": 1585619380.9191303, "host_queued_end": 1585619447.251981}, "device": "gpu", "nd_range": {"device_start": 1585619380.9191349, "device_end": 1585619380.919913}, "cmdq": 0, "read": {"device_start": -1, "device_end": -1}}, "softmax14": {"write": {"device_start": -1, "host_queued_start": 1585619447.249136, "device_queued": -1, "device_end": -1, "host_queued_end": 1585619447.251981}, "device": "gpu", "nd_range": {"device_start": 1585619380.9222739, "device_end": 1585619380.9225874}, "cmdq": 1, "read": {"device_start": -1, "device_end": -1}}, "FFC_sans_bias16": {"write": {"device_start": 1585619380.923444, "host_queued_start": 1585619447.25188, "device_queued": 1585619380.9192288, "device_end": 1585619380.9234746, "host_queued_end": 1585619447.251981}, "device": "gpu", "nd_range": {"device_start": 1585619380.923477, "device_end": 1585619380.924321}, "cmdq": 1, "read": {"device_start": 1585619380.9243288, "device_end": 1585619380.9243512}}, "softmax5": {"write": {"device_start": -1, "host_queued_start": 1585619447.248891, "device_queued": -1, "device_end": -1, "host_queued_end": 1585619447.251981}, "device": "gpu", "nd_range": {"device_start": 1585619380.921805, "device_end": 1585619380.9223268}, "cmdq": 0, "read": {"device_start": -1, "device_end": -1}}, "FFC_sans_bias9": {"write": {"device_start": 1585619380.919443, "host_queued_start": 1585619447.245081, "device_queued": 1585619380.918457, "device_end": 1585619380.9194686, "host_queued_end": 1585619447.251981}, "device": "gpu", "nd_range": {"device_start": 1585619380.9194736, "device_end": 1585619380.9203465}, "cmdq": 1, "read": {"device_start": -1, "device_end": -1}}, "FFC_sans_bias7": {"write": {"device_start": 1585619380.923048, "host_queued_start": 1585619447.250823, "device_queued": 1585619380.919017, "device_end": 1585619380.9230795, "host_queued_end": 1585619447.251981}, "device": "gpu", "nd_range": {"device_start": 1585619380.9230838, "device_end": 1585619380.9238923}, "cmdq": 0, "read": {"device_start": 1585619380.9239013, "device_end": 1585619380.923924}}, "empty8": {"write": {"device_start": 1585619380.918059, "host_queued_start": 1585619447.239742, "device_queued": 1585619380.917937, "device_end": 1585619380.918099, "host_queued_end": 1585619447.251981}, "device": "gpu", "nd_range": {"device_start": 1585619380.9181044, "device_end": 1585619380.9181106}, "cmdq": 0, "read": {"device_start": -1, "device_end": -1}}, "empty17": {"write": {"device_start": 1585619380.9181821, "host_queued_start": 1585619447.240863, "device_queued": 1585619380.9180481, "device_end": 1585619380.9182427, "host_queued_end": 1585619447.251981}, "device": "gpu", "nd_range": {"device_start": 1585619380.9182467, "device_end": 1585619380.9182544}, "cmdq": 1, "read": {"device_start": -1, "device_end": -1}}, "FFC_sans_bias15": {"write": {"device_start": -1, "host_queued_start": 1585619447.249757, "device_queued": -1, "device_end": -1, "host_queued_end": 1585619447.251981}, "device": "gpu", "nd_range": {"device_start": 1585619380.9225886, "device_end": 1585619380.923334}, "cmdq": 1, "read": {"device_start": -1, "device_end": -1}}, "FFC_sans_bias13": {"write": {"device_start": -1, "host_queued_start": 1585619447.248637, "device_queued": -1, "device_end": -1, "host_queued_end": 1585619447.251981}, "device": "gpu", "nd_range": {"device_start": 1585619380.9216762, "device_end": 1585619380.922273}, "cmdq": 1, "read": {"device_start": -1, "device_end": -1}}, "FFC_sans_bias10": {"write": {"device_start": 1585619380.9200134, "host_queued_start": 1585619447.246299, "device_queued": 1585619380.918501, "device_end": 1585619380.9200451, "host_queued_end": 1585619447.251981}, "device": "gpu", "nd_range": {"device_start": 1585619380.9200482, "device_end": 1585619380.9208786}, "cmdq": 0, "read": {"device_start": -1, "device_end": -1}}, "coalesced_transpose12": {"write": {"device_start": -1, "host_queued_start": 1585619447.248004, "device_queued": -1, "device_end": -1, "host_queued_end": 1585619447.251981}, "device": "gpu", "nd_range": {"device_start": 1585619380.9213288, "device_end": 1585619380.9216745}, "cmdq": 1, "read": {"device_start": -1, "device_end": -1}}}