{"FFC_sans_bias11": {"write": {"device_start": 1585619460.737509, "host_queued_start": 1585619527.067723, "device_queued": 1585619460.736617, "device_end": 1585619460.7375395, "host_queued_end": 1585619527.072375}, "device": "gpu", "nd_range": {"device_start": 1585619460.737544, "device_end": 1585619460.7393475}, "cmdq": 3, "read": {"device_start": -1, "device_end": -1}}, "FFC_sans_bias4": {"write": {"device_start": -1, "host_queued_start": 1585619527.068685, "device_queued": -1, "device_end": -1, "host_queued_end": 1585619527.072375}, "device": "gpu", "nd_range": {"device_start": 1585619460.7393606, "device_end": 1585619460.7403557}, "cmdq": 2, "read": {"device_start": -1, "device_end": -1}}, "coalesced_transpose3": {"write": {"device_start": -1, "host_queued_start": 1585619527.068051, "device_queued": -1, "device_end": -1, "host_queued_end": 1585619527.072375}, "device": "gpu", "nd_range": {"device_start": 1585619460.7379313, "device_end": 1585619460.739236}, "cmdq": 0, "read": {"device_start": -1, "device_end": -1}}, "FFC_sans_bias6": {"write": {"device_start": -1, "host_queued_start": 1585619527.069823, "device_queued": -1, "device_end": -1, "host_queued_end": 1585619527.072375}, "device": "gpu", "nd_range": {"device_start": 1585619460.7405753, "device_end": 1585619460.7411785}, "cmdq": 2, "read": {"device_start": -1, "device_end": -1}}, "FFC_sans_bias1": {"write": {"device_start": 1585619460.736297, "host_queued_start": 1585619527.063315, "device_queued": 1585619460.7360146, "device_end": 1585619460.73632, "host_queued_end": 1585619527.072375}, "device": "gpu", "nd_range": {"device_start": 1585619460.7363825, "device_end": 1585619460.7373836}, "cmdq": 3, "read": {"device_start": -1, "device_end": -1}}, "FFC_sans_bias0": {"write": {"device_start": 1585619460.7362134, "host_queued_start": 1585619527.062255, "device_queued": 1585619460.735989, "device_end": 1585619460.736275, "host_queued_end": 1585619527.072375}, "device": "gpu", "nd_range": {"device_start": 1585619460.7363644, "device_end": 1585619460.7369673}, "cmdq": 2, "read": {"device_start": -1, "device_end": -1}}, "FFC_sans_bias2": {"write": {"device_start": 1585619460.7364824, "host_queued_start": 1585619527.064402, "device_queued": 1585619460.736391, "device_end": 1585619460.7365122, "host_queued_end": 1585619527.072375}, "device": "gpu", "nd_range": {"device_start": 1585619460.7365158, "device_end": 1585619460.737929}, "cmdq": 0, "read": {"device_start": -1, "device_end": -1}}, "softmax14": {"write": {"device_start": -1, "host_queued_start": 1585619527.069505, "device_queued": -1, "device_end": -1, "host_queued_end": 1585619527.072375}, "device": "gpu", "nd_range": {"device_start": 1585619460.7403674, "device_end": 1585619460.7405632}, "cmdq": 1, "read": {"device_start": -1, "device_end": -1}}, "FFC_sans_bias16": {"write": {"device_start": 1585619460.740733, "host_queued_start": 1585619527.072271, "device_queued": 1585619460.737384, "device_end": 1585619460.7407637, "host_queued_end": 1585619527.072375}, "device": "gpu", "nd_range": {"device_start": 1585619460.7415838, "device_end": 1585619460.7425668}, "cmdq": 1, "read": {"device_start": 1585619460.7425683, "device_end": 1585619460.7425911}}, "softmax5": {"write": {"device_start": -1, "host_queued_start": 1585619527.069254, "device_queued": -1, "device_end": -1, "host_queued_end": 1585619527.072375}, "device": "gpu", "nd_range": {"device_start": 1585619460.740363, "device_end": 1585619460.7405605}, "cmdq": 0, "read": {"device_start": -1, "device_end": -1}}, "FFC_sans_bias9": {"write": {"device_start": 1585619460.7366614, "host_queued_start": 1585619527.065572, "device_queued": 1585619460.736571, "device_end": 1585619460.7366908, "host_queued_end": 1585619527.072375}, "device": "gpu", "nd_range": {"device_start": 1585619460.7366936, "device_end": 1585619460.7383823}, "cmdq": 1, "read": {"device_start": -1, "device_end": -1}}, "FFC_sans_bias7": {"write": {"device_start": 1585619460.7406816, "host_queued_start": 1585619527.071201, "device_queued": 1585619460.737254, "device_end": 1585619460.7407315, "host_queued_end": 1585619527.072375}, "device": "gpu", "nd_range": {"device_start": 1585619460.7411823, "device_end": 1585619460.7421532}, "cmdq": 0, "read": {"device_start": 1585619460.7421627, "device_end": 1585619460.7421854}}, "empty8": {"write": {"device_start": 1585619460.7360015, "host_queued_start": 1585619527.060139, "device_queued": 1585619460.7358565, "device_end": 1585619460.7360532, "host_queued_end": 1585619527.072375}, "device": "gpu", "nd_range": {"device_start": 1585619460.7360613, "device_end": 1585619460.7360737}, "cmdq": 0, "read": {"device_start": -1, "device_end": -1}}, "empty17": {"write": {"device_start": 1585619460.7361093, "host_queued_start": 1585619527.06118, "device_queued": 1585619460.735961, "device_end": 1585619460.736164, "host_queued_end": 1585619527.072375}, "device": "gpu", "nd_range": {"device_start": 1585619460.736172, "device_end": 1585619460.736182}, "cmdq": 1, "read": {"device_start": -1, "device_end": -1}}, "FFC_sans_bias15": {"write": {"device_start": -1, "host_queued_start": 1585619527.070141, "device_queued": -1, "device_end": -1, "host_queued_end": 1585619527.072375}, "device": "gpu", "nd_range": {"device_start": 1585619460.7405808, "device_end": 1585619460.7415807}, "cmdq": 3, "read": {"device_start": -1, "device_end": -1}}, "FFC_sans_bias13": {"write": {"device_start": -1, "host_queued_start": 1585619527.069003, "device_queued": -1, "device_end": -1, "host_queued_end": 1585619527.072375}, "device": "gpu", "nd_range": {"device_start": 1585619460.7393515, "device_end": 1585619460.739957}, "cmdq": 3, "read": {"device_start": -1, "device_end": -1}}, "FFC_sans_bias10": {"write": {"device_start": 1585619460.7371056, "host_queued_start": 1585619527.066671, "device_queued": 1585619460.7365966, "device_end": 1585619460.7371356, "host_queued_end": 1585619527.072375}, "device": "gpu", "nd_range": {"device_start": 1585619460.7371387, "device_end": 1585619460.7388835}, "cmdq": 2, "read": {"device_start": -1, "device_end": -1}}, "coalesced_transpose12": {"write": {"device_start": -1, "host_queued_start": 1585619527.068362, "device_queued": -1, "device_end": -1, "host_queued_end": 1585619527.072375}, "device": "gpu", "nd_range": {"device_start": 1585619460.7388923, "device_end": 1585619460.739238}, "cmdq": 1, "read": {"device_start": -1, "device_end": -1}}}