{"FFC_sans_bias11": {"write": {"device_start": 1585619343.6879637, "host_queued_start": 1585619410.015525, "device_queued": 1585619343.6865644, "device_end": 1585619343.6880074, "host_queued_end": 1585619410.018615}, "device": "gpu", "nd_range": {"device_start": 1585619343.6880593, "device_end": 1585619343.6886585}, "cmdq": 0, "read": {"device_start": -1, "device_end": -1}}, "FFC_sans_bias4": {"write": {"device_start": -1, "host_queued_start": 1585619410.024558, "device_queued": -1, "device_end": -1, "host_queued_end": 1585619410.026557}, "device": "cpu", "nd_range": {"device_start": 2287184.231182264, "device_end": 2287184.235481903}, "cmdq": 1, "read": {"device_start": -1, "device_end": -1}}, "coalesced_transpose3": {"write": {"device_start": -1, "host_queued_start": 1585619410.024178, "device_queued": -1, "device_end": -1, "host_queued_end": 1585619410.026557}, "device": "cpu", "nd_range": {"device_start": 2287184.2280599573, "device_end": 2287184.228209638}, "cmdq": 0, "read": {"device_start": -1, "device_end": -1}}, "FFC_sans_bias6": {"write": {"device_start": -1, "host_queued_start": 1585619410.025269, "device_queued": -1, "device_end": -1, "host_queued_end": 1585619410.026557}, "device": "cpu", "nd_range": {"device_start": 2287184.235708857, "device_end": 2287184.240641889}, "cmdq": 3, "read": {"device_start": -1, "device_end": -1}}, "FFC_sans_bias1": {"write": {"device_start": -1, "host_queued_start": 1585619410.022546, "device_queued": -1, "device_end": -1, "host_queued_end": 1585619410.026557}, "device": "cpu", "nd_range": {"device_start": 2287184.216205446, "device_end": 2287184.227903073}, "cmdq": 2, "read": {"device_start": -1, "device_end": -1}}, "FFC_sans_bias0": {"write": {"device_start": -1, "host_queued_start": 1585619410.021288, "device_queued": -1, "device_end": -1, "host_queued_end": 1585619410.026557}, "device": "cpu", "nd_range": {"device_start": 2287184.216203351, "device_end": 2287184.231147887}, "cmdq": 1, "read": {"device_start": -1, "device_end": -1}}, "FFC_sans_bias2": {"write": {"device_start": -1, "host_queued_start": 1585619410.023788, "device_queued": -1, "device_end": -1, "host_queued_end": 1585619410.026557}, "device": "cpu", "nd_range": {"device_start": 2287184.2162146, "device_end": 2287184.2238924033}, "cmdq": 3, "read": {"device_start": -1, "device_end": -1}}, "softmax14": {"write": {"device_start": -1, "host_queued_start": 1585619410.016831, "device_queued": -1, "device_end": -1, "host_queued_end": 1585619410.018615}, "device": "gpu", "nd_range": {"device_start": 1585619343.6893632, "device_end": 1585619343.6895638}, "cmdq": 0, "read": {"device_start": -1, "device_end": -1}}, "FFC_sans_bias16": {"write": {"device_start": 1585619343.6902778, "host_queued_start": 1585619410.018461, "device_queued": 1585619343.6867833, "device_end": 1585619343.690317, "host_queued_end": 1585619410.018615}, "device": "gpu", "nd_range": {"device_start": 1585619343.690362, "device_end": 1585619343.6909592}, "cmdq": 0, "read": {"device_start": 1585619343.6909678, "device_end": 1585619343.6909914}}, "softmax5": {"write": {"device_start": -1, "host_queued_start": 1585619410.024895, "device_queued": -1, "device_end": -1, "host_queued_end": 1585619410.026557}, "device": "cpu", "nd_range": {"device_start": 2287184.2355431602, "device_end": 2287184.2356937462}, "cmdq": 2, "read": {"device_start": -1, "device_end": -1}}, "FFC_sans_bias9": {"write": {"device_start": 1585619343.6864593, "host_queued_start": 1585619410.012915, "device_queued": 1585619343.6861575, "device_end": 1585619343.6865153, "host_queued_end": 1585619410.018615}, "device": "gpu", "nd_range": {"device_start": 1585619343.6865685, "device_end": 1585619343.6870768}, "cmdq": 0, "read": {"device_start": -1, "device_end": -1}}, "FFC_sans_bias7": {"write": {"device_start": -1, "host_queued_start": 1585619410.026505, "device_queued": -1, "device_end": -1, "host_queued_end": 1585619410.026557}, "device": "cpu", "nd_range": {"device_start": 2287184.240659316, "device_end": 2287184.2449584133}, "cmdq": 0, "read": {"device_start": -1, "device_end": -1}}, "empty8": {"write": {"device_start": -1, "host_queued_start": 1585619410.02017, "device_queued": -1, "device_end": -1, "host_queued_end": 1585619410.026557}, "device": "cpu", "nd_range": {"device_start": 2287184.216182861, "device_end": 2287184.216192177}, "cmdq": 0, "read": {"device_start": -1, "device_end": -1}}, "empty17": {"write": {"device_start": 1585619343.686185, "host_queued_start": 1585619410.011493, "device_queued": 1585619343.686007, "device_end": 1585619343.6862261, "host_queued_end": 1585619410.018615}, "device": "gpu", "nd_range": {"device_start": 1585619343.686273, "device_end": 1585619343.6862783}, "cmdq": 0, "read": {"device_start": -1, "device_end": -1}}, "FFC_sans_bias15": {"write": {"device_start": -1, "host_queued_start": 1585619410.01719, "device_queued": -1, "device_end": -1, "host_queued_end": 1585619410.018615}, "device": "gpu", "nd_range": {"device_start": 1585619343.6895652, "device_end": 1585619343.6901603}, "cmdq": 0, "read": {"device_start": -1, "device_end": -1}}, "FFC_sans_bias13": {"write": {"device_start": -1, "host_queued_start": 1585619410.016523, "device_queued": -1, "device_end": -1, "host_queued_end": 1585619410.018615}, "device": "gpu", "nd_range": {"device_start": 1585619343.6886678, "device_end": 1585619343.6893623}, "cmdq": 0, "read": {"device_start": -1, "device_end": -1}}, "FFC_sans_bias10": {"write": {"device_start": 1585619343.687173, "host_queued_start": 1585619410.014216, "device_queued": 1585619343.68623, "device_end": 1585619343.6872106, "host_queued_end": 1585619410.018615}, "device": "gpu", "nd_range": {"device_start": 1585619343.6872678, "device_end": 1585619343.6878667}, "cmdq": 0, "read": {"device_start": -1, "device_end": -1}}, "coalesced_transpose12": {"write": {"device_start": -1, "host_queued_start": 1585619410.01591, "device_queued": -1, "device_end": -1, "host_queued_end": 1585619410.018615}, "device": "gpu", "nd_range": {"device_start": 1585619343.6886597, "device_end": 1585619343.6886668}, "cmdq": 0, "read": {"device_start": -1, "device_end": -1}}}