{"FFC_sans_bias4": {"write": {"device_start": -1, "host_queued_start": 1585619735.426061, "device_queued": -1, "device_end": -1, "host_queued_end": 1585619735.427953}, "device": "cpu", "nd_range": {"device_start": 2287509.6294732583, "device_end": 2287509.63356732}, "cmdq": 0, "read": {"device_start": -1, "device_end": -1}}, "FFC_sans_bias7": {"write": {"device_start": -1, "host_queued_start": 1585619735.427909, "device_queued": -1, "device_end": -1, "host_queued_end": 1585619735.427953}, "device": "cpu", "nd_range": {"device_start": 2287509.638476328, "device_end": 2287509.642863492}, "cmdq": 3, "read": {"device_start": -1, "device_end": -1}}, "FFC_sans_bias6": {"write": {"device_start": -1, "host_queued_start": 1585619735.426748, "device_queued": -1, "device_end": -1, "host_queued_end": 1585619735.427953}, "device": "cpu", "nd_range": {"device_start": 2287509.6338808173, "device_end": 2287509.638467822}, "cmdq": 2, "read": {"device_start": -1, "device_end": -1}}, "FFC_sans_bias1": {"write": {"device_start": -1, "host_queued_start": 1585619735.42417, "device_queued": -1, "device_end": -1, "host_queued_end": 1585619735.427953}, "device": "cpu", "nd_range": {"device_start": 2287509.617565753, "device_end": 2287509.629031251}, "cmdq": 2, "read": {"device_start": -1, "device_end": -1}}, "FFC_sans_bias0": {"write": {"device_start": -1, "host_queued_start": 1585619735.423014, "device_queued": -1, "device_end": -1, "host_queued_end": 1585619735.427953}, "device": "cpu", "nd_range": {"device_start": 2287509.617560623, "device_end": 2287509.626186104}, "cmdq": 1, "read": {"device_start": -1, "device_end": -1}}, "FFC_sans_bias2": {"write": {"device_start": -1, "host_queued_start": 1585619735.425285, "device_queued": -1, "device_end": -1, "host_queued_end": 1585619735.427953}, "device": "cpu", "nd_range": {"device_start": 2287509.617570437, "device_end": 2287509.629250897}, "cmdq": 3, "read": {"device_start": -1, "device_end": -1}}, "FFC_sans_bias9": {"write": {"device_start": 1585619669.0779853, "host_queued_start": 1585619735.410328, "device_queued": 1585619669.0777762, "device_end": 1585619669.078015, "host_queued_end": 1585619735.420419}, "device": "gpu", "nd_range": {"device_start": 1585619669.0780182, "device_end": 1585619669.0786202}, "cmdq": 2, "read": {"device_start": -1, "device_end": -1}}, "softmax23": {"write": {"device_start": -1, "host_queued_start": 1585619735.417418, "device_queued": -1, "device_end": -1, "host_queued_end": 1585619735.420419}, "device": "gpu", "nd_range": {"device_start": 1585619669.082004, "device_end": 1585619669.0821986}, "cmdq": 1, "read": {"device_start": -1, "device_end": -1}}, "FFC_sans_bias11": {"write": {"device_start": 1585619669.0782776, "host_queued_start": 1585619735.412502, "device_queued": 1585619669.0781078, "device_end": 1585619669.0783098, "host_queued_end": 1585619735.420419}, "device": "gpu", "nd_range": {"device_start": 1585619669.078332, "device_end": 1585619669.0795887}, "cmdq": 1, "read": {"device_start": -1, "device_end": -1}}, "FFC_sans_bias10": {"write": {"device_start": 1585619669.0781555, "host_queued_start": 1585619735.411449, "device_queued": 1585619669.07805, "device_end": 1585619669.0782256, "host_queued_end": 1585619735.420419}, "device": "gpu", "nd_range": {"device_start": 1585619669.0782297, "device_end": 1585619669.0790312}, "cmdq": 0, "read": {"device_start": -1, "device_end": -1}}, "coalesced_transpose3": {"write": {"device_start": -1, "host_queued_start": 1585619735.425698, "device_queued": -1, "device_end": -1, "host_queued_end": 1585619735.427953}, "device": "cpu", "nd_range": {"device_start": 2287509.6291647833, "device_end": 2287509.629267286}, "cmdq": 4, "read": {"device_start": -1, "device_end": -1}}, "FFC_sans_bias15": {"write": {"device_start": -1, "host_queued_start": 1585619735.41773, "device_queued": -1, "device_end": -1, "host_queued_end": 1585619735.420419}, "device": "gpu", "nd_range": {"device_start": 1585619669.0822043, "device_end": 1585619669.0828001}, "cmdq": 2, "read": {"device_start": -1, "device_end": -1}}, "FFC_sans_bias16": {"write": {"device_start": 1585619669.0823154, "host_queued_start": 1585619735.41925, "device_queued": 1585619669.0790634, "device_end": 1585619669.08234, "host_queued_end": 1585619735.420419}, "device": "gpu", "nd_range": {"device_start": 1585619669.0828142, "device_end": 1585619669.0838234}, "cmdq": 1, "read": {"device_start": 1585619669.083825, "device_end": 1585619669.0838482}}, "FFC_sans_bias19": {"write": {"device_start": 1585619669.079136, "host_queued_start": 1585619735.414598, "device_queued": 1585619669.0783582, "device_end": 1585619669.0791605, "host_queued_end": 1585619735.420419}, "device": "gpu", "nd_range": {"device_start": 1585619669.0791645, "device_end": 1585619669.0805545}, "cmdq": 0, "read": {"device_start": -1, "device_end": -1}}, "FFC_sans_bias18": {"write": {"device_start": 1585619669.0788622, "host_queued_start": 1585619735.413545, "device_queued": 1585619669.0781302, "device_end": 1585619669.078893, "host_queued_end": 1585619735.420419}, "device": "gpu", "nd_range": {"device_start": 1585619669.078896, "device_end": 1585619669.0800245}, "cmdq": 2, "read": {"device_start": -1, "device_end": -1}}, "empty26": {"write": {"device_start": 1585619669.0778913, "host_queued_start": 1585619735.409322, "device_queued": 1585619669.0777442, "device_end": 1585619669.0779605, "host_queued_end": 1585619735.420419}, "device": "gpu", "nd_range": {"device_start": 1585619669.077966, "device_end": 1585619669.0779707}, "cmdq": 1, "read": {"device_start": -1, "device_end": -1}}, "coalesced_transpose12": {"write": {"device_start": -1, "host_queued_start": 1585619735.415988, "device_queued": -1, "device_end": -1, "host_queued_end": 1585619735.420419}, "device": "gpu", "nd_range": {"device_start": 1585619669.0800257, "device_end": 1585619669.0808828}, "cmdq": 2, "read": {"device_start": -1, "device_end": -1}}, "coalesced_transpose21": {"write": {"device_start": -1, "host_queued_start": 1585619735.416288, "device_queued": -1, "device_end": -1, "host_queued_end": 1585619735.420419}, "device": "gpu", "nd_range": {"device_start": 1585619669.080556, "device_end": 1585619669.0808918}, "cmdq": 0, "read": {"device_start": -1, "device_end": -1}}, "softmax14": {"write": {"device_start": -1, "host_queued_start": 1585619735.417174, "device_queued": -1, "device_end": -1, "host_queued_end": 1585619735.420419}, "device": "gpu", "nd_range": {"device_start": 1585619669.0819993, "device_end": 1585619669.0821965}, "cmdq": 0, "read": {"device_start": -1, "device_end": -1}}, "FFC_sans_bias13": {"write": {"device_start": -1, "host_queued_start": 1585619735.416604, "device_queued": -1, "device_end": -1, "host_queued_end": 1585619735.420419}, "device": "gpu", "nd_range": {"device_start": 1585619669.0809867, "device_end": 1585619669.0815918}, "cmdq": 1, "read": {"device_start": -1, "device_end": -1}}, "empty8": {"write": {"device_start": -1, "host_queued_start": 1585619735.421771, "device_queued": -1, "device_end": -1, "host_queued_end": 1585619735.427953}, "device": "cpu", "nd_range": {"device_start": 2287509.617538591, "device_end": 2287509.617549099}, "cmdq": 0, "read": {"device_start": -1, "device_end": -1}}, "FFC_sans_bias24": {"write": {"device_start": -1, "host_queued_start": 1585619735.418188, "device_queued": -1, "device_end": -1, "host_queued_end": 1585619735.420419}, "device": "gpu", "nd_range": {"device_start": 1585619669.082804, "device_end": 1585619669.0834205}, "cmdq": 0, "read": {"device_start": -1, "device_end": -1}}, "FFC_sans_bias25": {"write": {"device_start": 1585619669.0829365, "host_queued_start": 1585619735.420321, "device_queued": 1585619669.079036, "device_end": 1585619669.082968, "host_queued_end": 1585619735.420419}, "device": "gpu", "nd_range": {"device_start": 1585619669.083425, "device_end": 1585619669.0843718}, "cmdq": 2, "read": {"device_start": 1585619669.0843768, "device_end": 1585619669.0844002}},