{"FFC_sans_bias4": {"write": {"device_start": -1, "host_queued_start": 1585620067.1545, "device_queued": -1, "device_end": -1, "host_queued_end": 1585620067.162136}, "device": "gpu", "nd_range": {"device_start": 1585620000.816675, "device_end": 1585620000.817298}, "cmdq": 0, "read": {"device_start": -1, "device_end": -1}}, "FFC_sans_bias7": {"write": {"device_start": 1585620000.8197916, "host_queued_start": 1585620067.158883, "device_queued": 1585620000.8129723, "device_end": 1585620000.8198225, "host_queued_end": 1585620067.162136}, "device": "gpu", "nd_range": {"device_start": 1585620000.8198278, "device_end": 1585620000.8211792}, "cmdq": 0, "read": {"device_start": 1585620000.821182, "device_end": 1585620000.8212051}}, "FFC_sans_bias6": {"write": {"device_start": -1, "host_queued_start": 1585620067.156785, "device_queued": -1, "device_end": -1, "host_queued_end": 1585620067.162136}, "device": "gpu", "nd_range": {"device_start": 1585620000.8186662, "device_end": 1585620000.819697}, "cmdq": 0, "read": {"device_start": -1, "device_end": -1}}, "FFC_sans_bias1": {"write": {"device_start": 1585620000.810921, "host_queued_start": 1585620067.14237, "device_queued": 1585620000.8107712, "device_end": 1585620000.81099, "host_queued_end": 1585620067.162136}, "device": "gpu", "nd_range": {"device_start": 1585620000.8110523, "device_end": 1585620000.8119013}, "cmdq": 1, "read": {"device_start": -1, "device_end": -1}}, "FFC_sans_bias0": {"write": {"device_start": 1585620000.8108218, "host_queued_start": 1585620067.141281, "device_queued": 1585620000.8107073, "device_end": 1585620000.8108838, "host_queued_end": 1585620067.162136}, "device": "gpu", "nd_range": {"device_start": 1585620000.8108869, "device_end": 1585620000.811491}, "cmdq": 0, "read": {"device_start": -1, "device_end": -1}}, "FFC_sans_bias2": {"write": {"device_start": 1585620000.8110049, "host_queued_start": 1585620067.143468, "device_queued": 1585620000.810792, "device_end": 1585620000.8110511, "host_queued_end": 1585620067.162136}, "device": "gpu", "nd_range": {"device_start": 1585620000.8110688, "device_end": 1585620000.812459}, "cmdq": 2, "read": {"device_start": -1, "device_end": -1}}, "FFC_sans_bias9": {"write": {"device_start": 1585620000.811097, "host_queued_start": 1585620067.144512, "device_queued": 1585620000.811007, "device_end": 1585620000.8111222, "host_queued_end": 1585620067.162136}, "device": "gpu", "nd_range": {"device_start": 1585620000.8111246, "device_end": 1585620000.8128843}, "cmdq": 3, "read": {"device_start": -1, "device_end": -1}}, "softmax23": {"write": {"device_start": -1, "host_queued_start": 1585620067.156218, "device_queued": -1, "device_end": -1, "host_queued_end": 1585620067.162136}, "device": "gpu", "nd_range": {"device_start": 1585620000.818276, "device_end": 1585620000.8189278}, "cmdq": 2, "read": {"device_start": -1, "device_end": -1}}, "FFC_sans_bias11": {"write": {"device_start": 1585620000.812015, "host_queued_start": 1585620067.146633, "device_queued": 1585620000.8112519, "device_end": 1585620000.8120456, "host_queued_end": 1585620067.162136}, "device": "gpu", "nd_range": {"device_start": 1585620000.8120515, "device_end": 1585620000.813895}, "cmdq": 1, "read": {"device_start": -1, "device_end": -1}}, "FFC_sans_bias10": {"write": {"device_start": 1585620000.8116367, "host_queued_start": 1585620067.145559, "device_queued": 1585620000.8111963, "device_end": 1585620000.8116734, "host_queued_end": 1585620067.162136}, "device": "gpu", "nd_range": {"device_start": 1585620000.811678, "device_end": 1585620000.8134315}, "cmdq": 0, "read": {"device_start": -1, "device_end": -1}}, "coalesced_transpose3": {"write": {"device_start": -1, "host_queued_start": 1585620067.153281, "device_queued": -1, "device_end": -1, "host_queued_end": 1585620067.162136}, "device": "gpu", "nd_range": {"device_start": 1585620000.8153367, "device_end": 1585620000.8166735}, "cmdq": 0, "read": {"device_start": -1, "device_end": -1}}, "FFC_sans_bias34": {"write": {"device_start": 1585620000.8217988, "host_queued_start": 1585620067.162036, "device_queued": 1585620000.8132317, "device_end": 1585620000.8218296, "host_queued_end": 1585620067.162136}, "device": "gpu", "nd_range": {"device_start": 1585620000.8218331, "device_end": 1585620000.8225985}, "cmdq": 3, "read": {"device_start": 1585620000.8226027, "device_end": 1585620000.822625}}, "FFC_sans_bias15": {"write": {"device_start": -1, "host_queued_start": 1585620067.157097, "device_queued": -1, "device_end": -1, "host_queued_end": 1585620067.162136}, "device": "gpu", "nd_range": {"device_start": 1585620000.8186464, "device_end": 1585620000.8192542}, "cmdq": 1, "read": {"device_start": -1, "device_end": -1}}, "FFC_sans_bias31": {"write": {"device_start": -1, "host_queued_start": 1585620067.155476, "device_queued": -1, "device_end": -1, "host_queued_end": 1585620067.162136}, "device": "gpu", "nd_range": {"device_start": 1585620000.8181016, "device_end": 1585620000.8187137}, "cmdq": 3, "read": {"device_start": -1, "device_end": -1}}, "FFC_sans_bias16": {"write": {"device_start": 1585620000.8193598, "host_queued_start": 1585620067.159939, "device_queued": 1585620000.813038, "device_end": 1585620000.819391, "host_queued_end": 1585620067.162136}, "device": "gpu", "nd_range": {"device_start": 1585620000.8193948, "device_end": 1585620000.820681}, "cmdq": 1, "read": {"device_start": 1585620000.8206825, "device_end": 1585620000.820706}}, "FFC_sans_bias19": {"write": {"device_start": 1585620000.8130715, "host_queued_start": 1585620067.148727, "device_queued": 1585620000.811389, "device_end": 1585620000.8130972, "host_queued_end": 1585620067.162136}, "device": "gpu", "nd_range": {"device_start": 1585620000.813107, "device_end": 1585620000.8148782}, "cmdq": 3, "read": {"device_start": -1, "device_end": -1}}, "FFC_sans_bias18": {"write": {"device_start": 1585620000.8125951, "host_queued_start": 1585620067.147679, "device_queued": 1585620000.8112743, "device_end": 1585620000.8126266, "host_queued_end": 1585620067.162136}, "device": "gpu", "nd_range": {"device_start": 1585620000.8126304, "device_end": 1585620000.8143802}, "cmdq": 2, "read": {"device_start": -1, "device_end": -1}}, "coalesced_transpose30": {"write": {"device_start": -1, "host_queued_start": 1585620067.154179, "device_queued": -1, "device_end": -1, "host_queued_end": 1585620067.162136}, "device": "gpu", "nd_range": {"device_start": 1585620000.8168335, "device_end": 1585620000.8181002}, "cmdq": 3, "read": {"device_start": -1, "device_end": -1}}, "empty26": {"write": {"device_start": 1585620000.8106349, "host_queued_start": 1585620067.139444, "device_queued": 1585620000.810422, "device_end": 1585620000.810694, "host_queued_end": 1585620067.162136}, "device": "gpu", "nd_range": {"device_start": 1585620000.8107054, "device_end": 1585620000.8107102}, "cmdq": 2, "read": {"device_start": -1, "device_end": -1}}, "coalesced_transpose12": {"write": {"device_start": -1, "host_queued_start": 1585620067.153587, "device_queued": -1, "device_end": -1, "host_queued_end": 1585620067.162136}, "device": "gpu", "nd_range": {"device_start": 1585620000.8158622, "device_end": 1585620000.8166862}, "cmdq": 1, "read": {"device_start": -1, "device_end": -1}}, "coalesced_transpose21": {"write": {"device_start": -1, "host_queued_start": 1585620067.153884, "device_queued": -1, "device_end": -1, "host_queued_end": 1585620067.162136}, "device": "gpu", "nd_range": {"device_start": 1585620000.8162997, "device_end": 1585620000.8166947}, "cmdq": 2, "read": {"device_start": -1, "device_end": -1}}, "softmax14": {"write": {"device_start": -1, "host_queued_start": 1585620067.155971, "device_queued": -1, "device_end": -1, "host_queued_end": 1585620067.162136}, "device": "gpu", "nd_range": {"device_start": 1585620000.8176944, "device_end": 1585620000.818645}, "cmdq": 1, "read": {"device_start": -1, "device_end": -1}}, "FFC_sans_bias13": {"write": {"device_start": -1, "host_queued_start": 1585620067.154847, "device_queued": -1,