{"FFC_sans_bias4": {"write": {"device_start": -1, "host_queued_start": 1585620137.441948, "device_queued": -1, "device_end": -1, "host_queued_end": 1585620137.443901}, "device": "cpu", "nd_range": {"device_start": 2287911.646081841, "device_end": 2287911.6500322074}, "cmdq": 1, "read": {"device_start": -1, "device_end": -1}}, "FFC_sans_bias7": {"write": {"device_start": -1, "host_queued_start": 1585620137.443833, "device_queued": -1, "device_end": -1, "host_queued_end": 1585620137.443901}, "device": "cpu", "nd_range": {"device_start": 2287911.6551321913, "device_end": 2287911.659431924}, "cmdq": 0, "read": {"device_start": -1, "device_end": -1}}, "FFC_sans_bias6": {"write": {"device_start": -1, "host_queued_start": 1585620137.442566, "device_queued": -1, "device_end": -1, "host_queued_end": 1585620137.443901}, "device": "cpu", "nd_range": {"device_start": 2287911.65036826, "device_end": 2287911.655113743}, "cmdq": 1, "read": {"device_start": -1, "device_end": -1}}, "FFC_sans_bias1": {"write": {"device_start": -1, "host_queued_start": 1585620137.44021, "device_queued": -1, "device_end": -1, "host_queued_end": 1585620137.443901}, "device": "cpu", "nd_range": {"device_start": 2287911.6335115903, "device_end": 2287911.640387103}, "cmdq": 0, "read": {"device_start": -1, "device_end": -1}}, "FFC_sans_bias0": {"write": {"device_start": -1, "host_queued_start": 1585620137.439022, "device_queued": -1, "device_end": -1, "host_queued_end": 1585620137.443901}, "device": "cpu", "nd_range": {"device_start": 2287911.6335048703, "device_end": 2287911.641534009}, "cmdq": 1, "read": {"device_start": -1, "device_end": -1}}, "FFC_sans_bias2": {"write": {"device_start": -1, "host_queued_start": 1585620137.441273, "device_queued": -1, "device_end": -1, "host_queued_end": 1585620137.443901}, "device": "cpu", "nd_range": {"device_start": 2287911.6415571473, "device_end": 2287911.646073447}, "cmdq": 1, "read": {"device_start": -1, "device_end": -1}}, "FFC_sans_bias9": {"write": {"device_start": 1585620071.0827215, "host_queued_start": 1585620137.420579, "device_queued": 1585620071.0824206, "device_end": 1585620071.0827944, "host_queued_end": 1585620137.435995}, "device": "gpu", "nd_range": {"device_start": 1585620071.0827985, "device_end": 1585620071.0834024}, "cmdq": 3, "read": {"device_start": -1, "device_end": -1}}, "softmax23": {"write": {"device_start": -1, "host_queued_start": 1585620137.4315, "device_queued": -1, "device_end": -1, "host_queued_end": 1585620137.435995}, "device": "gpu", "nd_range": {"device_start": 1585620071.0887876, "device_end": 1585620071.089182}, "cmdq": 4, "read": {"device_start": -1, "device_end": -1}}, "FFC_sans_bias11": {"write": {"device_start": 1585620071.0829055, "host_queued_start": 1585620137.422789, "device_queued": 1585620071.082819, "device_end": 1585620071.0829382, "host_queued_end": 1585620137.435995}, "device": "gpu", "nd_range": {"device_start": 1585620071.0829747, "device_end": 1585620071.0843747}, "cmdq": 0, "read": {"device_start": -1, "device_end": -1}}, "FFC_sans_bias10": {"write": {"device_start": 1585620071.082812, "host_queued_start": 1585620137.421661, "device_queued": 1585620071.0826917, "device_end": 1585620071.0828638, "host_queued_end": 1585620137.435995}, "device": "gpu", "nd_range": {"device_start": 1585620071.0828676, "device_end": 1585620071.0837994}, "cmdq": 4, "read": {"device_start": -1, "device_end": -1}}, "coalesced_transpose3": {"write": {"device_start": -1, "host_queued_start": 1585620137.441604, "device_queued": -1, "device_end": -1, "host_queued_end": 1585620137.443901}, "device": "cpu", "nd_range": {"device_start": 2287911.640489881, "device_end": 2287911.640729703}, "cmdq": 0, "read": {"device_start": -1, "device_end": -1}}, "FFC_sans_bias34": {"write": {"device_start": 1585620071.0895174, "host_queued_start": 1585620137.435891, "device_queued": 1585620071.0844243, "device_end": 1585620071.0895474, "host_queued_end": 1585620137.435995}, "device": "gpu", "nd_range": {"device_start": 1585620071.0903695, "device_end": 1585620071.0913243}, "cmdq": 1, "read": {"device_start": 1585620071.0913267, "device_end": 1585620071.0913498}}, "FFC_sans_bias15": {"write": {"device_start": -1, "host_queued_start": 1585620137.432068, "device_queued": -1, "device_end": -1, "host_queued_end": 1585620137.435995}, "device": "gpu", "nd_range": {"device_start": 1585620071.0887938, "device_end": 1585620071.08939}, "cmdq": 1, "read": {"device_start": -1, "device_end": -1}}, "FFC_sans_bias31": {"write": {"device_start": -1, "host_queued_start": 1585620137.431002, "device_queued": -1, "device_end": -1, "host_queued_end": 1585620137.435995}, "device": "gpu", "nd_range": {"device_start": 1585620071.0871565, "device_end": 1585620071.0882087}, "cmdq": 2, "read": {"device_start": -1, "device_end": -1}}, "FFC_sans_bias16": {"write": {"device_start": 1585620071.0893214, "host_queued_start": 1585620137.433732, "device_queued": 1585620071.0842087, "device_end": 1585620071.0893524, "host_queued_end": 1585620137.435995}, "device": "gpu", "nd_range": {"device_start": 1585620071.0903752, "device_end": 1585620071.091778}, "cmdq": 4, "read": {"device_start": 1585620071.0917861, "device_end": 1585620071.091809}}, "FFC_sans_bias19": {"write": {"device_start": 1585620071.0831685, "host_queued_start": 1585620137.424873, "device_queued": 1585620071.083008, "device_end": 1585620071.0832012, "host_queued_end": 1585620137.435995}, "device": "gpu", "nd_range": {"device_start": 1585620071.0832481, "device_end": 1585620071.0853407}, "cmdq": 2, "read": {"device_start": -1, "device_end": -1}}, "FFC_sans_bias18": {"write": {"device_start": 1585620071.0830882, "host_queued_start": 1585620137.423832, "device_queued": 1585620071.0829823, "device_end": 1585620071.083162, "host_queued_end": 1585620137.435995}, "device": "gpu", "nd_range": {"device_start": 1585620071.083226, "device_end": 1585620071.084795}, "cmdq": 1, "read": {"device_start": -1, "device_end": -1}}, "coalesced_transpose30": {"write": {"device_start": -1, "host_queued_start": 1585620137.430016, "device_queued": -1, "device_end": -1, "host_queued_end": 1585620137.435995}, "device": "gpu", "nd_range": {"device_start": 1585620071.0867693, "device_end": 1585620071.087147}, "cmdq": 4, "read": {"device_start": -1, "device_end": -1}}, "empty26": {"write": {"device_start": 1585620071.0825036, "host_queued_start": 1585620137.418699, "device_queued": 1585620071.0823655, "device_end": 1585620071.082569, "host_queued_end": 1585620137.435995}, "device": "gpu", "nd_range": {"device_start": 1585620071.0827298, "device_end": 1585620071.0827928}, "cmdq": 1, "read": {"device_start": -1, "device_end": -1}}, "coalesced_transpose12": {"write": {"device_start": -1, "host_queued_start": 1585620137.429402, "device_queued": -1, "device_end": -1, "host_queued_end": 1585620137.435995}, "device": "gpu", "nd_range": {"device_start": 1585620071.0853424, "device_end": 1585620071.0871224}, "cmdq": 2, "read": {"device_start": -1, "device_end": -1}}, "coalesced_transpose21": {"write": {"device_start": -1, "host_queued_start": 1585620137.429709, "device_queued": -1, "device_end": -1, "host_queued_end": 1585620137.435995}, "device": "gpu", "nd_range": {"device_start": 1585620071.0857832, "device_end": 1585620071.0871446}, "cmdq": 3, "read": {"device_start": -1, "device_end": -1}}, "softmax14": {"write": {"device_start": -1, "host_queued_start": 1585620137.431256, "device_queued": -1, "device_end": -1, "host_queued_end": 1585620137.435995}, "device": "gpu", "nd_range": {"device_start": 1585620071.0877538, "device_end": 1585620071.0887737}, "cmdq": 3, "read": {"device_start": -1, "device_end": -1}}, "FFC_sans_bias13": {"write": {"device_start": -1, "host_queued_start": 1585620137.430332, "device_queued": -1, "device_end": -1, "host_queued_end": 1585620137.435995}, "device": "gpu", "nd_range": {"device_start": 1585620071.087137, "device_end": 1585620071.0877433}, "cmdq": 0, "read": {"device_start": -1, "device_end": -1}},