{"FFC_sans_bias4": {"write": {"device_start": -1, "host_queued_start": 1585620026.56663, "device_queued": -1, "device_end": -1, "host_queued_end": 1585620026.574185}, "device": "gpu", "nd_range": {"device_start": 1585619960.2298925, "device_end": 1585619960.2304983}, "cmdq": 2, "read": {"device_start": -1, "device_end": -1}}, "FFC_sans_bias7": {"write": {"device_start": 1585619960.2332647, "host_queued_start": 1585620026.570938, "device_queued": 1585619960.2258196, "device_end": 1585619960.233296, "host_queued_end": 1585620026.574185}, "device": "gpu", "nd_range": {"device_start": 1585619960.2333126, "device_end": 1585619960.23468}, "cmdq": 2, "read": {"device_start": 1585619960.2346826, "device_end": 1585619960.2347069}}, "FFC_sans_bias6": {"write": {"device_start": -1, "host_queued_start": 1585620026.56888, "device_queued": -1, "device_end": -1, "host_queued_end": 1585620026.574185}, "device": "gpu", "nd_range": {"device_start": 1585619960.2321332, "device_end": 1585619960.2327352}, "cmdq": 1, "read": {"device_start": -1, "device_end": -1}}, "FFC_sans_bias1": {"write": {"device_start": 1585619960.2240303, "host_queued_start": 1585620026.554453, "device_queued": 1585619960.2238414, "device_end": 1585619960.2240772, "host_queued_end": 1585620026.574185}, "device": "gpu", "nd_range": {"device_start": 1585619960.224083, "device_end": 1585619960.2250204}, "cmdq": 2, "read": {"device_start": -1, "device_end": -1}}, "FFC_sans_bias0": {"write": {"device_start": 1585619960.223947, "host_queued_start": 1585620026.553398, "device_queued": 1585619960.2238202, "device_end": 1585619960.2240014, "host_queued_end": 1585620026.574185}, "device": "gpu", "nd_range": {"device_start": 1585619960.224009, "device_end": 1585619960.224614}, "cmdq": 1, "read": {"device_start": -1, "device_end": -1}}, "FFC_sans_bias2": {"write": {"device_start": 1585619960.2241282, "host_queued_start": 1585620026.555531, "device_queued": 1585619960.224039, "device_end": 1585619960.224153, "host_queued_end": 1585620026.574185}, "device": "gpu", "nd_range": {"device_start": 1585619960.2241576, "device_end": 1585619960.225575}, "cmdq": 0, "read": {"device_start": -1, "device_end": -1}}, "FFC_sans_bias9": {"write": {"device_start": 1585619960.2247634, "host_queued_start": 1585620026.556576, "device_queued": 1585619960.224099, "device_end": 1585619960.2247937, "host_queued_end": 1585620026.574185}, "device": "gpu", "nd_range": {"device_start": 1585619960.224796, "device_end": 1585619960.2260113}, "cmdq": 1, "read": {"device_start": -1, "device_end": -1}}, "softmax23": {"write": {"device_start": -1, "host_queued_start": 1585620026.568327, "device_queued": -1, "device_end": -1, "host_queued_end": 1585620026.574185}, "device": "gpu", "nd_range": {"device_start": 1585619960.2318943, "device_end": 1585619960.2321072}, "cmdq": 2, "read": {"device_start": -1, "device_end": -1}}, "FFC_sans_bias11": {"write": {"device_start": 1585619960.2256994, "host_queued_start": 1585620026.558763, "device_queued": 1585619960.2243216, "device_end": 1585619960.2257307, "host_queued_end": 1585620026.574185}, "device": "gpu", "nd_range": {"device_start": 1585619960.2257357, "device_end": 1585619960.2270086}, "cmdq": 0, "read": {"device_start": -1, "device_end": -1}}, "FFC_sans_bias10": {"write": {"device_start": 1585619960.2252095, "host_queued_start": 1585620026.557643, "device_queued": 1585619960.224126, "device_end": 1585619960.2252414, "host_queued_end": 1585620026.574185}, "device": "gpu", "nd_range": {"device_start": 1585619960.2252443, "device_end": 1585619960.2265186}, "cmdq": 2, "read": {"device_start": -1, "device_end": -1}}, "coalesced_transpose3": {"write": {"device_start": -1, "host_queued_start": 1585620026.565378, "device_queued": -1, "device_end": -1, "host_queued_end": 1585620026.574185}, "device": "gpu", "nd_range": {"device_start": 1585619960.2289796, "device_end": 1585619960.229797}, "cmdq": 1, "read": {"device_start": -1, "device_end": -1}}, "FFC_sans_bias34": {"write": {"device_start": 1585619960.23489, "host_queued_start": 1585620026.574087, "device_queued": 1585619960.2262347, "device_end": 1585619960.2349205, "host_queued_end": 1585620026.574185}, "device": "gpu", "nd_range": {"device_start": 1585619960.2349281, "device_end": 1585619960.2360833}, "cmdq": 2, "read": {"device_start": 1585619960.2360926, "device_end": 1585619960.2361145}}, "FFC_sans_bias15": {"write": {"device_start": -1, "host_queued_start": 1585620026.569193, "device_queued": -1, "device_end": -1, "host_queued_end": 1585620026.574185}, "device": "gpu", "nd_range": {"device_start": 1585619960.2321415, "device_end": 1585619960.2331421}, "cmdq": 2, "read": {"device_start": -1, "device_end": -1}}, "FFC_sans_bias31": {"write": {"device_start": -1, "host_queued_start": 1585620026.567576, "device_queued": -1, "device_end": -1, "host_queued_end": 1585620026.574185}, "device": "gpu", "nd_range": {"device_start": 1585619960.2305055, "device_end": 1585619960.2318888}, "cmdq": 2, "read": {"device_start": -1, "device_end": -1}}, "FFC_sans_bias16": {"write": {"device_start": 1585619960.233831, "host_queued_start": 1585620026.571999, "device_queued": 1585619960.2259865, "device_end": 1585619960.2338612, "host_queued_end": 1585620026.574185}, "device": "gpu", "nd_range": {"device_start": 1585619960.2338758, "device_end": 1585619960.2351203}, "cmdq": 0, "read": {"device_start": 1585619960.2351267, "device_end": 1585619960.2351496}}, "FFC_sans_bias19": {"write": {"device_start": 1585619960.2266254, "host_queued_start": 1585620026.56086, "device_queued": 1585619960.2244925, "device_end": 1585619960.226657, "host_queued_end": 1585620026.574185}, "device": "gpu", "nd_range": {"device_start": 1585619960.2266603, "device_end": 1585619960.2280025}, "cmdq": 2, "read": {"device_start": -1, "device_end": -1}}, "FFC_sans_bias18": {"write": {"device_start": 1585619960.2260878, "host_queued_start": 1585620026.559822, "device_queued": 1585619960.224464, "device_end": 1585619960.2261147, "host_queued_end": 1585620026.574185}, "device": "gpu", "nd_range": {"device_start": 1585619960.2261245, "device_end": 1585619960.2274776}, "cmdq": 1, "read": {"device_start": -1, "device_end": -1}}, "coalesced_transpose30": {"write": {"device_start": -1, "host_queued_start": 1585620026.566282, "device_queued": -1, "device_end": -1, "host_queued_end": 1585620026.574185}, "device": "gpu", "nd_range": {"device_start": 1585619960.2298043, "device_end": 1585619960.2298236}, "cmdq": 1, "read": {"device_start": -1, "device_end": -1}}, "empty26": {"write": {"device_start": 1585619960.2237482, "host_queued_start": 1585620026.55158, "device_queued": 1585619960.2235641, "device_end": 1585619960.2238054, "host_queued_end": 1585620026.574185}, "device": "gpu", "nd_range": {"device_start": 1585619960.2238095, "device_end": 1585619960.2238169}, "cmdq": 2, "read": {"device_start": -1, "device_end": -1}}, "coalesced_transpose12": {"write": {"device_start": -1, "host_queued_start": 1585620026.565685, "device_queued": -1, "device_end": -1, "host_queued_end": 1585620026.574185}, "device": "gpu", "nd_range": {"device_start": 1585619960.229411, "device_end": 1585619960.2298071}, "cmdq": 2, "read": {"device_start": -1, "device_end": -1}}, "coalesced_transpose21": {"write": {"device_start": -1, "host_queued_start": 1585620026.565984, "device_queued": -1, "device_end": -1, "host_queued_end": 1585620026.574185}, "device": "gpu", "nd_range": {"device_start": 1585619960.229881, "device_end": 1585619960.2298954}, "cmdq": 0, "read": {"device_start": -1, "device_end": -1}}, "softmax14": {"write": {"device_start": -1, "host_queued_start": 1585620026.568078, "device_queued": -1, "device_end": -1, "host_queued_end": 1585620026.574185}, "device": "gpu", "nd_range": {"device_start": 1585619960.2314892, "device_end": 1585619960.232128}, "cmdq": 1, "read": {"device_start": -1, "device_end": -1}}, "FFC_sans_bias13": {"write": {"device_start": -1, "host_queued_start": 1585620026.566945, "device_queued": -1,