{"FFC_sans_bias4": {"write": {"device_start": -1, "host_queued_start": 1585620012.99868, "device_queued": -1, "device_end": -1, "host_queued_end": 1585620013.008705}, "device": "gpu", "nd_range": {"device_start": 1585619946.6656103, "device_end": 1585619946.666215}, "cmdq": 2, "read": {"device_start": -1, "device_end": -1}}, "FFC_sans_bias7": {"write": {"device_start": 1585619946.6691759, "host_queued_start": 1585620013.004888, "device_queued": 1585619946.6606905, "device_end": 1585619946.6692066, "host_queued_end": 1585620013.008705}, "device": "gpu", "nd_range": {"device_start": 1585619946.6692214, "device_end": 1585619946.6708493}, "cmdq": 2, "read": {"device_start": 1585619946.6708548, "device_end": 1585619946.6708784}}, "FFC_sans_bias6": {"write": {"device_start": -1, "host_queued_start": 1585620013.001062, "device_queued": -1, "device_end": -1, "host_queued_end": 1585620013.008705}, "device": "gpu", "nd_range": {"device_start": 1585619946.6679256, "device_end": 1585619946.6686697}, "cmdq": 1, "read": {"device_start": -1, "device_end": -1}}, "FFC_sans_bias1": {"write": {"device_start": 1585619946.6590874, "host_queued_start": 1585620012.98641, "device_queued": 1585619946.6589005, "device_end": 1585619946.6591206, "host_queued_end": 1585620013.008705}, "device": "gpu", "nd_range": {"device_start": 1585619946.6591492, "device_end": 1585619946.660152}, "cmdq": 2, "read": {"device_start": -1, "device_end": -1}}, "FFC_sans_bias0": {"write": {"device_start": 1585619946.6590078, "host_queued_start": 1585620012.985348, "device_queued": 1585619946.6588774, "device_end": 1585619946.6590803, "host_queued_end": 1585620013.008705}, "device": "gpu", "nd_range": {"device_start": 1585619946.6591456, "device_end": 1585619946.659752}, "cmdq": 1, "read": {"device_start": -1, "device_end": -1}}, "FFC_sans_bias2": {"write": {"device_start": 1585619946.65923, "host_queued_start": 1585620012.987517, "device_queued": 1585619946.65914, "device_end": 1585619946.6592548, "host_queued_end": 1585620013.008705}, "device": "gpu", "nd_range": {"device_start": 1585619946.659264, "device_end": 1585619946.6608474}, "cmdq": 0, "read": {"device_start": -1, "device_end": -1}}, "FFC_sans_bias9": {"write": {"device_start": 1585619946.6598399, "host_queued_start": 1585620012.988567, "device_queued": 1585619946.6591907, "device_end": 1585619946.6598651, "host_queued_end": 1585620013.008705}, "device": "gpu", "nd_range": {"device_start": 1585619946.65987, "device_end": 1585619946.6612449}, "cmdq": 1, "read": {"device_start": -1, "device_end": -1}}, "softmax23": {"write": {"device_start": -1, "host_queued_start": 1585620013.00042, "device_queued": -1, "device_end": -1, "host_queued_end": 1585620013.008705}, "device": "gpu", "nd_range": {"device_start": 1585619946.6677132, "device_end": 1585619946.6679292}, "cmdq": 2, "read": {"device_start": -1, "device_end": -1}}, "FFC_sans_bias11": {"write": {"device_start": 1585619946.660953, "host_queued_start": 1585620012.990696, "device_queued": 1585619946.659405, "device_end": 1585619946.660986, "host_queued_end": 1585620013.008705}, "device": "gpu", "nd_range": {"device_start": 1585619946.6609902, "device_end": 1585619946.6623397}, "cmdq": 0, "read": {"device_start": -1, "device_end": -1}}, "FFC_sans_bias10": {"write": {"device_start": 1585619946.6602566, "host_queued_start": 1585620012.989613, "device_queued": 1585619946.659209, "device_end": 1585619946.6602795, "host_queued_end": 1585620013.008705}, "device": "gpu", "nd_range": {"device_start": 1585619946.660442, "device_end": 1585619946.6619368}, "cmdq": 2, "read": {"device_start": -1, "device_end": -1}}, "coalesced_transpose3": {"write": {"device_start": -1, "host_queued_start": 1585620012.997409, "device_queued": -1, "device_end": -1, "host_queued_end": 1585620013.008705}, "device": "gpu", "nd_range": {"device_start": 1585619946.6645322, "device_end": 1585619946.6653383}, "cmdq": 1, "read": {"device_start": -1, "device_end": -1}}, "FFC_sans_bias34": {"write": {"device_start": 1585619946.6710224, "host_queued_start": 1585620013.008589, "device_queued": 1585619946.6610851, "device_end": 1585619946.6710534, "host_queued_end": 1585620013.008705}, "device": "gpu", "nd_range": {"device_start": 1585619946.6710608, "device_end": 1585619946.6723363}, "cmdq": 2, "read": {"device_start": 1585619946.6723452, "device_end": 1585619946.672367}}, "FFC_sans_bias15": {"write": {"device_start": -1, "host_queued_start": 1585620013.001518, "device_queued": -1, "device_end": -1, "host_queued_end": 1585620013.008705}, "device": "gpu", "nd_range": {"device_start": 1585619946.667936, "device_end": 1585619946.6690753}, "cmdq": 2, "read": {"device_start": -1, "device_end": -1}}, "FFC_sans_bias31": {"write": {"device_start": -1, "host_queued_start": 1585620012.999632, "device_queued": -1, "device_end": -1, "host_queued_end": 1585620013.008705}, "device": "gpu", "nd_range": {"device_start": 1585619946.6662211, "device_end": 1585619946.6677065}, "cmdq": 2, "read": {"device_start": -1, "device_end": -1}}, "FFC_sans_bias16": {"write": {"device_start": 1585619946.6698706, "host_queued_start": 1585620013.006235, "device_queued": 1585619946.6608534, "device_end": 1585619946.669902, "host_queued_end": 1585620013.008705}, "device": "gpu", "nd_range": {"device_start": 1585619946.6699088, "device_end": 1585619946.671257}, "cmdq": 0, "read": {"device_start": 1585619946.6712582, "device_end": 1585619946.6712818}}, "FFC_sans_bias19": {"write": {"device_start": 1585619946.6620173, "host_queued_start": 1585620012.992805, "device_queued": 1585619946.6595795, "device_end": 1585619946.6620448, "host_queued_end": 1585620013.008705}, "device": "gpu", "nd_range": {"device_start": 1585619946.6620486, "device_end": 1585619946.663436}, "cmdq": 2, "read": {"device_start": -1, "device_end": -1}}, "FFC_sans_bias18": {"write": {"device_start": 1585619946.6613302, "host_queued_start": 1585620012.991756, "device_queued": 1585619946.6595502, "device_end": 1585619946.6613576, "host_queued_end": 1585620013.008705}, "device": "gpu", "nd_range": {"device_start": 1585619946.66136, "device_end": 1585619946.6630259}, "cmdq": 1, "read": {"device_start": -1, "device_end": -1}}, "coalesced_transpose30": {"write": {"device_start": -1, "host_queued_start": 1585620012.998332, "device_queued": -1, "device_end": -1, "host_queued_end": 1585620013.008705}, "device": "gpu", "nd_range": {"device_start": 1585619946.6653454, "device_end": 1585619946.6655893}, "cmdq": 1, "read": {"device_start": -1, "device_end": -1}}, "empty26": {"write": {"device_start": 1585619946.6588113, "host_queued_start": 1585620012.983522, "device_queued": 1585619946.658598, "device_end": 1585619946.6588602, "host_queued_end": 1585620013.008705}, "device": "gpu", "nd_range": {"device_start": 1585619946.658973, "device_end": 1585619946.658978}, "cmdq": 2, "read": {"device_start": -1, "device_end": -1}}, "coalesced_transpose12": {"write": {"device_start": -1, "host_queued_start": 1585620012.997722, "device_queued": -1, "device_end": -1, "host_queued_end": 1585620013.008705}, "device": "gpu", "nd_range": {"device_start": 1585619946.6650977, "device_end": 1585619946.665348}, "cmdq": 2, "read": {"device_start": -1, "device_end": -1}}, "coalesced_transpose21": {"write": {"device_start": -1, "host_queued_start": 1585620012.998029, "device_queued": -1, "device_end": -1, "host_queued_end": 1585620013.008705}, "device": "gpu", "nd_range": {"device_start": 1585619946.6655984, "device_end": 1585619946.6656134}, "cmdq": 0, "read": {"device_start": -1, "device_end": -1}}, "softmax14": {"write": {"device_start": -1, "host_queued_start": 1585620013.000157, "device_queued": -1, "device_end": -1, "host_queued_end": 1585620013.008705}, "device": "gpu", "nd_range": {"device_start": 1585619946.667317, "device_end": 1585619946.6679196}, "cmdq": 1, "read": {"device_start": -1, "device_end": -1}}, "FFC_sans_bias13": {"write": {"device_start": -1, "host_queued_start": 1585620012.999005, "device_queued": -1,