{"FFC_sans_bias4": {"write": {"device_start": -1, "host_queued_start": 1585620568.321159, "device_queued": -1, "device_end": -1, "host_queued_end": 1585620568.322927}, "device": "cpu", "nd_range": {"device_start": 2288342.524345661, "device_end": 2288342.5288103903}, "cmdq": 1, "read": {"device_start": -1, "device_end": -1}}, "FFC_sans_bias7": {"write": {"device_start": -1, "host_queued_start": 1585620568.32288, "device_queued": -1, "device_end": -1, "host_queued_end": 1585620568.322927}, "device": "cpu", "nd_range": {"device_start": 2288342.53363231, "device_end": 2288342.5383831533}, "cmdq": 0, "read": {"device_start": -1, "device_end": -1}}, "FFC_sans_bias6": {"write": {"device_start": -1, "host_queued_start": 1585620568.321785, "device_queued": -1, "device_end": -1, "host_queued_end": 1585620568.322927}, "device": "cpu", "nd_range": {"device_start": 2288342.5291601443, "device_end": 2288342.533595918}, "cmdq": 3, "read": {"device_start": -1, "device_end": -1}}, "FFC_sans_bias1": {"write": {"device_start": -1, "host_queued_start": 1585620568.319239, "device_queued": -1, "device_end": -1, "host_queued_end": 1585620568.322927}, "device": "cpu", "nd_range": {"device_start": 2288342.512538658, "device_end": 2288342.52042377}, "cmdq": 2, "read": {"device_start": -1, "device_end": -1}}, "FFC_sans_bias0": {"write": {"device_start": -1, "host_queued_start": 1585620568.317922, "device_queued": -1, "device_end": -1, "host_queued_end": 1585620568.322927}, "device": "cpu", "nd_range": {"device_start": 2288342.512528106, "device_end": 2288342.524180881}, "cmdq": 1, "read": {"device_start": -1, "device_end": -1}}, "FFC_sans_bias2": {"write": {"device_start": -1, "host_queued_start": 1585620568.320448, "device_queued": -1, "device_end": -1, "host_queued_end": 1585620568.322927}, "device": "cpu", "nd_range": {"device_start": 2288342.512543903, "device_end": 2288342.525455013}, "cmdq": 3, "read": {"device_start": -1, "device_end": -1}}, "FFC_sans_bias9": {"write": {"device_start": 1585620501.9503021, "host_queued_start": 1585620568.294185, "device_queued": 1585620501.950187, "device_end": 1585620501.9503636, "host_queued_end": 1585620568.315155}, "device": "gpu", "nd_range": {"device_start": 1585620501.9503694, "device_end": 1585620501.950977}, "cmdq": 4, "read": {"device_start": -1, "device_end": -1}}, "coalesced_transpose39": {"write": {"device_start": -1, "host_queued_start": 1585620568.307234, "device_queued": -1, "device_end": -1, "host_queued_end": 1585620568.315155}, "device": "gpu", "nd_range": {"device_start": 1585620501.9557765, "device_end": 1585620501.9561806}, "cmdq": 4, "read": {"device_start": -1, "device_end": -1}}, "softmax23": {"write": {"device_start": -1, "host_queued_start": 1585620568.309031, "device_queued": -1, "device_end": -1, "host_queued_end": 1585620568.315155}, "device": "gpu", "nd_range": {"device_start": 1585620501.9572694, "device_end": 1585620501.958638}, "cmdq": 0, "read": {"device_start": -1, "device_end": -1}}, "FFC_sans_bias37": {"write": {"device_start": 1585620501.9534745, "host_queued_start": 1585620568.30492, "device_queued": 1585620501.9511788, "device_end": 1585620501.9535117, "host_queued_end": 1585620568.315155}, "device": "gpu", "nd_range": {"device_start": 1585620501.9535208, "device_end": 1585620501.9557748}, "cmdq": 4, "read": {"device_start": -1, "device_end": -1}}, "softmax41": {"write": {"device_start": -1, "host_queued_start": 1585620568.309529, "device_queued": -1, "device_end": -1, "host_queued_end": 1585620568.315155}, "device": "gpu", "nd_range": {"device_start": 1585620501.9582522, "device_end": 1585620501.9584618}, "cmdq": 2, "read": {"device_start": -1, "device_end": -1}}, "FFC_sans_bias11": {"write": {"device_start": 1585620501.9505656, "host_queued_start": 1585620568.296351, "device_queued": 1585620501.950461, "device_end": 1585620501.9506254, "host_queued_end": 1585620568.315155}, "device": "gpu", "nd_range": {"device_start": 1585620501.9507263, "device_end": 1585620501.9519258}, "cmdq": 1, "read": {"device_start": -1, "device_end": -1}}, "FFC_sans_bias10": {"write": {"device_start": 1585620501.9503965, "host_queued_start": 1585620568.295307, "device_queued": 1585620501.9503024, "device_end": 1585620501.9504294, "host_queued_end": 1585620568.315155}, "device": "gpu", "nd_range": {"device_start": 1585620501.950432, "device_end": 1585620501.951385}, "cmdq": 0, "read": {"device_start": -1, "device_end": -1}}, "coalesced_transpose3": {"write": {"device_start": -1, "host_queued_start": 1585620568.320813, "device_queued": -1, "device_end": -1, "host_queued_end": 1585620568.322927}, "device": "cpu", "nd_range": {"device_start": 2288342.520435092, "device_end": 2288342.520673919}, "cmdq": 0, "read": {"device_start": -1, "device_end": -1}}, "FFC_sans_bias34": {"write": {"device_start": 1585620501.9689171, "host_queued_start": 1585620568.313985, "device_queued": 1585620501.9523757, "device_end": 1585620501.9689708, "host_queued_end": 1585620568.315155}, "device": "gpu", "nd_range": {"device_start": 1585620501.9689817, "device_end": 1585620501.9703996}, "cmdq": 4, "read": {"device_start": 1585620501.9704092, "device_end": 1585620501.9704313}}, "FFC_sans_bias15": {"write": {"device_start": -1, "host_queued_start": 1585620568.309846, "device_queued": -1, "device_end": -1, "host_queued_end": 1585620568.315155}, "device": "gpu", "nd_range": {"device_start": 1585620501.958662, "device_end": 1585620501.9602234}, "cmdq": 3, "read": {"device_start": -1, "device_end": -1}}, "FFC_sans_bias31": {"write": {"device_start": -1, "host_queued_start": 1585620568.308195, "device_queued": -1, "device_end": -1, "host_queued_end": 1585620568.315155}, "device": "gpu", "nd_range": {"device_start": 1585620501.9562676, "device_end": 1585620501.9578295}, "cmdq": 2, "read": {"device_start": -1, "device_end": -1}}, "FFC_sans_bias16": {"write": {"device_start": 1585620501.9687397, "host_queued_start": 1585620568.311863, "device_queued": 1585620501.952245, "device_end": 1585620501.968808, "host_queued_end": 1585620568.315155}, "device": "gpu", "nd_range": {"device_start": 1585620501.9688246, "device_end": 1585620501.9694316}, "cmdq": 2, "read": {"device_start": 1585620501.9694362, "device_end": 1585620501.9694593}}, "FFC_sans_bias19": {"write": {"device_start": 1585620501.9507418, "host_queued_start": 1585620568.298452, "device_queued": 1585620501.9505024, "device_end": 1585620501.9507668, "host_queued_end": 1585620568.315155}, "device": "gpu", "nd_range": {"device_start": 1585620501.9507706, "device_end": 1585620501.9528885}, "cmdq": 3, "read": {"device_start": -1, "device_end": -1}}, "FFC_sans_bias18": {"write": {"device_start": 1585620501.9506574, "host_queued_start": 1585620568.297389, "device_queued": 1585620501.9504883, "device_end": 1585620501.950727, "host_queued_end": 1585620568.315155}, "device": "gpu", "nd_range": {"device_start": 1585620501.9507349, "device_end": 1585620501.952379}, "cmdq": 2, "read": {"device_start": -1, "device_end": -1}}, "coalesced_transpose30": {"write": {"device_start": -1, "host_queued_start": 1585620568.306936, "device_queued": -1, "device_end": -1, "host_queued_end": 1585620568.315155}, "device": "gpu", "nd_range": {"device_start": 1585620501.95535, "device_end": 1585620501.956178}, "cmdq": 3, "read": {"device_start": -1, "device_end": -1}}, "FFC_sans_bias38": {"write": {"device_start": 1585620501.9539268, "host_queued_start": 1585620568.305969, "device_queued": 1585620501.9513793, "device_end": 1585620501.9539583, "host_queued_end": 1585620568.315155}, "device": "gpu", "nd_range": {"device_start": 1585620501.9539704, "device_end": 1585620501.9562368}, "cmdq": 0, "read": {"device_start": -1, "device_end": -1}}, "empty26": {"write": {"device_start": 1585620501.9500155, "host_queued_start": 1585620568.291495, "device_queued": 1585620501.9498863, "device_end": 1585620501.9500732, "host_queued_end": 1585620568.315155}, "device": "gpu", "nd_range": {"device_start": 1585620501.950238,