{"FFC_sans_bias4": {"write": {"device_start": -1, "host_queued_start": 1585620319.931809, "device_queued": -1, "device_end": -1, "host_queued_end": 1585620319.941235}, "device": "gpu", "nd_range": {"device_start": 1585620253.5906887, "device_end": 1585620253.5916898}, "cmdq": 1, "read": {"device_start": -1, "device_end": -1}}, "FFC_sans_bias7": {"write": {"device_start": 1585620253.5952473, "host_queued_start": 1585620319.936921, "device_queued": 1585620253.5856571, "device_end": 1585620253.5952785, "host_queued_end": 1585620319.941235}, "device": "gpu", "nd_range": {"device_start": 1585620253.5952873, "device_end": 1585620253.5960984}, "cmdq": 0, "read": {"device_start": 1585620253.5961037, "device_end": 1585620253.5961285}}, "FFC_sans_bias6": {"write": {"device_start": -1, "host_queued_start": 1585620319.934628, "device_queued": -1, "device_end": -1, "host_queued_end": 1585620319.941235}, "device": "gpu", "nd_range": {"device_start": 1585620253.5936975, "device_end": 1585620253.594553}, "cmdq": 1, "read": {"device_start": -1, "device_end": -1}}, "FFC_sans_bias1": {"write": {"device_start": 1585620253.5833304, "host_queued_start": 1585620319.915968, "device_queued": 1585620253.5831409, "device_end": 1585620253.58336, "host_queued_end": 1585620319.941235}, "device": "gpu", "nd_range": {"device_start": 1585620253.5833638, "device_end": 1585620253.5843}, "cmdq": 0, "read": {"device_start": -1, "device_end": -1}}, "FFC_sans_bias0": {"write": {"device_start": 1585620253.5832305, "host_queued_start": 1585620319.914919, "device_queued": 1585620253.5831008, "device_end": 1585620253.5832858, "host_queued_end": 1585620319.941235}, "device": "gpu", "nd_range": {"device_start": 1585620253.5832896, "device_end": 1585620253.5838933}, "cmdq": 1, "read": {"device_start": -1, "device_end": -1}}, "FFC_sans_bias2": {"write": {"device_start": 1585620253.5840342, "host_queued_start": 1585620319.917036, "device_queued": 1585620253.5833552, "device_end": 1585620253.58406, "host_queued_end": 1585620319.941235}, "device": "gpu", "nd_range": {"device_start": 1585620253.5840693, "device_end": 1585620253.584864}, "cmdq": 1, "read": {"device_start": -1, "device_end": -1}}, "FFC_sans_bias9": {"write": {"device_start": 1585620253.5844142, "host_queued_start": 1585620319.918109, "device_queued": 1585620253.5834057, "device_end": 1585620253.5844455, "host_queued_end": 1585620319.941235}, "device": "gpu", "nd_range": {"device_start": 1585620253.5844483, "device_end": 1585620253.585286}, "cmdq": 0, "read": {"device_start": -1, "device_end": -1}}, "coalesced_transpose39": {"write": {"device_start": -1, "host_queued_start": 1585620319.931496, "device_queued": -1, "device_end": -1, "host_queued_end": 1585620319.941235}, "device": "gpu", "nd_range": {"device_start": 1585620253.5905313, "device_end": 1585620253.590552}, "cmdq": 0, "read": {"device_start": -1, "device_end": -1}}, "softmax23": {"write": {"device_start": -1, "host_queued_start": 1585620319.933819, "device_queued": -1, "device_end": -1, "host_queued_end": 1585620319.941235}, "device": "gpu", "nd_range": {"device_start": 1585620253.592779, "device_end": 1585620253.5933397}, "cmdq": 0, "read": {"device_start": -1, "device_end": -1}}, "FFC_sans_bias37": {"write": {"device_start": 1585620253.589349, "host_queued_start": 1585620319.928895, "device_queued": 1585620253.5844848, "device_end": 1585620253.5893812, "host_queued_end": 1585620319.941235}, "device": "gpu", "nd_range": {"device_start": 1585620253.5893874, "device_end": 1585620253.5901656}, "cmdq": 0, "read": {"device_start": -1, "device_end": -1}}, "softmax41": {"write": {"device_start": -1, "host_queued_start": 1585620319.934313, "device_queued": -1, "device_end": -1, "host_queued_end": 1585620319.941235}, "device": "gpu", "nd_range": {"device_start": 1585620253.5933466, "device_end": 1585620253.5935395}, "cmdq": 0, "read": {"device_start": -1, "device_end": -1}}, "FFC_sans_bias11": {"write": {"device_start": 1585620253.585419, "host_queued_start": 1585620319.920231, "device_queued": 1585620253.583579, "device_end": 1585620253.585445, "host_queued_end": 1585620319.941235}, "device": "gpu", "nd_range": {"device_start": 1585620253.5854485, "device_end": 1585620253.5862923}, "cmdq": 0, "read": {"device_start": -1, "device_end": -1}}, "FFC_sans_bias10": {"write": {"device_start": 1585620253.5849943, "host_queued_start": 1585620319.91918, "device_queued": 1585620253.5835376, "device_end": 1585620253.5850215, "host_queued_end": 1585620319.941235}, "device": "gpu", "nd_range": {"device_start": 1585620253.5850263, "device_end": 1585620253.5858233}, "cmdq": 1, "read": {"device_start": -1, "device_end": -1}}, "coalesced_transpose3": {"write": {"device_start": -1, "host_queued_start": 1585620319.930275, "device_queued": -1, "device_end": -1, "host_queued_end": 1585620319.941235}, "device": "gpu", "nd_range": {"device_start": 1585620253.5901678, "device_end": 1585620253.5905097}, "cmdq": 0, "read": {"device_start": -1, "device_end": -1}}, "FFC_sans_bias34": {"write": {"device_start": 1585620253.5977235, "host_queued_start": 1585620319.940086, "device_queued": 1585620253.5861228, "device_end": 1585620253.5977478, "host_queued_end": 1585620319.941235}, "device": "gpu", "nd_range": {"device_start": 1585620253.597756, "device_end": 1585620253.5984616}, "cmdq": 1, "read": {"device_start": 1585620253.59847, "device_end": 1585620253.5984921}}, "FFC_sans_bias15": {"write": {"device_start": -1, "host_queued_start": 1585620319.934945, "device_queued": -1, "device_end": -1, "host_queued_end": 1585620319.941235}, "device": "gpu", "nd_range": {"device_start": 1585620253.5935466, "device_end": 1585620253.594151}, "cmdq": 0, "read": {"device_start": -1, "device_end": -1}}, "FFC_sans_bias31": {"write": {"device_start": -1, "host_queued_start": 1585620319.932761, "device_queued": -1, "device_end": -1, "host_queued_end": 1585620319.941235}, "device": "gpu", "nd_range": {"device_start": 1585620253.5912895, "device_end": 1585620253.5922623}, "cmdq": 0, "read": {"device_start": -1, "device_end": -1}}, "FFC_sans_bias16": {"write": {"device_start": 1585620253.596658, "host_queued_start": 1585620319.937997, "device_queued": 1585620253.5857978, "device_end": 1585620253.5966895, "host_queued_end": 1585620319.941235}, "device": "gpu", "nd_range": {"device_start": 1585620253.596705, "device_end": 1585620253.5975194}, "cmdq": 1, "read": {"device_start": 1585620253.597521, "device_end": 1585620253.5975451}}, "FFC_sans_bias19": {"write": {"device_start": 1585620253.5864275, "host_queued_start": 1585620319.922306, "device_queued": 1585620253.5837698, "device_end": 1585620253.586462, "host_queued_end": 1585620319.941235}, "device": "gpu", "nd_range": {"device_start": 1585620253.5864682, "device_end": 1585620253.5872865}, "cmdq": 0, "read": {"device_start": -1, "device_end": -1}}, "FFC_sans_bias18": {"write": {"device_start": 1585620253.585967, "host_queued_start": 1585620319.921265, "device_queued": 1585620253.5837276, "device_end": 1585620253.586, "host_queued_end": 1585620319.941235}, "device": "gpu", "nd_range": {"device_start": 1585620253.5860043, "device_end": 1585620253.5867639}, "cmdq": 1, "read": {"device_start": -1, "device_end": -1}}, "coalesced_transpose30": {"write": {"device_start": -1, "host_queued_start": 1585620319.9312, "device_queued": -1, "device_end": -1, "host_queued_end": 1585620319.941235}, "device": "gpu", "nd_range": {"device_start": 1585620253.5906646, "device_end": 1585620253.5906792}, "cmdq": 1, "read": {"device_start": -1, "device_end": -1}}, "FFC_sans_bias38": {"write": {"device_start": 1585620253.5898156, "host_queued_start": 1585620319.929939, "device_queued": 1585620253.584635, "device_end": 1585620253.589841, "host_queued_end": 1585620319.941235}, "device": "gpu", "nd_range": {"device_start": 1585620253.5898452, "device_end": 1585620253.590651}, "cmdq": 1, "read": {"device_start": -1, "device_end": -1}}, "empty26": {"write": {"device_start": 1585620253.5828784,