{"FFC_sans_bias4": {"write": {"device_start": -1, "host_queued_start": 1585620257.113495, "device_queued": -1, "device_end": -1, "host_queued_end": 1585620257.115443}, "device": "cpu", "nd_range": {"device_start": 2288031.3135548052, "device_end": 2288031.3212705483}, "cmdq": 0, "read": {"device_start": -1, "device_end": -1}}, "FFC_sans_bias7": {"write": {"device_start": -1, "host_queued_start": 1585620257.115398, "device_queued": -1, "device_end": -1, "host_queued_end": 1585620257.115443}, "device": "cpu", "nd_range": {"device_start": 2288031.3265683632, "device_end": 2288031.330614301}, "cmdq": 3, "read": {"device_start": -1, "device_end": -1}}, "FFC_sans_bias6": {"write": {"device_start": -1, "host_queued_start": 1585620257.114175, "device_queued": -1, "device_end": -1, "host_queued_end": 1585620257.115443}, "device": "cpu", "nd_range": {"device_start": 2288031.321663894, "device_end": 2288031.3264316684}, "cmdq": 2, "read": {"device_start": -1, "device_end": -1}}, "FFC_sans_bias1": {"write": {"device_start": -1, "host_queued_start": 1585620257.111515, "device_queued": -1, "device_end": -1, "host_queued_end": 1585620257.115443}, "device": "cpu", "nd_range": {"device_start": 2288031.305059053, "device_end": 2288031.312995002}, "cmdq": 2, "read": {"device_start": -1, "device_end": -1}}, "FFC_sans_bias0": {"write": {"device_start": -1, "host_queued_start": 1585620257.110207, "device_queued": -1, "device_end": -1, "host_queued_end": 1585620257.115443}, "device": "cpu", "nd_range": {"device_start": 2288031.3050428904, "device_end": 2288031.317104564}, "cmdq": 1, "read": {"device_start": -1, "device_end": -1}}, "FFC_sans_bias2": {"write": {"device_start": -1, "host_queued_start": 1585620257.112654, "device_queued": -1, "device_end": -1, "host_queued_end": 1585620257.115443}, "device": "cpu", "nd_range": {"device_start": 2288031.3050543973, "device_end": 2288031.3194198613}, "cmdq": 3, "read": {"device_start": -1, "device_end": -1}}, "FFC_sans_bias9": {"write": {"device_start": 1585620190.751032, "host_queued_start": 1585620257.086376, "device_queued": 1585620190.7508101, "device_end": 1585620190.7510612, "host_queued_end": 1585620257.107336}, "device": "gpu", "nd_range": {"device_start": 1585620190.7510705, "device_end": 1585620190.7516696}, "cmdq": 0, "read": {"device_start": -1, "device_end": -1}}, "coalesced_transpose39": {"write": {"device_start": -1, "host_queued_start": 1585620257.099449, "device_queued": -1, "device_end": -1, "host_queued_end": 1585620257.107336}, "device": "gpu", "nd_range": {"device_start": 1585620190.7596524, "device_end": 1585620190.7596605}, "cmdq": 0, "read": {"device_start": -1, "device_end": -1}}, "softmax23": {"write": {"device_start": -1, "host_queued_start": 1585620257.101217, "device_queued": -1, "device_end": -1, "host_queued_end": 1585620257.107336}, "device": "gpu", "nd_range": {"device_start": 1585620190.7622755, "device_end": 1585620190.7624855}, "cmdq": 0, "read": {"device_start": -1, "device_end": -1}}, "FFC_sans_bias37": {"write": {"device_start": 1585620190.7582855, "host_queued_start": 1585620257.097142, "device_queued": 1585620190.7518406, "device_end": 1585620190.758314, "host_queued_end": 1585620257.107336}, "device": "gpu", "nd_range": {"device_start": 1585620190.7583232, "device_end": 1585620190.758921}, "cmdq": 0, "read": {"device_start": -1, "device_end": -1}}, "softmax41": {"write": {"device_start": -1, "host_queued_start": 1585620257.101728, "device_queued": -1, "device_end": -1, "host_queued_end": 1585620257.107336}, "device": "gpu", "nd_range": {"device_start": 1585620190.7626982, "device_end": 1585620190.7629087}, "cmdq": 0, "read": {"device_start": -1, "device_end": -1}}, "FFC_sans_bias11": {"write": {"device_start": 1585620190.7524729, "host_queued_start": 1585620257.08852, "device_queued": 1585620190.751117, "device_end": 1585620190.752503, "host_queued_end": 1585620257.107336}, "device": "gpu", "nd_range": {"device_start": 1585620190.7525055, "device_end": 1585620190.7530923}, "cmdq": 0, "read": {"device_start": -1, "device_end": -1}}, "FFC_sans_bias10": {"write": {"device_start": 1585620190.7517388, "host_queued_start": 1585620257.087464, "device_queued": 1585620190.7508647, "device_end": 1585620190.751762, "host_queued_end": 1585620257.107336}, "device": "gpu", "nd_range": {"device_start": 1585620190.7517707, "device_end": 1585620190.7523682}, "cmdq": 0, "read": {"device_start": -1, "device_end": -1}}, "coalesced_transpose3": {"write": {"device_start": -1, "host_queued_start": 1585620257.113121, "device_queued": -1, "device_end": -1, "host_queued_end": 1585620257.115443}, "device": "cpu", "nd_range": {"device_start": 2288031.3131944654, "device_end": 2288031.313439929}, "cmdq": 4, "read": {"device_start": -1, "device_end": -1}}, "FFC_sans_bias34": {"write": {"device_start": 1585620190.7669716, "host_queued_start": 1585620257.106168, "device_queued": 1585620190.7529685, "device_end": 1585620190.7669957, "host_queued_end": 1585620257.107336}, "device": "gpu", "nd_range": {"device_start": 1585620190.7669985, "device_end": 1585620190.7675967}, "cmdq": 0, "read": {"device_start": 1585620190.767604, "device_end": 1585620190.7676268}}, "FFC_sans_bias15": {"write": {"device_start": -1, "host_queued_start": 1585620257.102038, "device_queued": -1, "device_end": -1, "host_queued_end": 1585620257.107336}, "device": "gpu", "nd_range": {"device_start": 1585620190.76291, "device_end": 1585620190.7635102}, "cmdq": 0, "read": {"device_start": -1, "device_end": -1}}, "FFC_sans_bias31": {"write": {"device_start": -1, "host_queued_start": 1585620257.100407, "device_queued": -1, "device_end": -1, "host_queued_end": 1585620257.107336}, "device": "gpu", "nd_range": {"device_start": 1585620190.7608638, "device_end": 1585620190.761463}, "cmdq": 0, "read": {"device_start": -1, "device_end": -1}}, "FFC_sans_bias16": {"write": {"device_start": 1585620190.7653825, "host_queued_start": 1585620257.104046, "device_queued": 1585620190.7527301, "device_end": 1585620190.7654057, "host_queued_end": 1585620257.107336}, "device": "gpu", "nd_range": {"device_start": 1585620190.7654107, "device_end": 1585620190.7660058}, "cmdq": 0, "read": {"device_start": 1585620190.7660081, "device_end": 1585620190.7660358}}, "FFC_sans_bias19": {"write": {"device_start": 1585620190.753873, "host_queued_start": 1585620257.090639, "device_queued": 1585620190.751295, "device_end": 1585620190.753896, "host_queued_end": 1585620257.107336}, "device": "gpu", "nd_range": {"device_start": 1585620190.7539012, "device_end": 1585620190.7544873}, "cmdq": 0, "read": {"device_start": -1, "device_end": -1}}, "FFC_sans_bias18": {"write": {"device_start": 1585620190.753164, "host_queued_start": 1585620257.089566, "device_queued": 1585620190.7511694, "device_end": 1585620190.7531884, "host_queued_end": 1585620257.107336}, "device": "gpu", "nd_range": {"device_start": 1585620190.7531915, "device_end": 1585620190.7537918}, "cmdq": 0, "read": {"device_start": -1, "device_end": -1}}, "coalesced_transpose30": {"write": {"device_start": -1, "host_queued_start": 1585620257.099142, "device_queued": -1, "device_end": -1, "host_queued_end": 1585620257.107336}, "device": "gpu", "nd_range": {"device_start": 1585620190.759643, "device_end": 1585620190.7596512}, "cmdq": 0, "read": {"device_start": -1, "device_end": -1}}, "FFC_sans_bias38": {"write": {"device_start": 1585620190.7589958, "host_queued_start": 1585620257.098186, "device_queued": 1585620190.7518826, "device_end": 1585620190.7590191, "host_queued_end": 1585620257.107336}, "device": "gpu", "nd_range": {"device_start": 1585620190.7590241, "device_end": 1585620190.7596228}, "cmdq": 0, "read": {"device_start": -1, "device_end": -1}}, "empty26": {"write": {"device_start": 1585620190.7506154, "host_queued_start": 1585620257.083727, "device_queued": 1585620190.7504683, "device_end": 1585620190.7506404, "host_queued_end": 1585620257.107336}, "device": "gpu", "nd_range": {"device_start": 1585620190.7506456,