{"FFC_sans_bias4": {"write": {"device_start": -1, "host_queued_start": 1585620401.855696, "device_queued": -1, "device_end": -1, "host_queued_end": 1585620401.8652}, "device": "gpu", "nd_range": {"device_start": 1585620335.5123746, "device_end": 1585620335.5133762}, "cmdq": 1, "read": {"device_start": -1, "device_end": -1}}, "FFC_sans_bias7": {"write": {"device_start": 1585620335.5163016, "host_queued_start": 1585620401.860888, "device_queued": 1585620335.5078244, "device_end": 1585620335.5163312, "host_queued_end": 1585620401.8652}, "device": "gpu", "nd_range": {"device_start": 1585620335.5163383, "device_end": 1585620335.5177016}, "cmdq": 1, "read": {"device_start": 1585620335.5177052, "device_end": 1585620335.5177352}}, "FFC_sans_bias6": {"write": {"device_start": -1, "host_queued_start": 1585620401.858555, "device_queued": -1, "device_end": -1, "host_queued_end": 1585620401.8652}, "device": "gpu", "nd_range": {"device_start": 1585620335.5151591, "device_end": 1585620335.5157576}, "cmdq": 2, "read": {"device_start": -1, "device_end": -1}}, "FFC_sans_bias1": {"write": {"device_start": 1585620335.505024, "host_queued_start": 1585620401.84, "device_queued": 1585620335.504835, "device_end": 1585620335.5050592, "host_queued_end": 1585620401.8652}, "device": "gpu", "nd_range": {"device_start": 1585620335.5050628, "device_end": 1585620335.506005}, "cmdq": 0, "read": {"device_start": -1, "device_end": -1}}, "FFC_sans_bias0": {"write": {"device_start": 1585620335.5049303, "host_queued_start": 1585620401.838954, "device_queued": 1585620335.5047712, "device_end": 1585620335.5049872, "host_queued_end": 1585620401.8652}, "device": "gpu", "nd_range": {"device_start": 1585620335.5049968, "device_end": 1585620335.5056047}, "cmdq": 2, "read": {"device_start": -1, "device_end": -1}}, "FFC_sans_bias2": {"write": {"device_start": 1585620335.505136, "host_queued_start": 1585620401.841047, "device_queued": 1585620335.5050259, "device_end": 1585620335.5051663, "host_queued_end": 1585620401.8652}, "device": "gpu", "nd_range": {"device_start": 1585620335.5051763, "device_end": 1585620335.5065866}, "cmdq": 1, "read": {"device_start": -1, "device_end": -1}}, "FFC_sans_bias9": {"write": {"device_start": 1585620335.5057163, "host_queued_start": 1585620401.842088, "device_queued": 1585620335.5050538, "device_end": 1585620335.505741, "host_queued_end": 1585620401.8652}, "device": "gpu", "nd_range": {"device_start": 1585620335.5057502, "device_end": 1585620335.5070066}, "cmdq": 2, "read": {"device_start": -1, "device_end": -1}}, "coalesced_transpose39": {"write": {"device_start": -1, "host_queued_start": 1585620401.855381, "device_queued": -1, "device_end": -1, "host_queued_end": 1585620401.8652}, "device": "gpu", "nd_range": {"device_start": 1585620335.512224, "device_end": 1585620335.512252}, "cmdq": 0, "read": {"device_start": -1, "device_end": -1}}, "softmax23": {"write": {"device_start": -1, "host_queued_start": 1585620401.857721, "device_queued": -1, "device_end": -1, "host_queued_end": 1585620401.8652}, "device": "gpu", "nd_range": {"device_start": 1585620335.514375, "device_end": 1585620335.5151525}, "cmdq": 2, "read": {"device_start": -1, "device_end": -1}}, "FFC_sans_bias37": {"write": {"device_start": 1585620335.5104978, "host_queued_start": 1585620401.852771, "device_queued": 1585620335.5062718, "device_end": 1585620335.5105226, "host_queued_end": 1585620401.8652}, "device": "gpu", "nd_range": {"device_start": 1585620335.5105267, "device_end": 1585620335.5119216}, "cmdq": 0, "read": {"device_start": -1, "device_end": -1}}, "softmax41": {"write": {"device_start": -1, "host_queued_start": 1585620401.858234, "device_queued": -1, "device_end": -1, "host_queued_end": 1585620401.8652}, "device": "gpu", "nd_range": {"device_start": 1585620335.5150592, "device_end": 1585620335.5153558}, "cmdq": 1, "read": {"device_start": -1, "device_end": -1}}, "FFC_sans_bias11": {"write": {"device_start": 1585620335.5066698, "host_queued_start": 1585620401.844216, "device_queued": 1585620335.5053058, "device_end": 1585620335.5067012, "host_queued_end": 1585620401.8652}, "device": "gpu", "nd_range": {"device_start": 1585620335.5067046, "device_end": 1585620335.5079894}, "cmdq": 1, "read": {"device_start": -1, "device_end": -1}}, "FFC_sans_bias10": {"write": {"device_start": 1585620335.5061436, "host_queued_start": 1585620401.843164, "device_queued": 1585620335.5052638, "device_end": 1585620335.5061677, "host_queued_end": 1585620401.8652}, "device": "gpu", "nd_range": {"device_start": 1585620335.5061715, "device_end": 1585620335.5075724}, "cmdq": 0, "read": {"device_start": -1, "device_end": -1}}, "coalesced_transpose3": {"write": {"device_start": -1, "host_queued_start": 1585620401.854149, "device_queued": -1, "device_end": -1, "host_queued_end": 1585620401.8652}, "device": "gpu", "nd_range": {"device_start": 1585620335.5113738, "device_end": 1585620335.5122128}, "cmdq": 2, "read": {"device_start": -1, "device_end": -1}}, "FFC_sans_bias34": {"write": {"device_start": 1585620335.518999, "host_queued_start": 1585620401.864048, "device_queued": 1585620335.5082352, "device_end": 1585620335.5190291, "host_queued_end": 1585620401.8652}, "device": "gpu", "nd_range": {"device_start": 1585620335.5190363, "device_end": 1585620335.520097}, "cmdq": 1, "read": {"device_start": 1585620335.5201066, "device_end": 1585620335.5201287}}, "FFC_sans_bias15": {"write": {"device_start": -1, "host_queued_start": 1585620401.858913, "device_queued": -1, "device_end": -1, "host_queued_end": 1585620401.8652}, "device": "gpu", "nd_range": {"device_start": 1585620335.5155318, "device_end": 1585620335.5167272}, "cmdq": 0, "read": {"device_start": -1, "device_end": -1}}, "FFC_sans_bias31": {"write": {"device_start": -1, "host_queued_start": 1585620401.856655, "device_queued": -1, "device_end": -1, "host_queued_end": 1585620401.8652}, "device": "gpu", "nd_range": {"device_start": 1585620335.5133839, "device_end": 1585620335.5148358}, "cmdq": 1, "read": {"device_start": -1, "device_end": -1}}, "FFC_sans_bias16": {"write": {"device_start": 1585620335.5172489, "host_queued_start": 1585620401.861944, "device_queued": 1585620335.5075488, "device_end": 1585620335.5172782, "host_queued_end": 1585620401.8652}, "device": "gpu", "nd_range": {"device_start": 1585620335.5172858, "device_end": 1585620335.518647}, "cmdq": 2, "read": {"device_start": 1585620335.5186484, "device_end": 1585620335.518673}}, "FFC_sans_bias19": {"write": {"device_start": 1585620335.507671, "host_queued_start": 1585620401.846317, "device_queued": 1585620335.5055072, "device_end": 1585620335.5077024, "host_queued_end": 1585620401.8652}, "device": "gpu", "nd_range": {"device_start": 1585620335.5077085, "device_end": 1585620335.5089753}, "cmdq": 0, "read": {"device_start": -1, "device_end": -1}}, "FFC_sans_bias18": {"write": {"device_start": 1585620335.5071409, "host_queued_start": 1585620401.845251, "device_queued": 1585620335.5054405, "device_end": 1585620335.507172, "host_queued_end": 1585620401.8652}, "device": "gpu", "nd_range": {"device_start": 1585620335.507179, "device_end": 1585620335.5085378}, "cmdq": 2, "read": {"device_start": -1, "device_end": -1}}, "coalesced_transpose30": {"write": {"device_start": -1, "host_queued_start": 1585620401.855083, "device_queued": -1, "device_end": -1, "host_queued_end": 1585620401.8652}, "device": "gpu", "nd_range": {"device_start": 1585620335.5122201, "device_end": 1585620335.5122366}, "cmdq": 2, "read": {"device_start": -1, "device_end": -1}}, "FFC_sans_bias38": {"write": {"device_start": 1585620335.511044, "host_queued_start": 1585620401.853815, "device_queued": 1585620335.5064182, "device_end": 1585620335.5110695, "host_queued_end": 1585620401.8652}, "device": "gpu", "nd_range": {"device_start": 1585620335.5110765, "device_end": 1585620335.5123441}, "cmdq": 1, "read": {"device_start": -1, "device_end": -1}}, "empty26": {"write": {"device_start": 1585620335.5045905, "host_queued_start": 1585620401.836271,