{"FFC_sans_bias4": {"write": {"device_start": -1, "host_queued_start": 1585620532.823994, "device_queued": -1, "device_end": -1, "host_queued_end": 1585620532.83357}, "device": "gpu", "nd_range": {"device_start": 1585620466.4771314, "device_end": 1585620466.4777555}, "cmdq": 0, "read": {"device_start": -1, "device_end": -1}}, "FFC_sans_bias7": {"write": {"device_start": 1585620466.4802983, "host_queued_start": 1585620532.829175, "device_queued": 1585620466.4722648, "device_end": 1585620466.480329, "host_queued_end": 1585620532.83357}, "device": "gpu", "nd_range": {"device_start": 1585620466.4803438, "device_end": 1585620466.4821224}, "cmdq": 0, "read": {"device_start": 1585620466.4821315, "device_end": 1585620466.4821548}}, "FFC_sans_bias6": {"write": {"device_start": -1, "host_queued_start": 1585620532.826846, "device_queued": -1, "device_end": -1, "host_queued_end": 1585620532.83357}, "device": "gpu", "nd_range": {"device_start": 1585620466.4794457, "device_end": 1585620466.4801662}, "cmdq": 0, "read": {"device_start": -1, "device_end": -1}}, "FFC_sans_bias1": {"write": {"device_start": 1585620466.4699597, "host_queued_start": 1585620532.808164, "device_queued": 1585620466.4696844, "device_end": 1585620466.4700236, "host_queued_end": 1585620532.83357}, "device": "gpu", "nd_range": {"device_start": 1585620466.470028, "device_end": 1585620466.470927}, "cmdq": 1, "read": {"device_start": -1, "device_end": -1}}, "FFC_sans_bias0": {"write": {"device_start": 1585620466.4698548, "host_queued_start": 1585620532.807106, "device_queued": 1585620466.4695976, "device_end": 1585620466.4699132, "host_queued_end": 1585620532.83357}, "device": "gpu", "nd_range": {"device_start": 1585620466.4699185, "device_end": 1585620466.4705193}, "cmdq": 0, "read": {"device_start": -1, "device_end": -1}}, "FFC_sans_bias2": {"write": {"device_start": 1585620466.470053, "host_queued_start": 1585620532.809221, "device_queued": 1585620466.4698315, "device_end": 1585620466.4701264, "host_queued_end": 1585620532.83357}, "device": "gpu", "nd_range": {"device_start": 1585620466.4701297, "device_end": 1585620466.4714801}, "cmdq": 2, "read": {"device_start": -1, "device_end": -1}}, "FFC_sans_bias9": {"write": {"device_start": 1585620466.4701557, "host_queued_start": 1585620532.810299, "device_queued": 1585620466.4698539, "device_end": 1585620466.4702044, "host_queued_end": 1585620532.83357}, "device": "gpu", "nd_range": {"device_start": 1585620466.470208, "device_end": 1585620466.4719265}, "cmdq": 3, "read": {"device_start": -1, "device_end": -1}}, "coalesced_transpose39": {"write": {"device_start": -1, "host_queued_start": 1585620532.823667, "device_queued": -1, "device_end": -1, "host_queued_end": 1585620532.83357}, "device": "gpu", "nd_range": {"device_start": 1585620466.47728, "device_end": 1585620466.4790754}, "cmdq": 4, "read": {"device_start": -1, "device_end": -1}}, "softmax23": {"write": {"device_start": -1, "host_queued_start": 1585620532.826034, "device_queued": -1, "device_end": -1, "host_queued_end": 1585620532.83357}, "device": "gpu", "nd_range": {"device_start": 1585620466.4787467, "device_end": 1585620466.4794517}, "cmdq": 2, "read": {"device_start": -1, "device_end": -1}}, "FFC_sans_bias37": {"write": {"device_start": 1585620466.4744895, "host_queued_start": 1585620532.821036, "device_queued": 1585620466.4709508, "device_end": 1585620466.4745197, "host_queued_end": 1585620532.83357}, "device": "gpu", "nd_range": {"device_start": 1585620466.4745266, "device_end": 1585620466.476762}, "cmdq": 3, "read": {"device_start": -1, "device_end": -1}}, "softmax41": {"write": {"device_start": -1, "host_queued_start": 1585620532.826522, "device_queued": -1, "device_end": -1, "host_queued_end": 1585620532.83357}, "device": "gpu", "nd_range": {"device_start": 1585620466.4797292, "device_end": 1585620466.4813313}, "cmdq": 4, "read": {"device_start": -1, "device_end": -1}}, "FFC_sans_bias11": {"write": {"device_start": 1585620466.470637, "host_queued_start": 1585620532.812435, "device_queued": 1585620466.470116, "device_end": 1585620466.4706619, "host_queued_end": 1585620532.83357}, "device": "gpu", "nd_range": {"device_start": 1585620466.4706666, "device_end": 1585620466.4729245}, "cmdq": 0, "read": {"device_start": -1, "device_end": -1}}, "FFC_sans_bias10": {"write": {"device_start": 1585620466.4702551, "host_queued_start": 1585620532.811377, "device_queued": 1585620466.469879, "device_end": 1585620466.470279, "host_queued_end": 1585620532.83357}, "device": "gpu", "nd_range": {"device_start": 1585620466.4702826, "device_end": 1585620466.4724386}, "cmdq": 4, "read": {"device_start": -1, "device_end": -1}}, "coalesced_transpose3": {"write": {"device_start": -1, "host_queued_start": 1585620532.822432, "device_queued": -1, "device_end": -1, "host_queued_end": 1585620532.83357}, "device": "gpu", "nd_range": {"device_start": 1585620466.4753373, "device_end": 1585620466.4771304}, "cmdq": 0, "read": {"device_start": -1, "device_end": -1}}, "FFC_sans_bias34": {"write": {"device_start": 1585620466.481767, "host_queued_start": 1585620532.832412, "device_queued": 1585620466.472482, "device_end": 1585620466.4817984, "host_queued_end": 1585620532.83357}, "device": "gpu", "nd_range": {"device_start": 1585620466.481804, "device_end": 1585620466.4840355}, "cmdq": 3, "read": {"device_start": 1585620466.4840395, "device_end": 1585620466.484062}}, "FFC_sans_bias15": {"write": {"device_start": -1, "host_queued_start": 1585620532.827168, "device_queued": -1, "device_end": -1, "host_queued_end": 1585620532.83357}, "device": "gpu", "nd_range": {"device_start": 1585620466.4794493, "device_end": 1585620466.4806612}, "cmdq": 1, "read": {"device_start": -1, "device_end": -1}}, "FFC_sans_bias31": {"write": {"device_start": -1, "host_queued_start": 1585620532.824957, "device_queued": -1, "device_end": -1, "host_queued_end": 1585620532.83357}, "device": "gpu", "nd_range": {"device_start": 1585620466.4771626, "device_end": 1585620466.479204}, "cmdq": 3, "read": {"device_start": -1, "device_end": -1}}, "FFC_sans_bias16": {"write": {"device_start": 1585620466.4807816, "host_queued_start": 1585620532.830262, "device_queued": 1585620466.4724183, "device_end": 1585620466.480812, "host_queued_end": 1585620532.83357}, "device": "gpu", "nd_range": {"device_start": 1585620466.4808187, "device_end": 1585620466.4826257}, "cmdq": 1, "read": {"device_start": 1585620466.4826374, "device_end": 1585620466.4826608}}, "FFC_sans_bias19": {"write": {"device_start": 1585620466.471607, "host_queued_start": 1585620532.814528, "device_queued": 1585620466.4703095, "device_end": 1585620466.4716322, "host_queued_end": 1585620532.83357}, "device": "gpu", "nd_range": {"device_start": 1585620466.4716384, "device_end": 1585620466.4739008}, "cmdq": 2, "read": {"device_start": -1, "device_end": -1}}, "FFC_sans_bias18": {"write": {"device_start": 1585620466.4710507, "host_queued_start": 1585620532.813478, "device_queued": 1585620466.4702854, "device_end": 1585620466.4710763, "host_queued_end": 1585620532.83357}, "device": "gpu", "nd_range": {"device_start": 1585620466.4710808, "device_end": 1585620466.4733906}, "cmdq": 1, "read": {"device_start": -1, "device_end": -1}}, "coalesced_transpose30": {"write": {"device_start": -1, "host_queued_start": 1585620532.823363, "device_queued": -1, "device_end": -1, "host_queued_end": 1585620532.83357}, "device": "gpu", "nd_range": {"device_start": 1585620466.4767702, "device_end": 1585620466.4771605}, "cmdq": 3, "read": {"device_start": -1, "device_end": -1}}, "FFC_sans_bias38": {"write": {"device_start": 1585620466.4750035, "host_queued_start": 1585620532.8221, "device_queued": 1585620466.4709795, "device_end": 1585620466.475036, "host_queued_end": 1585620532.83357}, "device": "gpu", "nd_range": {"device_start": 1585620466.4750504, "device_end": 1585620466.4772696}, "cmdq": 4, "read": {"device_start": -1, "device_end": -1}}, "empty26": {"write": {"device_start": 1585620466.4695196,