{"FFC_sans_bias4": {"write": {"device_start": -1, "host_queued_start": 1585620453.697684, "device_queued": -1, "device_end": -1, "host_queued_end": 1585620453.699451}, "device": "cpu", "nd_range": {"device_start": 2288227.90109746, "device_end": 2288227.905484241}, "cmdq": 1, "read": {"device_start": -1, "device_end": -1}}, "FFC_sans_bias7": {"write": {"device_start": -1, "host_queued_start": 1585620453.699405, "device_queued": -1, "device_end": -1, "host_queued_end": 1585620453.699451}, "device": "cpu", "nd_range": {"device_start": 2288227.910618199, "device_end": 2288227.914790527}, "cmdq": 0, "read": {"device_start": -1, "device_end": -1}}, "FFC_sans_bias6": {"write": {"device_start": -1, "host_queued_start": 1585620453.698328, "device_queued": -1, "device_end": -1, "host_queued_end": 1585620453.699451}, "device": "cpu", "nd_range": {"device_start": 2288227.905790816, "device_end": 2288227.910610618}, "cmdq": 1, "read": {"device_start": -1, "device_end": -1}}, "FFC_sans_bias1": {"write": {"device_start": -1, "host_queued_start": 1585620453.695615, "device_queued": -1, "device_end": -1, "host_queued_end": 1585620453.699451}, "device": "cpu", "nd_range": {"device_start": 2288227.8890603953, "device_end": 2288227.896742798}, "cmdq": 0, "read": {"device_start": -1, "device_end": -1}}, "FFC_sans_bias0": {"write": {"device_start": -1, "host_queued_start": 1585620453.694152, "device_queued": -1, "device_end": -1, "host_queued_end": 1585620453.699451}, "device": "cpu", "nd_range": {"device_start": 2288227.889053842, "device_end": 2288227.8971192483}, "cmdq": 1, "read": {"device_start": -1, "device_end": -1}}, "FFC_sans_bias2": {"write": {"device_start": -1, "host_queued_start": 1585620453.696986, "device_queued": -1, "device_end": -1, "host_queued_end": 1585620453.699451}, "device": "cpu", "nd_range": {"device_start": 2288227.897147517, "device_end": 2288227.901089761}, "cmdq": 1, "read": {"device_start": -1, "device_end": -1}}, "FFC_sans_bias9": {"write": {"device_start": 1585620387.3297033, "host_queued_start": 1585620453.670235, "device_queued": 1585620387.3296, "device_end": 1585620387.3297617, "host_queued_end": 1585620453.691368}, "device": "gpu", "nd_range": {"device_start": 1585620387.32977, "device_end": 1585620387.3303769}, "cmdq": 0, "read": {"device_start": -1, "device_end": -1}}, "coalesced_transpose39": {"write": {"device_start": -1, "host_queued_start": 1585620453.683441, "device_queued": -1, "device_end": -1, "host_queued_end": 1585620453.691368}, "device": "gpu", "nd_range": {"device_start": 1585620387.3356903, "device_end": 1585620387.3369932}, "cmdq": 3, "read": {"device_start": -1, "device_end": -1}}, "softmax23": {"write": {"device_start": -1, "host_queued_start": 1585620453.685262, "device_queued": -1, "device_end": -1, "host_queued_end": 1585620453.691368}, "device": "gpu", "nd_range": {"device_start": 1585620387.3366718, "device_end": 1585620387.3373568}, "cmdq": 1, "read": {"device_start": -1, "device_end": -1}}, "FFC_sans_bias37": {"write": {"device_start": 1585620387.3334303, "host_queued_start": 1585620453.681082, "device_queued": 1585620387.3306825, "device_end": 1585620387.3334627, "host_queued_end": 1585620453.691368}, "device": "gpu", "nd_range": {"device_start": 1585620387.3334768, "device_end": 1585620387.335181}, "cmdq": 2, "read": {"device_start": -1, "device_end": -1}}, "softmax41": {"write": {"device_start": -1, "host_queued_start": 1585620453.685774, "device_queued": -1, "device_end": -1, "host_queued_end": 1585620453.691368}, "device": "gpu", "nd_range": {"device_start": 1585620387.337611, "device_end": 1585620387.3387783}, "cmdq": 3, "read": {"device_start": -1, "device_end": -1}}, "FFC_sans_bias11": {"write": {"device_start": 1585620387.3299096, "host_queued_start": 1585620453.672396, "device_queued": 1585620387.329682, "device_end": 1585620387.329961, "host_queued_end": 1585620453.691368}, "device": "gpu", "nd_range": {"device_start": 1585620387.3299918, "device_end": 1585620387.3313506}, "cmdq": 2, "read": {"device_start": -1, "device_end": -1}}, "FFC_sans_bias10": {"write": {"device_start": 1585620387.329829, "host_queued_start": 1585620453.671335, "device_queued": 1585620387.3296607, "device_end": 1585620387.3298945, "host_queued_end": 1585620453.691368}, "device": "gpu", "nd_range": {"device_start": 1585620387.329965, "device_end": 1585620387.330777}, "cmdq": 1, "read": {"device_start": -1, "device_end": -1}}, "coalesced_transpose3": {"write": {"device_start": -1, "host_queued_start": 1585620453.69733, "device_queued": -1, "device_end": -1, "host_queued_end": 1585620453.699451}, "device": "cpu", "nd_range": {"device_start": 2288227.896928329, "device_end": 2288227.897064854}, "cmdq": 0, "read": {"device_start": -1, "device_end": -1}}, "FFC_sans_bias34": {"write": {"device_start": 1585620387.3399947, "host_queued_start": 1585620453.690199, "device_queued": 1585620387.3320334, "device_end": 1585620387.3400457, "host_queued_end": 1585620453.691368}, "device": "gpu", "nd_range": {"device_start": 1585620387.3400526, "device_end": 1585620387.3414595}, "cmdq": 2, "read": {"device_start": 1585620387.3437839, "device_end": 1585620387.3438478}}, "FFC_sans_bias15": {"write": {"device_start": -1, "host_queued_start": 1585620453.68609, "device_queued": -1, "device_end": -1, "host_queued_end": 1585620453.691368}, "device": "gpu", "nd_range": {"device_start": 1585620387.3373723, "device_end": 1585620387.3385906}, "cmdq": 0, "read": {"device_start": -1, "device_end": -1}}, "FFC_sans_bias31": {"write": {"device_start": -1, "host_queued_start": 1585620453.68442, "device_queued": -1, "device_end": -1, "host_queued_end": 1585620453.691368}, "device": "gpu", "nd_range": {"device_start": 1585620387.3355777, "device_end": 1585620387.337152}, "cmdq": 2, "read": {"device_start": -1, "device_end": -1}}, "FFC_sans_bias16": {"write": {"device_start": 1585620387.3398309, "host_queued_start": 1585620453.688087, "device_queued": 1585620387.331938, "device_end": 1585620387.339883, "host_queued_end": 1585620453.691368}, "device": "gpu", "nd_range": {"device_start": 1585620387.3398874, "device_end": 1585620387.3404915}, "cmdq": 0, "read": {"device_start": 1585620387.3404963, "device_end": 1585620387.3405194}}, "FFC_sans_bias19": {"write": {"device_start": 1585620387.330479, "host_queued_start": 1585620453.674542, "device_queued": 1585620387.3301442, "device_end": 1585620387.3305097, "host_queued_end": 1585620453.691368}, "device": "gpu", "nd_range": {"device_start": 1585620387.3305137, "device_end": 1585620387.332333}, "cmdq": 0, "read": {"device_start": -1, "device_end": -1}}, "FFC_sans_bias18": {"write": {"device_start": 1585620387.3300009, "host_queued_start": 1585620453.673488, "device_queued": 1585620387.3299115, "device_end": 1585620387.3300292, "host_queued_end": 1585620453.691368}, "device": "gpu", "nd_range": {"device_start": 1585620387.3300397, "device_end": 1585620387.3317692}, "cmdq": 3, "read": {"device_start": -1, "device_end": -1}}, "coalesced_transpose30": {"write": {"device_start": -1, "host_queued_start": 1585620453.683135, "device_queued": -1, "device_end": -1, "host_queued_end": 1585620453.691368}, "device": "gpu", "nd_range": {"device_start": 1585620387.3351853, "device_end": 1585620387.3355768}, "cmdq": 2, "read": {"device_start": -1, "device_end": -1}}, "FFC_sans_bias38": {"write": {"device_start": 1585620387.3338795, "host_queued_start": 1585620453.682156, "device_queued": 1585620387.3308055, "device_end": 1585620387.3339112, "host_queued_end": 1585620453.691368}, "device": "gpu", "nd_range": {"device_start": 1585620387.333925, "device_end": 1585620387.3356817}, "cmdq": 3, "read": {"device_start": -1, "device_end": -1}}, "empty26": {"write": {"device_start": 1585620387.329299, "host_queued_start": 1585620453.667523, "device_queued": 1585620387.3292067, "device_end": 1585620387.3293664, "host_queued_end": 1585620453.691368}, "device": "gpu", "nd_range": {"device_start": 1585620387.3293736,