{"FFC_sans_bias4": {"write": {"device_start": -1, "host_queued_start": 1585620306.277643, "device_queued": -1, "device_end": -1, "host_queued_end": 1585620306.279421}, "device": "cpu", "nd_range": {"device_start": 2288080.4809256974, "device_end": 2288080.485122025}, "cmdq": 2, "read": {"device_start": -1, "device_end": -1}}, "FFC_sans_bias7": {"write": {"device_start": -1, "host_queued_start": 1585620306.279375, "device_queued": -1, "device_end": -1, "host_queued_end": 1585620306.279421}, "device": "cpu", "nd_range": {"device_start": 2288080.49052025, "device_end": 2288080.4948410722}, "cmdq": 2, "read": {"device_start": -1, "device_end": -1}}, "FFC_sans_bias6": {"write": {"device_start": -1, "host_queued_start": 1585620306.2783, "device_queued": -1, "device_end": -1, "host_queued_end": 1585620306.279421}, "device": "cpu", "nd_range": {"device_start": 2288080.485530097, "device_end": 2288080.490382545}, "cmdq": 1, "read": {"device_start": -1, "device_end": -1}}, "FFC_sans_bias1": {"write": {"device_start": -1, "host_queued_start": 1585620306.275443, "device_queued": -1, "device_end": -1, "host_queued_end": 1585620306.279421}, "device": "cpu", "nd_range": {"device_start": 2288080.469025964, "device_end": 2288080.480758057}, "cmdq": 2, "read": {"device_start": -1, "device_end": -1}}, "FFC_sans_bias0": {"write": {"device_start": -1, "host_queued_start": 1585620306.274085, "device_queued": -1, "device_end": -1, "host_queued_end": 1585620306.279421}, "device": "cpu", "nd_range": {"device_start": 2288080.469017282, "device_end": 2288080.4808016303}, "cmdq": 1, "read": {"device_start": -1, "device_end": -1}}, "FFC_sans_bias2": {"write": {"device_start": -1, "host_queued_start": 1585620306.276802, "device_queued": -1, "device_end": -1, "host_queued_end": 1585620306.279421}, "device": "cpu", "nd_range": {"device_start": 2288080.4690246033, "device_end": 2288080.4768785923}, "cmdq": 0, "read": {"device_start": -1, "device_end": -1}}, "FFC_sans_bias9": {"write": {"device_start": 1585620239.9135084, "host_queued_start": 1585620306.250247, "device_queued": 1585620239.9133744, "device_end": 1585620239.9135954, "host_queued_end": 1585620306.27132}, "device": "gpu", "nd_range": {"device_start": 1585620239.913601, "device_end": 1585620239.914203}, "cmdq": 0, "read": {"device_start": -1, "device_end": -1}}, "coalesced_transpose39": {"write": {"device_start": -1, "host_queued_start": 1585620306.263374, "device_queued": -1, "device_end": -1, "host_queued_end": 1585620306.27132}, "device": "gpu", "nd_range": {"device_start": 1585620239.9198608, "device_end": 1585620239.919885}, "cmdq": 1, "read": {"device_start": -1, "device_end": -1}}, "softmax23": {"write": {"device_start": -1, "host_queued_start": 1585620306.265208, "device_queued": -1, "device_end": -1, "host_queued_end": 1585620306.27132}, "device": "gpu", "nd_range": {"device_start": 1585620239.9214127, "device_end": 1585620239.921618}, "cmdq": 1, "read": {"device_start": -1, "device_end": -1}}, "FFC_sans_bias37": {"write": {"device_start": 1585620239.9181952, "host_queued_start": 1585620306.261038, "device_queued": 1585620239.9145029, "device_end": 1585620239.918226, "host_queued_end": 1585620306.27132}, "device": "gpu", "nd_range": {"device_start": 1585620239.9182308, "device_end": 1585620239.9190264}, "cmdq": 0, "read": {"device_start": -1, "device_end": -1}}, "softmax41": {"write": {"device_start": -1, "host_queued_start": 1585620306.265719, "device_queued": -1, "device_end": -1, "host_queued_end": 1585620306.27132}, "device": "gpu", "nd_range": {"device_start": 1585620239.921619, "device_end": 1585620239.9218996}, "cmdq": 1, "read": {"device_start": -1, "device_end": -1}}, "FFC_sans_bias11": {"write": {"device_start": 1585620239.914385, "host_queued_start": 1585620306.252407, "device_queued": 1585620239.913635, "device_end": 1585620239.914416, "host_queued_end": 1585620306.27132}, "device": "gpu", "nd_range": {"device_start": 1585620239.9144187, "device_end": 1585620239.9151886}, "cmdq": 0, "read": {"device_start": -1, "device_end": -1}}, "FFC_sans_bias10": {"write": {"device_start": 1585620239.913597, "host_queued_start": 1585620306.25135, "device_queued": 1585620239.913427, "device_end": 1585620239.9136245, "host_queued_end": 1585620306.27132}, "device": "gpu", "nd_range": {"device_start": 1585620239.9136279, "device_end": 1585620239.9146109}, "cmdq": 1, "read": {"device_start": -1, "device_end": -1}}, "coalesced_transpose3": {"write": {"device_start": -1, "host_queued_start": 1585620306.277243, "device_queued": -1, "device_end": -1, "host_queued_end": 1585620306.279421}, "device": "cpu", "nd_range": {"device_start": 2288080.480817078, "device_end": 2288080.480904614}, "cmdq": 1, "read": {"device_start": -1, "device_end": -1}}, "FFC_sans_bias34": {"write": {"device_start": 1585620239.9244356, "host_queued_start": 1585620306.270154, "device_queued": 1585620239.915773, "device_end": 1585620239.9244602, "host_queued_end": 1585620306.27132}, "device": "gpu", "nd_range": {"device_start": 1585620239.9244635, "device_end": 1585620239.9252152}, "cmdq": 0, "read": {"device_start": 1585620239.9252243, "device_end": 1585620239.9252465}}, "FFC_sans_bias15": {"write": {"device_start": -1, "host_queued_start": 1585620306.266035, "device_queued": -1, "device_end": -1, "host_queued_end": 1585620306.27132}, "device": "gpu", "nd_range": {"device_start": 1585620239.9217315, "device_end": 1585620239.9223347}, "cmdq": 0, "read": {"device_start": -1, "device_end": -1}}, "FFC_sans_bias31": {"write": {"device_start": -1, "host_queued_start": 1585620306.264366, "device_queued": -1, "device_end": -1, "host_queued_end": 1585620306.27132}, "device": "gpu", "nd_range": {"device_start": 1585620239.9200208, "device_end": 1585620239.9209926}, "cmdq": 0, "read": {"device_start": -1, "device_end": -1}}, "FFC_sans_bias16": {"write": {"device_start": 1585620239.9233925, "host_queued_start": 1585620306.26803, "device_queued": 1585620239.9154844, "device_end": 1585620239.923418, "host_queued_end": 1585620306.27132}, "device": "gpu", "nd_range": {"device_start": 1585620239.9234211, "device_end": 1585620239.9242632}, "cmdq": 0, "read": {"device_start": 1585620239.9242709, "device_end": 1585620239.9242947}}, "FFC_sans_bias19": {"write": {"device_start": 1585620239.9153035, "host_queued_start": 1585620306.254534, "device_queued": 1585620239.9138393, "device_end": 1585620239.9153342, "host_queued_end": 1585620306.27132}, "device": "gpu", "nd_range": {"device_start": 1585620239.915337, "device_end": 1585620239.9161453}, "cmdq": 0, "read": {"device_start": -1, "device_end": -1}}, "FFC_sans_bias18": {"write": {"device_start": 1585620239.9147484, "host_queued_start": 1585620306.253452, "device_queued": 1585620239.9136982, "device_end": 1585620239.9147797, "host_queued_end": 1585620306.27132}, "device": "gpu", "nd_range": {"device_start": 1585620239.914783, "device_end": 1585620239.915606}, "cmdq": 1, "read": {"device_start": -1, "device_end": -1}}, "coalesced_transpose30": {"write": {"device_start": -1, "host_queued_start": 1585620306.263071, "device_queued": -1, "device_end": -1, "host_queued_end": 1585620306.27132}, "device": "gpu", "nd_range": {"device_start": 1585620239.9194, "device_end": 1585620239.919417}, "cmdq": 0, "read": {"device_start": -1, "device_end": -1}}, "FFC_sans_bias38": {"write": {"device_start": 1585620239.918705, "host_queued_start": 1585620306.262093, "device_queued": 1585620239.9145584, "device_end": 1585620239.9187367, "host_queued_end": 1585620306.27132}, "device": "gpu", "nd_range": {"device_start": 1585620239.9187407, "device_end": 1585620239.9195423}, "cmdq": 1, "read": {"device_start": -1, "device_end": -1}}, "empty26": {"write": {"device_start": 1585620239.9131896, "host_queued_start": 1585620306.247608, "device_queued": 1585620239.9130335, "device_end": 1585620239.9132507, "host_queued_end": 1585620306.27132}, "device": "gpu", "nd_range": {"device_start": 1585620239.9132547, "device_end": 1585620239.9132586},