{"FFC_sans_bias4": {"write": {"device_start": -1, "host_queued_start": 1585620617.705029, "device_queued": -1, "device_end": -1, "host_queued_end": 1585620617.716522}, "device": "gpu", "nd_range": {"device_start": 1585620551.363972, "device_end": 1585620551.3645718}, "cmdq": 0, "read": {"device_start": -1, "device_end": -1}}, "FFC_sans_bias7": {"write": {"device_start": 1585620551.3725848, "host_queued_start": 1585620617.711136, "device_queued": 1585620551.353238, "device_end": 1585620551.3726134, "host_queued_end": 1585620617.716522}, "device": "gpu", "nd_range": {"device_start": 1585620551.3726223, "device_end": 1585620551.3732262}, "cmdq": 0, "read": {"device_start": 1585620551.373231, "device_end": 1585620551.3732538}}, "FFC_sans_bias6": {"write": {"device_start": -1, "host_queued_start": 1585620617.708455, "device_queued": -1, "device_end": -1, "host_queued_end": 1585620617.716522}, "device": "gpu", "nd_range": {"device_start": 1585620551.3688433, "device_end": 1585620551.369443}, "cmdq": 0, "read": {"device_start": -1, "device_end": -1}}, "FFC_sans_bias1": {"write": {"device_start": 1585620551.3518405, "host_queued_start": 1585620617.685845, "device_queued": 1585620551.3505142, "device_end": 1585620551.351871, "host_queued_end": 1585620617.716522}, "device": "gpu", "nd_range": {"device_start": 1585620551.3518736, "device_end": 1585620551.3524678}, "cmdq": 0, "read": {"device_start": -1, "device_end": -1}}, "FFC_sans_bias0": {"write": {"device_start": 1585620551.3510725, "host_queued_start": 1585620617.684794, "device_queued": 1585620551.3503187, "device_end": 1585620551.3511024, "host_queued_end": 1585620617.716522}, "device": "gpu", "nd_range": {"device_start": 1585620551.3511078, "device_end": 1585620551.3517025}, "cmdq": 0, "read": {"device_start": -1, "device_end": -1}}, "FFC_sans_bias2": {"write": {"device_start": 1585620551.3526063, "host_queued_start": 1585620617.686953, "device_queued": 1585620551.3505702, "device_end": 1585620551.3526368, "host_queued_end": 1585620617.716522}, "device": "gpu", "nd_range": {"device_start": 1585620551.352644, "device_end": 1585620551.3532412}, "cmdq": 0, "read": {"device_start": -1, "device_end": -1}}, "FFC_sans_bias52": {"write": {"device_start": 1585620551.3767347, "host_queued_start": 1585620617.716426, "device_queued": 1585620551.3538485, "device_end": 1585620551.3767643, "host_queued_end": 1585620617.716522}, "device": "gpu", "nd_range": {"device_start": 1585620551.3767724, "device_end": 1585620551.37737}, "cmdq": 0, "read": {"device_start": 1585620551.3773787, "device_end": 1585620551.3774006}}, "FFC_sans_bias9": {"write": {"device_start": 1585620551.353345, "host_queued_start": 1585620617.688008, "device_queued": 1585620551.3507385, "device_end": 1585620551.3533754, "host_queued_end": 1585620617.716522}, "device": "gpu", "nd_range": {"device_start": 1585620551.3533788, "device_end": 1585620551.3539784}, "cmdq": 0, "read": {"device_start": -1, "device_end": -1}}, "coalesced_transpose39": {"write": {"device_start": -1, "host_queued_start": 1585620617.704293, "device_queued": -1, "device_end": -1, "host_queued_end": 1585620617.716522}, "device": "gpu", "nd_range": {"device_start": 1585620551.3639538, "device_end": 1585620551.363962}, "cmdq": 0, "read": {"device_start": -1, "device_end": -1}}, "FFC_sans_bias51": {"write": {"device_start": -1, "host_queued_start": 1585620617.710081, "device_queued": -1, "device_end": -1, "host_queued_end": 1585620617.716522}, "device": "gpu", "nd_range": {"device_start": 1585620551.3718626, "device_end": 1585620551.372465}, "cmdq": 0, "read": {"device_start": -1, "device_end": -1}}, "softmax23": {"write": {"device_start": -1, "host_queued_start": 1585620617.707374, "device_queued": -1, "device_end": -1, "host_queued_end": 1585620617.716522}, "device": "gpu", "nd_range": {"device_start": 1585620551.367998, "device_end": 1585620551.368208}, "cmdq": 0, "read": {"device_start": -1, "device_end": -1}}, "FFC_sans_bias37": {"write": {"device_start": 1585620551.3604279, "host_queued_start": 1585620617.698501, "device_queued": 1585620551.3518202, "device_end": 1585620551.3604586, "host_queued_end": 1585620617.716522}, "device": "gpu", "nd_range": {"device_start": 1585620551.3604615, "device_end": 1585620551.3610628}, "cmdq": 0, "read": {"device_start": -1, "device_end": -1}}, "softmax41": {"write": {"device_start": -1, "host_queued_start": 1585620617.707873, "device_queued": -1, "device_end": -1, "host_queued_end": 1585620617.716522}, "device": "gpu", "nd_range": {"device_start": 1585620551.368421, "device_end": 1585620551.3686306}, "cmdq": 0, "read": {"device_start": -1, "device_end": -1}}, "FFC_sans_bias11": {"write": {"device_start": 1585620551.3547099, "host_queued_start": 1585620617.690119, "device_queued": 1585620551.3509629, "device_end": 1585620551.3547347, "host_queued_end": 1585620617.716522}, "device": "gpu", "nd_range": {"device_start": 1585620551.3547378, "device_end": 1585620551.3552442}, "cmdq": 0, "read": {"device_start": -1, "device_end": -1}}, "FFC_sans_bias10": {"write": {"device_start": 1585620551.3540802, "host_queued_start": 1585620617.689048, "device_queued": 1585620551.350797, "device_end": 1585620551.3541045, "host_queued_end": 1585620617.716522}, "device": "gpu", "nd_range": {"device_start": 1585620551.3541086, "device_end": 1585620551.354608}, "cmdq": 0, "read": {"device_start": -1, "device_end": -1}}, "coalesced_transpose3": {"write": {"device_start": -1, "host_queued_start": 1585620617.703074, "device_queued": -1, "device_end": -1, "host_queued_end": 1585620617.716522}, "device": "gpu", "nd_range": {"device_start": 1585620551.3639154, "device_end": 1585620551.3639235}, "cmdq": 0, "read": {"device_start": -1, "device_end": -1}}, "FFC_sans_bias34": {"write": {"device_start": 1585620551.3750596, "host_queued_start": 1585620617.714325, "device_queued": 1585620551.353666, "device_end": 1585620551.3750885, "host_queued_end": 1585620617.716522}, "device": "gpu", "nd_range": {"device_start": 1585620551.3750951, "device_end": 1585620551.3756933}, "cmdq": 0, "read": {"device_start": 1585620551.3756983, "device_end": 1585620551.3757205}}, "FFC_sans_bias15": {"write": {"device_start": -1, "host_queued_start": 1585620617.708778, "device_queued": -1, "device_end": -1, "host_queued_end": 1585620617.716522}, "device": "gpu", "nd_range": {"device_start": 1585620551.3694441, "device_end": 1585620551.3700442}, "cmdq": 0, "read": {"device_start": -1, "device_end": -1}}, "FFC_sans_bias31": {"write": {"device_start": -1, "host_queued_start": 1585620617.705987, "device_queued": -1, "device_end": -1, "host_queued_end": 1585620617.716522}, "device": "gpu", "nd_range": {"device_start": 1585620551.3657782, "device_end": 1585620551.3663797}, "cmdq": 0, "read": {"device_start": -1, "device_end": -1}}, "FFC_sans_bias16": {"write": {"device_start": 1585620551.3734317, "host_queued_start": 1585620617.712219, "device_queued": 1585620551.3534317, "device_end": 1585620551.3734608, "host_queued_end": 1585620617.716522}, "device": "gpu", "nd_range": {"device_start": 1585620551.373466, "device_end": 1585620551.3740616}, "cmdq": 0, "read": {"device_start": 1585620551.3740637, "device_end": 1585620551.3740864}}, "FFC_sans_bias19": {"write": {"device_start": 1585620551.3560832, "host_queued_start": 1585620617.692219, "device_queued": 1585620551.3511887, "device_end": 1585620551.356108, "host_queued_end": 1585620617.716522}, "device": "gpu", "nd_range": {"device_start": 1585620551.3561115, "device_end": 1585620551.3566988}, "cmdq": 0, "read": {"device_start": -1, "device_end": -1}}, "FFC_sans_bias18": {"write": {"device_start": 1585620551.3553581, "host_queued_start": 1585620617.691189, "device_queued": 1585620551.35102, "device_end": 1585620551.3553815, "host_queued_end": 1585620617.716522}, "device": "gpu", "nd_range": {"device_start": 1585620551.3553865, "device_end": 1585620551.355974}, "cmdq": 0, "read": {"device_start": -1, "device_end": -1}},