{"FFC_sans_bias4": {"write": {"device_start": -1, "host_queued_start": 1585621069.284429, "device_queued": -1, "device_end": -1, "host_queued_end": 1585621069.290112}, "device": "cpu", "nd_range": {"device_start": 2288843.521911148, "device_end": 2288843.530507366}, "cmdq": 0, "read": {"device_start": -1, "device_end": -1}}, "FFC_sans_bias7": {"write": {"device_start": -1, "host_queued_start": 1585621069.288071, "device_queued": -1, "device_end": -1, "host_queued_end": 1585621069.290112}, "device": "cpu", "nd_range": {"device_start": 2288843.538090447, "device_end": 2288843.553557422}, "cmdq": 4, "read": {"device_start": -1, "device_end": -1}}, "FFC_sans_bias6": {"write": {"device_start": -1, "host_queued_start": 1585621069.286302, "device_queued": -1, "device_end": -1, "host_queued_end": 1585621069.290112}, "device": "cpu", "nd_range": {"device_start": 2288843.5308317402, "device_end": 2288843.537053908}, "cmdq": 1, "read": {"device_start": -1, "device_end": -1}}, "FFC_sans_bias1": {"write": {"device_start": -1, "host_queued_start": 1585621069.275436, "device_queued": -1, "device_end": -1, "host_queued_end": 1585621069.290112}, "device": "cpu", "nd_range": {"device_start": 2288843.498431922, "device_end": 2288843.5172283472}, "cmdq": 4, "read": {"device_start": -1, "device_end": -1}}, "FFC_sans_bias0": {"write": {"device_start": -1, "host_queued_start": 1585621069.274342, "device_queued": -1, "device_end": -1, "host_queued_end": 1585621069.290112}, "device": "cpu", "nd_range": {"device_start": 2288843.4801778924, "device_end": 2288843.4953698553}, "cmdq": 3, "read": {"device_start": -1, "device_end": -1}}, "FFC_sans_bias2": {"write": {"device_start": -1, "host_queued_start": 1585621069.276523, "device_queued": -1, "device_end": -1, "host_queued_end": 1585621069.290112}, "device": "cpu", "nd_range": {"device_start": 2288843.479814776, "device_end": 2288843.496393414}, "cmdq": 0, "read": {"device_start": -1, "device_end": -1}}, "FFC_sans_bias52": {"write": {"device_start": 1585621002.898359, "host_queued_start": 1585621069.269799, "device_queued": 1585621002.8933449, "device_end": 1585621002.8983893, "host_queued_end": 1585621069.2699}, "device": "gpu", "nd_range": {"device_start": 1585621002.89924, "device_end": 1585621002.9002068}, "cmdq": 1, "read": {"device_start": 1585621002.9002142, "device_end": 1585621002.900241}}, "FFC_sans_bias9": {"write": {"device_start": -1, "host_queued_start": 1585621069.277681, "device_queued": -1, "device_end": -1, "host_queued_end": 1585621069.290112}, "device": "cpu", "nd_range": {"device_start": 2288843.479735862, "device_end": 2288843.4949868224}, "cmdq": 1, "read": {"device_start": -1, "device_end": -1}}, "coalesced_transpose39": {"write": {"device_start": -1, "host_queued_start": 1585621069.263587, "device_queued": -1, "device_end": -1, "host_queued_end": 1585621069.2699}, "device": "gpu", "nd_range": {"device_start": 1585621002.8946996, "device_end": 1585621002.8960466}, "cmdq": 3, "read": {"device_start": -1, "device_end": -1}}, "FFC_sans_bias51": {"write": {"device_start": -1, "host_queued_start": 1585621069.266529, "device_queued": -1, "device_end": -1, "host_queued_end": 1585621069.2699}, "device": "gpu", "nd_range": {"device_start": 1585621002.898056, "device_end": 1585621002.8992343}, "cmdq": 3, "read": {"device_start": -1, "device_end": -1}}, "softmax23": {"write": {"device_start": -1, "host_queued_start": 1585621069.285965, "device_queued": -1, "device_end": -1, "host_queued_end": 1585621069.290112}, "device": "cpu", "nd_range": {"device_start": 2288843.543340138, "device_end": 2288843.543549245}, "cmdq": 0, "read": {"device_start": -1, "device_end": -1}}, "FFC_sans_bias37": {"write": {"device_start": 1585621002.8920991, "host_queued_start": 1585621069.258664, "device_queued": 1585621002.8919365, "device_end": 1585621002.8921237, "host_queued_end": 1585621069.2699}, "device": "gpu", "nd_range": {"device_start": 1585621002.8921993, "device_end": 1585621002.8942525}, "cmdq": 2, "read": {"device_start": -1, "device_end": -1}}, "softmax41": {"write": {"device_start": -1, "host_queued_start": 1585621069.265333, "device_queued": -1, "device_end": -1, "host_queued_end": 1585621069.2699}, "device": "gpu", "nd_range": {"device_start": 1585621002.897657, "device_end": 1585621002.8980455}, "cmdq": 4, "read": {"device_start": -1, "device_end": -1}}, "FFC_sans_bias11": {"write": {"device_start": -1, "host_queued_start": 1585621069.279863, "device_queued": -1, "device_end": -1, "host_queued_end": 1585621069.290112}, "device": "cpu", "nd_range": {"device_start": 2288843.495498294, "device_end": 2288843.5107176984}, "cmdq": 3, "read": {"device_start": -1, "device_end": -1}}, "FFC_sans_bias10": {"write": {"device_start": -1, "host_queued_start": 1585621069.278773, "device_queued": -1, "device_end": -1, "host_queued_end": 1585621069.290112}, "device": "cpu", "nd_range": {"device_start": 2288843.47973517, "device_end": 2288843.4950536042}, "cmdq": 2, "read": {"device_start": -1, "device_end": -1}}, "coalesced_transpose3": {"write": {"device_start": -1, "host_queued_start": 1585621069.283424, "device_queued": -1, "device_end": -1, "host_queued_end": 1585621069.290112}, "device": "cpu", "nd_range": {"device_start": 2288843.521533473, "device_end": 2288843.521793997}, "cmdq": 2, "read": {"device_start": -1, "device_end": -1}}, "FFC_sans_bias34": {"write": {"device_start": 1585621002.8981442, "host_queued_start": 1585621069.267579, "device_queued": 1585621002.8930998, "device_end": 1585621002.898176, "host_queued_end": 1585621069.2699}, "device": "gpu", "nd_range": {"device_start": 1585621002.8992527, "device_end": 1585621002.9006412}, "cmdq": 4, "read": {"device_start": 1585621002.9006493, "device_end": 1585621002.9006732}}, "FFC_sans_bias15": {"write": {"device_start": -1, "host_queued_start": 1585621069.286674, "device_queued": -1, "device_end": -1, "host_queued_end": 1585621069.290112}, "device": "cpu", "nd_range": {"device_start": 2288843.5424569473, "device_end": 2288843.551045846}, "cmdq": 2, "read": {"device_start": -1, "device_end": -1}}, "FFC_sans_bias31": {"write": {"device_start": -1, "host_queued_start": 1585621069.264202, "device_queued": -1, "device_end": -1, "host_queued_end": 1585621069.2699}, "device": "gpu", "nd_range": {"device_start": 1585621002.896039, "device_end": 1585621002.8966427}, "cmdq": 0, "read": {"device_start": -1, "device_end": -1}}, "FFC_sans_bias16": {"write": {"device_start": -1, "host_queued_start": 1585621069.289072, "device_queued": -1, "device_end": -1, "host_queued_end": 1585621069.290112}, "device": "cpu", "nd_range": {"device_start": 2288843.551474025, "device_end": 2288843.559575079}, "cmdq": 0, "read": {"device_start": -1, "device_end": -1}}, "FFC_sans_bias19": {"write": {"device_start": -1, "host_queued_start": 1585621069.282011, "device_queued": -1, "device_end": -1, "host_queued_end": 1585621069.290112}, "device": "cpu", "nd_range": {"device_start": 2288843.496520655, "device_end": 2288843.512505333}, "cmdq": 0, "read": {"device_start": -1, "device_end": -1}}, "FFC_sans_bias18": {"write": {"device_start": -1, "host_queued_start": 1585621069.280959, "device_queued": -1, "device_end": -1, "host_queued_end": 1585621069.290112}, "device": "cpu", "nd_range": {"device_start": 2288843.521549396, "device_end": 2288843.5346796103}, "cmdq": 4, "read": {"device_start": -1, "device_end": -1}}, "coalesced_transpose30": {"write": {"device_start": -1, "host_queued_start": 1585621069.263289, "device_queued": -1, "device_end": -1, "host_queued_end": 1585621069.2699}, "device": "gpu", "nd_range": {"device_start": 1585621002.894254, "device_end": 1585621002.8960261}, "cmdq": 2, "read": {"device_start": -1, "device_end": -1}}, "FFC_sans_bias38": {"write": {"device_start": 1585621002.892421, "host_queued_start": 1585621069.25971, "device_queued": 1585621002.8919518, "device_end": 1585621002.8924453, "host_queued_end": 1585621069.2699}, "device": "gpu",