{"FFC_sans_bias4": {"write": {"device_start": -1, "host_queued_start": 1585620912.391179, "device_queued": -1, "device_end": -1, "host_queued_end": 1585620912.395129}, "device": "cpu", "nd_range": {"device_start": 2288686.605565119, "device_end": 2288686.612219181}, "cmdq": 0, "read": {"device_start": -1, "device_end": -1}}, "FFC_sans_bias7": {"write": {"device_start": -1, "host_queued_start": 1585620912.394052, "device_queued": -1, "device_end": -1, "host_queued_end": 1585620912.395129}, "device": "cpu", "nd_range": {"device_start": 2288686.6184790283, "device_end": 2288686.625143332}, "cmdq": 0, "read": {"device_start": -1, "device_end": -1}}, "FFC_sans_bias6": {"write": {"device_start": -1, "host_queued_start": 1585620912.392531, "device_queued": -1, "device_end": -1, "host_queued_end": 1585620912.395129}, "device": "cpu", "nd_range": {"device_start": 2288686.612667466, "device_end": 2288686.6184713063}, "cmdq": 0, "read": {"device_start": -1, "device_end": -1}}, "FFC_sans_bias1": {"write": {"device_start": -1, "host_queued_start": 1585620912.385533, "device_queued": -1, "device_end": -1, "host_queued_end": 1585620912.395129}, "device": "cpu", "nd_range": {"device_start": 2288686.584738003, "device_end": 2288686.5925967772}, "cmdq": 1, "read": {"device_start": -1, "device_end": -1}}, "FFC_sans_bias0": {"write": {"device_start": -1, "host_queued_start": 1585620912.384226, "device_queued": -1, "device_end": -1, "host_queued_end": 1585620912.395129}, "device": "cpu", "nd_range": {"device_start": 2288686.584738641, "device_end": 2288686.5925957803}, "cmdq": 0, "read": {"device_start": -1, "device_end": -1}}, "FFC_sans_bias2": {"write": {"device_start": -1, "host_queued_start": 1585620912.386732, "device_queued": -1, "device_end": -1, "host_queued_end": 1585620912.395129}, "device": "cpu", "nd_range": {"device_start": 2288686.5926159243, "device_end": 2288686.598776664}, "cmdq": 0, "read": {"device_start": -1, "device_end": -1}}, "FFC_sans_bias52": {"write": {"device_start": 1585620846.017969, "host_queued_start": 1585620912.380279, "device_queued": 1585620846.0085385, "device_end": 1585620846.0180295, "host_queued_end": 1585620912.380387}, "device": "gpu", "nd_range": {"device_start": 1585620846.018039, "device_end": 1585620846.0186338}, "cmdq": 3, "read": {"device_start": 1585620846.018642, "device_end": 1585620846.0186672}}, "FFC_sans_bias9": {"write": {"device_start": -1, "host_queued_start": 1585620912.387786, "device_queued": -1, "device_end": -1, "host_queued_end": 1585620912.395129}, "device": "cpu", "nd_range": {"device_start": 2288686.5928097223, "device_end": 2288686.602144699}, "cmdq": 1, "read": {"device_start": -1, "device_end": -1}}, "coalesced_transpose39": {"write": {"device_start": -1, "host_queued_start": 1585620912.371941, "device_queued": -1, "device_end": -1, "host_queued_end": 1585620912.380387}, "device": "gpu", "nd_range": {"device_start": 1585620846.0118928, "device_end": 1585620846.0122836}, "cmdq": 2, "read": {"device_start": -1, "device_end": -1}}, "FFC_sans_bias51": {"write": {"device_start": -1, "host_queued_start": 1585620912.376031, "device_queued": -1, "device_end": -1, "host_queued_end": 1585620912.380387}, "device": "gpu", "nd_range": {"device_start": 1585620846.015488, "device_end": 1585620846.0172637}, "cmdq": 3, "read": {"device_start": -1, "device_end": -1}}, "softmax23": {"write": {"device_start": -1, "host_queued_start": 1585620912.373846, "device_queued": -1, "device_end": -1, "host_queued_end": 1585620912.380387}, "device": "gpu", "nd_range": {"device_start": 1585620846.0128794, "device_end": 1585620846.014058}, "cmdq": 0, "read": {"device_start": -1, "device_end": -1}}, "FFC_sans_bias37": {"write": {"device_start": 1585620846.0086434, "host_queued_start": 1585620912.366706, "device_queued": 1585620846.0068827, "device_end": 1585620846.0086691, "host_queued_end": 1585620912.380387}, "device": "gpu", "nd_range": {"device_start": 1585620846.0086777, "device_end": 1585620846.0104418}, "cmdq": 3, "read": {"device_start": -1, "device_end": -1}}, "softmax41": {"write": {"device_start": -1, "host_queued_start": 1585620912.374355, "device_queued": -1, "device_end": -1, "host_queued_end": 1585620912.380387}, "device": "gpu", "nd_range": {"device_start": 1585620846.013858, "device_end": 1585620846.0144656}, "cmdq": 2, "read": {"device_start": -1, "device_end": -1}}, "FFC_sans_bias11": {"write": {"device_start": -1, "host_queued_start": 1585620912.3899, "device_queued": -1, "device_end": -1, "host_queued_end": 1585620912.395129}, "device": "cpu", "nd_range": {"device_start": 2288686.607328202, "device_end": 2288686.6149736983}, "cmdq": 1, "read": {"device_start": -1, "device_end": -1}}, "FFC_sans_bias10": {"write": {"device_start": -1, "host_queued_start": 1585620912.388842, "device_queued": -1, "device_end": -1, "host_queued_end": 1585620912.395129}, "device": "cpu", "nd_range": {"device_start": 2288686.5989160934, "device_end": 2288686.605246767}, "cmdq": 0, "read": {"device_start": -1, "device_end": -1}}, "coalesced_transpose3": {"write": {"device_start": -1, "host_queued_start": 1585620912.390337, "device_queued": -1, "device_end": -1, "host_queued_end": 1585620912.395129}, "device": "cpu", "nd_range": {"device_start": 2288686.605253886, "device_end": 2288686.60543002}, "cmdq": 0, "read": {"device_start": -1, "device_end": -1}}, "FFC_sans_bias34": {"write": {"device_start": 1585620846.0150096, "host_queued_start": 1585620912.378154, "device_queued": 1585620846.0083702, "device_end": 1585620846.0150404, "host_queued_end": 1585620912.380387}, "device": "gpu", "nd_range": {"device_start": 1585620846.0150456, "device_end": 1585620846.0162733}, "cmdq": 1, "read": {"device_start": 1585620846.0162823, "device_end": 1585620846.016307}}, "FFC_sans_bias15": {"write": {"device_start": -1, "host_queued_start": 1585620912.392908, "device_queued": -1, "device_end": -1, "host_queued_end": 1585620912.395129}, "device": "cpu", "nd_range": {"device_start": 2288686.632391253, "device_end": 2288686.636469067}, "cmdq": 1, "read": {"device_start": -1, "device_end": -1}}, "FFC_sans_bias31": {"write": {"device_start": -1, "host_queued_start": 1585620912.372933, "device_queued": -1, "device_end": -1, "host_queued_end": 1585620912.380387}, "device": "gpu", "nd_range": {"device_start": 1585620846.0122738, "device_end": 1585620846.0133023}, "cmdq": 1, "read": {"device_start": -1, "device_end": -1}}, "FFC_sans_bias16": {"write": {"device_start": -1, "host_queued_start": 1585620912.395084, "device_queued": -1, "device_end": -1, "host_queued_end": 1585620912.395129}, "device": "cpu", "nd_range": {"device_start": 2288686.636475565, "device_end": 2288686.640424351}, "cmdq": 1, "read": {"device_start": -1, "device_end": -1}}, "FFC_sans_bias19": {"write": {"device_start": 1585620846.0064929, "host_queued_start": 1585620912.360323, "device_queued": 1585620846.0063424, "device_end": 1585620846.006532, "host_queued_end": 1585620912.380387}, "device": "gpu", "nd_range": {"device_start": 1585620846.0065398, "device_end": 1585620846.0074804}, "cmdq": 1, "read": {"device_start": -1, "device_end": -1}}, "FFC_sans_bias18": {"write": {"device_start": 1585620846.0063894, "host_queued_start": 1585620912.359266, "device_queued": 1585620846.006276, "device_end": 1585620846.006464, "host_queued_end": 1585620912.380387}, "device": "gpu", "nd_range": {"device_start": 1585620846.0064702, "device_end": 1585620846.0070748}, "cmdq": 0, "read": {"device_start": -1, "device_end": -1}}, "coalesced_transpose30": {"write": {"device_start": -1, "host_queued_start": 1585620912.371632, "device_queued": -1, "device_end": -1, "host_queued_end": 1585620912.380387}, "device": "gpu", "nd_range": {"device_start": 1585620846.0114331, "device_end": 1585620846.0122728}, "cmdq": 1, "read": {"device_start": -1, "device_end": -1}}, "FFC_sans_bias38": {"write": {"device_start": 1585620846.00916, "host_queued_start": 1585620912.367777, "device_queued": 1585620846.0070753,