{"FFC_sans_bias4": {"write": {"device_start": -1, "host_queued_start": 1585620785.648111, "device_queued": -1, "device_end": -1, "host_queued_end": 1585620785.657743}, "device": "cpu", "nd_range": {"device_start": 2288559.925077132, "device_end": 2288559.940302532}, "cmdq": 0, "read": {"device_start": -1, "device_end": -1}}, "FFC_sans_bias7": {"write": {"device_start": -1, "host_queued_start": 1585620785.653692, "device_queued": -1, "device_end": -1, "host_queued_end": 1585620785.657743}, "device": "cpu", "nd_range": {"device_start": 2288559.955847692, "device_end": 2288559.9686140013}, "cmdq": 0, "read": {"device_start": -1, "device_end": -1}}, "FFC_sans_bias6": {"write": {"device_start": -1, "host_queued_start": 1585620785.651222, "device_queued": -1, "device_end": -1, "host_queued_end": 1585620785.657743}, "device": "cpu", "nd_range": {"device_start": 2288559.940770355, "device_end": 2288559.955839341}, "cmdq": 0, "read": {"device_start": -1, "device_end": -1}}, "FFC_sans_bias1": {"write": {"device_start": -1, "host_queued_start": 1585620785.632114, "device_queued": -1, "device_end": -1, "host_queued_end": 1585620785.657743}, "device": "cpu", "nd_range": {"device_start": 2288559.847380985, "device_end": 2288559.862671656}, "cmdq": 1, "read": {"device_start": -1, "device_end": -1}}, "FFC_sans_bias0": {"write": {"device_start": -1, "host_queued_start": 1585620785.631019, "device_queued": -1, "device_end": -1, "host_queued_end": 1585620785.657743}, "device": "cpu", "nd_range": {"device_start": 2288559.847381343, "device_end": 2288559.862694573}, "cmdq": 0, "read": {"device_start": -1, "device_end": -1}}, "FFC_sans_bias2": {"write": {"device_start": -1, "host_queued_start": 1585620785.633172, "device_queued": -1, "device_end": -1, "host_queued_end": 1585620785.657743}, "device": "cpu", "nd_range": {"device_start": 2288559.847405869, "device_end": 2288559.863680732}, "cmdq": 2, "read": {"device_start": -1, "device_end": -1}}, "FFC_sans_bias52": {"write": {"device_start": 1585620719.2566066, "host_queued_start": 1585620785.624935, "device_queued": 1585620719.254351, "device_end": 1585620719.256636, "host_queued_end": 1585620785.625051}, "device": "gpu", "nd_range": {"device_start": 1585620719.257092, "device_end": 1585620719.257684}, "cmdq": 0, "read": {"device_start": 1585620719.257686, "device_end": 1585620719.2577085}}, "FFC_sans_bias9": {"write": {"device_start": -1, "host_queued_start": 1585620785.63423, "device_queued": -1, "device_end": -1, "host_queued_end": 1585620785.657743}, "device": "cpu", "nd_range": {"device_start": 2288559.862731949, "device_end": 2288559.878025976}, "cmdq": 3, "read": {"device_start": -1, "device_end": -1}}, "coalesced_transpose39": {"write": {"device_start": -1, "host_queued_start": 1585620785.647762, "device_queued": -1, "device_end": -1, "host_queued_end": 1585620785.657743}, "device": "cpu", "nd_range": {"device_start": 2288559.908851835, "device_end": 2288559.909091994}, "cmdq": 4, "read": {"device_start": -1, "device_end": -1}}, "FFC_sans_bias51": {"write": {"device_start": -1, "host_queued_start": 1585620785.623913, "device_queued": -1, "device_end": -1, "host_queued_end": 1585620785.625051}, "device": "gpu", "nd_range": {"device_start": 1585620719.256493, "device_end": 1585620719.2570887}, "cmdq": 1, "read": {"device_start": -1, "device_end": -1}}, "softmax23": {"write": {"device_start": -1, "host_queued_start": 1585620785.650312, "device_queued": -1, "device_end": -1, "host_queued_end": 1585620785.657743}, "device": "cpu", "nd_range": {"device_start": 2288559.912454748, "device_end": 2288559.912671484}, "cmdq": 2, "read": {"device_start": -1, "device_end": -1}}, "FFC_sans_bias37": {"write": {"device_start": -1, "host_queued_start": 1585620785.645049, "device_queued": -1, "device_end": -1, "host_queued_end": 1585620785.657743}, "device": "cpu", "nd_range": {"device_start": 2288559.8935253643, "device_end": 2288559.908710961}, "cmdq": 3, "read": {"device_start": -1, "device_end": -1}}, "softmax41": {"write": {"device_start": -1, "host_queued_start": 1585620785.650886, "device_queued": -1, "device_end": -1, "host_queued_end": 1585620785.657743}, "device": "cpu", "nd_range": {"device_start": 2288559.924586657, "device_end": 2288559.9249021243}, "cmdq": 4, "read": {"device_start": -1, "device_end": -1}}, "FFC_sans_bias11": {"write": {"device_start": -1, "host_queued_start": 1585620785.636367, "device_queued": -1, "device_end": -1, "host_queued_end": 1585620785.657743}, "device": "cpu", "nd_range": {"device_start": 2288559.894020975, "device_end": 2288559.909178154}, "cmdq": 0, "read": {"device_start": -1, "device_end": -1}}, "FFC_sans_bias10": {"write": {"device_start": -1, "host_queued_start": 1585620785.635311, "device_queued": -1, "device_end": -1, "host_queued_end": 1585620785.657743}, "device": "cpu", "nd_range": {"device_start": 2288559.847763448, "device_end": 2288559.863137798}, "cmdq": 4, "read": {"device_start": -1, "device_end": -1}}, "coalesced_transpose3": {"write": {"device_start": -1, "host_queued_start": 1585620785.646435, "device_queued": -1, "device_end": -1, "host_queued_end": 1585620785.657743}, "device": "cpu", "nd_range": {"device_start": 2288559.92459875, "device_end": 2288559.924864546}, "cmdq": 0, "read": {"device_start": -1, "device_end": -1}}, "FFC_sans_bias34": {"write": {"device_start": -1, "host_queued_start": 1585620785.656696, "device_queued": -1, "device_end": -1, "host_queued_end": 1585620785.657743}, "device": "cpu", "nd_range": {"device_start": 2288559.970294263, "device_end": 2288559.977972539}, "cmdq": 3, "read": {"device_start": -1, "device_end": -1}}, "FFC_sans_bias15": {"write": {"device_start": -1, "host_queued_start": 1585620785.651574, "device_queued": -1, "device_end": -1, "host_queued_end": 1585620785.657743}, "device": "cpu", "nd_range": {"device_start": 2288559.960341896, "device_end": 2288559.976632866}, "cmdq": 1, "read": {"device_start": -1, "device_end": -1}}, "FFC_sans_bias31": {"write": {"device_start": -1, "host_queued_start": 1585620785.649145, "device_queued": -1, "device_end": -1, "host_queued_end": 1585620785.657743}, "device": "cpu", "nd_range": {"device_start": 2288559.94578815, "device_end": 2288559.962217857}, "cmdq": 3, "read": {"device_start": -1, "device_end": -1}}, "FFC_sans_bias16": {"write": {"device_start": -1, "host_queued_start": 1585620785.654701, "device_queued": -1, "device_end": -1, "host_queued_end": 1585620785.657743}, "device": "cpu", "nd_range": {"device_start": 2288559.976640501, "device_end": 2288559.98095776}, "cmdq": 1, "read": {"device_start": -1, "device_end": -1}}, "FFC_sans_bias19": {"write": {"device_start": -1, "host_queued_start": 1585620785.638462, "device_queued": -1, "device_end": -1, "host_queued_end": 1585620785.657743}, "device": "cpu", "nd_range": {"device_start": 2288559.863801332, "device_end": 2288559.879446355}, "cmdq": 2, "read": {"device_start": -1, "device_end": -1}}, "FFC_sans_bias18": {"write": {"device_start": -1, "host_queued_start": 1585620785.637417, "device_queued": -1, "device_end": -1, "host_queued_end": 1585620785.657743}, "device": "cpu", "nd_range": {"device_start": 2288559.8662175303, "device_end": 2288559.891279452}, "cmdq": 1, "read": {"device_start": -1, "device_end": -1}}, "coalesced_transpose30": {"write": {"device_start": -1, "host_queued_start": 1585620785.647437, "device_queued": -1, "device_end": -1, "host_queued_end": 1585620785.657743}, "device": "cpu", "nd_range": {"device_start": 2288559.945403205, "device_end": 2288559.945659641}, "cmdq": 3, "read": {"device_start": -1, "device_end": -1}}, "FFC_sans_bias38": {"write": {"device_start": -1, "host_queued_start": 1585620785.6461, "device_queued": -1, "device_end": -1, "host_queued_end": 1585620785.657743}, "device": "cpu", "nd_range": {"device_start": 2288559.8786548614, "device_end": 2288559.8939038063}, "cmdq": 4, "read": {"device_start": -1, "device_end": -1}}, "empty26": {"write": {"device_start": -1,