{"FFC_sans_bias4": {"write": {"device_start": -1, "host_queued_start": 1585621061.169856, "device_queued": -1, "device_end": -1, "host_queued_end": 1585621061.181487}, "device": "gpu", "nd_range": {"device_start": 1585620994.8124785, "device_end": 1585620994.8130932}, "cmdq": 0, "read": {"device_start": -1, "device_end": -1}}, "FFC_sans_bias7": {"write": {"device_start": 1585620994.8182411, "host_queued_start": 1585621061.176054, "device_queued": 1585620994.8065736, "device_end": 1585620994.8182724, "host_queued_end": 1585621061.181487}, "device": "gpu", "nd_range": {"device_start": 1585620994.8182821, "device_end": 1585620994.8205898}, "cmdq": 3, "read": {"device_start": 1585620994.8205922, "device_end": 1585620994.8206158}}, "FFC_sans_bias6": {"write": {"device_start": -1, "host_queued_start": 1585621061.17333, "device_queued": -1, "device_end": -1, "host_queued_end": 1585621061.181487}, "device": "gpu", "nd_range": {"device_start": 1585620994.8161597, "device_end": 1585620994.8177273}, "cmdq": 2, "read": {"device_start": -1, "device_end": -1}}, "FFC_sans_bias1": {"write": {"device_start": 1585620994.8037026, "host_queued_start": 1585621061.150393, "device_queued": 1585620994.8035235, "device_end": 1585620994.8037808, "host_queued_end": 1585621061.181487}, "device": "gpu", "nd_range": {"device_start": 1585620994.803787, "device_end": 1585620994.8047924}, "cmdq": 2, "read": {"device_start": -1, "device_end": -1}}, "FFC_sans_bias0": {"write": {"device_start": 1585620994.8036225, "host_queued_start": 1585621061.149335, "device_queued": 1585620994.803498, "device_end": 1585620994.80368, "host_queued_end": 1585621061.181487}, "device": "gpu", "nd_range": {"device_start": 1585620994.8037798, "device_end": 1585620994.8043885}, "cmdq": 1, "read": {"device_start": -1, "device_end": -1}}, "FFC_sans_bias2": {"write": {"device_start": 1585620994.8038447, "host_queued_start": 1585621061.151505, "device_queued": 1585620994.803696, "device_end": 1585620994.8038912, "host_queued_end": 1585621061.181487}, "device": "gpu", "nd_range": {"device_start": 1585620994.8039796, "device_end": 1585620994.8053708}, "cmdq": 3, "read": {"device_start": -1, "device_end": -1}}, "FFC_sans_bias52": {"write": {"device_start": 1585620994.8207603, "host_queued_start": 1585621061.181391, "device_queued": 1585620994.807247, "device_end": 1585620994.8207903, "host_queued_end": 1585621061.181487}, "device": "gpu", "nd_range": {"device_start": 1585620994.820801, "device_end": 1585620994.8220131}, "cmdq": 3, "read": {"device_start": 1585620994.8220212, "device_end": 1585620994.8220432}}, "FFC_sans_bias9": {"write": {"device_start": 1585620994.8039284, "host_queued_start": 1585621061.152547, "device_queued": 1585620994.8037238, "device_end": 1585620994.8039536, "host_queued_end": 1585621061.181487}, "device": "gpu", "nd_range": {"device_start": 1585620994.8039947, "device_end": 1585620994.805781}, "cmdq": 4, "read": {"device_start": -1, "device_end": -1}}, "coalesced_transpose39": {"write": {"device_start": -1, "host_queued_start": 1585621061.169223, "device_queued": -1, "device_end": -1, "host_queued_end": 1585621061.181487}, "device": "gpu", "nd_range": {"device_start": 1585620994.8125944, "device_end": 1585620994.8129325}, "cmdq": 3, "read": {"device_start": -1, "device_end": -1}}, "FFC_sans_bias51": {"write": {"device_start": -1, "host_queued_start": 1585621061.174965, "device_queued": -1, "device_end": -1, "host_queued_end": 1585621061.181487}, "device": "gpu", "nd_range": {"device_start": 1585620994.8177361, "device_end": 1585620994.8196392}, "cmdq": 2, "read": {"device_start": -1, "device_end": -1}}, "softmax23": {"write": {"device_start": -1, "host_queued_start": 1585621061.172253, "device_queued": -1, "device_end": -1, "host_queued_end": 1585621061.181487}, "device": "gpu", "nd_range": {"device_start": 1585620994.815072, "device_end": 1585620994.816127}, "cmdq": 3, "read": {"device_start": -1, "device_end": -1}}, "FFC_sans_bias37": {"write": {"device_start": 1585620994.8083344, "host_queued_start": 1585621061.163273, "device_queued": 1585620994.804756, "device_end": 1585620994.8083665, "host_queued_end": 1585621061.181487}, "device": "gpu", "nd_range": {"device_start": 1585620994.8083785, "device_end": 1585620994.8106349}, "cmdq": 4, "read": {"device_start": -1, "device_end": -1}}, "softmax41": {"write": {"device_start": -1, "host_queued_start": 1585621061.172755, "device_queued": -1, "device_end": -1, "host_queued_end": 1585621061.181487}, "device": "gpu", "nd_range": {"device_start": 1585620994.8154833, "device_end": 1585620994.8156931}, "cmdq": 0, "read": {"device_start": -1, "device_end": -1}}, "FFC_sans_bias11": {"write": {"device_start": 1585620994.8044991, "host_queued_start": 1585621061.154681, "device_queued": 1585620994.8041494, "device_end": 1585620994.8045294, "host_queued_end": 1585621061.181487}, "device": "gpu", "nd_range": {"device_start": 1585620994.804535, "device_end": 1585620994.8067732}, "cmdq": 1, "read": {"device_start": -1, "device_end": -1}}, "FFC_sans_bias10": {"write": {"device_start": 1585620994.8040898, "host_queued_start": 1585621061.153596, "device_queued": 1585620994.8039997, "device_end": 1585620994.804119, "host_queued_end": 1585621061.181487}, "device": "gpu", "nd_range": {"device_start": 1585620994.8041246, "device_end": 1585620994.8063486}, "cmdq": 0, "read": {"device_start": -1, "device_end": -1}}, "coalesced_transpose3": {"write": {"device_start": -1, "host_queued_start": 1585621061.167847, "device_queued": -1, "device_end": -1, "host_queued_end": 1585621061.181487}, "device": "gpu", "nd_range": {"device_start": 1585620994.810636, "device_end": 1585620994.8124516}, "cmdq": 4, "read": {"device_start": -1, "device_end": -1}}, "FFC_sans_bias34": {"write": {"device_start": 1585620994.8187711, "host_queued_start": 1585621061.179282, "device_queued": 1585620994.8070247, "device_end": 1585620994.8188028, "host_queued_end": 1585621061.181487}, "device": "gpu", "nd_range": {"device_start": 1585620994.8188145, "device_end": 1585620994.8210962}, "cmdq": 1, "read": {"device_start": 1585620994.8211026, "device_end": 1585620994.8211255}}, "FFC_sans_bias15": {"write": {"device_start": -1, "host_queued_start": 1585621061.173653, "device_queued": -1, "device_end": -1, "host_queued_end": 1585621061.181487}, "device": "gpu", "nd_range": {"device_start": 1585620994.8161693, "device_end": 1585620994.8181517}, "cmdq": 3, "read": {"device_start": -1, "device_end": -1}}, "FFC_sans_bias31": {"write": {"device_start": -1, "host_queued_start": 1585621061.170859, "device_queued": -1, "device_end": -1, "host_queued_end": 1585621061.181487}, "device": "gpu", "nd_range": {"device_start": 1585620994.8129432, "device_end": 1585620994.8145223}, "cmdq": 3, "read": {"device_start": -1, "device_end": -1}}, "FFC_sans_bias16": {"write": {"device_start": 1585620994.816838, "host_queued_start": 1585621061.177116, "device_queued": 1585620994.8065507, "device_end": 1585620994.8168683, "host_queued_end": 1585621061.181487}, "device": "gpu", "nd_range": {"device_start": 1585620994.8181639, "device_end": 1585620994.8201196}, "cmdq": 4, "read": {"device_start": 1585620994.8201253, "device_end": 1585620994.8201485}}, "FFC_sans_bias19": {"write": {"device_start": 1585620994.8054764, "host_queued_start": 1585621061.156785, "device_queued": 1585620994.8041906, "device_end": 1585620994.805502, "host_queued_end": 1585621061.181487}, "device": "gpu", "nd_range": {"device_start": 1585620994.8055098, "device_end": 1585620994.8077645}, "cmdq": 3, "read": {"device_start": -1, "device_end": -1}}, "FFC_sans_bias18": {"write": {"device_start": 1585620994.8048804, "host_queued_start": 1585621061.155735, "device_queued": 1585620994.804178, "device_end": 1585620994.8049047, "host_queued_end": 1585621061.181487}, "device": "gpu", "nd_range": {"device_start": 1585620994.8049119, "device_end": 1585620994.807282}, "cmdq": 2, "read": {"device_start": -1, "device_end": -1}},