{"FFC_sans_bias4": {"write": {"device_start": -1, "host_queued_start": 1585620714.165273, "device_queued": -1, "device_end": -1, "host_queued_end": 1585620714.17677}, "device": "gpu", "nd_range": {"device_start": 1585620647.8170753, "device_end": 1585620647.817679}, "cmdq": 0, "read": {"device_start": -1, "device_end": -1}}, "FFC_sans_bias7": {"write": {"device_start": 1585620647.823241, "host_queued_start": 1585620714.17131, "device_queued": 1585620647.8115067, "device_end": 1585620647.8232718, "host_queued_end": 1585620714.17677}, "device": "gpu", "nd_range": {"device_start": 1585620647.8232758, "device_end": 1585620647.8240592}, "cmdq": 0, "read": {"device_start": 1585620647.8240685, "device_end": 1585620647.824093}}, "FFC_sans_bias6": {"write": {"device_start": -1, "host_queued_start": 1585620714.168668, "device_queued": -1, "device_end": -1, "host_queued_end": 1585620714.17677}, "device": "gpu", "nd_range": {"device_start": 1585620647.8205495, "device_end": 1585620647.821153}, "cmdq": 0, "read": {"device_start": -1, "device_end": -1}}, "FFC_sans_bias1": {"write": {"device_start": 1585620647.8084445, "host_queued_start": 1585620714.145901, "device_queued": 1585620647.808345, "device_end": 1585620647.808474, "host_queued_end": 1585620714.17677}, "device": "gpu", "nd_range": {"device_start": 1585620647.8084774, "device_end": 1585620647.8093398}, "cmdq": 1, "read": {"device_start": -1, "device_end": -1}}, "FFC_sans_bias0": {"write": {"device_start": 1585620647.8082998, "host_queued_start": 1585620714.144846, "device_queued": 1585620647.8081036, "device_end": 1585620647.808323, "host_queued_end": 1585620714.17677}, "device": "gpu", "nd_range": {"device_start": 1585620647.8083317, "device_end": 1585620647.8089359}, "cmdq": 0, "read": {"device_start": -1, "device_end": -1}}, "FFC_sans_bias2": {"write": {"device_start": 1585620647.8090405, "host_queued_start": 1585620714.146981, "device_queued": 1585620647.808415, "device_end": 1585620647.8090649, "host_queued_end": 1585620714.17677}, "device": "gpu", "nd_range": {"device_start": 1585620647.8090684, "device_end": 1585620647.8099117}, "cmdq": 0, "read": {"device_start": -1, "device_end": -1}}, "FFC_sans_bias52": {"write": {"device_start": 1585620647.8256667, "host_queued_start": 1585620714.176673, "device_queued": 1585620647.8121638, "device_end": 1585620647.8256965, "host_queued_end": 1585620714.17677}, "device": "gpu", "nd_range": {"device_start": 1585620647.825699, "device_end": 1585620647.82645}, "cmdq": 1, "read": {"device_start": 1585620647.8264549, "device_end": 1585620647.8264775}}, "FFC_sans_bias9": {"write": {"device_start": 1585620647.8094678, "host_queued_start": 1585620714.148031, "device_queued": 1585620647.8085704, "device_end": 1585620647.8094988, "host_queued_end": 1585620714.17677}, "device": "gpu", "nd_range": {"device_start": 1585620647.8095026, "device_end": 1585620647.8103328}, "cmdq": 1, "read": {"device_start": -1, "device_end": -1}}, "coalesced_transpose39": {"write": {"device_start": -1, "host_queued_start": 1585620714.164645, "device_queued": -1, "device_end": -1, "host_queued_end": 1585620714.17677}, "device": "gpu", "nd_range": {"device_start": 1585620647.8170578, "device_end": 1585620647.8170738}, "cmdq": 0, "read": {"device_start": -1, "device_end": -1}}, "FFC_sans_bias51": {"write": {"device_start": -1, "host_queued_start": 1585620714.170266, "device_queued": -1, "device_end": -1, "host_queued_end": 1585620714.17677}, "device": "gpu", "nd_range": {"device_start": 1585620647.8225386, "device_end": 1585620647.8235257}, "cmdq": 1, "read": {"device_start": -1, "device_end": -1}}, "softmax23": {"write": {"device_start": -1, "host_queued_start": 1585620714.167621, "device_queued": -1, "device_end": -1, "host_queued_end": 1585620714.17677}, "device": "gpu", "nd_range": {"device_start": 1585620647.8201427, "device_end": 1585620647.8203456}, "cmdq": 0, "read": {"device_start": -1, "device_end": -1}}, "FFC_sans_bias37": {"write": {"device_start": 1585620647.8143682, "host_queued_start": 1585620714.158692, "device_queued": 1585620647.8096838, "device_end": 1585620647.8143938, "host_queued_end": 1585620714.17677}, "device": "gpu", "nd_range": {"device_start": 1585620647.8143976, "device_end": 1585620647.8152287}, "cmdq": 1, "read": {"device_start": -1, "device_end": -1}}, "softmax41": {"write": {"device_start": -1, "host_queued_start": 1585620714.168116, "device_queued": -1, "device_end": -1, "host_queued_end": 1585620714.17677}, "device": "gpu", "nd_range": {"device_start": 1585620647.8203473, "device_end": 1585620647.820548}, "cmdq": 0, "read": {"device_start": -1, "device_end": -1}}, "FFC_sans_bias11": {"write": {"device_start": 1585620647.8104403, "host_queued_start": 1585620714.15013, "device_queued": 1585620647.8087797, "device_end": 1585620647.8104725, "host_queued_end": 1585620714.17677}, "device": "gpu", "nd_range": {"device_start": 1585620647.8104768, "device_end": 1585620647.8113189}, "cmdq": 1, "read": {"device_start": -1, "device_end": -1}}, "FFC_sans_bias10": {"write": {"device_start": 1585620647.8100073, "host_queued_start": 1585620714.149073, "device_queued": 1585620647.8086174, "device_end": 1585620647.8100383, "host_queued_end": 1585620714.17677}, "device": "gpu", "nd_range": {"device_start": 1585620647.8100424, "device_end": 1585620647.8108873}, "cmdq": 0, "read": {"device_start": -1, "device_end": -1}}, "coalesced_transpose3": {"write": {"device_start": -1, "host_queued_start": 1585620714.163314, "device_queued": -1, "device_end": -1, "host_queued_end": 1585620714.17677}, "device": "gpu", "nd_range": {"device_start": 1585620647.8166745, "device_end": 1585620647.8170211}, "cmdq": 0, "read": {"device_start": -1, "device_end": -1}}, "FFC_sans_bias34": {"write": {"device_start": 1585620647.8247008, "host_queued_start": 1585620714.174558, "device_queued": 1585620647.8119583, "device_end": 1585620647.8247313, "host_queued_end": 1585620714.17677}, "device": "gpu", "nd_range": {"device_start": 1585620647.824735, "device_end": 1585620647.8254838}, "cmdq": 1, "read": {"device_start": 1585620647.8254907, "device_end": 1585620647.825514}}, "FFC_sans_bias15": {"write": {"device_start": -1, "host_queued_start": 1585620714.168989, "device_queued": -1, "device_end": -1, "host_queued_end": 1585620714.17677}, "device": "gpu", "nd_range": {"device_start": 1585620647.820768, "device_end": 1585620647.821556}, "cmdq": 1, "read": {"device_start": -1, "device_end": -1}}, "FFC_sans_bias31": {"write": {"device_start": -1, "host_queued_start": 1585620714.166227, "device_queued": -1, "device_end": -1, "host_queued_end": 1585620714.17677}, "device": "gpu", "nd_range": {"device_start": 1585620647.8181555, "device_end": 1585620647.8191512}, "cmdq": 1, "read": {"device_start": -1, "device_end": -1}}, "FFC_sans_bias16": {"write": {"device_start": 1585620647.8236442, "host_queued_start": 1585620714.172393, "device_queued": 1585620647.8116477, "device_end": 1585620647.8236754, "host_queued_end": 1585620714.17677}, "device": "gpu", "nd_range": {"device_start": 1585620647.8236787, "device_end": 1585620647.8244972}, "cmdq": 1, "read": {"device_start": 1585620647.8245065, "device_end": 1585620647.8245313}}, "FFC_sans_bias19": {"write": {"device_start": 1585620647.8114169, "host_queued_start": 1585620714.152261, "device_queued": 1585620647.8089755, "device_end": 1585620647.8114483, "host_queued_end": 1585620714.17677}, "device": "gpu", "nd_range": {"device_start": 1585620647.8114529, "device_end": 1585620647.8123114}, "cmdq": 1, "read": {"device_start": -1, "device_end": -1}}, "FFC_sans_bias18": {"write": {"device_start": 1585620647.8109958, "host_queued_start": 1585620714.151214, "device_queued": 1585620647.8088357, "device_end": 1585620647.811028, "host_queued_end": 1585620714.17677}, "device": "gpu", "nd_range": {"device_start": 1585620647.8110335, "device_end": 1585620647.8118083}, "cmdq": 0, "read": {"device_start": -1, "device_end": -1}}, "coalesced_transpose30": {"write": {"device_start": -1,