{"FFC_sans_bias4": {"write": {"device_start": -1, "host_queued_start": 1585620741.575666, "device_queued": -1, "device_end": -1, "host_queued_end": 1585620741.581351}, "device": "cpu", "nd_range": {"device_start": 2288515.811942365, "device_end": 2288515.828176055}, "cmdq": 0, "read": {"device_start": -1, "device_end": -1}}, "FFC_sans_bias7": {"write": {"device_start": -1, "host_queued_start": 1585620741.579299, "device_queued": -1, "device_end": -1, "host_queued_end": 1585620741.581351}, "device": "cpu", "nd_range": {"device_start": 2288515.8435514173, "device_end": 2288515.85222033}, "cmdq": 0, "read": {"device_start": -1, "device_end": -1}}, "FFC_sans_bias6": {"write": {"device_start": -1, "host_queued_start": 1585620741.577531, "device_queued": -1, "device_end": -1, "host_queued_end": 1585620741.581351}, "device": "cpu", "nd_range": {"device_start": 2288515.82859744, "device_end": 2288515.843544944}, "cmdq": 0, "read": {"device_start": -1, "device_end": -1}}, "FFC_sans_bias1": {"write": {"device_start": -1, "host_queued_start": 1585620741.566598, "device_queued": -1, "device_end": -1, "host_queued_end": 1585620741.581351}, "device": "cpu", "nd_range": {"device_start": 2288515.7709793043, "device_end": 2288515.781726424}, "cmdq": 1, "read": {"device_start": -1, "device_end": -1}}, "FFC_sans_bias0": {"write": {"device_start": -1, "host_queued_start": 1585620741.565486, "device_queued": -1, "device_end": -1, "host_queued_end": 1585620741.581351}, "device": "cpu", "nd_range": {"device_start": 2288515.770971803, "device_end": 2288515.779640351}, "cmdq": 0, "read": {"device_start": -1, "device_end": -1}}, "FFC_sans_bias2": {"write": {"device_start": -1, "host_queued_start": 1585620741.567666, "device_queued": -1, "device_end": -1, "host_queued_end": 1585620741.581351}, "device": "cpu", "nd_range": {"device_start": 2288515.7710180134, "device_end": 2288515.7845299463}, "cmdq": 2, "read": {"device_start": -1, "device_end": -1}}, "FFC_sans_bias52": {"write": {"device_start": 1585620675.1998224, "host_queued_start": 1585620741.560678, "device_queued": 1585620675.193324, "device_end": 1585620675.1998525, "host_queued_end": 1585620741.560777}, "device": "gpu", "nd_range": {"device_start": 1585620675.199857, "device_end": 1585620675.2005618}, "cmdq": 0, "read": {"device_start": 1585620675.2005649, "device_end": 1585620675.2005885}}, "FFC_sans_bias9": {"write": {"device_start": -1, "host_queued_start": 1585620741.56872, "device_queued": -1, "device_end": -1, "host_queued_end": 1585620741.581351}, "device": "cpu", "nd_range": {"device_start": 2288515.7808170933, "device_end": 2288515.790416066}, "cmdq": 0, "read": {"device_start": -1, "device_end": -1}}, "coalesced_transpose39": {"write": {"device_start": -1, "host_queued_start": 1585620741.554531, "device_queued": -1, "device_end": -1, "host_queued_end": 1585620741.560777}, "device": "gpu", "nd_range": {"device_start": 1585620675.1957884, "device_end": 1585620675.1957996}, "cmdq": 1, "read": {"device_start": -1, "device_end": -1}}, "FFC_sans_bias51": {"write": {"device_start": -1, "host_queued_start": 1585620741.557526, "device_queued": -1, "device_end": -1, "host_queued_end": 1585620741.560777}, "device": "gpu", "nd_range": {"device_start": 1585620675.1982007, "device_end": 1585620675.1991816}, "cmdq": 1, "read": {"device_start": -1, "device_end": -1}}, "softmax23": {"write": {"device_start": -1, "host_queued_start": 1585620741.577179, "device_queued": -1, "device_end": -1, "host_queued_end": 1585620741.581351}, "device": "cpu", "nd_range": {"device_start": 2288515.825082899, "device_end": 2288515.825293018}, "cmdq": 2, "read": {"device_start": -1, "device_end": -1}}, "FFC_sans_bias37": {"write": {"device_start": 1585620675.1930583, "host_queued_start": 1585620741.549645, "device_queued": 1585620675.191656, "device_end": 1585620675.1930845, "host_queued_end": 1585620741.560777}, "device": "gpu", "nd_range": {"device_start": 1585620675.1930878, "device_end": 1585620675.1939101}, "cmdq": 1, "read": {"device_start": -1, "device_end": -1}}, "softmax41": {"write": {"device_start": -1, "host_queued_start": 1585620741.5563, "device_queued": -1, "device_end": -1, "host_queued_end": 1585620741.560777}, "device": "gpu", "nd_range": {"device_start": 1585620675.1973846, "device_end": 1585620675.1975873}, "cmdq": 1, "read": {"device_start": -1, "device_end": -1}}, "FFC_sans_bias11": {"write": {"device_start": -1, "host_queued_start": 1585620741.571114, "device_queued": -1, "device_end": -1, "host_queued_end": 1585620741.581351}, "device": "cpu", "nd_range": {"device_start": 2288515.784539483, "device_end": 2288515.795349115}, "cmdq": 2, "read": {"device_start": -1, "device_end": -1}}, "FFC_sans_bias10": {"write": {"device_start": -1, "host_queued_start": 1585620741.569891, "device_queued": -1, "device_end": -1, "host_queued_end": 1585620741.581351}, "device": "cpu", "nd_range": {"device_start": 2288515.781858004, "device_end": 2288515.797008261}, "cmdq": 1, "read": {"device_start": -1, "device_end": -1}}, "coalesced_transpose3": {"write": {"device_start": -1, "host_queued_start": 1585620741.574663, "device_queued": -1, "device_end": -1, "host_queued_end": 1585620741.581351}, "device": "cpu", "nd_range": {"device_start": 2288515.811313929, "device_end": 2288515.811568463}, "cmdq": 0, "read": {"device_start": -1, "device_end": -1}}, "FFC_sans_bias34": {"write": {"device_start": 1585620675.198732, "host_queued_start": 1585620741.558546, "device_queued": 1585620675.1929924, "device_end": 1585620675.198758, "host_queued_end": 1585620741.560777}, "device": "gpu", "nd_range": {"device_start": 1585620675.198764, "device_end": 1585620675.1995869}, "cmdq": 0, "read": {"device_start": 1585620675.199593, "device_end": 1585620675.1996176}}, "FFC_sans_bias15": {"write": {"device_start": -1, "host_queued_start": 1585620741.577874, "device_queued": -1, "device_end": -1, "host_queued_end": 1585620741.581351}, "device": "cpu", "nd_range": {"device_start": 2288515.8178625843, "device_end": 2288515.830017458}, "cmdq": 1, "read": {"device_start": -1, "device_end": -1}}, "FFC_sans_bias31": {"write": {"device_start": -1, "host_queued_start": 1585620741.555178, "device_queued": -1, "device_end": -1, "host_queued_end": 1585620741.560777}, "device": "gpu", "nd_range": {"device_start": 1585620675.1958053, "device_end": 1585620675.1964126}, "cmdq": 1, "read": {"device_start": -1, "device_end": -1}}, "FFC_sans_bias16": {"write": {"device_start": -1, "host_queued_start": 1585620741.580305, "device_queued": -1, "device_end": -1, "host_queued_end": 1585620741.581351}, "device": "cpu", "nd_range": {"device_start": 2288515.8301374703, "device_end": 2288515.844852764}, "cmdq": 1, "read": {"device_start": -1, "device_end": -1}}, "FFC_sans_bias19": {"write": {"device_start": -1, "host_queued_start": 1585620741.573251, "device_queued": -1, "device_end": -1, "host_queued_end": 1585620741.581351}, "device": "cpu", "nd_range": {"device_start": 2288515.7971263723, "device_end": 2288515.8093905062}, "cmdq": 1, "read": {"device_start": -1, "device_end": -1}}, "FFC_sans_bias18": {"write": {"device_start": -1, "host_queued_start": 1585620741.572199, "device_queued": -1, "device_end": -1, "host_queued_end": 1585620741.581351}, "device": "cpu", "nd_range": {"device_start": 2288515.79782476, "device_end": 2288515.810690668}, "cmdq": 0, "read": {"device_start": -1, "device_end": -1}}, "coalesced_transpose30": {"write": {"device_start": -1, "host_queued_start": 1585620741.55423, "device_queued": -1, "device_end": -1, "host_queued_end": 1585620741.560777}, "device": "gpu", "nd_range": {"device_start": 1585620675.1953478, "device_end": 1585620675.1956797}, "cmdq": 0, "read": {"device_start": -1, "device_end": -1}}, "FFC_sans_bias38": {"write": {"device_start": 1585620675.1934686, "host_queued_start": 1585620741.550754, "device_queued": 1585620675.191808, "device_end": 1585620675.1934998, "host_queued_end": 1585620741.560777}, "device": "gpu",