{"FFC_sans_bias4": {"write": {"device_start": -1, "host_queued_start": 1585620645.0929, "device_queued": -1, "device_end": -1, "host_queued_end": 1585620645.098617}, "device": "cpu", "nd_range": {"device_start": 2288419.3433067203, "device_end": 2288419.356704485}, "cmdq": 0, "read": {"device_start": -1, "device_end": -1}}, "FFC_sans_bias7": {"write": {"device_start": -1, "host_queued_start": 1585620645.096507, "device_queued": -1, "device_end": -1, "host_queued_end": 1585620645.098617}, "device": "cpu", "nd_range": {"device_start": 2288419.3630214133, "device_end": 2288419.367345706}, "cmdq": 0, "read": {"device_start": -1, "device_end": -1}}, "FFC_sans_bias6": {"write": {"device_start": -1, "host_queued_start": 1585620645.094765, "device_queued": -1, "device_end": -1, "host_queued_end": 1585620645.098617}, "device": "cpu", "nd_range": {"device_start": 2288419.356936019, "device_end": 2288419.363015714}, "cmdq": 0, "read": {"device_start": -1, "device_end": -1}}, "FFC_sans_bias1": {"write": {"device_start": -1, "host_queued_start": 1585620645.083538, "device_queued": -1, "device_end": -1, "host_queued_end": 1585620645.098617}, "device": "cpu", "nd_range": {"device_start": 2288419.288275271, "device_end": 2288419.299902297}, "cmdq": 1, "read": {"device_start": -1, "device_end": -1}}, "FFC_sans_bias0": {"write": {"device_start": -1, "host_queued_start": 1585620645.08238, "device_queued": -1, "device_end": -1, "host_queued_end": 1585620645.098617}, "device": "cpu", "nd_range": {"device_start": 2288419.288229574, "device_end": 2288419.303646069}, "cmdq": 0, "read": {"device_start": -1, "device_end": -1}}, "FFC_sans_bias2": {"write": {"device_start": -1, "host_queued_start": 1585620645.084751, "device_queued": -1, "device_end": -1, "host_queued_end": 1585620645.098617}, "device": "cpu", "nd_range": {"device_start": 2288419.28823183, "device_end": 2288419.296134112}, "cmdq": 2, "read": {"device_start": -1, "device_end": -1}}, "FFC_sans_bias52": {"write": {"device_start": 1585620578.7239058, "host_queued_start": 1585620645.077623, "device_queued": 1585620578.7125106, "device_end": 1585620578.7239401, "host_queued_end": 1585620645.077729}, "device": "gpu", "nd_range": {"device_start": 1585620578.7239478, "device_end": 1585620578.7245433}, "cmdq": 0, "read": {"device_start": 1585620578.7245479, "device_end": 1585620578.7245822}}, "FFC_sans_bias9": {"write": {"device_start": -1, "host_queued_start": 1585620645.085876, "device_queued": -1, "device_end": -1, "host_queued_end": 1585620645.098617}, "device": "cpu", "nd_range": {"device_start": 2288419.307124802, "device_end": 2288419.315449423}, "cmdq": 0, "read": {"device_start": -1, "device_end": -1}}, "coalesced_transpose39": {"write": {"device_start": -1, "host_queued_start": 1585620645.071486, "device_queued": -1, "device_end": -1, "host_queued_end": 1585620645.077729}, "device": "gpu", "nd_range": {"device_start": 1585620578.7177691, "device_end": 1585620578.717778}, "cmdq": 0, "read": {"device_start": -1, "device_end": -1}}, "FFC_sans_bias51": {"write": {"device_start": -1, "host_queued_start": 1585620645.074439, "device_queued": -1, "device_end": -1, "host_queued_end": 1585620645.077729}, "device": "gpu", "nd_range": {"device_start": 1585620578.721408, "device_end": 1585620578.7220058}, "cmdq": 0, "read": {"device_start": -1, "device_end": -1}}, "softmax23": {"write": {"device_start": -1, "host_queued_start": 1585620645.094414, "device_queued": -1, "device_end": -1, "host_queued_end": 1585620645.098617}, "device": "cpu", "nd_range": {"device_start": 2288419.338001051, "device_end": 2288419.338204328}, "cmdq": 2, "read": {"device_start": -1, "device_end": -1}}, "FFC_sans_bias37": {"write": {"device_start": 1585620578.7141128, "host_queued_start": 1585620645.06662, "device_queued": 1585620578.7111392, "device_end": 1585620578.7141428, "host_queued_end": 1585620645.077729}, "device": "gpu", "nd_range": {"device_start": 1585620578.7141452, "device_end": 1585620578.714747}, "cmdq": 0, "read": {"device_start": -1, "device_end": -1}}, "softmax41": {"write": {"device_start": -1, "host_queued_start": 1585620645.073241, "device_queued": -1, "device_end": -1, "host_queued_end": 1585620645.077729}, "device": "gpu", "nd_range": {"device_start": 1585620578.719794, "device_end": 1585620578.7200015}, "cmdq": 0, "read": {"device_start": -1, "device_end": -1}}, "FFC_sans_bias11": {"write": {"device_start": -1, "host_queued_start": 1585620645.088025, "device_queued": -1, "device_end": -1, "host_queued_end": 1585620645.098617}, "device": "cpu", "nd_range": {"device_start": 2288419.2962516453, "device_end": 2288419.3092368944}, "cmdq": 2, "read": {"device_start": -1, "device_end": -1}}, "FFC_sans_bias10": {"write": {"device_start": -1, "host_queued_start": 1585620645.086961, "device_queued": -1, "device_end": -1, "host_queued_end": 1585620645.098617}, "device": "cpu", "nd_range": {"device_start": 2288419.2999125733, "device_end": 2288419.310415837}, "cmdq": 1, "read": {"device_start": -1, "device_end": -1}}, "coalesced_transpose3": {"write": {"device_start": -1, "host_queued_start": 1585620645.091794, "device_queued": -1, "device_end": -1, "host_queued_end": 1585620645.098617}, "device": "cpu", "nd_range": {"device_start": 2288419.343041398, "device_end": 2288419.343299371}, "cmdq": 0, "read": {"device_start": -1, "device_end": -1}}, "FFC_sans_bias34": {"write": {"device_start": 1585620578.7221503, "host_queued_start": 1585620645.075481, "device_queued": 1585620578.7122614, "device_end": 1585620578.7221742, "host_queued_end": 1585620645.077729}, "device": "gpu", "nd_range": {"device_start": 1585620578.7221842, "device_end": 1585620578.7227821}, "cmdq": 0, "read": {"device_start": 1585620578.7227902, "device_end": 1585620578.7228148}}, "FFC_sans_bias15": {"write": {"device_start": -1, "host_queued_start": 1585620645.095113, "device_queued": -1, "device_end": -1, "host_queued_end": 1585620645.098617}, "device": "cpu", "nd_range": {"device_start": 2288419.3306144443, "device_end": 2288419.341123394}, "cmdq": 1, "read": {"device_start": -1, "device_end": -1}}, "FFC_sans_bias31": {"write": {"device_start": -1, "host_queued_start": 1585620645.072101, "device_queued": -1, "device_end": -1, "host_queued_end": 1585620645.077729}, "device": "gpu", "nd_range": {"device_start": 1585620578.7177882, "device_end": 1585620578.7183788}, "cmdq": 0, "read": {"device_start": -1, "device_end": -1}}, "FFC_sans_bias16": {"write": {"device_start": -1, "host_queued_start": 1585620645.09755, "device_queued": -1, "device_end": -1, "host_queued_end": 1585620645.098617}, "device": "cpu", "nd_range": {"device_start": 2288419.341238603, "device_end": 2288419.3523326353}, "cmdq": 1, "read": {"device_start": -1, "device_end": -1}}, "FFC_sans_bias19": {"write": {"device_start": -1, "host_queued_start": 1585620645.090184, "device_queued": -1, "device_end": -1, "host_queued_end": 1585620645.098617}, "device": "cpu", "nd_range": {"device_start": 2288419.3105393923, "device_end": 2288419.321993941}, "cmdq": 1, "read": {"device_start": -1, "device_end": -1}}, "FFC_sans_bias18": {"write": {"device_start": -1, "host_queued_start": 1585620645.089079, "device_queued": -1, "device_end": -1, "host_queued_end": 1585620645.098617}, "device": "cpu", "nd_range": {"device_start": 2288419.3239133633, "device_end": 2288419.341509704}, "cmdq": 0, "read": {"device_start": -1, "device_end": -1}}, "coalesced_transpose30": {"write": {"device_start": -1, "host_queued_start": 1585620645.071186, "device_queued": -1, "device_end": -1, "host_queued_end": 1585620645.077729}, "device": "gpu", "nd_range": {"device_start": 1585620578.7177598, "device_end": 1585620578.717768}, "cmdq": 0, "read": {"device_start": -1, "device_end": -1}}, "FFC_sans_bias38": {"write": {"device_start": 1585620578.7148695, "host_queued_start": 1585620645.067681, "device_queued": 1585620578.711292, "device_end": 1585620578.7148983, "host_queued_end": 1585620645.077729}, "device": "gpu",