{"FFC_sans_bias4": {"write": {"device_start": -1, "host_queued_start": 1585620744.311632, "device_queued": -1, "device_end": -1, "host_queued_end": 1585620744.319227}, "device": "cpu", "nd_range": {"device_start": 2288518.561318659, "device_end": 2288518.566567729}, "cmdq": 2, "read": {"device_start": -1, "device_end": -1}}, "FFC_sans_bias7": {"write": {"device_start": -1, "host_queued_start": 1585620744.316166, "device_queued": -1, "device_end": -1, "host_queued_end": 1585620744.319227}, "device": "cpu", "nd_range": {"device_start": 2288518.5969596733, "device_end": 2288518.605640028}, "cmdq": 2, "read": {"device_start": -1, "device_end": -1}}, "FFC_sans_bias6": {"write": {"device_start": -1, "host_queued_start": 1585620744.314093, "device_queued": -1, "device_end": -1, "host_queued_end": 1585620744.319227}, "device": "cpu", "nd_range": {"device_start": 2288518.584318064, "device_end": 2288518.5967293973}, "cmdq": 1, "read": {"device_start": -1, "device_end": -1}}, "FFC_sans_bias1": {"write": {"device_start": -1, "host_queued_start": 1585620744.299145, "device_queued": -1, "device_end": -1, "host_queued_end": 1585620744.319227}, "device": "cpu", "nd_range": {"device_start": 2288518.508851916, "device_end": 2288518.516734659}, "cmdq": 2, "read": {"device_start": -1, "device_end": -1}}, "FFC_sans_bias0": {"write": {"device_start": -1, "host_queued_start": 1585620744.297917, "device_queued": -1, "device_end": -1, "host_queued_end": 1585620744.319227}, "device": "cpu", "nd_range": {"device_start": 2288518.508985749, "device_end": 2288518.52249936}, "cmdq": 1, "read": {"device_start": -1, "device_end": -1}}, "FFC_sans_bias2": {"write": {"device_start": -1, "host_queued_start": 1585620744.300283, "device_queued": -1, "device_end": -1, "host_queued_end": 1585620744.319227}, "device": "cpu", "nd_range": {"device_start": 2288518.508860467, "device_end": 2288518.520463515}, "cmdq": 0, "read": {"device_start": -1, "device_end": -1}}, "FFC_sans_bias52": {"write": {"device_start": 1585620677.9279974, "host_queued_start": 1585620744.292484, "device_queued": 1585620677.92381, "device_end": 1585620677.9280283, "host_queued_end": 1585620744.292594}, "device": "gpu", "nd_range": {"device_start": 1585620677.9280307, "device_end": 1585620677.9288547}, "cmdq": 1, "read": {"device_start": 1585620677.9288564, "device_end": 1585620677.92888}}, "FFC_sans_bias9": {"write": {"device_start": -1, "host_queued_start": 1585620744.301345, "device_queued": -1, "device_end": -1, "host_queued_end": 1585620744.319227}, "device": "cpu", "nd_range": {"device_start": 2288518.522626102, "device_end": 2288518.535386688}, "cmdq": 1, "read": {"device_start": -1, "device_end": -1}}, "coalesced_transpose39": {"write": {"device_start": -1, "host_queued_start": 1585620744.288301, "device_queued": -1, "device_end": -1, "host_queued_end": 1585620744.292594}, "device": "gpu", "nd_range": {"device_start": 1585620677.925383, "device_end": 1585620677.9257116}, "cmdq": 0, "read": {"device_start": -1, "device_end": -1}}, "FFC_sans_bias51": {"write": {"device_start": -1, "host_queued_start": 1585620744.290327, "device_queued": -1, "device_end": -1, "host_queued_end": 1585620744.292594}, "device": "gpu", "nd_range": {"device_start": 1585620677.9271083, "device_end": 1585620677.9278777}, "cmdq": 1, "read": {"device_start": -1, "device_end": -1}}, "softmax23": {"write": {"device_start": -1, "host_queued_start": 1585620744.313483, "device_queued": -1, "device_end": -1, "host_queued_end": 1585620744.319227}, "device": "cpu", "nd_range": {"device_start": 2288518.579892389, "device_end": 2288518.580019923}, "cmdq": 2, "read": {"device_start": -1, "device_end": -1}}, "FFC_sans_bias37": {"write": {"device_start": 1585620677.9229622, "host_queued_start": 1585620744.283783, "device_queued": 1585620677.922855, "device_end": 1585620677.9229934, "host_queued_end": 1585620744.292594}, "device": "gpu", "nd_range": {"device_start": 1585620677.9229958, "device_end": 1585620677.9238617}, "cmdq": 1, "read": {"device_start": -1, "device_end": -1}}, "softmax41": {"write": {"device_start": -1, "host_queued_start": 1585620744.289469, "device_queued": -1, "device_end": -1, "host_queued_end": 1585620744.292594}, "device": "gpu", "nd_range": {"device_start": 1585620677.9263213, "device_end": 1585620677.9268599}, "cmdq": 0, "read": {"device_start": -1, "device_end": -1}}, "FFC_sans_bias11": {"write": {"device_start": -1, "host_queued_start": 1585620744.303565, "device_queued": -1, "device_end": -1, "host_queued_end": 1585620744.319227}, "device": "cpu", "nd_range": {"device_start": 2288518.520578197, "device_end": 2288518.535078491}, "cmdq": 0, "read": {"device_start": -1, "device_end": -1}}, "FFC_sans_bias10": {"write": {"device_start": -1, "host_queued_start": 1585620744.302491, "device_queued": -1, "device_end": -1, "host_queued_end": 1585620744.319227}, "device": "cpu", "nd_range": {"device_start": 2288518.5168700432, "device_end": 2288518.531178391}, "cmdq": 2, "read": {"device_start": -1, "device_end": -1}}, "coalesced_transpose3": {"write": {"device_start": -1, "host_queued_start": 1585620744.310253, "device_queued": -1, "device_end": -1, "host_queued_end": 1585620744.319227}, "device": "cpu", "nd_range": {"device_start": 2288518.56108572, "device_end": 2288518.561203772}, "cmdq": 1, "read": {"device_start": -1, "device_end": -1}}, "FFC_sans_bias34": {"write": {"device_start": -1, "host_queued_start": 1585620744.319184, "device_queued": -1, "device_end": -1, "host_queued_end": 1585620744.319227}, "device": "cpu", "nd_range": {"device_start": 2288518.610151154, "device_end": 2288518.619412859}, "cmdq": 2, "read": {"device_start": -1, "device_end": -1}}, "FFC_sans_bias15": {"write": {"device_start": -1, "host_queued_start": 1585620744.314431, "device_queued": -1, "device_end": -1, "host_queued_end": 1585620744.319227}, "device": "cpu", "nd_range": {"device_start": 2288518.583927471, "device_end": 2288518.5930501022}, "cmdq": 2, "read": {"device_start": -1, "device_end": -1}}, "FFC_sans_bias31": {"write": {"device_start": -1, "host_queued_start": 1585620744.312653, "device_queued": -1, "device_end": -1, "host_queued_end": 1585620744.319227}, "device": "cpu", "nd_range": {"device_start": 2288518.5665825023, "device_end": 2288518.57517908}, "cmdq": 2, "read": {"device_start": -1, "device_end": -1}}, "FFC_sans_bias16": {"write": {"device_start": -1, "host_queued_start": 1585620744.317159, "device_queued": -1, "device_end": -1, "host_queued_end": 1585620744.319227}, "device": "cpu", "nd_range": {"device_start": 2288518.599957799, "device_end": 2288518.6161526972}, "cmdq": 0, "read": {"device_start": -1, "device_end": -1}}, "FFC_sans_bias19": {"write": {"device_start": -1, "host_queued_start": 1585620744.30567, "device_queued": -1, "device_end": -1, "host_queued_end": 1585620744.319227}, "device": "cpu", "nd_range": {"device_start": 2288518.531294586, "device_end": 2288518.54342988}, "cmdq": 2, "read": {"device_start": -1, "device_end": -1}}, "FFC_sans_bias18": {"write": {"device_start": -1, "host_queued_start": 1585620744.304619, "device_queued": -1, "device_end": -1, "host_queued_end": 1585620744.319227}, "device": "cpu", "nd_range": {"device_start": 2288518.535505529, "device_end": 2288518.553073749}, "cmdq": 1, "read": {"device_start": -1, "device_end": -1}}, "coalesced_transpose30": {"write": {"device_start": -1, "host_queued_start": 1585620744.311277, "device_queued": -1, "device_end": -1, "host_queued_end": 1585620744.319227}, "device": "cpu", "nd_range": {"device_start": 2288518.561334155, "device_end": 2288518.5615740083}, "cmdq": 1, "read": {"device_start": -1, "device_end": -1}}, "FFC_sans_bias38": {"write": {"device_start": 1585620677.9235868, "host_queued_start": 1585620744.284824, "device_queued": 1585620677.9229074, "device_end": 1585620677.9236176, "host_queued_end": 1585620744.292594}, "device": "gpu", "nd_range": {"device_start": 1585620677.9236214, "device_end": 1585620677.9244156}, "cmdq": 0,