{"FFC_sans_bias4": {"write": {"device_start": -1, "host_queued_start": 1585620796.650674, "device_queued": -1, "device_end": -1, "host_queued_end": 1585620796.654787}, "device": "cpu", "nd_range": {"device_start": 2288570.870200715, "device_end": 2288570.8745452343}, "cmdq": 0, "read": {"device_start": -1, "device_end": -1}}, "FFC_sans_bias7": {"write": {"device_start": -1, "host_queued_start": 1585620796.653715, "device_queued": -1, "device_end": -1, "host_queued_end": 1585620796.654787}, "device": "cpu", "nd_range": {"device_start": 2288570.8888247833, "device_end": 2288570.893252598}, "cmdq": 0, "read": {"device_start": -1, "device_end": -1}}, "FFC_sans_bias6": {"write": {"device_start": -1, "host_queued_start": 1585620796.652147, "device_queued": -1, "device_end": -1, "host_queued_end": 1585620796.654787}, "device": "cpu", "nd_range": {"device_start": 2288570.879686307, "device_end": 2288570.884258409}, "cmdq": 0, "read": {"device_start": -1, "device_end": -1}}, "FFC_sans_bias1": {"write": {"device_start": -1, "host_queued_start": 1585620796.645128, "device_queued": -1, "device_end": -1, "host_queued_end": 1585620796.654787}, "device": "cpu", "nd_range": {"device_start": 2288570.848532822, "device_end": 2288570.852467745}, "cmdq": 0, "read": {"device_start": -1, "device_end": -1}}, "FFC_sans_bias0": {"write": {"device_start": -1, "host_queued_start": 1585620796.643896, "device_queued": -1, "device_end": -1, "host_queued_end": 1585620796.654787}, "device": "cpu", "nd_range": {"device_start": 2288570.844401537, "device_end": 2288570.848513863}, "cmdq": 0, "read": {"device_start": -1, "device_end": -1}}, "FFC_sans_bias2": {"write": {"device_start": -1, "host_queued_start": 1585620796.646386, "device_queued": -1, "device_end": -1, "host_queued_end": 1585620796.654787}, "device": "cpu", "nd_range": {"device_start": 2288570.8524765293, "device_end": 2288570.856370789}, "cmdq": 0, "read": {"device_start": -1, "device_end": -1}}, "FFC_sans_bias52": {"write": {"device_start": 1585620730.279989, "host_queued_start": 1585620796.639899, "device_queued": 1585620730.2713325, "device_end": 1585620730.28002, "host_queued_end": 1585620796.640002}, "device": "gpu", "nd_range": {"device_start": 1585620730.280027, "device_end": 1585620730.2811432}, "cmdq": 2, "read": {"device_start": 1585620730.2811527, "device_end": 1585620730.2811759}}, "FFC_sans_bias9": {"write": {"device_start": -1, "host_queued_start": 1585620796.647458, "device_queued": -1, "device_end": -1, "host_queued_end": 1585620796.654787}, "device": "cpu", "nd_range": {"device_start": 2288570.856376123, "device_end": 2288570.8602825603}, "cmdq": 0, "read": {"device_start": -1, "device_end": -1}}, "coalesced_transpose39": {"write": {"device_start": -1, "host_queued_start": 1585620796.631719, "device_queued": -1, "device_end": -1, "host_queued_end": 1585620796.640002}, "device": "gpu", "nd_range": {"device_start": 1585620730.274971, "device_end": 1585620730.274986}, "cmdq": 0, "read": {"device_start": -1, "device_end": -1}}, "FFC_sans_bias51": {"write": {"device_start": -1, "host_queued_start": 1585620796.635721, "device_queued": -1, "device_end": -1, "host_queued_end": 1585620796.640002}, "device": "gpu", "nd_range": {"device_start": 1585620730.2778144, "device_end": 1585620730.2792099}, "cmdq": 1, "read": {"device_start": -1, "device_end": -1}}, "softmax23": {"write": {"device_start": -1, "host_queued_start": 1585620796.633582, "device_queued": -1, "device_end": -1, "host_queued_end": 1585620796.640002}, "device": "gpu", "nd_range": {"device_start": 1585620730.2759986, "device_end": 1585620730.2771888}, "cmdq": 0, "read": {"device_start": -1, "device_end": -1}}, "FFC_sans_bias37": {"write": {"device_start": 1585620730.2717295, "host_queued_start": 1585620796.626532, "device_queued": 1585620730.2696135, "device_end": 1585620730.271756, "host_queued_end": 1585620796.640002}, "device": "gpu", "nd_range": {"device_start": 1585620730.271764, "device_end": 1585620730.2730641}, "cmdq": 2, "read": {"device_start": -1, "device_end": -1}}, "softmax41": {"write": {"device_start": -1, "host_queued_start": 1585620796.634068, "device_queued": -1, "device_end": -1, "host_queued_end": 1585620796.640002}, "device": "gpu", "nd_range": {"device_start": 1585620730.2769904, "device_end": 1585620730.2772064}, "cmdq": 2, "read": {"device_start": -1, "device_end": -1}}, "FFC_sans_bias11": {"write": {"device_start": -1, "host_queued_start": 1585620796.649559, "device_queued": -1, "device_end": -1, "host_queued_end": 1585620796.654787}, "device": "cpu", "nd_range": {"device_start": 2288570.865304768, "device_end": 2288570.869658659}, "cmdq": 0, "read": {"device_start": -1, "device_end": -1}}, "FFC_sans_bias10": {"write": {"device_start": -1, "host_queued_start": 1585620796.648504, "device_queued": -1, "device_end": -1, "host_queued_end": 1585620796.654787}, "device": "cpu", "nd_range": {"device_start": 2288570.860287649, "device_end": 2288570.865299772}, "cmdq": 0, "read": {"device_start": -1, "device_end": -1}}, "coalesced_transpose3": {"write": {"device_start": -1, "host_queued_start": 1585620796.649888, "device_queued": -1, "device_end": -1, "host_queued_end": 1585620796.654787}, "device": "cpu", "nd_range": {"device_start": 2288570.869664429, "device_end": 2288570.869845957}, "cmdq": 0, "read": {"device_start": -1, "device_end": -1}}, "FFC_sans_bias34": {"write": {"device_start": 1585620730.2789228, "host_queued_start": 1585620796.637802, "device_queued": 1585620730.2710738, "device_end": 1585620730.278954, "host_queued_end": 1585620796.640002}, "device": "gpu", "nd_range": {"device_start": 1585620730.2789617, "device_end": 1585620730.280198}, "cmdq": 0, "read": {"device_start": 1585620730.280207, "device_end": 1585620730.2802308}}, "FFC_sans_bias15": {"write": {"device_start": -1, "host_queued_start": 1585620796.652547, "device_queued": -1, "device_end": -1, "host_queued_end": 1585620796.654787}, "device": "cpu", "nd_range": {"device_start": 2288570.8842640463, "device_end": 2288570.8888189513}, "cmdq": 0, "read": {"device_start": -1, "device_end": -1}}, "FFC_sans_bias31": {"write": {"device_start": -1, "host_queued_start": 1585620796.632661, "device_queued": -1, "device_end": -1, "host_queued_end": 1585620796.640002}, "device": "gpu", "nd_range": {"device_start": 1585620730.2749944, "device_end": 1585620730.2759926}, "cmdq": 0, "read": {"device_start": -1, "device_end": -1}}, "FFC_sans_bias16": {"write": {"device_start": -1, "host_queued_start": 1585620796.654743, "device_queued": -1, "device_end": -1, "host_queued_end": 1585620796.654787}, "device": "cpu", "nd_range": {"device_start": 2288570.893255875, "device_end": 2288570.897770044}, "cmdq": 0, "read": {"device_start": -1, "device_end": -1}}, "FFC_sans_bias19": {"write": {"device_start": 1585620730.2691174, "host_queued_start": 1585620796.620217, "device_queued": 1585620730.2689521, "device_end": 1585620730.2691474, "host_queued_end": 1585620796.640002}, "device": "gpu", "nd_range": {"device_start": 1585620730.2691505, "device_end": 1585620730.2700922}, "cmdq": 2, "read": {"device_start": -1, "device_end": -1}}, "FFC_sans_bias18": {"write": {"device_start": 1585620730.2690244, "host_queued_start": 1585620796.619144, "device_queued": 1585620730.2689285, "device_end": 1585620730.2690763, "host_queued_end": 1585620796.640002}, "device": "gpu", "nd_range": {"device_start": 1585620730.269081, "device_end": 1585620730.2696857}, "cmdq": 1, "read": {"device_start": -1, "device_end": -1}}, "coalesced_transpose30": {"write": {"device_start": -1, "host_queued_start": 1585620796.631417, "device_queued": -1, "device_end": -1, "host_queued_end": 1585620796.640002}, "device": "gpu", "nd_range": {"device_start": 1585620730.2744966, "device_end": 1585620730.2748737}, "cmdq": 2, "read": {"device_start": -1, "device_end": -1}}, "FFC_sans_bias38": {"write": {"device_start": 1585620730.272186, "host_queued_start": 1585620796.62761, "device_queued": 1585620730.269855,