{"FFC_sans_bias4": {"write": {"device_start": -1, "host_queued_start": 1585620890.436706, "device_queued": -1, "device_end": -1, "host_queued_end": 1585620890.438643}, "device": "cpu", "nd_range": {"device_start": 2288664.64089427, "device_end": 2288664.644805732}, "cmdq": 0, "read": {"device_start": -1, "device_end": -1}}, "FFC_sans_bias7": {"write": {"device_start": -1, "host_queued_start": 1585620890.438589, "device_queued": -1, "device_end": -1, "host_queued_end": 1585620890.438643}, "device": "cpu", "nd_range": {"device_start": 2288664.6498209434, "device_end": 2288664.654330884}, "cmdq": 0, "read": {"device_start": -1, "device_end": -1}}, "FFC_sans_bias6": {"write": {"device_start": -1, "host_queued_start": 1585620890.437491, "device_queued": -1, "device_end": -1, "host_queued_end": 1585620890.438643}, "device": "cpu", "nd_range": {"device_start": 2288664.645046054, "device_end": 2288664.649814857}, "cmdq": 0, "read": {"device_start": -1, "device_end": -1}}, "FFC_sans_bias1": {"write": {"device_start": -1, "host_queued_start": 1585620890.434542, "device_queued": -1, "device_end": -1, "host_queued_end": 1585620890.438643}, "device": "cpu", "nd_range": {"device_start": 2288664.632413575, "device_end": 2288664.636492319}, "cmdq": 0, "read": {"device_start": -1, "device_end": -1}}, "FFC_sans_bias0": {"write": {"device_start": -1, "host_queued_start": 1585620890.433268, "device_queued": -1, "device_end": -1, "host_queued_end": 1585620890.438643}, "device": "cpu", "nd_range": {"device_start": 2288664.628246673, "device_end": 2288664.632393187}, "cmdq": 0, "read": {"device_start": -1, "device_end": -1}}, "FFC_sans_bias2": {"write": {"device_start": -1, "host_queued_start": 1585620890.435844, "device_queued": -1, "device_end": -1, "host_queued_end": 1585620890.438643}, "device": "cpu", "nd_range": {"device_start": 2288664.636649401, "device_end": 2288664.640542706}, "cmdq": 0, "read": {"device_start": -1, "device_end": -1}}, "FFC_sans_bias52": {"write": {"device_start": 1585620824.0708675, "host_queued_start": 1585620890.430306, "device_queued": 1585620824.0606394, "device_end": 1585620824.070892, "host_queued_end": 1585620890.430412}, "device": "gpu", "nd_range": {"device_start": 1585620824.070901, "device_end": 1585620824.0726266}, "cmdq": 0, "read": {"device_start": 1585620824.0726345, "device_end": 1585620824.0726576}}, "FFC_sans_bias9": {"write": {"device_start": 1585620824.0571582, "host_queued_start": 1585620890.404076, "device_queued": 1585620824.057016, "device_end": 1585620824.0572302, "host_queued_end": 1585620890.430412}, "device": "gpu", "nd_range": {"device_start": 1585620824.0573633, "device_end": 1585620824.0579767}, "cmdq": 1, "read": {"device_start": -1, "device_end": -1}}, "coalesced_transpose39": {"write": {"device_start": -1, "host_queued_start": 1585620890.420112, "device_queued": -1, "device_end": -1, "host_queued_end": 1585620890.430412}, "device": "gpu", "nd_range": {"device_start": 1585620824.064727, "device_end": 1585620824.064754}, "cmdq": 3, "read": {"device_start": -1, "device_end": -1}}, "FFC_sans_bias51": {"write": {"device_start": -1, "host_queued_start": 1585620890.425068, "device_queued": -1, "device_end": -1, "host_queued_end": 1585620890.430412}, "device": "gpu", "nd_range": {"device_start": 1585620824.0683126, "device_end": 1585620824.0702398}, "cmdq": 3, "read": {"device_start": -1, "device_end": -1}}, "softmax23": {"write": {"device_start": -1, "host_queued_start": 1585620890.422727, "device_queued": -1, "device_end": -1, "host_queued_end": 1585620890.430412}, "device": "gpu", "nd_range": {"device_start": 1585620824.066324, "device_end": 1585620824.067695}, "cmdq": 3, "read": {"device_start": -1, "device_end": -1}}, "FFC_sans_bias37": {"write": {"device_start": 1585620824.0609665, "host_queued_start": 1585620890.414639, "device_queued": 1585620824.0580556, "device_end": 1585620824.060994, "host_queued_end": 1585620890.430412}, "device": "gpu", "nd_range": {"device_start": 1585620824.0609972, "device_end": 1585620824.06278}, "cmdq": 3, "read": {"device_start": -1, "device_end": -1}}, "softmax41": {"write": {"device_start": -1, "host_queued_start": 1585620890.423229, "device_queued": -1, "device_end": -1, "host_queued_end": 1585620890.430412}, "device": "gpu", "nd_range": {"device_start": 1585620824.0672345, "device_end": 1585620824.0674396}, "cmdq": 1, "read": {"device_start": -1, "device_end": -1}}, "FFC_sans_bias11": {"write": {"device_start": 1585620824.0573373, "host_queued_start": 1585620890.406168, "device_queued": 1585620824.0570583, "device_end": 1585620824.057362, "host_queued_end": 1585620890.430412}, "device": "gpu", "nd_range": {"device_start": 1585620824.057405, "device_end": 1585620824.0589364}, "cmdq": 3, "read": {"device_start": -1, "device_end": -1}}, "FFC_sans_bias10": {"write": {"device_start": 1585620824.0572562, "host_queued_start": 1585620890.405121, "device_queued": 1585620824.057037, "device_end": 1585620824.0573323, "host_queued_end": 1585620890.430412}, "device": "gpu", "nd_range": {"device_start": 1585620824.057391, "device_end": 1585620824.0583851}, "cmdq": 2, "read": {"device_start": -1, "device_end": -1}}, "coalesced_transpose3": {"write": {"device_start": -1, "host_queued_start": 1585620890.43626, "device_queued": -1, "device_end": -1, "host_queued_end": 1585620890.438643}, "device": "cpu", "nd_range": {"device_start": 2288664.6406636094, "device_end": 2288664.640765765}, "cmdq": 0, "read": {"device_start": -1, "device_end": -1}}, "FFC_sans_bias34": {"write": {"device_start": 1585620824.0697856, "host_queued_start": 1585620890.428207, "device_queued": 1585620824.0602508, "device_end": 1585620824.0698106, "host_queued_end": 1585620890.430412}, "device": "gpu", "nd_range": {"device_start": 1585620824.0698216, "device_end": 1585620824.071665}, "cmdq": 2, "read": {"device_start": 1585620824.071676, "device_end": 1585620824.071699}}, "FFC_sans_bias15": {"write": {"device_start": -1, "host_queued_start": 1585620890.423795, "device_queued": -1, "device_end": -1, "host_queued_end": 1585620890.430412}, "device": "gpu", "nd_range": {"device_start": 1585620824.0677023, "device_end": 1585620824.0683057}, "cmdq": 3, "read": {"device_start": -1, "device_end": -1}}, "FFC_sans_bias31": {"write": {"device_start": -1, "host_queued_start": 1585620890.421525, "device_queued": -1, "device_end": -1, "host_queued_end": 1585620890.430412}, "device": "gpu", "nd_range": {"device_start": 1585620824.0647633, "device_end": 1585620824.0663166}, "cmdq": 3, "read": {"device_start": -1, "device_end": -1}}, "FFC_sans_bias16": {"write": {"device_start": 1585620824.0688162, "host_queued_start": 1585620890.426093, "device_queued": 1585620824.0599365, "device_end": 1585620824.0688415, "host_queued_end": 1585620890.430412}, "device": "gpu", "nd_range": {"device_start": 1585620824.068855, "device_end": 1585620824.0707002}, "cmdq": 0, "read": {"device_start": 1585620824.0707078, "device_end": 1585620824.0707312}}, "FFC_sans_bias19": {"write": {"device_start": 1585620824.0580835, "host_queued_start": 1585620890.408301, "device_queued": 1585620824.0576022, "device_end": 1585620824.058113, "host_queued_end": 1585620890.430412}, "device": "gpu", "nd_range": {"device_start": 1585620824.0581183, "device_end": 1585620824.0598938}, "cmdq": 1, "read": {"device_start": -1, "device_end": -1}}, "FFC_sans_bias18": {"write": {"device_start": 1585620824.057511, "host_queued_start": 1585620890.407264, "device_queued": 1585620824.0574117, "device_end": 1585620824.0575414, "host_queued_end": 1585620890.430412}, "device": "gpu", "nd_range": {"device_start": 1585620824.0575926, "device_end": 1585620824.0593705}, "cmdq": 0, "read": {"device_start": -1, "device_end": -1}}, "coalesced_transpose30": {"write": {"device_start": -1, "host_queued_start": 1585620890.419809, "device_queued": -1, "device_end": -1, "host_queued_end": 1585620890.430412}, "device": "gpu", "nd_range": {"device_start": 1585620824.0642126, "device_end": 1585620824.0646012},