{"FFC_sans_bias4": {"write": {"device_start": -1, "host_queued_start": 1585620697.592654, "device_queued": -1, "device_end": -1, "host_queued_end": 1585620697.594734}, "device": "cpu", "nd_range": {"device_start": 2288471.796823101, "device_end": 2288471.800934831}, "cmdq": 0, "read": {"device_start": -1, "device_end": -1}}, "FFC_sans_bias7": {"write": {"device_start": -1, "host_queued_start": 1585620697.594688, "device_queued": -1, "device_end": -1, "host_queued_end": 1585620697.594734}, "device": "cpu", "nd_range": {"device_start": 2288471.806066595, "device_end": 2288471.8103898}, "cmdq": 0, "read": {"device_start": -1, "device_end": -1}}, "FFC_sans_bias6": {"write": {"device_start": -1, "host_queued_start": 1585620697.593454, "device_queued": -1, "device_end": -1, "host_queued_end": 1585620697.594734}, "device": "cpu", "nd_range": {"device_start": 2288471.801276651, "device_end": 2288471.8060599463}, "cmdq": 0, "read": {"device_start": -1, "device_end": -1}}, "FFC_sans_bias1": {"write": {"device_start": -1, "host_queued_start": 1585620697.590477, "device_queued": -1, "device_end": -1, "host_queued_end": 1585620697.594734}, "device": "cpu", "nd_range": {"device_start": 2288471.788424721, "device_end": 2288471.792611548}, "cmdq": 0, "read": {"device_start": -1, "device_end": -1}}, "FFC_sans_bias0": {"write": {"device_start": -1, "host_queued_start": 1585620697.589189, "device_queued": -1, "device_end": -1, "host_queued_end": 1585620697.594734}, "device": "cpu", "nd_range": {"device_start": 2288471.7843377683, "device_end": 2288471.788414813}, "cmdq": 0, "read": {"device_start": -1, "device_end": -1}}, "FFC_sans_bias2": {"write": {"device_start": -1, "host_queued_start": 1585620697.59187, "device_queued": -1, "device_end": -1, "host_queued_end": 1585620697.594734}, "device": "cpu", "nd_range": {"device_start": 2288471.792632818, "device_end": 2288471.7965739393}, "cmdq": 0, "read": {"device_start": -1, "device_end": -1}}, "FFC_sans_bias52": {"write": {"device_start": 1585620631.2321332, "host_queued_start": 1585620697.586163, "device_queued": 1585620631.221142, "device_end": 1585620631.232158, "host_queued_end": 1585620697.586262}, "device": "gpu", "nd_range": {"device_start": 1585620631.2321656, "device_end": 1585620631.2329206}, "cmdq": 0, "read": {"device_start": 1585620631.2335358, "device_end": 1585620631.2335582}}, "FFC_sans_bias9": {"write": {"device_start": 1585620631.2181776, "host_queued_start": 1585620697.560012, "device_queued": 1585620631.2180083, "device_end": 1585620631.2182555, "host_queued_end": 1585620697.586262}, "device": "gpu", "nd_range": {"device_start": 1585620631.2182682, "device_end": 1585620631.2188737}, "cmdq": 1, "read": {"device_start": -1, "device_end": -1}}, "coalesced_transpose39": {"write": {"device_start": -1, "host_queued_start": 1585620697.576094, "device_queued": -1, "device_end": -1, "host_queued_end": 1585620697.586262}, "device": "gpu", "nd_range": {"device_start": 1585620631.225655, "device_end": 1585620631.2256696}, "cmdq": 1, "read": {"device_start": -1, "device_end": -1}}, "FFC_sans_bias51": {"write": {"device_start": -1, "host_queued_start": 1585620697.580924, "device_queued": -1, "device_end": -1, "host_queued_end": 1585620697.586262}, "device": "gpu", "nd_range": {"device_start": 1585620631.2304986, "device_end": 1585620631.2314863}, "cmdq": 1, "read": {"device_start": -1, "device_end": -1}}, "softmax23": {"write": {"device_start": -1, "host_queued_start": 1585620697.578606, "device_queued": -1, "device_end": -1, "host_queued_end": 1585620697.586262}, "device": "gpu", "nd_range": {"device_start": 1585620631.228269, "device_end": 1585620631.2284746}, "cmdq": 1, "read": {"device_start": -1, "device_end": -1}}, "FFC_sans_bias37": {"write": {"device_start": 1585620631.2228653, "host_queued_start": 1585620697.570665, "device_queued": 1585620631.2192357, "device_end": 1585620631.222897, "host_queued_end": 1585620697.586262}, "device": "gpu", "nd_range": {"device_start": 1585620631.2229054, "device_end": 1585620631.2236896}, "cmdq": 1, "read": {"device_start": -1, "device_end": -1}}, "softmax41": {"write": {"device_start": -1, "host_queued_start": 1585620697.579104, "device_queued": -1, "device_end": -1, "host_queued_end": 1585620697.586262}, "device": "gpu", "nd_range": {"device_start": 1585620631.2284815, "device_end": 1585620631.2288585}, "cmdq": 1, "read": {"device_start": -1, "device_end": -1}}, "FFC_sans_bias11": {"write": {"device_start": 1585620631.2190552, "host_queued_start": 1585620697.562125, "device_queued": 1585620631.2183557, "device_end": 1585620631.2190866, "host_queued_end": 1585620697.586262}, "device": "gpu", "nd_range": {"device_start": 1585620631.21909, "device_end": 1585620631.2198596}, "cmdq": 1, "read": {"device_start": -1, "device_end": -1}}, "FFC_sans_bias10": {"write": {"device_start": 1585620631.2182925, "host_queued_start": 1585620697.561067, "device_queued": 1585620631.2180605, "device_end": 1585620631.2183232, "host_queued_end": 1585620697.586262}, "device": "gpu", "nd_range": {"device_start": 1585620631.2183464, "device_end": 1585620631.219276}, "cmdq": 0, "read": {"device_start": -1, "device_end": -1}}, "coalesced_transpose3": {"write": {"device_start": -1, "host_queued_start": 1585620697.592255, "device_queued": -1, "device_end": -1, "host_queued_end": 1585620697.594734}, "device": "cpu", "nd_range": {"device_start": 2288471.7965793, "device_end": 2288471.7966816383}, "cmdq": 0, "read": {"device_start": -1, "device_end": -1}}, "FFC_sans_bias34": {"write": {"device_start": 1585620631.231215, "host_queued_start": 1585620697.584053, "device_queued": 1585620631.220845, "device_end": 1585620631.23124, "host_queued_end": 1585620697.586262}, "device": "gpu", "nd_range": {"device_start": 1585620631.2312472, "device_end": 1585620631.2319663}, "cmdq": 0, "read": {"device_start": 1585620631.2319772, "device_end": 1585620631.2320013}}, "FFC_sans_bias15": {"write": {"device_start": -1, "host_queued_start": 1585620697.579663, "device_queued": -1, "device_end": -1, "host_queued_end": 1585620697.586262}, "device": "gpu", "nd_range": {"device_start": 1585620631.2288656, "device_end": 1585620631.2295008}, "cmdq": 1, "read": {"device_start": -1, "device_end": -1}}, "FFC_sans_bias31": {"write": {"device_start": -1, "host_queued_start": 1585620697.577462, "device_queued": -1, "device_end": -1, "host_queued_end": 1585620697.586262}, "device": "gpu", "nd_range": {"device_start": 1585620631.2266805, "device_end": 1585620631.2276547}, "cmdq": 1, "read": {"device_start": -1, "device_end": -1}}, "FFC_sans_bias16": {"write": {"device_start": 1585620631.2301903, "host_queued_start": 1585620697.581943, "device_queued": 1585620631.2206204, "device_end": 1585620631.230217, "host_queued_end": 1585620697.586262}, "device": "gpu", "nd_range": {"device_start": 1585620631.2302272, "device_end": 1585620631.2310236}, "cmdq": 0, "read": {"device_start": 1585620631.2310302, "device_end": 1585620631.2310576}}, "FFC_sans_bias19": {"write": {"device_start": 1585620631.2199621, "host_queued_start": 1585620697.564273, "device_queued": 1585620631.2185576, "device_end": 1585620631.2199876, "host_queued_end": 1585620697.586262}, "device": "gpu", "nd_range": {"device_start": 1585620631.219992, "device_end": 1585620631.2208223}, "cmdq": 1, "read": {"device_start": -1, "device_end": -1}}, "FFC_sans_bias18": {"write": {"device_start": 1585620631.2193737, "host_queued_start": 1585620697.56322, "device_queued": 1585620631.218408, "device_end": 1585620631.2193995, "host_queued_end": 1585620697.586262}, "device": "gpu", "nd_range": {"device_start": 1585620631.2194033, "device_end": 1585620631.220267}, "cmdq": 0, "read": {"device_start": -1, "device_end": -1}}, "coalesced_transpose30": {"write": {"device_start": -1, "host_queued_start": 1585620697.575797, "device_queued": -1, "device_end": -1, "host_queued_end": 1585620697.586262}, "device": "gpu", "nd_range": {"device_start": 1585620631.225506, "device_end": 1585620631.2255237},