{"FFC_sans_bias4": {"write": {"device_start": -1, "host_queued_start": 1585620799.364745, "device_queued": -1, "device_end": -1, "host_queued_end": 1585620799.370407}, "device": "cpu", "nd_range": {"device_start": 2288573.5998428133, "device_end": 2288573.604430527}, "cmdq": 0, "read": {"device_start": -1, "device_end": -1}}, "FFC_sans_bias7": {"write": {"device_start": -1, "host_queued_start": 1585620799.368367, "device_queued": -1, "device_end": -1, "host_queued_end": 1585620799.370407}, "device": "cpu", "nd_range": {"device_start": 2288573.6277787103, "device_end": 2288573.6322728693}, "cmdq": 0, "read": {"device_start": -1, "device_end": -1}}, "FFC_sans_bias6": {"write": {"device_start": -1, "host_queued_start": 1585620799.366622, "device_queued": -1, "device_end": -1, "host_queued_end": 1585620799.370407}, "device": "cpu", "nd_range": {"device_start": 2288573.614154435, "device_end": 2288573.6184957623}, "cmdq": 0, "read": {"device_start": -1, "device_end": -1}}, "FFC_sans_bias1": {"write": {"device_start": -1, "host_queued_start": 1585620799.355541, "device_queued": -1, "device_end": -1, "host_queued_end": 1585620799.370407}, "device": "cpu", "nd_range": {"device_start": 2288573.56425527, "device_end": 2288573.5682087173}, "cmdq": 0, "read": {"device_start": -1, "device_end": -1}}, "FFC_sans_bias0": {"write": {"device_start": -1, "host_queued_start": 1585620799.354457, "device_queued": -1, "device_end": -1, "host_queued_end": 1585620799.370407}, "device": "cpu", "nd_range": {"device_start": 2288573.5600228254, "device_end": 2288573.564234827}, "cmdq": 0, "read": {"device_start": -1, "device_end": -1}}, "FFC_sans_bias2": {"write": {"device_start": -1, "host_queued_start": 1585620799.356605, "device_queued": -1, "device_end": -1, "host_queued_end": 1585620799.370407}, "device": "cpu", "nd_range": {"device_start": 2288573.5682259654, "device_end": 2288573.57217746}, "cmdq": 0, "read": {"device_start": -1, "device_end": -1}}, "FFC_sans_bias52": {"write": {"device_start": 1585620732.9861622, "host_queued_start": 1585620799.349562, "device_queued": 1585620732.9801788, "device_end": 1585620732.9861925, "host_queued_end": 1585620799.349752}, "device": "gpu", "nd_range": {"device_start": 1585620732.9861982, "device_end": 1585620732.9874508}, "cmdq": 2, "read": {"device_start": 1585620732.9874535, "device_end": 1585620732.9874766}}, "FFC_sans_bias9": {"write": {"device_start": -1, "host_queued_start": 1585620799.357781, "device_queued": -1, "device_end": -1, "host_queued_end": 1585620799.370407}, "device": "cpu", "nd_range": {"device_start": 2288573.5721833264, "device_end": 2288573.5761069483}, "cmdq": 0, "read": {"device_start": -1, "device_end": -1}}, "coalesced_transpose39": {"write": {"device_start": -1, "host_queued_start": 1585620799.343452, "device_queued": -1, "device_end": -1, "host_queued_end": 1585620799.349752}, "device": "gpu", "nd_range": {"device_start": 1585620732.982664, "device_end": 1585620732.9830155}, "cmdq": 1, "read": {"device_start": -1, "device_end": -1}}, "FFC_sans_bias51": {"write": {"device_start": -1, "host_queued_start": 1585620799.346419, "device_queued": -1, "device_end": -1, "host_queued_end": 1585620799.349752}, "device": "gpu", "nd_range": {"device_start": 1585620732.9852242, "device_end": 1585620732.9860303}, "cmdq": 2, "read": {"device_start": -1, "device_end": -1}}, "softmax23": {"write": {"device_start": -1, "host_queued_start": 1585620799.366259, "device_queued": -1, "device_end": -1, "host_queued_end": 1585620799.370407}, "device": "cpu", "nd_range": {"device_start": 2288573.61396287, "device_end": 2288573.61404418}, "cmdq": 0, "read": {"device_start": -1, "device_end": -1}}, "FFC_sans_bias37": {"write": {"device_start": 1585620732.9797904, "host_queued_start": 1585620799.338592, "device_queued": 1585620732.9789355, "device_end": 1585620732.9798148, "host_queued_end": 1585620799.349752}, "device": "gpu", "nd_range": {"device_start": 1585620732.9798188, "device_end": 1585620732.9812098}, "cmdq": 1, "read": {"device_start": -1, "device_end": -1}}, "softmax41": {"write": {"device_start": -1, "host_queued_start": 1585620799.345211, "device_queued": -1, "device_end": -1, "host_queued_end": 1585620799.349752}, "device": "gpu", "nd_range": {"device_start": 1585620732.9840777, "device_end": 1585620732.9847574}, "cmdq": 1, "read": {"device_start": -1, "device_end": -1}}, "FFC_sans_bias11": {"write": {"device_start": -1, "host_queued_start": 1585620799.360177, "device_queued": -1, "device_end": -1, "host_queued_end": 1585620799.370407}, "device": "cpu", "nd_range": {"device_start": 2288573.580878625, "device_end": 2288573.585346254}, "cmdq": 0, "read": {"device_start": -1, "device_end": -1}}, "FFC_sans_bias10": {"write": {"device_start": -1, "host_queued_start": 1585620799.359009, "device_queued": -1, "device_end": -1, "host_queued_end": 1585620799.370407}, "device": "cpu", "nd_range": {"device_start": 2288573.576112152, "device_end": 2288573.580873431}, "cmdq": 0, "read": {"device_start": -1, "device_end": -1}}, "coalesced_transpose3": {"write": {"device_start": -1, "host_queued_start": 1585620799.363704, "device_queued": -1, "device_end": -1, "host_queued_end": 1585620799.370407}, "device": "cpu", "nd_range": {"device_start": 2288573.5990712494, "device_end": 2288573.599232632}, "cmdq": 0, "read": {"device_start": -1, "device_end": -1}}, "FFC_sans_bias34": {"write": {"device_start": 1585620732.985189, "host_queued_start": 1585620799.347462, "device_queued": 1585620732.980016, "device_end": 1585620732.9852197, "host_queued_end": 1585620799.349752}, "device": "gpu", "nd_range": {"device_start": 1585620732.9852269, "device_end": 1585620732.9865532}, "cmdq": 0, "read": {"device_start": 1585620732.98656, "device_end": 1585620732.986586}}, "FFC_sans_bias15": {"write": {"device_start": -1, "host_queued_start": 1585620799.36697, "device_queued": -1, "device_end": -1, "host_queued_end": 1585620799.370407}, "device": "cpu", "nd_range": {"device_start": 2288573.6185025373, "device_end": 2288573.623253493}, "cmdq": 0, "read": {"device_start": -1, "device_end": -1}}, "FFC_sans_bias31": {"write": {"device_start": -1, "host_queued_start": 1585620799.344071, "device_queued": -1, "device_end": -1, "host_queued_end": 1585620799.349752}, "device": "gpu", "nd_range": {"device_start": 1585620732.9830008, "device_end": 1585620732.9836137}, "cmdq": 0, "read": {"device_start": -1, "device_end": -1}}, "FFC_sans_bias16": {"write": {"device_start": -1, "host_queued_start": 1585620799.369365, "device_queued": -1, "device_end": -1, "host_queued_end": 1585620799.370407}, "device": "cpu", "nd_range": {"device_start": 2288573.632276441, "device_end": 2288573.636802351}, "cmdq": 0, "read": {"device_start": -1, "device_end": -1}}, "FFC_sans_bias19": {"write": {"device_start": -1, "host_queued_start": 1585620799.362286, "device_queued": -1, "device_end": -1, "host_queued_end": 1585620799.370407}, "device": "cpu", "nd_range": {"device_start": 2288573.5902169864, "device_end": 2288573.594502735}, "cmdq": 0, "read": {"device_start": -1, "device_end": -1}}, "FFC_sans_bias18": {"write": {"device_start": -1, "host_queued_start": 1585620799.361234, "device_queued": -1, "device_end": -1, "host_queued_end": 1585620799.370407}, "device": "cpu", "nd_range": {"device_start": 2288573.585484547, "device_end": 2288573.590211252}, "cmdq": 0, "read": {"device_start": -1, "device_end": -1}}, "coalesced_transpose30": {"write": {"device_start": -1, "host_queued_start": 1585620799.343144, "device_queued": -1, "device_end": -1, "host_queued_end": 1585620799.349752}, "device": "gpu", "nd_range": {"device_start": 1585620732.9821742, "device_end": 1585620732.9829996}, "cmdq": 0, "read": {"device_start": -1, "device_end": -1}}, "FFC_sans_bias38": {"write": {"device_start": 1585620732.980389, "host_queued_start": 1585620799.339653, "device_queued": 1585620732.9790661, "device_end": 1585620732.9804232, "host_queued_end": 1585620799.349752}, "device": "gpu",