{"FFC_sans_bias4": {"write": {"device_start": -1, "host_queued_start": 1585621047.310561, "device_queued": -1, "device_end": -1, "host_queued_end": 1585621047.314625}, "device": "cpu", "nd_range": {"device_start": 2288821.52826609, "device_end": 2288821.535161872}, "cmdq": 2, "read": {"device_start": -1, "device_end": -1}}, "FFC_sans_bias7": {"write": {"device_start": -1, "host_queued_start": 1585621047.313482, "device_queued": -1, "device_end": -1, "host_queued_end": 1585621047.314625}, "device": "cpu", "nd_range": {"device_start": 2288821.543412529, "device_end": 2288821.552190105}, "cmdq": 0, "read": {"device_start": -1, "device_end": -1}}, "FFC_sans_bias6": {"write": {"device_start": -1, "host_queued_start": 1585621047.311973, "device_queued": -1, "device_end": -1, "host_queued_end": 1585621047.314625}, "device": "cpu", "nd_range": {"device_start": 2288821.538036519, "device_end": 2288821.54328772}, "cmdq": 2, "read": {"device_start": -1, "device_end": -1}}, "FFC_sans_bias1": {"write": {"device_start": -1, "host_queued_start": 1585621047.305038, "device_queued": -1, "device_end": -1, "host_queued_end": 1585621047.314625}, "device": "cpu", "nd_range": {"device_start": 2288821.5043275063, "device_end": 2288821.5195365762}, "cmdq": 3, "read": {"device_start": -1, "device_end": -1}}, "FFC_sans_bias0": {"write": {"device_start": -1, "host_queued_start": 1585621047.303889, "device_queued": -1, "device_end": -1, "host_queued_end": 1585621047.314625}, "device": "cpu", "nd_range": {"device_start": 2288821.504246689, "device_end": 2288821.519587318}, "cmdq": 2, "read": {"device_start": -1, "device_end": -1}}, "FFC_sans_bias2": {"write": {"device_start": -1, "host_queued_start": 1585621047.306165, "device_queued": -1, "device_end": -1, "host_queued_end": 1585621047.314625}, "device": "cpu", "nd_range": {"device_start": 2288821.504244883, "device_end": 2288821.5194779173}, "cmdq": 0, "read": {"device_start": -1, "device_end": -1}}, "FFC_sans_bias52": {"write": {"device_start": 1585620980.932911, "host_queued_start": 1585621047.299971, "device_queued": 1585620980.9248526, "device_end": 1585620980.9329422, "host_queued_end": 1585621047.300076}, "device": "gpu", "nd_range": {"device_start": 1585620980.9329598, "device_end": 1585620980.9347198}, "cmdq": 0, "read": {"device_start": 1585620980.9347277, "device_end": 1585620980.9347503}}, "FFC_sans_bias9": {"write": {"device_start": -1, "host_queued_start": 1585621047.307278, "device_queued": -1, "device_end": -1, "host_queued_end": 1585621047.314625}, "device": "cpu", "nd_range": {"device_start": 2288821.5042449553, "device_end": 2288821.519830632}, "cmdq": 1, "read": {"device_start": -1, "device_end": -1}}, "coalesced_transpose39": {"write": {"device_start": -1, "host_queued_start": 1585621047.291777, "device_queued": -1, "device_end": -1, "host_queued_end": 1585621047.300076}, "device": "gpu", "nd_range": {"device_start": 1585620980.927401, "device_end": 1585620980.9282484}, "cmdq": 3, "read": {"device_start": -1, "device_end": -1}}, "FFC_sans_bias51": {"write": {"device_start": -1, "host_queued_start": 1585621047.295783, "device_queued": -1, "device_end": -1, "host_queued_end": 1585621047.300076}, "device": "gpu", "nd_range": {"device_start": 1585620980.9307854, "device_end": 1585620980.931392}, "cmdq": 1, "read": {"device_start": -1, "device_end": -1}}, "softmax23": {"write": {"device_start": -1, "host_queued_start": 1585621047.293612, "device_queued": -1, "device_end": -1, "host_queued_end": 1585621047.300076}, "device": "gpu", "nd_range": {"device_start": 1585620980.928977, "device_end": 1585620980.930775}, "cmdq": 4, "read": {"device_start": -1, "device_end": -1}}, "FFC_sans_bias37": {"write": {"device_start": 1585620980.9241037, "host_queued_start": 1585621047.286647, "device_queued": 1585620980.9231117, "device_end": 1585620980.924136, "host_queued_end": 1585621047.300076}, "device": "gpu", "nd_range": {"device_start": 1585620980.9241428, "device_end": 1585620980.9264252}, "cmdq": 1, "read": {"device_start": -1, "device_end": -1}}, "softmax41": {"write": {"device_start": -1, "host_queued_start": 1585621047.294232, "device_queued": -1, "device_end": -1, "host_queued_end": 1585621047.300076}, "device": "gpu", "nd_range": {"device_start": 1585620980.929954, "device_end": 1585620980.9307792}, "cmdq": 1, "read": {"device_start": -1, "device_end": -1}}, "FFC_sans_bias11": {"write": {"device_start": -1, "host_queued_start": 1585621047.309533, "device_queued": -1, "device_end": -1, "host_queued_end": 1585621047.314625}, "device": "cpu", "nd_range": {"device_start": 2288821.519571523, "device_end": 2288821.529362341}, "cmdq": 3, "read": {"device_start": -1, "device_end": -1}}, "FFC_sans_bias10": {"write": {"device_start": -1, "host_queued_start": 1585621047.308366, "device_queued": -1, "device_end": -1, "host_queued_end": 1585621047.314625}, "device": "cpu", "nd_range": {"device_start": 2288821.5196801242, "device_end": 2288821.528150427}, "cmdq": 2, "read": {"device_start": -1, "device_end": -1}}, "coalesced_transpose3": {"write": {"device_start": -1, "host_queued_start": 1585621047.309877, "device_queued": -1, "device_end": -1, "host_queued_end": 1585621047.314625}, "device": "cpu", "nd_range": {"device_start": 2288821.522903919, "device_end": 2288821.52314199}, "cmdq": 0, "read": {"device_start": -1, "device_end": -1}}, "FFC_sans_bias34": {"write": {"device_start": 1585620980.9319234, "host_queued_start": 1585621047.297864, "device_queued": 1585620980.9246154, "device_end": 1585620980.9319546, "host_queued_end": 1585621047.300076}, "device": "gpu", "nd_range": {"device_start": 1585620980.9323747, "device_end": 1585620980.9337833}, "cmdq": 3, "read": {"device_start": 1585620980.9337945, "device_end": 1585620980.9338186}}, "FFC_sans_bias15": {"write": {"device_start": -1, "host_queued_start": 1585621047.312369, "device_queued": -1, "device_end": -1, "host_queued_end": 1585621047.314625}, "device": "cpu", "nd_range": {"device_start": 2288821.542916309, "device_end": 2288821.548646212}, "cmdq": 3, "read": {"device_start": -1, "device_end": -1}}, "FFC_sans_bias31": {"write": {"device_start": -1, "host_queued_start": 1585621047.29272, "device_queued": -1, "device_end": -1, "host_queued_end": 1585621047.300076}, "device": "gpu", "nd_range": {"device_start": 1585620980.9283748, "device_end": 1585620980.929384}, "cmdq": 1, "read": {"device_start": -1, "device_end": -1}}, "FFC_sans_bias16": {"write": {"device_start": -1, "host_queued_start": 1585621047.314555, "device_queued": -1, "device_end": -1, "host_queued_end": 1585621047.314625}, "device": "cpu", "nd_range": {"device_start": 2288821.5486564613, "device_end": 2288821.5613084813}, "cmdq": 1, "read": {"device_start": -1, "device_end": -1}}, "FFC_sans_bias19": {"write": {"device_start": 1585620980.9224794, "host_queued_start": 1585621047.280289, "device_queued": 1585620980.922381, "device_end": 1585620980.9225128, "host_queued_end": 1585621047.300076}, "device": "gpu", "nd_range": {"device_start": 1585620980.9225166, "device_end": 1585620980.923462}, "cmdq": 0, "read": {"device_start": -1, "device_end": -1}}, "FFC_sans_bias18": {"write": {"device_start": 1585620980.9223804, "host_queued_start": 1585621047.279204, "device_queued": 1585620980.9222631, "device_end": 1585620980.9224374, "host_queued_end": 1585621047.300076}, "device": "gpu", "nd_range": {"device_start": 1585620980.9224432, "device_end": 1585620980.9230492}, "cmdq": 4, "read": {"device_start": -1, "device_end": -1}}, "coalesced_transpose30": {"write": {"device_start": -1, "host_queued_start": 1585621047.291479, "device_queued": -1, "device_end": -1, "host_queued_end": 1585621047.300076}, "device": "gpu", "nd_range": {"device_start": 1585620980.9268782, "device_end": 1585620980.9282382}, "cmdq": 2, "read": {"device_start": -1, "device_end": -1}}, "FFC_sans_bias38": {"write": {"device_start": 1585620980.9245517, "host_queued_start": 1585621047.28769, "device_queued": 1585620980.9231308,