{"FFC_sans_bias4": {"write": {"device_start": -1, "host_queued_start": 1585620736.164941, "device_queued": -1, "device_end": -1, "host_queued_end": 1585620736.166937}, "device": "cpu", "nd_range": {"device_start": 2288510.368350198, "device_end": 2288510.373153739}, "cmdq": 2, "read": {"device_start": -1, "device_end": -1}}, "FFC_sans_bias7": {"write": {"device_start": -1, "host_queued_start": 1585620736.166892, "device_queued": -1, "device_end": -1, "host_queued_end": 1585620736.166937}, "device": "cpu", "nd_range": {"device_start": 2288510.377703498, "device_end": 2288510.382458454}, "cmdq": 2, "read": {"device_start": -1, "device_end": -1}}, "FFC_sans_bias6": {"write": {"device_start": -1, "host_queued_start": 1585620736.165668, "device_queued": -1, "device_end": -1, "host_queued_end": 1585620736.166937}, "device": "cpu", "nd_range": {"device_start": 2288510.373475587, "device_end": 2288510.3775681714}, "cmdq": 1, "read": {"device_start": -1, "device_end": -1}}, "FFC_sans_bias1": {"write": {"device_start": -1, "host_queued_start": 1585620736.162686, "device_queued": -1, "device_end": -1, "host_queued_end": 1585620736.166937}, "device": "cpu", "nd_range": {"device_start": 2288510.356565007, "device_end": 2288510.3644149173}, "cmdq": 2, "read": {"device_start": -1, "device_end": -1}}, "FFC_sans_bias0": {"write": {"device_start": -1, "host_queued_start": 1585620736.161291, "device_queued": -1, "device_end": -1, "host_queued_end": 1585620736.166937}, "device": "cpu", "nd_range": {"device_start": 2288510.356549919, "device_end": 2288510.367567916}, "cmdq": 1, "read": {"device_start": -1, "device_end": -1}}, "FFC_sans_bias2": {"write": {"device_start": -1, "host_queued_start": 1585620736.164094, "device_queued": -1, "device_end": -1, "host_queued_end": 1585620736.166937}, "device": "cpu", "nd_range": {"device_start": 2288510.356565397, "device_end": 2288510.370187939}, "cmdq": 0, "read": {"device_start": -1, "device_end": -1}}, "FFC_sans_bias52": {"write": {"device_start": 1585620669.8032405, "host_queued_start": 1585620736.158274, "device_queued": 1585620669.7922564, "device_end": 1585620669.8032658, "host_queued_end": 1585620736.158406}, "device": "gpu", "nd_range": {"device_start": 1585620669.8032744, "device_end": 1585620669.804023}, "cmdq": 0, "read": {"device_start": 1585620669.8046021, "device_end": 1585620669.8046267}}, "FFC_sans_bias9": {"write": {"device_start": 1585620669.7892723, "host_queued_start": 1585620736.132119, "device_queued": 1585620669.789122, "device_end": 1585620669.7893372, "host_queued_end": 1585620736.158406}, "device": "gpu", "nd_range": {"device_start": 1585620669.7893467, "device_end": 1585620669.7899506}, "cmdq": 1, "read": {"device_start": -1, "device_end": -1}}, "coalesced_transpose39": {"write": {"device_start": -1, "host_queued_start": 1585620736.148214, "device_queued": -1, "device_end": -1, "host_queued_end": 1585620736.158406}, "device": "gpu", "nd_range": {"device_start": 1585620669.796722, "device_end": 1585620669.7967412}, "cmdq": 1, "read": {"device_start": -1, "device_end": -1}}, "FFC_sans_bias51": {"write": {"device_start": -1, "host_queued_start": 1585620736.153018, "device_queued": -1, "device_end": -1, "host_queued_end": 1585620736.158406}, "device": "gpu", "nd_range": {"device_start": 1585620669.801603, "device_end": 1585620669.8025866}, "cmdq": 1, "read": {"device_start": -1, "device_end": -1}}, "softmax23": {"write": {"device_start": -1, "host_queued_start": 1585620736.150726, "device_queued": -1, "device_end": -1, "host_queued_end": 1585620736.158406}, "device": "gpu", "nd_range": {"device_start": 1585620669.7993488, "device_end": 1585620669.7995515}, "cmdq": 1, "read": {"device_start": -1, "device_end": -1}}, "FFC_sans_bias37": {"write": {"device_start": 1585620669.7939458, "host_queued_start": 1585620736.142753, "device_queued": 1585620669.790315, "device_end": 1585620669.7939785, "host_queued_end": 1585620736.158406}, "device": "gpu", "nd_range": {"device_start": 1585620669.7939842, "device_end": 1585620669.7947803}, "cmdq": 1, "read": {"device_start": -1, "device_end": -1}}, "softmax41": {"write": {"device_start": -1, "host_queued_start": 1585620736.151217, "device_queued": -1, "device_end": -1, "host_queued_end": 1585620736.158406}, "device": "gpu", "nd_range": {"device_start": 1585620669.799559, "device_end": 1585620669.7999105}, "cmdq": 1, "read": {"device_start": -1, "device_end": -1}}, "FFC_sans_bias11": {"write": {"device_start": 1585620669.7900982, "host_queued_start": 1585620736.13422, "device_queued": 1585620669.7894504, "device_end": 1585620669.7901235, "host_queued_end": 1585620736.158406}, "device": "gpu", "nd_range": {"device_start": 1585620669.7901278, "device_end": 1585620669.7909415}, "cmdq": 1, "read": {"device_start": -1, "device_end": -1}}, "FFC_sans_bias10": {"write": {"device_start": 1585620669.7893722, "host_queued_start": 1585620736.133169, "device_queued": 1585620669.7891715, "device_end": 1585620669.7894027, "host_queued_end": 1585620736.158406}, "device": "gpu", "nd_range": {"device_start": 1585620669.789441, "device_end": 1585620669.790353}, "cmdq": 0, "read": {"device_start": -1, "device_end": -1}}, "coalesced_transpose3": {"write": {"device_start": -1, "host_queued_start": 1585620736.164533, "device_queued": -1, "device_end": -1, "host_queued_end": 1585620736.166937}, "device": "cpu", "nd_range": {"device_start": 2288510.367703909, "device_end": 2288510.367944335}, "cmdq": 1, "read": {"device_start": -1, "device_end": -1}}, "FFC_sans_bias34": {"write": {"device_start": 1585620669.8023016, "host_queued_start": 1585620736.156147, "device_queued": 1585620669.7919688, "device_end": 1585620669.8023274, "host_queued_end": 1585620736.158406}, "device": "gpu", "nd_range": {"device_start": 1585620669.802337, "device_end": 1585620669.8030806}, "cmdq": 0, "read": {"device_start": 1585620669.8030834, "device_end": 1585620669.8031063}}, "FFC_sans_bias15": {"write": {"device_start": -1, "host_queued_start": 1585620736.151767, "device_queued": -1, "device_end": -1, "host_queued_end": 1585620736.158406}, "device": "gpu", "nd_range": {"device_start": 1585620669.7999175, "device_end": 1585620669.8005989}, "cmdq": 1, "read": {"device_start": -1, "device_end": -1}}, "FFC_sans_bias31": {"write": {"device_start": -1, "host_queued_start": 1585620736.149578, "device_queued": -1, "device_end": -1, "host_queued_end": 1585620736.158406}, "device": "gpu", "nd_range": {"device_start": 1585620669.7977552, "device_end": 1585620669.7987332}, "cmdq": 1, "read": {"device_start": -1, "device_end": -1}}, "FFC_sans_bias16": {"write": {"device_start": 1585620669.801268, "host_queued_start": 1585620736.154046, "device_queued": 1585620669.7917361, "device_end": 1585620669.8012938, "host_queued_end": 1585620736.158406}, "device": "gpu", "nd_range": {"device_start": 1585620669.8013027, "device_end": 1585620669.8021276}, "cmdq": 0, "read": {"device_start": 1585620669.8021314, "device_end": 1585620669.8021576}}, "FFC_sans_bias19": {"write": {"device_start": 1585620669.7910802, "host_queued_start": 1585620736.136418, "device_queued": 1585620669.7896523, "device_end": 1585620669.791106, "host_queued_end": 1585620736.158406}, "device": "gpu", "nd_range": {"device_start": 1585620669.7911096, "device_end": 1585620669.7919028}, "cmdq": 1, "read": {"device_start": -1, "device_end": -1}}, "FFC_sans_bias18": {"write": {"device_start": 1585620669.790479, "host_queued_start": 1585620736.135335, "device_queued": 1585620669.789493, "device_end": 1585620669.7905042, "host_queued_end": 1585620736.158406}, "device": "gpu", "nd_range": {"device_start": 1585620669.7905078, "device_end": 1585620669.7913446}, "cmdq": 0, "read": {"device_start": -1, "device_end": -1}}, "coalesced_transpose30": {"write": {"device_start": -1, "host_queued_start": 1585620736.147909, "device_queued": -1, "device_end": -1, "host_queued_end": 1585620736.158406}, "device": "gpu", "nd_range": {"device_start": 1585620669.7965734,