{"FFC_sans_bias4": {"write": {"device_start": -1, "host_queued_start": 1585620972.908603, "device_queued": -1, "device_end": -1, "host_queued_end": 1585620972.914298}, "device": "cpu", "nd_range": {"device_start": 2288747.142143133, "device_end": 2288747.150278063}, "cmdq": 0, "read": {"device_start": -1, "device_end": -1}}, "FFC_sans_bias7": {"write": {"device_start": -1, "host_queued_start": 1585620972.912243, "device_queued": -1, "device_end": -1, "host_queued_end": 1585620972.914298}, "device": "cpu", "nd_range": {"device_start": 2288747.176641983, "device_end": 2288747.184292518}, "cmdq": 4, "read": {"device_start": -1, "device_end": -1}}, "FFC_sans_bias6": {"write": {"device_start": -1, "host_queued_start": 1585620972.910469, "device_queued": -1, "device_end": -1, "host_queued_end": 1585620972.914298}, "device": "cpu", "nd_range": {"device_start": 2288747.1596321133, "device_end": 2288747.176633918}, "cmdq": 1, "read": {"device_start": -1, "device_end": -1}}, "FFC_sans_bias1": {"write": {"device_start": -1, "host_queued_start": 1585620972.899596, "device_queued": -1, "device_end": -1, "host_queued_end": 1585620972.914298}, "device": "cpu", "nd_range": {"device_start": 2288747.104361635, "device_end": 2288747.1196839213}, "cmdq": 4, "read": {"device_start": -1, "device_end": -1}}, "FFC_sans_bias0": {"write": {"device_start": -1, "host_queued_start": 1585620972.898484, "device_queued": -1, "device_end": -1, "host_queued_end": 1585620972.914298}, "device": "cpu", "nd_range": {"device_start": 2288747.1205652882, "device_end": 2288747.136577046}, "cmdq": 3, "read": {"device_start": -1, "device_end": -1}}, "FFC_sans_bias2": {"write": {"device_start": -1, "host_queued_start": 1585620972.90069, "device_queued": -1, "device_end": -1, "host_queued_end": 1585620972.914298}, "device": "cpu", "nd_range": {"device_start": 2288747.103903797, "device_end": 2288747.119457099}, "cmdq": 0, "read": {"device_start": -1, "device_end": -1}}, "FFC_sans_bias52": {"write": {"device_start": 1585620906.5262747, "host_queued_start": 1585620972.893871, "device_queued": 1585620906.5201442, "device_end": 1585620906.526305, "host_queued_end": 1585620972.893977}, "device": "gpu", "nd_range": {"device_start": 1585620906.526309, "device_end": 1585620906.5275426}, "cmdq": 2, "read": {"device_start": 1585620906.5275476, "device_end": 1585620906.5275705}}, "FFC_sans_bias9": {"write": {"device_start": -1, "host_queued_start": 1585620972.901784, "device_queued": -1, "device_end": -1, "host_queued_end": 1585620972.914298}, "device": "cpu", "nd_range": {"device_start": 2288747.103990614, "device_end": 2288747.1195756793}, "cmdq": 1, "read": {"device_start": -1, "device_end": -1}}, "coalesced_transpose39": {"write": {"device_start": -1, "host_queued_start": 1585620972.887603, "device_queued": -1, "device_end": -1, "host_queued_end": 1585620972.893977}, "device": "gpu", "nd_range": {"device_start": 1585620906.5218346, "device_end": 1585620906.5226839}, "cmdq": 1, "read": {"device_start": -1, "device_end": -1}}, "FFC_sans_bias51": {"write": {"device_start": -1, "host_queued_start": 1585620972.890598, "device_queued": -1, "device_end": -1, "host_queued_end": 1585620972.893977}, "device": "gpu", "nd_range": {"device_start": 1585620906.524564, "device_end": 1585620906.5251842}, "cmdq": 3, "read": {"device_start": -1, "device_end": -1}}, "softmax23": {"write": {"device_start": -1, "host_queued_start": 1585620972.910127, "device_queued": -1, "device_end": -1, "host_queued_end": 1585620972.914298}, "device": "cpu", "nd_range": {"device_start": 2288747.158549869, "device_end": 2288747.158758839}, "cmdq": 0, "read": {"device_start": -1, "device_end": -1}}, "FFC_sans_bias37": {"write": {"device_start": 1585620906.5190458, "host_queued_start": 1585620972.88274, "device_queued": 1585620906.5186098, "device_end": 1585620906.5190752, "host_queued_end": 1585620972.893977}, "device": "gpu", "nd_range": {"device_start": 1585620906.519079, "device_end": 1585620906.520888}, "cmdq": 3, "read": {"device_start": -1, "device_end": -1}}, "softmax41": {"write": {"device_start": -1, "host_queued_start": 1585620972.889371, "device_queued": -1, "device_end": -1, "host_queued_end": 1585620972.893977}, "device": "gpu", "nd_range": {"device_start": 1585620906.5237782, "device_end": 1585620906.524559}, "cmdq": 3, "read": {"device_start": -1, "device_end": -1}}, "FFC_sans_bias11": {"write": {"device_start": -1, "host_queued_start": 1585620972.904031, "device_queued": -1, "device_end": -1, "host_queued_end": 1585620972.914298}, "device": "cpu", "nd_range": {"device_start": 2288747.1373790163, "device_end": 2288747.1435846724}, "cmdq": 3, "read": {"device_start": -1, "device_end": -1}}, "FFC_sans_bias10": {"write": {"device_start": -1, "host_queued_start": 1585620972.902876, "device_queued": -1, "device_end": -1, "host_queued_end": 1585620972.914298}, "device": "cpu", "nd_range": {"device_start": 2288747.104656172, "device_end": 2288747.120075466}, "cmdq": 2, "read": {"device_start": -1, "device_end": -1}}, "coalesced_transpose3": {"write": {"device_start": -1, "host_queued_start": 1585620972.907595, "device_queued": -1, "device_end": -1, "host_queued_end": 1585620972.914298}, "device": "cpu", "nd_range": {"device_start": 2288747.120209012, "device_end": 2288747.120449008}, "cmdq": 2, "read": {"device_start": -1, "device_end": -1}}, "FFC_sans_bias34": {"write": {"device_start": 1585620906.5245638, "host_queued_start": 1585620972.891634, "device_queued": 1585620906.5199072, "device_end": 1585620906.524595, "host_queued_end": 1585620972.893977}, "device": "gpu", "nd_range": {"device_start": 1585620906.5255954, "device_end": 1585620906.5265768}, "cmdq": 0, "read": {"device_start": 1585620906.5265825, "device_end": 1585620906.526606}}, "FFC_sans_bias15": {"write": {"device_start": -1, "host_queued_start": 1585620972.910842, "device_queued": -1, "device_end": -1, "host_queued_end": 1585620972.914298}, "device": "cpu", "nd_range": {"device_start": 2288747.156112643, "device_end": 2288747.16368738}, "cmdq": 2, "read": {"device_start": -1, "device_end": -1}}, "FFC_sans_bias31": {"write": {"device_start": -1, "host_queued_start": 1585620972.888229, "device_queued": -1, "device_end": -1, "host_queued_end": 1585620972.893977}, "device": "gpu", "nd_range": {"device_start": 1585620906.5227602, "device_end": 1585620906.5233681}, "cmdq": 3, "read": {"device_start": -1, "device_end": -1}}, "FFC_sans_bias16": {"write": {"device_start": -1, "host_queued_start": 1585620972.913248, "device_queued": -1, "device_end": -1, "host_queued_end": 1585620972.914298}, "device": "cpu", "nd_range": {"device_start": 2288747.163809297, "device_end": 2288747.1766341883}, "cmdq": 0, "read": {"device_start": -1, "device_end": -1}}, "FFC_sans_bias19": {"write": {"device_start": -1, "host_queued_start": 1585620972.906173, "device_queued": -1, "device_end": -1, "host_queued_end": 1585620972.914298}, "device": "cpu", "nd_range": {"device_start": 2288747.123007345, "device_end": 2288747.141509152}, "cmdq": 0, "read": {"device_start": -1, "device_end": -1}}, "FFC_sans_bias18": {"write": {"device_start": -1, "host_queued_start": 1585620972.90512, "device_queued": -1, "device_end": -1, "host_queued_end": 1585620972.914298}, "device": "cpu", "nd_range": {"device_start": 2288747.119817567, "device_end": 2288747.1351141813}, "cmdq": 4, "read": {"device_start": -1, "device_end": -1}}, "coalesced_transpose30": {"write": {"device_start": -1, "host_queued_start": 1585620972.887299, "device_queued": -1, "device_end": -1, "host_queued_end": 1585620972.893977}, "device": "gpu", "nd_range": {"device_start": 1585620906.521315, "device_end": 1585620906.5226722}, "cmdq": 0, "read": {"device_start": -1, "device_end": -1}}, "FFC_sans_bias38": {"write": {"device_start": 1585620906.5194361, "host_queued_start": 1585620972.883793, "device_queued": 1585620906.5188227, "device_end": 1585620906.5194662, "host_queued_end": 1585620972.893977}, "device": "gpu",