{"FFC_sans_bias4": {"write": {"device_start": -1, "host_queued_start": 1585620832.600871, "device_queued": -1, "device_end": -1, "host_queued_end": 1585620832.602725}, "device": "cpu", "nd_range": {"device_start": 2288606.804592206, "device_end": 2288606.811741799}, "cmdq": 2, "read": {"device_start": -1, "device_end": -1}}, "FFC_sans_bias7": {"write": {"device_start": -1, "host_queued_start": 1585620832.602678, "device_queued": -1, "device_end": -1, "host_queued_end": 1585620832.602725}, "device": "cpu", "nd_range": {"device_start": 2288606.815858052, "device_end": 2288606.820847303}, "cmdq": 2, "read": {"device_start": -1, "device_end": -1}}, "FFC_sans_bias6": {"write": {"device_start": -1, "host_queued_start": 1585620832.601536, "device_queued": -1, "device_end": -1, "host_queued_end": 1585620832.602725}, "device": "cpu", "nd_range": {"device_start": 2288606.811872398, "device_end": 2288606.815849388}, "cmdq": 1, "read": {"device_start": -1, "device_end": -1}}, "FFC_sans_bias1": {"write": {"device_start": -1, "host_queued_start": 1585620832.598694, "device_queued": -1, "device_end": -1, "host_queued_end": 1585620832.602725}, "device": "cpu", "nd_range": {"device_start": 2288606.7923379713, "device_end": 2288606.804208797}, "cmdq": 2, "read": {"device_start": -1, "device_end": -1}}, "FFC_sans_bias0": {"write": {"device_start": -1, "host_queued_start": 1585620832.597238, "device_queued": -1, "device_end": -1, "host_queued_end": 1585620832.602725}, "device": "cpu", "nd_range": {"device_start": 2288606.792323588, "device_end": 2288606.800701639}, "cmdq": 1, "read": {"device_start": -1, "device_end": -1}}, "FFC_sans_bias2": {"write": {"device_start": -1, "host_queued_start": 1585620832.600039, "device_queued": -1, "device_end": -1, "host_queued_end": 1585620832.602725}, "device": "cpu", "nd_range": {"device_start": 2288606.7923339303, "device_end": 2288606.8040227643}, "cmdq": 0, "read": {"device_start": -1, "device_end": -1}}, "FFC_sans_bias52": {"write": {"device_start": 1585620766.2363958, "host_queued_start": 1585620832.594192, "device_queued": 1585620766.2254856, "device_end": 1585620766.2364218, "host_queued_end": 1585620832.5943}, "device": "gpu", "nd_range": {"device_start": 1585620766.2364302, "device_end": 1585620766.2371595}, "cmdq": 2, "read": {"device_start": 1585620766.2371638, "device_end": 1585620766.2371862}}, "FFC_sans_bias9": {"write": {"device_start": 1585620766.2225251, "host_queued_start": 1585620832.568085, "device_queued": 1585620766.22232, "device_end": 1585620766.222589, "host_queued_end": 1585620832.5943}, "device": "gpu", "nd_range": {"device_start": 1585620766.2225926, "device_end": 1585620766.2231956}, "cmdq": 2, "read": {"device_start": -1, "device_end": -1}}, "coalesced_transpose39": {"write": {"device_start": -1, "host_queued_start": 1585620832.584138, "device_queued": -1, "device_end": -1, "host_queued_end": 1585620832.5943}, "device": "gpu", "nd_range": {"device_start": 1585620766.229788, "device_end": 1585620766.2298112}, "cmdq": 2, "read": {"device_start": -1, "device_end": -1}}, "FFC_sans_bias51": {"write": {"device_start": -1, "host_queued_start": 1585620832.588955, "device_queued": -1, "device_end": -1, "host_queued_end": 1585620832.5943}, "device": "gpu", "nd_range": {"device_start": 1585620766.2343292, "device_end": 1585620766.2357142}, "cmdq": 0, "read": {"device_start": -1, "device_end": -1}}, "softmax23": {"write": {"device_start": -1, "host_queued_start": 1585620832.586641, "device_queued": -1, "device_end": -1, "host_queued_end": 1585620832.5943}, "device": "gpu", "nd_range": {"device_start": 1585620766.2324176, "device_end": 1585620766.2326212}, "cmdq": 1, "read": {"device_start": -1, "device_end": -1}}, "FFC_sans_bias37": {"write": {"device_start": 1585620766.2266784, "host_queued_start": 1585620832.578621, "device_queued": 1585620766.223482, "device_end": 1585620766.22671, "host_queued_end": 1585620832.5943}, "device": "gpu", "nd_range": {"device_start": 1585620766.226716, "device_end": 1585620766.2279737}, "cmdq": 0, "read": {"device_start": -1, "device_end": -1}}, "softmax41": {"write": {"device_start": -1, "host_queued_start": 1585620832.587145, "device_queued": -1, "device_end": -1, "host_queued_end": 1585620832.5943}, "device": "gpu", "nd_range": {"device_start": 1585620766.2327092, "device_end": 1585620766.2330856}, "cmdq": 0, "read": {"device_start": -1, "device_end": -1}}, "FFC_sans_bias11": {"write": {"device_start": 1585620766.2227228, "host_queued_start": 1585620832.570182, "device_queued": 1585620766.2226293, "device_end": 1585620766.2227535, "host_queued_end": 1585620832.5943}, "device": "gpu", "nd_range": {"device_start": 1585620766.2227561, "device_end": 1585620766.2241695}, "cmdq": 1, "read": {"device_start": -1, "device_end": -1}}, "FFC_sans_bias10": {"write": {"device_start": 1585620766.2226148, "host_queued_start": 1585620832.569132, "device_queued": 1585620766.2223966, "device_end": 1585620766.222647, "host_queued_end": 1585620832.5943}, "device": "gpu", "nd_range": {"device_start": 1585620766.2226512, "device_end": 1585620766.2236018}, "cmdq": 0, "read": {"device_start": -1, "device_end": -1}}, "coalesced_transpose3": {"write": {"device_start": -1, "host_queued_start": 1585620832.600438, "device_queued": -1, "device_end": -1, "host_queued_end": 1585620832.602725}, "device": "cpu", "nd_range": {"device_start": 2288606.804340174, "device_end": 2288606.8044293444}, "cmdq": 1, "read": {"device_start": -1, "device_end": -1}}, "FFC_sans_bias34": {"write": {"device_start": 1585620766.2357898, "host_queued_start": 1585620832.592104, "device_queued": 1585620766.2252362, "device_end": 1585620766.2358134, "host_queued_end": 1585620832.5943}, "device": "gpu", "nd_range": {"device_start": 1585620766.2358212, "device_end": 1585620766.2366934}, "cmdq": 0, "read": {"device_start": 1585620766.2366986, "device_end": 1585620766.2367218}}, "FFC_sans_bias15": {"write": {"device_start": -1, "host_queued_start": 1585620832.587704, "device_queued": -1, "device_end": -1, "host_queued_end": 1585620832.5943}, "device": "gpu", "nd_range": {"device_start": 1585620766.2327197, "device_end": 1585620766.2333305}, "cmdq": 2, "read": {"device_start": -1, "device_end": -1}}, "FFC_sans_bias31": {"write": {"device_start": -1, "host_queued_start": 1585620832.585474, "device_queued": -1, "device_end": -1, "host_queued_end": 1585620832.5943}, "device": "gpu", "nd_range": {"device_start": 1585620766.2299743, "device_end": 1585620766.2315376}, "cmdq": 0, "read": {"device_start": -1, "device_end": -1}}, "FFC_sans_bias16": {"write": {"device_start": 1585620766.2338207, "host_queued_start": 1585620832.589976, "device_queued": 1585620766.2251503, "device_end": 1585620766.2338467, "host_queued_end": 1585620832.5943}, "device": "gpu", "nd_range": {"device_start": 1585620766.233857, "device_end": 1585620766.2352824}, "cmdq": 1, "read": {"device_start": 1585620766.23529, "device_end": 1585620766.2353144}}, "FFC_sans_bias19": {"write": {"device_start": 1585620766.2237308, "host_queued_start": 1585620832.572293, "device_queued": 1585620766.222817, "device_end": 1585620766.2237563, "host_queued_end": 1585620832.5943}, "device": "gpu", "nd_range": {"device_start": 1585620766.2237613, "device_end": 1585620766.225122}, "cmdq": 0, "read": {"device_start": -1, "device_end": -1}}, "FFC_sans_bias18": {"write": {"device_start": 1585620766.223327, "host_queued_start": 1585620832.571255, "device_queued": 1585620766.2226527, "device_end": 1585620766.2233582, "host_queued_end": 1585620832.5943}, "device": "gpu", "nd_range": {"device_start": 1585620766.2233636, "device_end": 1585620766.2245855}, "cmdq": 2, "read": {"device_start": -1, "device_end": -1}}, "coalesced_transpose30": {"write": {"device_start": -1, "host_queued_start": 1585620832.583841, "device_queued": -1, "device_end": -1, "host_queued_end": 1585620832.5943}, "device": "gpu", "nd_range": {"device_start": 1585620766.229936, "device_end": 1585620766.2299519}, "cmdq": 1,