{"coalesced_transpose0": {"write": {"device_start": 1585477487.9940553, "host_queued_start": 1585477550.25587, "device_queued": 1585477487.9938018, "device_end": 1585477487.994149, "host_queued_end": 1585477550.256237}, "device": "gpu", "nd_range": {"device_start": 1585477487.9941533, "device_end": 1585477487.99417}, "cmdq": 0, "read": {"device_start": 1585477487.9941773, "device_end": 1585477487.9942622}}}