{"coalesced_transpose0": {"write": {"device_start": 1585477477.543271, "host_queued_start": 1585477539.80509, "device_queued": 1585477477.5432339, "device_end": 1585477477.5432844, "host_queued_end": 1585477539.805441}, "device": "gpu", "nd_range": {"device_start": 1585477477.5432942, "device_end": 1585477477.5433207}, "cmdq": 0, "read": {"device_start": 1585477477.5433373, "device_end": 1585477477.5433455}}}