{"coalesced_transpose0": {"write": {"device_start": 1585477482.7673793, "host_queued_start": 1585477545.029324, "device_queued": 1585477482.7673013, "device_end": 1585477482.7674031, "host_queued_end": 1585477545.029675}, "device": "gpu", "nd_range": {"device_start": 1585477482.7674506, "device_end": 1585477482.7674584}, "cmdq": 0, "read": {"device_start": 1585477482.7674599, "device_end": 1585477482.7674832}}}