{"naive_transpose0": {"write": {"device_start": 1586200851.0606952, "host_queued_start": 1586200934.128422, "device_queued": 1586200851.0606701, "device_end": 1586200851.060698, "host_queued_end": 1586200934.128766}, "device": "gpu", "nd_range": {"device_start": 1586200851.0607088, "device_end": 1586200851.0607219}, "cmdq": 0, "read": {"device_start": 1586200851.0607295, "device_end": 1586200851.0607326}}}