{"naive_transpose0": {"write": {"device_start": 1586200843.2888904, "host_queued_start": 1586200926.356379, "device_queued": 1586200843.2888715, "device_end": 1586200843.288893, "host_queued_end": 1586200926.356711}, "device": "gpu", "nd_range": {"device_start": 1586200843.2889163, "device_end": 1586200843.2889318}, "cmdq": 0, "read": {"device_start": 1586200843.28894, "device_end": 1586200843.288948}}}