{"naive_transpose0": {"write": {"device_start": 1586200921.291038, "host_queued_start": 1586201004.360667, "device_queued": 1586200921.2910137, "device_end": 1586200921.2910469, "host_queued_end": 1586201004.361002}, "device": "gpu", "nd_range": {"device_start": 1586200921.291051, "device_end": 1586200921.2910652}, "cmdq": 0, "read": {"device_start": 1586200921.29108, "device_end": 1586200921.2910879}}}