{"naive_transpose0": {"write": {"device_start": 1586205640.729053, "host_queued_start": 1586205723.931501, "device_queued": 1586205640.7287998, "device_end": 1586205640.7291489, "host_queued_end": 1586205723.931856}, "device": "gpu", "nd_range": {"device_start": 1586205640.7291539, "device_end": 1586205640.7291725}, "cmdq": 0, "read": {"device_start": 1586205640.729178, "device_end": 1586205640.7292638}}}