{"naive_transpose0": {"write": {"device_start": 1586200819.8975844, "host_queued_start": 1586200902.964428, "device_queued": 1586200819.8975694, "device_end": 1586200819.8975854, "host_queued_end": 1586200902.964764}, "device": "gpu", "nd_range": {"device_start": 1586200819.8975973, "device_end": 1586200819.8976104}, "cmdq": 0, "read": {"device_start": 1586200819.8976185, "device_end": 1586200819.8976207}}}