{"naive_transpose0": {"write": {"device_start": 1586200879.7305808, "host_queued_start": 1586200962.799094, "device_queued": 1586200879.7305634, "device_end": 1586200879.7305834, "host_queued_end": 1586200962.799432}, "device": "gpu", "nd_range": {"device_start": 1586200879.730594, "device_end": 1586200879.7306073}, "cmdq": 0, "read": {"device_start": 1586200879.730615, "device_end": 1586200879.730618}}}