{"naive_transpose0": {"write": {"device_start": 1586205580.9281337, "host_queued_start": 1586205664.129107, "device_queued": 1586205580.9280539, "device_end": 1586205580.9281576, "host_queued_end": 1586205664.129443}, "device": "gpu", "nd_range": {"device_start": 1586205580.9281611, "device_end": 1586205580.9281745}, "cmdq": 0, "read": {"device_start": 1586205580.9281821, "device_end": 1586205580.9282093}}}