{"naive_transpose0": {"write": {"device_start": 1586200827.6373167, "host_queued_start": 1586200910.704368, "device_queued": 1586200827.6373012, "device_end": 1586200827.6373177, "host_queued_end": 1586200910.704724}, "device": "gpu", "nd_range": {"device_start": 1586200827.6373324, "device_end": 1586200827.6373458}, "cmdq": 0, "read": {"device_start": 1586200827.6373541, "device_end": 1586200827.637356}}}