{"naive_transpose0": {"write": {"device_start": 1586205635.549067, "host_queued_start": 1586205718.751418, "device_queued": 1586205635.5488298, "device_end": 1586205635.5491626, "host_queued_end": 1586205718.751763}, "device": "gpu", "nd_range": {"device_start": 1586205635.549171, "device_end": 1586205635.5491903}, "cmdq": 0, "read": {"device_start": 1586205635.549195, "device_end": 1586205635.5492811}}}