{"naive_transpose0": {"write": {"device_start": 1586205609.4832776, "host_queued_start": 1586205692.685065, "device_queued": 1586205609.483199, "device_end": 1586205609.483301, "host_queued_end": 1586205692.6854}, "device": "gpu", "nd_range": {"device_start": 1586205609.4833095, "device_end": 1586205609.483322}, "cmdq": 0, "read": {"device_start": 1586205609.4833293, "device_end": 1586205609.4833562}}}