{"naive_transpose0": {"write": {"device_start": 1586200793.8143055, "host_queued_start": 1586200876.880378, "device_queued": 1586200793.814289, "device_end": 1586200793.814307, "host_queued_end": 1586200876.880712}, "device": "gpu", "nd_range": {"device_start": 1586200793.8143208, "device_end": 1586200793.8143342}, "cmdq": 0, "read": {"device_start": 1586200793.8143423, "device_end": 1586200793.8143444}}}