{"reduce_kernel0": {"write": {"device_start": 1586201090.8547263, "host_queued_start": 1586201173.929105, "device_queued": 1586201090.8547108, "device_end": 1586201090.8548703, "host_queued_end": 1586201173.929467}, "device": "gpu", "nd_range": {"device_start": 1586201090.854875, "device_end": 1586201090.854888}, "cmdq": 0, "read": {"device_start": 1586201090.8548975, "device_end": 1586201090.8549008}}}