{"reduce_kernel0": {"write": {"device_start": 1586201062.2066398, "host_queued_start": 1586201145.280241, "device_queued": 1586201062.206625, "device_end": 1586201062.2067611, "host_queued_end": 1586201145.280593}, "device": "gpu", "nd_range": {"device_start": 1586201062.2067657, "device_end": 1586201062.2067792}, "cmdq": 0, "read": {"device_start": 1586201062.2067978, "device_end": 1586201062.206801}}}