{"reduce_kernel0": {"write": {"device_start": 1586201093.4418101, "host_queued_start": 1586201176.516309, "device_queued": 1586201093.4417946, "device_end": 1586201093.4419181, "host_queued_end": 1586201176.516667}, "device": "gpu", "nd_range": {"device_start": 1586201093.4419224, "device_end": 1586201093.4419355}, "cmdq": 0, "read": {"device_start": 1586201093.441945, "device_end": 1586201093.4419482}}}