{"reduce_kernel0": {"write": {"device_start": 1586201012.612169, "host_queued_start": 1586201095.684281, "device_queued": 1586201012.6121528, "device_end": 1586201012.6123114, "host_queued_end": 1586201095.684648}, "device": "gpu", "nd_range": {"device_start": 1586201012.6123176, "device_end": 1586201012.6123302}, "cmdq": 0, "read": {"device_start": 1586201012.61234, "device_end": 1586201012.6123421}}}