{"reduce_kernel0": {"write": {"device_start": 1586201017.8761873, "host_queued_start": 1586201100.94848, "device_queued": 1586201017.8761718, "device_end": 1586201017.8763182, "host_queued_end": 1586201100.948843}, "device": "gpu", "nd_range": {"device_start": 1586201017.876325, "device_end": 1586201017.8763416}, "cmdq": 0, "read": {"device_start": 1586201017.8763573, "device_end": 1586201017.8763592}}}