{"reduce_kernel0": {"write": {"device_start": 1586201088.2861152, "host_queued_start": 1586201171.360453, "device_queued": 1586201088.286099, "device_end": 1586201088.2862568, "host_queued_end": 1586201171.360808}, "device": "gpu", "nd_range": {"device_start": 1586201088.286261, "device_end": 1586201088.2862742}, "cmdq": 0, "read": {"device_start": 1586201088.2862844, "device_end": 1586201088.2862878}}}