{"reduce_kernel0": {"write": {"device_start": 1586201041.351292, "host_queued_start": 1586201124.424269, "device_queued": 1586201041.351277, "device_end": 1586201041.351414, "host_queued_end": 1586201124.424646}, "device": "gpu", "nd_range": {"device_start": 1586201041.3514197, "device_end": 1586201041.3514323}, "cmdq": 0, "read": {"device_start": 1586201041.3514426, "device_end": 1586201041.3514445}}}