{"reduce_kernel0": {"write": {"device_start": 1586205807.371846, "host_queued_start": 1586205890.579271, "device_queued": 1586205807.3718297, "device_end": 1586205807.372267, "host_queued_end": 1586205890.579639}, "device": "gpu", "nd_range": {"device_start": 1586205807.372273, "device_end": 1586205807.37229}, "cmdq": 0, "read": {"device_start": 1586205807.372297, "device_end": 1586205807.3723817}}}