{"reduce_kernel0": {"write": {"device_start": 1586201015.276114, "host_queued_start": 1586201098.348318, "device_queued": 1586201015.2760983, "device_end": 1586201015.276255, "host_queued_end": 1586201098.348682}, "device": "gpu", "nd_range": {"device_start": 1586201015.2762609, "device_end": 1586201015.2762728}, "cmdq": 0, "read": {"device_start": 1586201015.2762828, "device_end": 1586201015.2762847}}}