{"reduce_kernel0": {"write": {"device_start": 1586205773.4985309, "host_queued_start": 1586205856.704997, "device_queued": 1586205773.498516, "device_end": 1586205773.498733, "host_queued_end": 1586205856.705355}, "device": "gpu", "nd_range": {"device_start": 1586205773.4987419, "device_end": 1586205773.4987533}, "cmdq": 0, "read": {"device_start": 1586205773.498758, "device_end": 1586205773.4987805}}}