{"reduce_kernel0": {"write": {"device_start": 1586205744.8913808, "host_queued_start": 1586205828.097006, "device_queued": 1586205744.8913653, "device_end": 1586205744.891589, "host_queued_end": 1586205828.097362}, "device": "gpu", "nd_range": {"device_start": 1586205744.8915973, "device_end": 1586205744.891607}, "cmdq": 0, "read": {"device_start": 1586205744.891613, "device_end": 1586205744.891636}}}