{"reduce_kernel0": {"write": {"device_start": 1586201148.1404524, "host_queued_start": 1586201231.216407, "device_queued": 1586201148.1404376, "device_end": 1586201148.140573, "host_queued_end": 1586201231.216768}, "device": "gpu", "nd_range": {"device_start": 1586201148.140574, "device_end": 1586201148.140586}, "cmdq": 0, "read": {"device_start": 1586201148.1405952, "device_end": 1586201148.140604}}}