{"FFC_sans_bias11": {"write": {"device_start": 1585584907.5045433, "host_queued_start": 1585584972.867102, "device_queued": 1585584907.5010622, "device_end": 1585584907.5045736, "host_queued_end": 1585584972.871684}, "device": "gpu", "nd_range": {"device_start": 1585584907.5045772, "device_end": 1585584907.5050886}, "cmdq": 0, "read": {"device_start": -1, "device_end": -1}}, "FFC_sans_bias4": {"write": {"device_start": -1, "host_queued_start": 1585584972.868039, "device_queued": -1, "device_end": -1, "host_queued_end": 1585584972.871684}, "device": "gpu", "nd_range": {"device_start": 1585584907.5051079, "device_end": 1585584907.5057063}, "cmdq": 0, "read": {"device_start": -1, "device_end": -1}}, "coalesced_transpose3": {"write": {"device_start": -1, "host_queued_start": 1585584972.867431, "device_queued": -1, "device_end": -1, "host_queued_end": 1585584972.871684}, "device": "gpu", "nd_range": {"device_start": 1585584907.5050895, "device_end": 1585584907.5050983}, "cmdq": 0, "read": {"device_start": -1, "device_end": -1}}, "FFC_sans_bias6": {"write": {"device_start": -1, "host_queued_start": 1585584972.869162, "device_queued": -1, "device_end": -1, "host_queued_end": 1585584972.871684}, "device": "gpu", "nd_range": {"device_start": 1585584907.5067086, "device_end": 1585584907.5073025}, "cmdq": 0, "read": {"device_start": -1, "device_end": -1}}, "FFC_sans_bias1": {"write": {"device_start": 1585584907.5015054, "host_queued_start": 1585584972.862788, "device_queued": 1585584907.50068, "device_end": 1585584907.5015354, "host_queued_end": 1585584972.871684}, "device": "gpu", "nd_range": {"device_start": 1585584907.50154, "device_end": 1585584907.502128}, "cmdq": 0, "read": {"device_start": -1, "device_end": -1}}, "FFC_sans_bias0": {"write": {"device_start": 1585584907.5007837, "host_queued_start": 1585584972.861766, "device_queued": 1585584907.5004535, "device_end": 1585584907.500813, "host_queued_end": 1585584972.871684}, "device": "gpu", "nd_range": {"device_start": 1585584907.500822, "device_end": 1585584907.501418}, "cmdq": 0, "read": {"device_start": -1, "device_end": -1}}, "FFC_sans_bias2": {"write": {"device_start": 1585584907.502262, "host_queued_start": 1585584972.863821, "device_queued": 1585584907.5007386, "device_end": 1585584907.5022924, "host_queued_end": 1585584972.871684}, "device": "gpu", "nd_range": {"device_start": 1585584907.5022953, "device_end": 1585584907.5028987}, "cmdq": 0, "read": {"device_start": -1, "device_end": -1}}, "softmax14": {"write": {"device_start": -1, "host_queued_start": 1585584972.868843, "device_queued": -1, "device_end": -1, "host_queued_end": 1585584972.871684}, "device": "gpu", "nd_range": {"device_start": 1585584907.5065, "device_end": 1585584907.5067077}, "cmdq": 0, "read": {"device_start": -1, "device_end": -1}}, "FFC_sans_bias16": {"write": {"device_start": 1585584907.5088637, "host_queued_start": 1585584972.871584, "device_queued": 1585584907.5016134, "device_end": 1585584907.5088928, "host_queued_end": 1585584972.871684}, "device": "gpu", "nd_range": {"device_start": 1585584907.5089011, "device_end": 1585584907.5094981}, "cmdq": 0, "read": {"device_start": 1585584907.5095074, "device_end": 1585584907.509529}}, "softmax5": {"write": {"device_start": -1, "host_queued_start": 1585584972.868599, "device_queued": -1, "device_end": -1, "host_queued_end": 1585584972.871684}, "device": "gpu", "nd_range": {"device_start": 1585584907.506297, "device_end": 1585584907.5064988}, "cmdq": 0, "read": {"device_start": -1, "device_end": -1}}, "FFC_sans_bias9": {"write": {"device_start": 1585584907.50303, "host_queued_start": 1585584972.864847, "device_queued": 1585584907.5008786, "device_end": 1585584907.5030591, "host_queued_end": 1585584972.871684}, "device": "gpu", "nd_range": {"device_start": 1585584907.5030656, "device_end": 1585584907.5036683}, "cmdq": 0, "read": {"device_start": -1, "device_end": -1}}, "FFC_sans_bias7": {"write": {"device_start": 1585584907.508019, "host_queued_start": 1585584972.870504, "device_queued": 1585584907.5013971, "device_end": 1585584907.5080485, "host_queued_end": 1585584972.871684}, "device": "gpu", "nd_range": {"device_start": 1585584907.5080543, "device_end": 1585584907.5086508}, "cmdq": 0, "read": {"device_start": 1585584907.5086548, "device_end": 1585584907.5086777}}, "empty8": {"write": {"device_start": 1585584907.5004425, "host_queued_start": 1585584972.859686, "device_queued": 1585584907.500325, "device_end": 1585584907.500466, "host_queued_end": 1585584972.871684}, "device": "gpu", "nd_range": {"device_start": 1585584907.5004747, "device_end": 1585584907.5004852}, "cmdq": 0, "read": {"device_start": -1, "device_end": -1}}, "empty17": {"write": {"device_start": 1585584907.5006285, "host_queued_start": 1585584972.860731, "device_queued": 1585584907.5004115, "device_end": 1585584907.5006576, "host_queued_end": 1585584972.871684}, "device": "gpu", "nd_range": {"device_start": 1585584907.5006661, "device_end": 1585584907.5006766}, "cmdq": 0, "read": {"device_start": -1, "device_end": -1}}, "FFC_sans_bias15": {"write": {"device_start": -1, "host_queued_start": 1585584972.869477, "device_queued": -1, "device_end": -1, "host_queued_end": 1585584972.871684}, "device": "gpu", "nd_range": {"device_start": 1585584907.5073035, "device_end": 1585584907.5079002}, "cmdq": 0, "read": {"device_start": -1, "device_end": -1}}, "FFC_sans_bias13": {"write": {"device_start": -1, "host_queued_start": 1585584972.868348, "device_queued": -1, "device_end": -1, "host_queued_end": 1585584972.871684}, "device": "gpu", "nd_range": {"device_start": 1585584907.5057073, "device_end": 1585584907.5062962}, "cmdq": 0, "read": {"device_start": -1, "device_end": -1}}, "FFC_sans_bias10": {"write": {"device_start": 1585584907.5037951, "host_queued_start": 1585584972.865873, "device_queued": 1585584907.500929, "device_end": 1585584907.5038245, "host_queued_end": 1585584972.871684}, "device": "gpu", "nd_range": {"device_start": 1585584907.5038326, "device_end": 1585584907.504426}, "cmdq": 0, "read": {"device_start": -1, "device_end": -1}}, "coalesced_transpose12": {"write": {"device_start": -1, "host_queued_start": 1585584972.867731, "device_queued": -1, "device_end": -1, "host_queued_end": 1585584972.871684}, "device": "gpu", "nd_range": {"device_start": 1585584907.5050993, "device_end": 1585584907.5051064}, "cmdq": 0, "read": {"device_start": -1, "device_end": -1}}}