{"FFC_sans_bias11": {"write": {"device_start": 1585584931.2701845, "host_queued_start": 1585584996.635186, "device_queued": 1585584931.268388, "device_end": 1585584931.270216, "host_queued_end": 1585584996.63974}, "device": "gpu", "nd_range": {"device_start": 1585584931.2702193, "device_end": 1585584931.271037}, "cmdq": 1, "read": {"device_start": -1, "device_end": -1}}, "FFC_sans_bias4": {"write": {"device_start": -1, "host_queued_start": 1585584996.636124, "device_queued": -1, "device_end": -1, "host_queued_end": 1585584996.63974}, "device": "gpu", "nd_range": {"device_start": 1585584931.2708924, "device_end": 1585584931.2715023}, "cmdq": 0, "read": {"device_start": -1, "device_end": -1}}, "coalesced_transpose3": {"write": {"device_start": -1, "host_queued_start": 1585584996.635508, "device_queued": -1, "device_end": -1, "host_queued_end": 1585584996.63974}, "device": "gpu", "nd_range": {"device_start": 1585584931.2705472, "device_end": 1585584931.2708912}, "cmdq": 0, "read": {"device_start": -1, "device_end": -1}}, "FFC_sans_bias6": {"write": {"device_start": -1, "host_queued_start": 1585584996.637236, "device_queued": -1, "device_end": -1, "host_queued_end": 1585584996.63974}, "device": "gpu", "nd_range": {"device_start": 1585584931.2720323, "device_end": 1585584931.2726357}, "cmdq": 0, "read": {"device_start": -1, "device_end": -1}}, "FFC_sans_bias1": {"write": {"device_start": 1585584931.2681048, "host_queued_start": 1585584996.63081, "device_queued": 1585584931.2680044, "device_end": 1585584931.268135, "host_queued_end": 1585584996.63974}, "device": "gpu", "nd_range": {"device_start": 1585584931.2681386, "device_end": 1585584931.2690504}, "cmdq": 1, "read": {"device_start": -1, "device_end": -1}}, "FFC_sans_bias0": {"write": {"device_start": 1585584931.2679965, "host_queued_start": 1585584996.629736, "device_queued": 1585584931.2677772, "device_end": 1585584931.2680206, "host_queued_end": 1585584996.63974}, "device": "gpu", "nd_range": {"device_start": 1585584931.2680311, "device_end": 1585584931.2686317}, "cmdq": 0, "read": {"device_start": -1, "device_end": -1}}, "FFC_sans_bias2": {"write": {"device_start": 1585584931.2687714, "host_queued_start": 1585584996.631848, "device_queued": 1585584931.2680562, "device_end": 1585584931.2688031, "host_queued_end": 1585584996.63974}, "device": "gpu", "nd_range": {"device_start": 1585584931.2688074, "device_end": 1585584931.2696178}, "cmdq": 0, "read": {"device_start": -1, "device_end": -1}}, "softmax14": {"write": {"device_start": -1, "host_queued_start": 1585584996.636925, "device_queued": -1, "device_end": -1, "host_queued_end": 1585584996.63974}, "device": "gpu", "nd_range": {"device_start": 1585584931.271988, "device_end": 1585584931.2723095}, "cmdq": 1, "read": {"device_start": -1, "device_end": -1}}, "FFC_sans_bias16": {"write": {"device_start": 1585584931.2731514, "host_queued_start": 1585584996.639635, "device_queued": 1585584931.2689712, "device_end": 1585584931.2731817, "host_queued_end": 1585584996.63974}, "device": "gpu", "nd_range": {"device_start": 1585584931.2731848, "device_end": 1585584931.2740214}, "cmdq": 1, "read": {"device_start": 1585584931.2740247, "device_end": 1585584931.2740474}}, "softmax5": {"write": {"device_start": -1, "host_queued_start": 1585584996.636685, "device_queued": -1, "device_end": -1, "host_queued_end": 1585584996.63974}, "device": "gpu", "nd_range": {"device_start": 1585584931.2715037, "device_end": 1585584931.272031}, "cmdq": 0, "read": {"device_start": -1, "device_end": -1}}, "FFC_sans_bias9": {"write": {"device_start": 1585584931.2691536, "host_queued_start": 1585584996.632891, "device_queued": 1585584931.268198, "device_end": 1585584931.269185, "host_queued_end": 1585584996.63974}, "device": "gpu", "nd_range": {"device_start": 1585584931.269191, "device_end": 1585584931.270054}, "cmdq": 1, "read": {"device_start": -1, "device_end": -1}}, "FFC_sans_bias7": {"write": {"device_start": 1585584931.2727494, "host_queued_start": 1585584996.638557, "device_queued": 1585584931.2688234, "device_end": 1585584931.27278, "host_queued_end": 1585584996.63974}, "device": "gpu", "nd_range": {"device_start": 1585584931.272782, "device_end": 1585584931.273619}, "cmdq": 0, "read": {"device_start": 1585584931.273622, "device_end": 1585584931.273645}}, "empty8": {"write": {"device_start": 1585584931.2677898, "host_queued_start": 1585584996.627636, "device_queued": 1585584931.2676532, "device_end": 1585584931.267833, "host_queued_end": 1585584996.63974}, "device": "gpu", "nd_range": {"device_start": 1585584931.2678416, "device_end": 1585584931.2678545}, "cmdq": 0, "read": {"device_start": -1, "device_end": -1}}, "empty17": {"write": {"device_start": 1585584931.2679074, "host_queued_start": 1585584996.62874, "device_queued": 1585584931.2677448, "device_end": 1585584931.2679822, "host_queued_end": 1585584996.63974}, "device": "gpu", "nd_range": {"device_start": 1585584931.2679865, "device_end": 1585584931.267991}, "cmdq": 1, "read": {"device_start": -1, "device_end": -1}}, "FFC_sans_bias15": {"write": {"device_start": -1, "host_queued_start": 1585584996.637546, "device_queued": -1, "device_end": -1, "host_queued_end": 1585584996.63974}, "device": "gpu", "nd_range": {"device_start": 1585584931.2723112, "device_end": 1585584931.2730339}, "cmdq": 1, "read": {"device_start": -1, "device_end": -1}}, "FFC_sans_bias13": {"write": {"device_start": -1, "host_queued_start": 1585584996.63644, "device_queued": -1, "device_end": -1, "host_queued_end": 1585584996.63974}, "device": "gpu", "nd_range": {"device_start": 1585584931.2713852, "device_end": 1585584931.2719865}, "cmdq": 1, "read": {"device_start": -1, "device_end": -1}}, "FFC_sans_bias10": {"write": {"device_start": 1585584931.2697575, "host_queued_start": 1585584996.634096, "device_queued": 1585584931.2682495, "device_end": 1585584931.2697837, "host_queued_end": 1585584996.63974}, "device": "gpu", "nd_range": {"device_start": 1585584931.2697873, "device_end": 1585584931.2705455}, "cmdq": 0, "read": {"device_start": -1, "device_end": -1}}, "coalesced_transpose12": {"write": {"device_start": -1, "host_queued_start": 1585584996.635808, "device_queued": -1, "device_end": -1, "host_queued_end": 1585584996.63974}, "device": "gpu", "nd_range": {"device_start": 1585584931.2710416, "device_end": 1585584931.2713842}, "cmdq": 1, "read": {"device_start": -1, "device_end": -1}}}