{"FFC_sans_bias11": {"write": {"device_start": 1585584981.3282773, "host_queued_start": 1585585046.699014, "device_queued": 1585584981.3281887, "device_end": 1585584981.328302, "host_queued_end": 1585585046.701493}, "device": "gpu", "nd_range": {"device_start": 1585584981.3283048, "device_end": 1585584981.3296833}, "cmdq": 0, "read": {"device_start": -1, "device_end": -1}}, "FFC_sans_bias4": {"write": {"device_start": -1, "host_queued_start": 1585585046.706756, "device_queued": -1, "device_end": -1, "host_queued_end": 1585585046.708454}, "device": "cpu", "nd_range": {"device_start": 2252820.910316681, "device_end": 2252820.9150239243}, "cmdq": 1, "read": {"device_start": -1, "device_end": -1}}, "coalesced_transpose3": {"write": {"device_start": -1, "host_queued_start": 1585585046.706375, "device_queued": -1, "device_end": -1, "host_queued_end": 1585585046.708454}, "device": "cpu", "nd_range": {"device_start": 2252820.9067520034, "device_end": 2252820.9069865053}, "cmdq": 0, "read": {"device_start": -1, "device_end": -1}}, "FFC_sans_bias6": {"write": {"device_start": -1, "host_queued_start": 1585585046.707369, "device_queued": -1, "device_end": -1, "host_queued_end": 1585585046.708454}, "device": "cpu", "nd_range": {"device_start": 2252820.91531998, "device_end": 2252820.919454019}, "cmdq": 1, "read": {"device_start": -1, "device_end": -1}}, "FFC_sans_bias1": {"write": {"device_start": -1, "host_queued_start": 1585585046.704938, "device_queued": -1, "device_end": -1, "host_queued_end": 1585585046.708454}, "device": "cpu", "nd_range": {"device_start": 2252820.898076741, "device_end": 2252820.906632672}, "cmdq": 0, "read": {"device_start": -1, "device_end": -1}}, "FFC_sans_bias0": {"write": {"device_start": -1, "host_queued_start": 1585585046.703782, "device_queued": -1, "device_end": -1, "host_queued_end": 1585585046.708454}, "device": "cpu", "nd_range": {"device_start": 2252820.8980716453, "device_end": 2252820.905756882}, "cmdq": 1, "read": {"device_start": -1, "device_end": -1}}, "FFC_sans_bias2": {"write": {"device_start": -1, "host_queued_start": 1585585046.706044, "device_queued": -1, "device_end": -1, "host_queued_end": 1585585046.708454}, "device": "cpu", "nd_range": {"device_start": 2252820.905771178, "device_end": 2252820.9101767233}, "cmdq": 1, "read": {"device_start": -1, "device_end": -1}}, "softmax14": {"write": {"device_start": -1, "host_queued_start": 1585585046.700057, "device_queued": -1, "device_end": -1, "host_queued_end": 1585585046.701493}, "device": "gpu", "nd_range": {"device_start": 1585584981.330292, "device_end": 1585584981.3304865}, "cmdq": 0, "read": {"device_start": -1, "device_end": -1}}, "FFC_sans_bias16": {"write": {"device_start": 1585584981.3304052, "host_queued_start": 1585585046.701383, "device_queued": 1585584981.328379, "device_end": 1585584981.3304415, "host_queued_end": 1585585046.701493}, "device": "gpu", "nd_range": {"device_start": 1585584981.331083, "device_end": 1585584981.3316665}, "cmdq": 2, "read": {"device_start": 1585584981.331672, "device_end": 1585584981.3316953}}, "softmax5": {"write": {"device_start": -1, "host_queued_start": 1585585046.707032, "device_queued": -1, "device_end": -1, "host_queued_end": 1585585046.708454}, "device": "cpu", "nd_range": {"device_start": 2252820.9150315532, "device_end": 2252820.915181627}, "cmdq": 0, "read": {"device_start": -1, "device_end": -1}}, "FFC_sans_bias9": {"write": {"device_start": 1585584981.3280394, "host_queued_start": 1585585046.696806, "device_queued": 1585584981.3278775, "device_end": 1585584981.3280973, "host_queued_end": 1585585046.701493}, "device": "gpu", "nd_range": {"device_start": 1585584981.3281066, "device_end": 1585584981.3287108}, "cmdq": 1, "read": {"device_start": -1, "device_end": -1}}, "FFC_sans_bias7": {"write": {"device_start": -1, "host_queued_start": 1585585046.70841, "device_queued": -1, "device_end": -1, "host_queued_end": 1585585046.708454}, "device": "cpu", "nd_range": {"device_start": 2252820.919478444, "device_end": 2252820.924195854}, "cmdq": 0, "read": {"device_start": -1, "device_end": -1}}, "empty8": {"write": {"device_start": -1, "host_queued_start": 1585585046.702761, "device_queued": -1, "device_end": -1, "host_queued_end": 1585585046.708454}, "device": "cpu", "nd_range": {"device_start": 2252820.898028803, "device_end": 2252820.898039816}, "cmdq": 0, "read": {"device_start": -1, "device_end": -1}}, "empty17": {"write": {"device_start": 1585584981.327933, "host_queued_start": 1585585046.695612, "device_queued": 1585584981.3278058, "device_end": 1585584981.327971, "host_queued_end": 1585585046.701493}, "device": "gpu", "nd_range": {"device_start": 1585584981.3279746, "device_end": 1585584981.3279817}, "cmdq": 0, "read": {"device_start": -1, "device_end": -1}}, "FFC_sans_bias15": {"write": {"device_start": -1, "host_queued_start": 1585585046.700368, "device_queued": -1, "device_end": -1, "host_queued_end": 1585585046.701493}, "device": "gpu", "nd_range": {"device_start": 1585584981.3304915, "device_end": 1585584981.33108}, "cmdq": 1, "read": {"device_start": -1, "device_end": -1}}, "FFC_sans_bias13": {"write": {"device_start": -1, "host_queued_start": 1585585046.699804, "device_queued": -1, "device_end": -1, "host_queued_end": 1585585046.701493}, "device": "gpu", "nd_range": {"device_start": 1585584981.3296878, "device_end": 1585584981.3302898}, "cmdq": 2, "read": {"device_start": -1, "device_end": -1}}, "FFC_sans_bias10": {"write": {"device_start": 1585584981.328128, "host_queued_start": 1585585046.697887, "device_queued": 1585584981.3278966, "device_end": 1585584981.3281524, "host_queued_end": 1585585046.701493}, "device": "gpu", "nd_range": {"device_start": 1585584981.3281767, "device_end": 1585584981.3291316}, "cmdq": 2, "read": {"device_start": -1, "device_end": -1}}, "coalesced_transpose12": {"write": {"device_start": -1, "host_queued_start": 1585585046.699478, "device_queued": -1, "device_end": -1, "host_queued_end": 1585585046.701493}, "device": "gpu", "nd_range": {"device_start": 1585584981.3291347, "device_end": 1585584981.3295145}, "cmdq": 1, "read": {"device_start": -1, "device_end": -1}}}