{"FFC_sans_bias11": {"write": {"device_start": 1585584915.4244628, "host_queued_start": 1585584980.787201, "device_queued": 1585584915.4209855, "device_end": 1585584915.4244928, "host_queued_end": 1585584980.791814}, "device": "gpu", "nd_range": {"device_start": 1585584915.4244957, "device_end": 1585584915.4250028}, "cmdq": 0, "read": {"device_start": -1, "device_end": -1}}, "FFC_sans_bias4": {"write": {"device_start": -1, "host_queued_start": 1585584980.788146, "device_queued": -1, "device_end": -1, "host_queued_end": 1585584980.791814}, "device": "gpu", "nd_range": {"device_start": 1585584915.4250224, "device_end": 1585584915.425618}, "cmdq": 0, "read": {"device_start": -1, "device_end": -1}}, "coalesced_transpose3": {"write": {"device_start": -1, "host_queued_start": 1585584980.78753, "device_queued": -1, "device_end": -1, "host_queued_end": 1585584980.791814}, "device": "gpu", "nd_range": {"device_start": 1585584915.4250042, "device_end": 1585584915.4250126}, "cmdq": 0, "read": {"device_start": -1, "device_end": -1}}, "FFC_sans_bias6": {"write": {"device_start": -1, "host_queued_start": 1585584980.78926, "device_queued": -1, "device_end": -1, "host_queued_end": 1585584980.791814}, "device": "gpu", "nd_range": {"device_start": 1585584915.4266205, "device_end": 1585584915.42722}, "cmdq": 0, "read": {"device_start": -1, "device_end": -1}}, "FFC_sans_bias1": {"write": {"device_start": 1585584915.4214275, "host_queued_start": 1585584980.782846, "device_queued": 1585584915.4205995, "device_end": 1585584915.4214563, "host_queued_end": 1585584980.791814}, "device": "gpu", "nd_range": {"device_start": 1585584915.421472, "device_end": 1585584915.4220574}, "cmdq": 0, "read": {"device_start": -1, "device_end": -1}}, "FFC_sans_bias0": {"write": {"device_start": 1585584915.4207036, "host_queued_start": 1585584980.781727, "device_queued": 1585584915.4203537, "device_end": 1585584915.420733, "host_queued_end": 1585584980.791814}, "device": "gpu", "nd_range": {"device_start": 1585584915.420736, "device_end": 1585584915.4213367}, "cmdq": 0, "read": {"device_start": -1, "device_end": -1}}, "FFC_sans_bias2": {"write": {"device_start": 1585584915.4221823, "host_queued_start": 1585584980.783887, "device_queued": 1585584915.4206588, "device_end": 1585584915.4222121, "host_queued_end": 1585584980.791814}, "device": "gpu", "nd_range": {"device_start": 1585584915.422215, "device_end": 1585584915.4228172}, "cmdq": 0, "read": {"device_start": -1, "device_end": -1}}, "softmax14": {"write": {"device_start": -1, "host_queued_start": 1585584980.788953, "device_queued": -1, "device_end": -1, "host_queued_end": 1585584980.791814}, "device": "gpu", "nd_range": {"device_start": 1585584915.426419, "device_end": 1585584915.4266195}, "cmdq": 0, "read": {"device_start": -1, "device_end": -1}}, "FFC_sans_bias16": {"write": {"device_start": 1585584915.4287748, "host_queued_start": 1585584980.791713, "device_queued": 1585584915.4215326, "device_end": 1585584915.4288042, "host_queued_end": 1585584980.791814}, "device": "gpu", "nd_range": {"device_start": 1585584915.4288073, "device_end": 1585584915.429401}, "cmdq": 0, "read": {"device_start": 1585584915.4294038, "device_end": 1585584915.4294257}}, "softmax5": {"write": {"device_start": -1, "host_queued_start": 1585584980.788709, "device_queued": -1, "device_end": -1, "host_queued_end": 1585584980.791814}, "device": "gpu", "nd_range": {"device_start": 1585584915.4262147, "device_end": 1585584915.426418}, "cmdq": 0, "read": {"device_start": -1, "device_end": -1}}, "FFC_sans_bias9": {"write": {"device_start": 1585584915.422944, "host_queued_start": 1585584980.784934, "device_queued": 1585584915.4207988, "device_end": 1585584915.4229739, "host_queued_end": 1585584980.791814}, "device": "gpu", "nd_range": {"device_start": 1585584915.4229808, "device_end": 1585584915.423592}, "cmdq": 0, "read": {"device_start": -1, "device_end": -1}}, "FFC_sans_bias7": {"write": {"device_start": 1585584915.4279342, "host_queued_start": 1585584980.790648, "device_queued": 1585584915.4213195, "device_end": 1585584915.4279628, "host_queued_end": 1585584980.791814}, "device": "gpu", "nd_range": {"device_start": 1585584915.4279656, "device_end": 1585584915.4285603}, "cmdq": 0, "read": {"device_start": 1585584915.4285638, "device_end": 1585584915.4285865}}, "empty8": {"write": {"device_start": 1585584915.4203618, "host_queued_start": 1585584980.779648, "device_queued": 1585584915.4202235, "device_end": 1585584915.4203873, "host_queued_end": 1585584980.791814}, "device": "gpu", "nd_range": {"device_start": 1585584915.4203897, "device_end": 1585584915.4203947}, "cmdq": 0, "read": {"device_start": -1, "device_end": -1}}, "empty17": {"write": {"device_start": 1585584915.420548, "host_queued_start": 1585584980.780754, "device_queued": 1585584915.4203188, "device_end": 1585584915.4205766, "host_queued_end": 1585584980.791814}, "device": "gpu", "nd_range": {"device_start": 1585584915.4205937, "device_end": 1585584915.4205973}, "cmdq": 0, "read": {"device_start": -1, "device_end": -1}}, "FFC_sans_bias15": {"write": {"device_start": -1, "host_queued_start": 1585584980.789574, "device_queued": -1, "device_end": -1, "host_queued_end": 1585584980.791814}, "device": "gpu", "nd_range": {"device_start": 1585584915.427222, "device_end": 1585584915.4278183}, "cmdq": 0, "read": {"device_start": -1, "device_end": -1}}, "FFC_sans_bias13": {"write": {"device_start": -1, "host_queued_start": 1585584980.788464, "device_queued": -1, "device_end": -1, "host_queued_end": 1585584980.791814}, "device": "gpu", "nd_range": {"device_start": 1585584915.4256194, "device_end": 1585584915.4262137}, "cmdq": 0, "read": {"device_start": -1, "device_end": -1}}, "FFC_sans_bias10": {"write": {"device_start": 1585584915.4237192, "host_queued_start": 1585584980.786099, "device_queued": 1585584915.420851, "device_end": 1585584915.4237485, "host_queued_end": 1585584980.791814}, "device": "gpu", "nd_range": {"device_start": 1585584915.423751, "device_end": 1585584915.4243455}, "cmdq": 0, "read": {"device_start": -1, "device_end": -1}}, "coalesced_transpose12": {"write": {"device_start": -1, "host_queued_start": 1585584980.787834, "device_queued": -1, "device_end": -1, "host_queued_end": 1585584980.791814}, "device": "gpu", "nd_range": {"device_start": 1585584915.4250138, "device_end": 1585584915.425021}, "cmdq": 0, "read": {"device_start": -1, "device_end": -1}}}