{"FFC_sans_bias11": {"write": {"device_start": 1585585002.4756272, "host_queued_start": 1585585067.843198, "device_queued": 1585585002.474365, "device_end": 1585585002.475659, "host_queued_end": 1585585067.847816}, "device": "gpu", "nd_range": {"device_start": 1585585002.4756618, "device_end": 1585585002.4769151}, "cmdq": 1, "read": {"device_start": -1, "device_end": -1}}, "FFC_sans_bias4": {"write": {"device_start": -1, "host_queued_start": 1585585067.844157, "device_queued": -1, "device_end": -1, "host_queued_end": 1585585067.847816}, "device": "gpu", "nd_range": {"device_start": 1585585002.4769201, "device_end": 1585585002.4775224}, "cmdq": 1, "read": {"device_start": -1, "device_end": -1}}, "coalesced_transpose3": {"write": {"device_start": -1, "host_queued_start": 1585585067.843525, "device_queued": -1, "device_end": -1, "host_queued_end": 1585585067.847816}, "device": "gpu", "nd_range": {"device_start": 1585585002.475936, "device_end": 1585585002.4767888}, "cmdq": 2, "read": {"device_start": -1, "device_end": -1}}, "FFC_sans_bias6": {"write": {"device_start": -1, "host_queued_start": 1585585067.845302, "device_queued": -1, "device_end": -1, "host_queued_end": 1585585067.847816}, "device": "gpu", "nd_range": {"device_start": 1585585002.4781299, "device_end": 1585585002.4787385}, "cmdq": 2, "read": {"device_start": -1, "device_end": -1}}, "FFC_sans_bias1": {"write": {"device_start": 1585585002.4740467, "host_queued_start": 1585585067.838824, "device_queued": 1585585002.4739408, "device_end": 1585585002.4741242, "host_queued_end": 1585585067.847816}, "device": "gpu", "nd_range": {"device_start": 1585585002.474128, "device_end": 1585585002.474942}, "cmdq": 0, "read": {"device_start": -1, "device_end": -1}}, "FFC_sans_bias0": {"write": {"device_start": 1585585002.4738998, "host_queued_start": 1585585067.837728, "device_queued": 1585585002.473701, "device_end": 1585585002.473923, "host_queued_end": 1585585067.847816}, "device": "gpu", "nd_range": {"device_start": 1585585002.4739318, "device_end": 1585585002.4745421}, "cmdq": 2, "read": {"device_start": -1, "device_end": -1}}, "FFC_sans_bias2": {"write": {"device_start": 1585585002.474131, "host_queued_start": 1585585067.839866, "device_queued": 1585585002.4739943, "device_end": 1585585002.4741611, "host_queued_end": 1585585067.847816}, "device": "gpu", "nd_range": {"device_start": 1585585002.4741886, "device_end": 1585585002.4755225}, "cmdq": 1, "read": {"device_start": -1, "device_end": -1}}, "softmax14": {"write": {"device_start": -1, "host_queued_start": 1585585067.844997, "device_queued": -1, "device_end": -1, "host_queued_end": 1585585067.847816}, "device": "gpu", "nd_range": {"device_start": 1585585002.4779322, "device_end": 1585585002.4781227}, "cmdq": 1, "read": {"device_start": -1, "device_end": -1}}, "FFC_sans_bias16": {"write": {"device_start": 1585585002.4788468, "host_queued_start": 1585585067.84772, "device_queued": 1585585002.4748082, "device_end": 1585585002.478877, "host_queued_end": 1585585067.847816}, "device": "gpu", "nd_range": {"device_start": 1585585002.4793534, "device_end": 1585585002.4803073}, "cmdq": 2, "read": {"device_start": 1585585002.4803102, "device_end": 1585585002.480333}}, "softmax5": {"write": {"device_start": -1, "host_queued_start": 1585585067.844738, "device_queued": -1, "device_end": -1, "host_queued_end": 1585585067.847816}, "device": "gpu", "nd_range": {"device_start": 1585585002.477928, "device_end": 1585585002.47812}, "cmdq": 0, "read": {"device_start": -1, "device_end": -1}}, "FFC_sans_bias9": {"write": {"device_start": 1585585002.474653, "host_queued_start": 1585585067.840908, "device_queued": 1585585002.474009, "device_end": 1585585002.474684, "host_queued_end": 1585585067.847816}, "device": "gpu", "nd_range": {"device_start": 1585585002.4746864, "device_end": 1585585002.4759343}, "cmdq": 2, "read": {"device_start": -1, "device_end": -1}}, "FFC_sans_bias7": {"write": {"device_start": 1585585002.4782462, "host_queued_start": 1585585067.846658, "device_queued": 1585585002.4748344, "device_end": 1585585002.4782774, "host_queued_end": 1585585067.847816}, "device": "gpu", "nd_range": {"device_start": 1585585002.478753, "device_end": 1585585002.4797533}, "cmdq": 1, "read": {"device_start": 1585585002.4797566, "device_end": 1585585002.4797852}}, "empty8": {"write": {"device_start": 1585585002.4737043, "host_queued_start": 1585585067.835625, "device_queued": 1585585002.4735777, "device_end": 1585585002.4737444, "host_queued_end": 1585585067.847816}, "device": "gpu", "nd_range": {"device_start": 1585585002.473751, "device_end": 1585585002.4737573}, "cmdq": 0, "read": {"device_start": -1, "device_end": -1}}, "empty17": {"write": {"device_start": 1585585002.4738133, "host_queued_start": 1585585067.836728, "device_queued": 1585585002.4736798, "device_end": 1585585002.473887, "host_queued_end": 1585585067.847816}, "device": "gpu", "nd_range": {"device_start": 1585585002.4738913, "device_end": 1585585002.4738963}, "cmdq": 1, "read": {"device_start": -1, "device_end": -1}}, "FFC_sans_bias15": {"write": {"device_start": -1, "host_queued_start": 1585585067.845611, "device_queued": -1, "device_end": -1, "host_queued_end": 1585585067.847816}, "device": "gpu", "nd_range": {"device_start": 1585585002.4787428, "device_end": 1585585002.4793491}, "cmdq": 0, "read": {"device_start": -1, "device_end": -1}}, "FFC_sans_bias13": {"write": {"device_start": -1, "host_queued_start": 1585585067.844479, "device_queued": -1, "device_end": -1, "host_queued_end": 1585585067.847816}, "device": "gpu", "nd_range": {"device_start": 1585585002.4769268, "device_end": 1585585002.477922}, "cmdq": 2, "read": {"device_start": -1, "device_end": -1}}, "FFC_sans_bias10": {"write": {"device_start": 1585585002.475057, "host_queued_start": 1585585067.842082, "device_queued": 1585585002.4742215, "device_end": 1585585002.4750886, "host_queued_end": 1585585067.847816}, "device": "gpu", "nd_range": {"device_start": 1585585002.4750931, "device_end": 1585585002.4764779}, "cmdq": 0, "read": {"device_start": -1, "device_end": -1}}, "coalesced_transpose12": {"write": {"device_start": -1, "host_queued_start": 1585585067.843826, "device_queued": -1, "device_end": -1, "host_queued_end": 1585585067.847816}, "device": "gpu", "nd_range": {"device_start": 1585585002.4764793, "device_end": 1585585002.4767973}, "cmdq": 0, "read": {"device_start": -1, "device_end": -1}}}