{"FFC_sans_bias11": {"write": {"device_start": 1585585041.9631016, "host_queued_start": 1585585107.332328, "device_queued": 1585585041.9621606, "device_end": 1585585041.9631314, "host_queued_end": 1585585107.336946}, "device": "gpu", "nd_range": {"device_start": 1585585041.9631364, "device_end": 1585585041.964925}, "cmdq": 3, "read": {"device_start": -1, "device_end": -1}}, "FFC_sans_bias4": {"write": {"device_start": -1, "host_queued_start": 1585585107.333293, "device_queued": -1, "device_end": -1, "host_queued_end": 1585585107.336946}, "device": "gpu", "nd_range": {"device_start": 1585585041.9649394, "device_end": 1585585041.9659457}, "cmdq": 2, "read": {"device_start": -1, "device_end": -1}}, "coalesced_transpose3": {"write": {"device_start": -1, "host_queued_start": 1585585107.332662, "device_queued": -1, "device_end": -1, "host_queued_end": 1585585107.336946}, "device": "gpu", "nd_range": {"device_start": 1585585041.9635046, "device_end": 1585585041.9647787}, "cmdq": 0, "read": {"device_start": -1, "device_end": -1}}, "FFC_sans_bias6": {"write": {"device_start": -1, "host_queued_start": 1585585107.334423, "device_queued": -1, "device_end": -1, "host_queued_end": 1585585107.336946}, "device": "gpu", "nd_range": {"device_start": 1585585041.966166, "device_end": 1585585041.9667687}, "cmdq": 2, "read": {"device_start": -1, "device_end": -1}}, "FFC_sans_bias1": {"write": {"device_start": 1585585041.9618974, "host_queued_start": 1585585107.327882, "device_queued": 1585585041.9616065, "device_end": 1585585041.9619226, "host_queued_end": 1585585107.336946}, "device": "gpu", "nd_range": {"device_start": 1585585041.9619477, "device_end": 1585585041.9629517}, "cmdq": 3, "read": {"device_start": -1, "device_end": -1}}, "FFC_sans_bias0": {"write": {"device_start": 1585585041.9618123, "host_queued_start": 1585585107.326866, "device_queued": 1585585041.9615853, "device_end": 1585585041.9618828, "host_queued_end": 1585585107.336946}, "device": "gpu", "nd_range": {"device_start": 1585585041.9619212, "device_end": 1585585041.9625385}, "cmdq": 2, "read": {"device_start": -1, "device_end": -1}}, "FFC_sans_bias2": {"write": {"device_start": 1585585041.9620476, "host_queued_start": 1585585107.328997, "device_queued": 1585585041.961955, "device_end": 1585585041.962078, "host_queued_end": 1585585107.336946}, "device": "gpu", "nd_range": {"device_start": 1585585041.9620821, "device_end": 1585585041.963503}, "cmdq": 0, "read": {"device_start": -1, "device_end": -1}}, "softmax14": {"write": {"device_start": -1, "host_queued_start": 1585585107.334105, "device_queued": -1, "device_end": -1, "host_queued_end": 1585585107.336946}, "device": "gpu", "nd_range": {"device_start": 1585585041.9659588, "device_end": 1585585041.9661543}, "cmdq": 1, "read": {"device_start": -1, "device_end": -1}}, "FFC_sans_bias16": {"write": {"device_start": 1585585041.9663403, "host_queued_start": 1585585107.336848, "device_queued": 1585585041.9628568, "device_end": 1585585041.9663653, "host_queued_end": 1585585107.336946}, "device": "gpu", "nd_range": {"device_start": 1585585041.9671707, "device_end": 1585585041.9681473}, "cmdq": 1, "read": {"device_start": 1585585041.9681544, "device_end": 1585585041.968177}}, "softmax5": {"write": {"device_start": -1, "host_queued_start": 1585585107.333859, "device_queued": -1, "device_end": -1, "host_queued_end": 1585585107.336946}, "device": "gpu", "nd_range": {"device_start": 1585585041.9659534, "device_end": 1585585041.9661517}, "cmdq": 0, "read": {"device_start": -1, "device_end": -1}}, "FFC_sans_bias9": {"write": {"device_start": 1585585041.9622087, "host_queued_start": 1585585107.330185, "device_queued": 1585585041.962116, "device_end": 1585585041.9622395, "host_queued_end": 1585585107.336946}, "device": "gpu", "nd_range": {"device_start": 1585585041.9622443, "device_end": 1585585041.9639344}, "cmdq": 1, "read": {"device_start": -1, "device_end": -1}}, "FFC_sans_bias7": {"write": {"device_start": 1585585041.9662685, "host_queued_start": 1585585107.335795, "device_queued": 1585585041.9627292, "device_end": 1585585041.9663224, "host_queued_end": 1585585107.336946}, "device": "gpu", "nd_range": {"device_start": 1585585041.9667735, "device_end": 1585585041.9677398}, "cmdq": 0, "read": {"device_start": 1585585041.9677413, "device_end": 1585585041.9677641}}, "empty8": {"write": {"device_start": 1585585041.9615967, "host_queued_start": 1585585107.324725, "device_queued": 1585585041.9614754, "device_end": 1585585041.9616513, "host_queued_end": 1585585107.336946}, "device": "gpu", "nd_range": {"device_start": 1585585041.9616575, "device_end": 1585585041.9616702}, "cmdq": 0, "read": {"device_start": -1, "device_end": -1}}, "empty17": {"write": {"device_start": 1585585041.9617069, "host_queued_start": 1585585107.325764, "device_queued": 1585585041.961566, "device_end": 1585585041.9617739, "host_queued_end": 1585585107.336946}, "device": "gpu", "nd_range": {"device_start": 1585585041.9617896, "device_end": 1585585041.9617932}, "cmdq": 1, "read": {"device_start": -1, "device_end": -1}}, "FFC_sans_bias15": {"write": {"device_start": -1, "host_queued_start": 1585585107.33477, "device_queued": -1, "device_end": -1, "host_queued_end": 1585585107.336946}, "device": "gpu", "nd_range": {"device_start": 1585585041.9661715, "device_end": 1585585041.9671674}, "cmdq": 3, "read": {"device_start": -1, "device_end": -1}}, "FFC_sans_bias13": {"write": {"device_start": -1, "host_queued_start": 1585585107.333612, "device_queued": -1, "device_end": -1, "host_queued_end": 1585585107.336946}, "device": "gpu", "nd_range": {"device_start": 1585585041.9649308, "device_end": 1585585041.965537}, "cmdq": 3, "read": {"device_start": -1, "device_end": -1}}, "FFC_sans_bias10": {"write": {"device_start": 1585585041.9626386, "host_queued_start": 1585585107.331284, "device_queued": 1585585041.9621413, "device_end": 1585585041.9626641, "host_queued_end": 1585585107.336946}, "device": "gpu", "nd_range": {"device_start": 1585585041.9626691, "device_end": 1585585041.9644597}, "cmdq": 2, "read": {"device_start": -1, "device_end": -1}}, "coalesced_transpose12": {"write": {"device_start": -1, "host_queued_start": 1585585107.332966, "device_queued": -1, "device_end": -1, "host_queued_end": 1585585107.336946}, "device": "gpu", "nd_range": {"device_start": 1585585041.9644694, "device_end": 1585585041.9647872}, "cmdq": 1, "read": {"device_start": -1, "device_end": -1}}}