{"FFC_sans_bias11": {"write": {"device_start": 1585584986.6769352, "host_queued_start": 1585585052.043915, "device_queued": 1585584986.6757858, "device_end": 1585584986.6769657, "host_queued_end": 1585585052.048703}, "device": "gpu", "nd_range": {"device_start": 1585584986.676968, "device_end": 1585584986.6781938}, "cmdq": 1, "read": {"device_start": -1, "device_end": -1}}, "FFC_sans_bias4": {"write": {"device_start": -1, "host_queued_start": 1585585052.04493, "device_queued": -1, "device_end": -1, "host_queued_end": 1585585052.048703}, "device": "gpu", "nd_range": {"device_start": 1585584986.6781974, "device_end": 1585584986.6788018}, "cmdq": 1, "read": {"device_start": -1, "device_end": -1}}, "coalesced_transpose3": {"write": {"device_start": -1, "host_queued_start": 1585585052.04427, "device_queued": -1, "device_end": -1, "host_queued_end": 1585585052.048703}, "device": "gpu", "nd_range": {"device_start": 1585584986.6772249, "device_end": 1585584986.6780405}, "cmdq": 2, "read": {"device_start": -1, "device_end": -1}}, "FFC_sans_bias6": {"write": {"device_start": -1, "host_queued_start": 1585585052.046082, "device_queued": -1, "device_end": -1, "host_queued_end": 1585585052.048703}, "device": "gpu", "nd_range": {"device_start": 1585584986.6794121, "device_end": 1585584986.6800241}, "cmdq": 2, "read": {"device_start": -1, "device_end": -1}}, "FFC_sans_bias1": {"write": {"device_start": 1585584986.6753583, "host_queued_start": 1585585052.039466, "device_queued": 1585584986.675285, "device_end": 1585584986.675425, "host_queued_end": 1585585052.048703}, "device": "gpu", "nd_range": {"device_start": 1585584986.6754322, "device_end": 1585584986.676237}, "cmdq": 0, "read": {"device_start": -1, "device_end": -1}}, "FFC_sans_bias0": {"write": {"device_start": 1585584986.6751947, "host_queued_start": 1585585052.038399, "device_queued": 1585584986.6750534, "device_end": 1585584986.6752179, "host_queued_end": 1585585052.048703}, "device": "gpu", "nd_range": {"device_start": 1585584986.6752238, "device_end": 1585584986.6758378}, "cmdq": 2, "read": {"device_start": -1, "device_end": -1}}, "FFC_sans_bias2": {"write": {"device_start": 1585584986.6754544, "host_queued_start": 1585585052.040531, "device_queued": 1585584986.6753423, "device_end": 1585584986.6754856, "host_queued_end": 1585585052.048703}, "device": "gpu", "nd_range": {"device_start": 1585584986.6756172, "device_end": 1585584986.6768086}, "cmdq": 1, "read": {"device_start": -1, "device_end": -1}}, "softmax14": {"write": {"device_start": -1, "host_queued_start": 1585585052.045765, "device_queued": -1, "device_end": -1, "host_queued_end": 1585585052.048703}, "device": "gpu", "nd_range": {"device_start": 1585584986.679215, "device_end": 1585584986.679407}, "cmdq": 1, "read": {"device_start": -1, "device_end": -1}}, "FFC_sans_bias16": {"write": {"device_start": 1585584986.6801233, "host_queued_start": 1585585052.048596, "device_queued": 1585584986.6762707, "device_end": 1585584986.6801536, "host_queued_end": 1585585052.048703}, "device": "gpu", "nd_range": {"device_start": 1585584986.6806343, "device_end": 1585584986.68152}, "cmdq": 2, "read": {"device_start": 1585584986.681525, "device_end": 1585584986.6815484}}, "softmax5": {"write": {"device_start": -1, "host_queued_start": 1585585052.045518, "device_queued": -1, "device_end": -1, "host_queued_end": 1585585052.048703}, "device": "gpu", "nd_range": {"device_start": 1585584986.6792107, "device_end": 1585584986.6794052}, "cmdq": 0, "read": {"device_start": -1, "device_end": -1}}, "FFC_sans_bias9": {"write": {"device_start": 1585584986.6759765, "host_queued_start": 1585585052.041595, "device_queued": 1585584986.6753597, "device_end": 1585584986.6760066, "host_queued_end": 1585585052.048703}, "device": "gpu", "nd_range": {"device_start": 1585584986.6760118, "device_end": 1585584986.6772234}, "cmdq": 2, "read": {"device_start": -1, "device_end": -1}}, "FFC_sans_bias7": {"write": {"device_start": 1585584986.6795304, "host_queued_start": 1585585052.047487, "device_queued": 1585584986.6762993, "device_end": 1585584986.67956, "host_queued_end": 1585585052.048703}, "device": "gpu", "nd_range": {"device_start": 1585584986.6800318, "device_end": 1585584986.6810374}, "cmdq": 1, "read": {"device_start": 1585584986.6810453, "device_end": 1585584986.6810677}}, "empty8": {"write": {"device_start": 1585584986.6750033, "host_queued_start": 1585585052.036231, "device_queued": 1585584986.6748996, "device_end": 1585584986.6750288, "host_queued_end": 1585585052.048703}, "device": "gpu", "nd_range": {"device_start": 1585584986.6750326, "device_end": 1585584986.6750379}, "cmdq": 0, "read": {"device_start": -1, "device_end": -1}}, "empty17": {"write": {"device_start": 1585584986.6751075, "host_queued_start": 1585585052.037306, "device_queued": 1585584986.675031, "device_end": 1585584986.6751652, "host_queued_end": 1585585052.048703}, "device": "gpu", "nd_range": {"device_start": 1585584986.675171, "device_end": 1585584986.6751752}, "cmdq": 1, "read": {"device_start": -1, "device_end": -1}}, "FFC_sans_bias15": {"write": {"device_start": -1, "host_queued_start": 1585585052.046407, "device_queued": -1, "device_end": -1, "host_queued_end": 1585585052.048703}, "device": "gpu", "nd_range": {"device_start": 1585584986.6800277, "device_end": 1585584986.6806304}, "cmdq": 0, "read": {"device_start": -1, "device_end": -1}}, "FFC_sans_bias13": {"write": {"device_start": -1, "host_queued_start": 1585585052.045258, "device_queued": -1, "device_end": -1, "host_queued_end": 1585585052.048703}, "device": "gpu", "nd_range": {"device_start": 1585584986.6782033, "device_end": 1585584986.6792061}, "cmdq": 2, "read": {"device_start": -1, "device_end": -1}}, "FFC_sans_bias10": {"write": {"device_start": 1585584986.6763523, "host_queued_start": 1585585052.042849, "device_queued": 1585584986.6756413, "device_end": 1585584986.6763775, "host_queued_end": 1585585052.048703}, "device": "gpu", "nd_range": {"device_start": 1585584986.6763885, "device_end": 1585584986.6777864}, "cmdq": 0, "read": {"device_start": -1, "device_end": -1}}, "coalesced_transpose12": {"write": {"device_start": -1, "host_queued_start": 1585585052.044594, "device_queued": -1, "device_end": -1, "host_queued_end": 1585585052.048703}, "device": "gpu", "nd_range": {"device_start": 1585584986.6777875, "device_end": 1585584986.678055}, "cmdq": 0, "read": {"device_start": -1, "device_end": -1}}}