{"FFC_sans_bias11": {"write": {"device_start": 1585585068.2254815, "host_queued_start": 1585585133.598933, "device_queued": 1585585068.2251985, "device_end": 1585585068.2255063, "host_queued_end": 1585585133.601443}, "device": "gpu", "nd_range": {"device_start": 1585585068.225512, "device_end": 1585585068.2269754}, "cmdq": 3, "read": {"device_start": -1, "device_end": -1}}, "FFC_sans_bias4": {"write": {"device_start": -1, "host_queued_start": 1585585133.606644, "device_queued": -1, "device_end": -1, "host_queued_end": 1585585133.608354}, "device": "cpu", "nd_range": {"device_start": 2252907.810598769, "device_end": 2252907.814893649}, "cmdq": 2, "read": {"device_start": -1, "device_end": -1}}, "coalesced_transpose3": {"write": {"device_start": -1, "host_queued_start": 1585585133.606274, "device_queued": -1, "device_end": -1, "host_queued_end": 1585585133.608354}, "device": "cpu", "nd_range": {"device_start": 2252907.81033439, "device_end": 2252907.8104690122}, "cmdq": 1, "read": {"device_start": -1, "device_end": -1}}, "FFC_sans_bias6": {"write": {"device_start": -1, "host_queued_start": 1585585133.607278, "device_queued": -1, "device_end": -1, "host_queued_end": 1585585133.608354}, "device": "cpu", "nd_range": {"device_start": 2252907.8152004783, "device_end": 2252907.81966415}, "cmdq": 1, "read": {"device_start": -1, "device_end": -1}}, "FFC_sans_bias1": {"write": {"device_start": -1, "host_queued_start": 1585585133.604838, "device_queued": -1, "device_end": -1, "host_queued_end": 1585585133.608354}, "device": "cpu", "nd_range": {"device_start": 2252907.797982261, "device_end": 2252907.810315006}, "cmdq": 2, "read": {"device_start": -1, "device_end": -1}}, "FFC_sans_bias0": {"write": {"device_start": -1, "host_queued_start": 1585585133.603705, "device_queued": -1, "device_end": -1, "host_queued_end": 1585585133.608354}, "device": "cpu", "nd_range": {"device_start": 2252907.797980218, "device_end": 2252907.806570024}, "cmdq": 1, "read": {"device_start": -1, "device_end": -1}}, "FFC_sans_bias2": {"write": {"device_start": -1, "host_queued_start": 1585585133.605939, "device_queued": -1, "device_end": -1, "host_queued_end": 1585585133.608354}, "device": "cpu", "nd_range": {"device_start": 2252907.797987115, "device_end": 2252907.811311941}, "cmdq": 0, "read": {"device_start": -1, "device_end": -1}}, "softmax14": {"write": {"device_start": -1, "host_queued_start": 1585585133.600014, "device_queued": -1, "device_end": -1, "host_queued_end": 1585585133.601443}, "device": "gpu", "nd_range": {"device_start": 1585585068.2275774, "device_end": 1585585068.227769}, "cmdq": 1, "read": {"device_start": -1, "device_end": -1}}, "FFC_sans_bias16": {"write": {"device_start": 1585585068.2270963, "host_queued_start": 1585585133.601335, "device_queued": 1585585068.225604, "device_end": 1585585068.2271273, "host_queued_end": 1585585133.601443}, "device": "gpu", "nd_range": {"device_start": 1585585068.2283807, "device_end": 1585585068.2289782}, "cmdq": 3, "read": {"device_start": 1585585068.2289836, "device_end": 1585585068.2290065}}, "softmax5": {"write": {"device_start": -1, "host_queued_start": 1585585133.606941, "device_queued": -1, "device_end": -1, "host_queued_end": 1585585133.608354}, "device": "cpu", "nd_range": {"device_start": 2252907.814932953, "device_end": 2252907.81506583}, "cmdq": 0, "read": {"device_start": -1, "device_end": -1}}, "FFC_sans_bias9": {"write": {"device_start": 1585585068.2253022, "host_queued_start": 1585585133.596812, "device_queued": 1585585068.2251542, "device_end": 1585585068.2253723, "host_queued_end": 1585585133.601443}, "device": "gpu", "nd_range": {"device_start": 1585585068.2253954, "device_end": 1585585068.2260077}, "cmdq": 1, "read": {"device_start": -1, "device_end": -1}}, "FFC_sans_bias7": {"write": {"device_start": -1, "host_queued_start": 1585585133.608311, "device_queued": -1, "device_end": -1, "host_queued_end": 1585585133.608354}, "device": "cpu", "nd_range": {"device_start": 2252907.819683446, "device_end": 2252907.824357076}, "cmdq": 2, "read": {"device_start": -1, "device_end": -1}}, "empty8": {"write": {"device_start": -1, "host_queued_start": 1585585133.602699, "device_queued": -1, "device_end": -1, "host_queued_end": 1585585133.608354}, "device": "cpu", "nd_range": {"device_start": 2252907.7979359203, "device_end": 2252907.7979460782}, "cmdq": 0, "read": {"device_start": -1, "device_end": -1}}, "empty17": {"write": {"device_start": 1585585068.2251847, "host_queued_start": 1585585133.595528, "device_queued": 1585585068.2250652, "device_end": 1585585068.2252223, "host_queued_end": 1585585133.601443}, "device": "gpu", "nd_range": {"device_start": 1585585068.2252307, "device_end": 1585585068.225235}, "cmdq": 0, "read": {"device_start": -1, "device_end": -1}}, "FFC_sans_bias15": {"write": {"device_start": -1, "host_queued_start": 1585585133.600323, "device_queued": -1, "device_end": -1, "host_queued_end": 1585585133.601443}, "device": "gpu", "nd_range": {"device_start": 1585585068.2277756, "device_end": 1585585068.2283757}, "cmdq": 2, "read": {"device_start": -1, "device_end": -1}}, "FFC_sans_bias13": {"write": {"device_start": -1, "host_queued_start": 1585585133.599769, "device_queued": -1, "device_end": -1, "host_queued_end": 1585585133.601443}, "device": "gpu", "nd_range": {"device_start": 1585585068.226978, "device_end": 1585585068.2275693}, "cmdq": 0, "read": {"device_start": -1, "device_end": -1}}, "FFC_sans_bias10": {"write": {"device_start": 1585585068.225397, "host_queued_start": 1585585133.597827, "device_queued": 1585585068.2251732, "device_end": 1585585068.2254536, "host_queued_end": 1585585133.601443}, "device": "gpu", "nd_range": {"device_start": 1585585068.2254596, "device_end": 1585585068.22642}, "cmdq": 2, "read": {"device_start": -1, "device_end": -1}}, "coalesced_transpose12": {"write": {"device_start": -1, "host_queued_start": 1585585133.59942, "device_queued": -1, "device_end": -1, "host_queued_end": 1585585133.601443}, "device": "gpu", "nd_range": {"device_start": 1585585068.2264245, "device_end": 1585585068.2268214}, "cmdq": 4, "read": {"device_start": -1, "device_end": -1}}}