{"FFC_sans_bias11": {"write": {"device_start": 1585585057.7253067, "host_queued_start": 1585585123.095475, "device_queued": 1585585057.7247949, "device_end": 1585585057.7253363, "host_queued_end": 1585585123.100116}, "device": "gpu", "nd_range": {"device_start": 1585585057.725339, "device_end": 1585585057.7275546}, "cmdq": 2, "read": {"device_start": -1, "device_end": -1}}, "FFC_sans_bias4": {"write": {"device_start": -1, "host_queued_start": 1585585123.096443, "device_queued": -1, "device_end": -1, "host_queued_end": 1585585123.100116}, "device": "gpu", "nd_range": {"device_start": 1585585057.7274034, "device_end": 1585585057.7280462}, "cmdq": 0, "read": {"device_start": -1, "device_end": -1}}, "coalesced_transpose3": {"write": {"device_start": -1, "host_queued_start": 1585585123.095806, "device_queued": -1, "device_end": -1, "host_queued_end": 1585585123.100116}, "device": "gpu", "nd_range": {"device_start": 1585585057.725585, "device_end": 1585585057.7273946}, "cmdq": 3, "read": {"device_start": -1, "device_end": -1}}, "FFC_sans_bias6": {"write": {"device_start": -1, "host_queued_start": 1585585123.097589, "device_queued": -1, "device_end": -1, "host_queued_end": 1585585123.100116}, "device": "gpu", "nd_range": {"device_start": 1585585057.7285664, "device_end": 1585585057.7291746}, "cmdq": 4, "read": {"device_start": -1, "device_end": -1}}, "FFC_sans_bias1": {"write": {"device_start": 1585585057.7245886, "host_queued_start": 1585585123.091071, "device_queued": 1585585057.7242687, "device_end": 1585585057.724657, "host_queued_end": 1585585123.100116}, "device": "gpu", "nd_range": {"device_start": 1585585057.724665, "device_end": 1585585057.7255838}, "cmdq": 3, "read": {"device_start": -1, "device_end": -1}}, "FFC_sans_bias0": {"write": {"device_start": 1585585057.7244883, "host_queued_start": 1585585123.090021, "device_queued": 1585585057.7242496, "device_end": 1585585057.724562, "host_queued_end": 1585585123.100116}, "device": "gpu", "nd_range": {"device_start": 1585585057.7245681, "device_end": 1585585057.7251732}, "cmdq": 2, "read": {"device_start": -1, "device_end": -1}}, "FFC_sans_bias2": {"write": {"device_start": 1585585057.724682, "host_queued_start": 1585585123.092148, "device_queued": 1585585057.7244759, "device_end": 1585585057.7247066, "host_queued_end": 1585585123.100116}, "device": "gpu", "nd_range": {"device_start": 1585585057.7247105, "device_end": 1585585057.7261403}, "cmdq": 4, "read": {"device_start": -1, "device_end": -1}}, "softmax14": {"write": {"device_start": -1, "host_queued_start": 1585585123.097273, "device_queued": -1, "device_end": -1, "host_queued_end": 1585585123.100116}, "device": "gpu", "nd_range": {"device_start": 1585585057.7285168, "device_end": 1585585057.7288542}, "cmdq": 3, "read": {"device_start": -1, "device_end": -1}}, "FFC_sans_bias16": {"write": {"device_start": 1585585057.7286973, "host_queued_start": 1585585123.100013, "device_queued": 1585585057.7254062, "device_end": 1585585057.728728, "host_queued_end": 1585585123.100116}, "device": "gpu", "nd_range": {"device_start": 1585585057.7295794, "device_end": 1585585057.7305627}, "cmdq": 2, "read": {"device_start": 1585585057.730567, "device_end": 1585585057.7305899}}, "softmax5": {"write": {"device_start": -1, "host_queued_start": 1585585123.097021, "device_queued": -1, "device_end": -1, "host_queued_end": 1585585123.100116}, "device": "gpu", "nd_range": {"device_start": 1585585057.7280536, "device_end": 1585585057.728563}, "cmdq": 2, "read": {"device_start": -1, "device_end": -1}}, "FFC_sans_bias9": {"write": {"device_start": 1585585057.72482, "host_queued_start": 1585585123.093336, "device_queued": 1585585057.7247252, "device_end": 1585585057.7248719, "host_queued_end": 1585585123.100116}, "device": "gpu", "nd_range": {"device_start": 1585585057.7248747, "device_end": 1585585057.7265732}, "cmdq": 0, "read": {"device_start": -1, "device_end": -1}}, "FFC_sans_bias7": {"write": {"device_start": 1585585057.72863, "host_queued_start": 1585585123.098963, "device_queued": 1585585057.7253797, "device_end": 1585585057.72868, "host_queued_end": 1585585123.100116}, "device": "gpu", "nd_range": {"device_start": 1585585057.7291782, "device_end": 1585585057.7301507}, "cmdq": 1, "read": {"device_start": 1585585057.7301524, "device_end": 1585585057.7301748}}, "empty8": {"write": {"device_start": 1585585057.72426, "host_queued_start": 1585585123.087893, "device_queued": 1585585057.7241366, "device_end": 1585585057.7243142, "host_queued_end": 1585585123.100116}, "device": "gpu", "nd_range": {"device_start": 1585585057.7243254, "device_end": 1585585057.7243304}, "cmdq": 0, "read": {"device_start": -1, "device_end": -1}}, "empty17": {"write": {"device_start": 1585585057.7243912, "host_queued_start": 1585585123.088944, "device_queued": 1585585057.7242298, "device_end": 1585585057.724463, "host_queued_end": 1585585123.100116}, "device": "gpu", "nd_range": {"device_start": 1585585057.7245216, "device_end": 1585585057.724561}, "cmdq": 1, "read": {"device_start": -1, "device_end": -1}}, "FFC_sans_bias15": {"write": {"device_start": -1, "host_queued_start": 1585585123.097905, "device_queued": -1, "device_end": -1, "host_queued_end": 1585585123.100116}, "device": "gpu", "nd_range": {"device_start": 1585585057.7288566, "device_end": 1585585057.729575}, "cmdq": 0, "read": {"device_start": -1, "device_end": -1}}, "FFC_sans_bias13": {"write": {"device_start": -1, "host_queued_start": 1585585123.096763, "device_queued": -1, "device_end": -1, "host_queued_end": 1585585123.100116}, "device": "gpu", "nd_range": {"device_start": 1585585057.7275658, "device_end": 1585585057.7285094}, "cmdq": 1, "read": {"device_start": -1, "device_end": -1}}, "FFC_sans_bias10": {"write": {"device_start": 1585585057.7249389, "host_queued_start": 1585585123.094377, "device_queued": 1585585057.7247775, "device_end": 1585585057.7249622, "host_queued_end": 1585585123.100116}, "device": "gpu", "nd_range": {"device_start": 1585585057.725004, "device_end": 1585585057.7271104}, "cmdq": 1, "read": {"device_start": -1, "device_end": -1}}, "coalesced_transpose12": {"write": {"device_start": -1, "host_queued_start": 1585585123.096119, "device_queued": -1, "device_end": -1, "host_queued_end": 1585585123.100116}, "device": "gpu", "nd_range": {"device_start": 1585585057.7273984, "device_end": 1585585057.7274346}, "cmdq": 4, "read": {"device_start": -1, "device_end": -1}}}