{"FFC_sans_bias4": {"write": {"device_start": -1, "host_queued_start": 1585585388.717136, "device_queued": -1, "device_end": -1, "host_queued_end": 1585585388.722859}, "device": "gpu", "nd_range": {"device_start": 1585585323.3439152, "device_end": 1585585323.3445244}, "cmdq": 0, "read": {"device_start": -1, "device_end": -1}}, "FFC_sans_bias7": {"write": {"device_start": 1585585323.3462615, "host_queued_start": 1585585388.720614, "device_queued": 1585585323.3410687, "device_end": 1585585323.3462937, "host_queued_end": 1585585388.722859}, "device": "gpu", "nd_range": {"device_start": 1585585323.3473408, "device_end": 1585585323.3487206}, "cmdq": 4, "read": {"device_start": 1585585323.348723, "device_end": 1585585323.3487458}}, "FFC_sans_bias6": {"write": {"device_start": -1, "host_queued_start": 1585585388.71898, "device_queued": -1, "device_end": -1, "host_queued_end": 1585585388.722859}, "device": "gpu", "nd_range": {"device_start": 1585585323.3457384, "device_end": 1585585323.3463469}, "cmdq": 1, "read": {"device_start": -1, "device_end": -1}}, "FFC_sans_bias1": {"write": {"device_start": 1585585323.339599, "host_queued_start": 1585585388.708498, "device_queued": 1585585323.339365, "device_end": 1585585323.339669, "host_queued_end": 1585585388.722859}, "device": "gpu", "nd_range": {"device_start": 1585585323.339674, "device_end": 1585585323.3405886}, "cmdq": 4, "read": {"device_start": -1, "device_end": -1}}, "FFC_sans_bias0": {"write": {"device_start": 1585585323.3394961, "host_queued_start": 1585585388.70743, "device_queued": 1585585323.3392045, "device_end": 1585585323.3395658, "host_queued_end": 1585585388.722859}, "device": "gpu", "nd_range": {"device_start": 1585585323.339573, "device_end": 1585585323.340183}, "cmdq": 3, "read": {"device_start": -1, "device_end": -1}}, "FFC_sans_bias2": {"write": {"device_start": 1585585323.3396838, "host_queued_start": 1585585388.709568, "device_queued": 1585585323.339486, "device_end": 1585585323.339708, "host_queued_end": 1585585388.722859}, "device": "gpu", "nd_range": {"device_start": 1585585323.3397102, "device_end": 1585585323.341149}, "cmdq": 0, "read": {"device_start": -1, "device_end": -1}}, "FFC_sans_bias9": {"write": {"device_start": 1585585323.3397954, "host_queued_start": 1585585388.710646, "device_queued": 1585585323.339712, "device_end": 1585585323.339856, "host_queued_end": 1585585388.722859}, "device": "gpu", "nd_range": {"device_start": 1585585323.3399196, "device_end": 1585585323.3415747}, "cmdq": 1, "read": {"device_start": -1, "device_end": -1}}, "softmax23": {"write": {"device_start": -1, "host_queued_start": 1585585388.71866, "device_queued": -1, "device_end": -1, "host_queued_end": 1585585388.722859}, "device": "gpu", "nd_range": {"device_start": 1585585323.3449736, "device_end": 1585585323.3457327}, "cmdq": 0, "read": {"device_start": -1, "device_end": -1}}, "FFC_sans_bias11": {"write": {"device_start": 1585585323.3403292, "host_queued_start": 1585585388.712727, "device_queued": 1585585323.3397436, "device_end": 1585585323.340359, "host_queued_end": 1585585388.722859}, "device": "gpu", "nd_range": {"device_start": 1585585323.3403618, "device_end": 1585585323.3425705}, "cmdq": 3, "read": {"device_start": -1, "device_end": -1}}, "FFC_sans_bias10": {"write": {"device_start": 1585585323.3398867, "host_queued_start": 1585585388.711682, "device_queued": 1585585323.3397262, "device_end": 1585585323.3399115, "host_queued_end": 1585585388.722859}, "device": "gpu", "nd_range": {"device_start": 1585585323.339941, "device_end": 1585585323.3421137}, "cmdq": 2, "read": {"device_start": -1, "device_end": -1}}, "coalesced_transpose3": {"write": {"device_start": -1, "host_queued_start": 1585585388.716217, "device_queued": -1, "device_end": -1, "host_queued_end": 1585585388.722859}, "device": "gpu", "nd_range": {"device_start": 1585585323.342115, "device_end": 1585585323.3439052}, "cmdq": 2, "read": {"device_start": -1, "device_end": -1}}, "FFC_sans_bias15": {"write": {"device_start": -1, "host_queued_start": 1585585388.719296, "device_queued": -1, "device_end": -1, "host_queued_end": 1585585388.722859}, "device": "gpu", "nd_range": {"device_start": 1585585323.3461199, "device_end": 1585585323.3467698}, "cmdq": 2, "read": {"device_start": -1, "device_end": -1}}, "FFC_sans_bias16": {"write": {"device_start": 1585585323.3458571, "host_queued_start": 1585585388.721666, "device_queued": 1585585323.3411252, "device_end": 1585585323.345888, "host_queued_end": 1585585388.722859}, "device": "gpu", "nd_range": {"device_start": 1585585323.346776, "device_end": 1585585323.3477435}, "cmdq": 0, "read": {"device_start": 1585585323.3488648, "device_end": 1585585323.3488936}}, "FFC_sans_bias19": {"write": {"device_start": 1585585323.3412313, "host_queued_start": 1585585388.714851, "device_queued": 1585585323.3400974, "device_end": 1585585323.3412616, "host_queued_end": 1585585388.722859}, "device": "gpu", "nd_range": {"device_start": 1585585323.341269, "device_end": 1585585323.3435628}, "cmdq": 0, "read": {"device_start": -1, "device_end": -1}}, "FFC_sans_bias18": {"write": {"device_start": 1585585323.340765, "host_queued_start": 1585585388.713777, "device_queued": 1585585323.3398721, "device_end": 1585585323.3407946, "host_queued_end": 1585585388.722859}, "device": "gpu", "nd_range": {"device_start": 1585585323.3408012, "device_end": 1585585323.3430579}, "cmdq": 4, "read": {"device_start": -1, "device_end": -1}}, "empty26": {"write": {"device_start": 1585585323.3393953, "host_queued_start": 1585585388.706405, "device_queued": 1585585323.3391824, "device_end": 1585585323.3394701, "host_queued_end": 1585585388.722859}, "device": "gpu", "nd_range": {"device_start": 1585585323.3394759, "device_end": 1585585323.3394797}, "cmdq": 2, "read": {"device_start": -1, "device_end": -1}}, "coalesced_transpose12": {"write": {"device_start": -1, "host_queued_start": 1585585388.716518, "device_queued": -1, "device_end": -1, "host_queued_end": 1585585388.722859}, "device": "gpu", "nd_range": {"device_start": 1585585323.342576, "device_end": 1585585323.3439212}, "cmdq": 3, "read": {"device_start": -1, "device_end": -1}}, "coalesced_transpose21": {"write": {"device_start": -1, "host_queued_start": 1585585388.716816, "device_queued": -1, "device_end": -1, "host_queued_end": 1585585388.722859}, "device": "gpu", "nd_range": {"device_start": 1585585323.3435733, "device_end": 1585585323.343924}, "cmdq": 4, "read": {"device_start": -1, "device_end": -1}}, "softmax14": {"write": {"device_start": -1, "host_queued_start": 1585585388.718382, "device_queued": -1, "device_end": -1, "host_queued_end": 1585585388.722859}, "device": "gpu", "nd_range": {"device_start": 1585585323.3457298, "device_end": 1585585323.3461127}, "cmdq": 4, "read": {"device_start": -1, "device_end": -1}}, "FFC_sans_bias13": {"write": {"device_start": -1, "host_queued_start": 1585585388.71745, "device_queued": -1, "device_end": -1, "host_queued_end": 1585585388.722859}, "device": "gpu", "nd_range": {"device_start": 1585585323.3440094, "device_end": 1585585323.3455105}, "cmdq": 1, "read": {"device_start": -1, "device_end": -1}}, "empty8": {"write": {"device_start": 1585585323.3391635, "host_queued_start": 1585585388.704521, "device_queued": 1585585323.339042, "device_end": 1585585323.3392072, "host_queued_end": 1585585388.722859}, "device": "gpu", "nd_range": {"device_start": 1585585323.3392143, "device_end": 1585585323.339219}, "cmdq": 0, "read": {"device_start": -1, "device_end": -1}}, "FFC_sans_bias24": {"write": {"device_start": -1, "host_queued_start": 1585585388.719603, "device_queued": -1, "device_end": -1, "host_queued_end": 1585585388.722859}, "device": "gpu", "nd_range": {"device_start": 1585585323.346131, "device_end": 1585585323.3473294}, "cmdq": 3, "read": {"device_start": -1, "device_end": -1}}, "FFC_sans_bias25": {"write": {"device_start": 1585585323.3464646, "host_queued_start": 1585585388.72275, "device_queued": 1585585323.3413546,