{"FFC_sans_bias4": {"write": {"device_start": -1, "host_queued_start": 1585585324.909475, "device_queued": -1, "device_end": -1, "host_queued_end": 1585585324.915312}, "device": "gpu", "nd_range": {"device_start": 1585585259.5382233, "device_end": 1585585259.5388288}, "cmdq": 3, "read": {"device_start": -1, "device_end": -1}}, "FFC_sans_bias7": {"write": {"device_start": 1585585259.5401285, "host_queued_start": 1585585324.913046, "device_queued": 1585585259.5352733, "device_end": 1585585259.540159, "host_queued_end": 1585585324.915312}, "device": "gpu", "nd_range": {"device_start": 1585585259.5406358, "device_end": 1585585259.5420072}, "cmdq": 0, "read": {"device_start": 1585585259.542011, "device_end": 1585585259.542034}}, "FFC_sans_bias6": {"write": {"device_start": -1, "host_queued_start": 1585585324.911359, "device_queued": -1, "device_end": -1, "host_queued_end": 1585585324.915312}, "device": "gpu", "nd_range": {"device_start": 1585585259.5400035, "device_end": 1585585259.5406203}, "cmdq": 1, "read": {"device_start": -1, "device_end": -1}}, "FFC_sans_bias1": {"write": {"device_start": 1585585259.5339062, "host_queued_start": 1585585324.900653, "device_queued": 1585585259.533794, "device_end": 1585585259.5339773, "host_queued_end": 1585585324.915312}, "device": "gpu", "nd_range": {"device_start": 1585585259.5339818, "device_end": 1585585259.5348136}, "cmdq": 0, "read": {"device_start": -1, "device_end": -1}}, "FFC_sans_bias0": {"write": {"device_start": 1585585259.5337644, "host_queued_start": 1585585324.899536, "device_queued": 1585585259.5334883, "device_end": 1585585259.5337903, "host_queued_end": 1585585324.915312}, "device": "gpu", "nd_range": {"device_start": 1585585259.5338001, "device_end": 1585585259.5344126}, "cmdq": 3, "read": {"device_start": -1, "device_end": -1}}, "FFC_sans_bias2": {"write": {"device_start": 1585585259.5339918, "host_queued_start": 1585585324.901712, "device_queued": 1585585259.5338533, "device_end": 1585585259.5340555, "host_queued_end": 1585585324.915312}, "device": "gpu", "nd_range": {"device_start": 1585585259.5340607, "device_end": 1585585259.5353806}, "cmdq": 1, "read": {"device_start": -1, "device_end": -1}}, "FFC_sans_bias9": {"write": {"device_start": 1585585259.5340838, "host_queued_start": 1585585324.90284, "device_queued": 1585585259.5339916, "device_end": 1585585259.534114, "host_queued_end": 1585585324.915312}, "device": "gpu", "nd_range": {"device_start": 1585585259.5341191, "device_end": 1585585259.5358057}, "cmdq": 2, "read": {"device_start": -1, "device_end": -1}}, "softmax23": {"write": {"device_start": -1, "host_queued_start": 1585585324.911025, "device_queued": -1, "device_end": -1, "host_queued_end": 1585585324.915312}, "device": "gpu", "nd_range": {"device_start": 1585585259.5398128, "device_end": 1585585259.5400116}, "cmdq": 0, "read": {"device_start": -1, "device_end": -1}}, "FFC_sans_bias11": {"write": {"device_start": 1585585259.534922, "host_queued_start": 1585585324.90497, "device_queued": 1585585259.5342236, "device_end": 1585585259.5349524, "host_queued_end": 1585585324.915312}, "device": "gpu", "nd_range": {"device_start": 1585585259.5349574, "device_end": 1585585259.5368013}, "cmdq": 0, "read": {"device_start": -1, "device_end": -1}}, "FFC_sans_bias10": {"write": {"device_start": 1585585259.5344996, "host_queued_start": 1585585324.90391, "device_queued": 1585585259.5340152, "device_end": 1585585259.5345235, "host_queued_end": 1585585324.915312}, "device": "gpu", "nd_range": {"device_start": 1585585259.5345333, "device_end": 1585585259.5363393}, "cmdq": 3, "read": {"device_start": -1, "device_end": -1}}, "coalesced_transpose3": {"write": {"device_start": -1, "host_queued_start": 1585585324.908523, "device_queued": -1, "device_end": -1, "host_queued_end": 1585585324.915312}, "device": "gpu", "nd_range": {"device_start": 1585585259.5368023, "device_end": 1585585259.538125}, "cmdq": 0, "read": {"device_start": -1, "device_end": -1}}, "FFC_sans_bias15": {"write": {"device_start": -1, "host_queued_start": 1585585324.911689, "device_queued": -1, "device_end": -1, "host_queued_end": 1585585324.915312}, "device": "gpu", "nd_range": {"device_start": 1585585259.5400083, "device_end": 1585585259.5410182}, "cmdq": 2, "read": {"device_start": -1, "device_end": -1}}, "FFC_sans_bias16": {"write": {"device_start": 1585585259.5407426, "host_queued_start": 1585585324.914114, "device_queued": 1585585259.5353248, "device_end": 1585585259.5407739, "host_queued_end": 1585585324.915312}, "device": "gpu", "nd_range": {"device_start": 1585585259.5410333, "device_end": 1585585259.5425744}, "cmdq": 1, "read": {"device_start": 1585585259.5425816, "device_end": 1585585259.5426044}}, "FFC_sans_bias19": {"write": {"device_start": 1585585259.5358903, "host_queued_start": 1585585324.907104, "device_queued": 1585585259.5344038, "device_end": 1585585259.5359168, "host_queued_end": 1585585324.915312}, "device": "gpu", "nd_range": {"device_start": 1585585259.5359204, "device_end": 1585585259.5377872}, "cmdq": 2, "read": {"device_start": -1, "device_end": -1}}, "FFC_sans_bias18": {"write": {"device_start": 1585585259.5354838, "host_queued_start": 1585585324.906023, "device_queued": 1585585259.5342667, "device_end": 1585585259.5355158, "host_queued_end": 1585585324.915312}, "device": "gpu", "nd_range": {"device_start": 1585585259.535522, "device_end": 1585585259.5372803}, "cmdq": 1, "read": {"device_start": -1, "device_end": -1}}, "empty26": {"write": {"device_start": 1585585259.5336802, "host_queued_start": 1585585324.898475, "device_queued": 1585585259.5334709, "device_end": 1585585259.5337365, "host_queued_end": 1585585324.915312}, "device": "gpu", "nd_range": {"device_start": 1585585259.533741, "device_end": 1585585259.5337448}, "cmdq": 2, "read": {"device_start": -1, "device_end": -1}}, "coalesced_transpose12": {"write": {"device_start": -1, "host_queued_start": 1585585324.908838, "device_queued": -1, "device_end": -1, "host_queued_end": 1585585324.915312}, "device": "gpu", "nd_range": {"device_start": 1585585259.537284, "device_end": 1585585259.53814}, "cmdq": 1, "read": {"device_start": -1, "device_end": -1}}, "coalesced_transpose21": {"write": {"device_start": -1, "host_queued_start": 1585585324.909147, "device_queued": -1, "device_end": -1, "host_queued_end": 1585585324.915312}, "device": "gpu", "nd_range": {"device_start": 1585585259.537789, "device_end": 1585585259.538151}, "cmdq": 2, "read": {"device_start": -1, "device_end": -1}}, "softmax14": {"write": {"device_start": -1, "host_queued_start": 1585585324.910773, "device_queued": -1, "device_end": -1, "host_queued_end": 1585585324.915312}, "device": "gpu", "nd_range": {"device_start": 1585585259.539248, "device_end": 1585585259.539996}, "cmdq": 3, "read": {"device_start": -1, "device_end": -1}}, "FFC_sans_bias13": {"write": {"device_start": -1, "host_queued_start": 1585585324.909799, "device_queued": -1, "device_end": -1, "host_queued_end": 1585585324.915312}, "device": "gpu", "nd_range": {"device_start": 1585585259.5382314, "device_end": 1585585259.5392394}, "cmdq": 0, "read": {"device_start": -1, "device_end": -1}}, "empty8": {"write": {"device_start": 1585585259.5334897, "host_queued_start": 1585585324.896568, "device_queued": 1585585259.5333157, "device_end": 1585585259.5335464, "host_queued_end": 1585585324.915312}, "device": "gpu", "nd_range": {"device_start": 1585585259.5335505, "device_end": 1585585259.533559}, "cmdq": 0, "read": {"device_start": -1, "device_end": -1}}, "FFC_sans_bias24": {"write": {"device_start": -1, "host_queued_start": 1585585324.912023, "device_queued": -1, "device_end": -1, "host_queued_end": 1585585324.915312}, "device": "gpu", "nd_range": {"device_start": 1585585259.5400271, "device_end": 1585585259.5416014}, "cmdq": 3, "read": {"device_start": -1, "device_end": -1}}, "FFC_sans_bias25": {"write": {"device_start": 1585585259.5411353, "host_queued_start": 1585585324.9152, "device_queued": 1585585259.5355446,