{"FFC_sans_bias4": {"write": {"device_start": -1, "host_queued_start": 1585585314.257097, "device_queued": -1, "device_end": -1, "host_queued_end": 1585585314.262857}, "device": "gpu", "nd_range": {"device_start": 1585585248.886088, "device_end": 1585585248.886691}, "cmdq": 3, "read": {"device_start": -1, "device_end": -1}}, "FFC_sans_bias7": {"write": {"device_start": 1585585248.8879561, "host_queued_start": 1585585314.260622, "device_queued": 1585585248.8831222, "device_end": 1585585248.8879876, "host_queued_end": 1585585314.262857}, "device": "gpu", "nd_range": {"device_start": 1585585248.8889127, "device_end": 1585585248.8898783}, "cmdq": 0, "read": {"device_start": 1585585248.8898842, "device_end": 1585585248.889907}}, "FFC_sans_bias6": {"write": {"device_start": -1, "host_queued_start": 1585585314.258947, "device_queued": -1, "device_end": -1, "host_queued_end": 1585585314.262857}, "device": "gpu", "nd_range": {"device_start": 1585585248.8878875, "device_end": 1585585248.8888955}, "cmdq": 1, "read": {"device_start": -1, "device_end": -1}}, "FFC_sans_bias1": {"write": {"device_start": 1585585248.8817697, "host_queued_start": 1585585314.248513, "device_queued": 1585585248.8816779, "device_end": 1585585248.8818395, "host_queued_end": 1585585314.262857}, "device": "gpu", "nd_range": {"device_start": 1585585248.8818443, "device_end": 1585585248.8826687}, "cmdq": 0, "read": {"device_start": -1, "device_end": -1}}, "FFC_sans_bias0": {"write": {"device_start": 1585585248.8816125, "host_queued_start": 1585585314.247445, "device_queued": 1585585248.8813753, "device_end": 1585585248.8816361, "host_queued_end": 1585585314.262857}, "device": "gpu", "nd_range": {"device_start": 1585585248.8816662, "device_end": 1585585248.8822668}, "cmdq": 3, "read": {"device_start": -1, "device_end": -1}}, "FFC_sans_bias2": {"write": {"device_start": 1585585248.8818574, "host_queued_start": 1585585314.249555, "device_queued": 1585585248.8817267, "device_end": 1585585248.8819194, "host_queued_end": 1585585314.262857}, "device": "gpu", "nd_range": {"device_start": 1585585248.881925, "device_end": 1585585248.8832335}, "cmdq": 1, "read": {"device_start": -1, "device_end": -1}}, "FFC_sans_bias9": {"write": {"device_start": 1585585248.8819482, "host_queued_start": 1585585314.250642, "device_queued": 1585585248.881855, "device_end": 1585585248.8819783, "host_queued_end": 1585585314.262857}, "device": "gpu", "nd_range": {"device_start": 1585585248.8819835, "device_end": 1585585248.883669}, "cmdq": 2, "read": {"device_start": -1, "device_end": -1}}, "softmax23": {"write": {"device_start": -1, "host_queued_start": 1585585314.25864, "device_queued": -1, "device_end": -1, "host_queued_end": 1585585314.262857}, "device": "gpu", "nd_range": {"device_start": 1585585248.8876665, "device_end": 1585585248.8878613}, "cmdq": 0, "read": {"device_start": -1, "device_end": -1}}, "FFC_sans_bias11": {"write": {"device_start": 1585585248.8827739, "host_queued_start": 1585585314.252712, "device_queued": 1585585248.8820817, "device_end": 1585585248.8828042, "host_queued_end": 1585585314.262857}, "device": "gpu", "nd_range": {"device_start": 1585585248.8828068, "device_end": 1585585248.8846507}, "cmdq": 0, "read": {"device_start": -1, "device_end": -1}}, "FFC_sans_bias10": {"write": {"device_start": 1585585248.882354, "host_queued_start": 1585585314.251675, "device_queued": 1585585248.8818786, "device_end": 1585585248.882385, "host_queued_end": 1585585314.262857}, "device": "gpu", "nd_range": {"device_start": 1585585248.8823893, "device_end": 1585585248.8841963}, "cmdq": 3, "read": {"device_start": -1, "device_end": -1}}, "coalesced_transpose3": {"write": {"device_start": -1, "host_queued_start": 1585585314.256168, "device_queued": -1, "device_end": -1, "host_queued_end": 1585585314.262857}, "device": "gpu", "nd_range": {"device_start": 1585585248.8846521, "device_end": 1585585248.8859837}, "cmdq": 0, "read": {"device_start": -1, "device_end": -1}}, "FFC_sans_bias15": {"write": {"device_start": -1, "host_queued_start": 1585585314.259272, "device_queued": -1, "device_end": -1, "host_queued_end": 1585585314.262857}, "device": "gpu", "nd_range": {"device_start": 1585585248.8878922, "device_end": 1585585248.889461}, "cmdq": 2, "read": {"device_start": -1, "device_end": -1}}, "FFC_sans_bias16": {"write": {"device_start": 1585585248.8890138, "host_queued_start": 1585585314.261684, "device_queued": 1585585248.8831747, "device_end": 1585585248.8890452, "host_queued_end": 1585585314.262857}, "device": "gpu", "nd_range": {"device_start": 1585585248.889468, "device_end": 1585585248.89043}, "cmdq": 1, "read": {"device_start": 1585585248.8904316, "device_end": 1585585248.890454}}, "FFC_sans_bias19": {"write": {"device_start": 1585585248.883746, "host_queued_start": 1585585314.254807, "device_queued": 1585585248.8822594, "device_end": 1585585248.8837717, "host_queued_end": 1585585314.262857}, "device": "gpu", "nd_range": {"device_start": 1585585248.8837798, "device_end": 1585585248.8856463}, "cmdq": 2, "read": {"device_start": -1, "device_end": -1}}, "FFC_sans_bias18": {"write": {"device_start": 1585585248.8833377, "host_queued_start": 1585585314.253744, "device_queued": 1585585248.8821244, "device_end": 1585585248.883369, "host_queued_end": 1585585314.262857}, "device": "gpu", "nd_range": {"device_start": 1585585248.883374, "device_end": 1585585248.885146}, "cmdq": 1, "read": {"device_start": -1, "device_end": -1}}, "empty26": {"write": {"device_start": 1585585248.8815222, "host_queued_start": 1585585314.246417, "device_queued": 1585585248.8813493, "device_end": 1585585248.8815796, "host_queued_end": 1585585314.262857}, "device": "gpu", "nd_range": {"device_start": 1585585248.881584, "device_end": 1585585248.881588}, "cmdq": 2, "read": {"device_start": -1, "device_end": -1}}, "coalesced_transpose12": {"write": {"device_start": -1, "host_queued_start": 1585585314.256475, "device_queued": -1, "device_end": -1, "host_queued_end": 1585585314.262857}, "device": "gpu", "nd_range": {"device_start": 1585585248.8851492, "device_end": 1585585248.8859978}, "cmdq": 1, "read": {"device_start": -1, "device_end": -1}}, "coalesced_transpose21": {"write": {"device_start": -1, "host_queued_start": 1585585314.256769, "device_queued": -1, "device_end": -1, "host_queued_end": 1585585314.262857}, "device": "gpu", "nd_range": {"device_start": 1585585248.8856475, "device_end": 1585585248.8860013}, "cmdq": 2, "read": {"device_start": -1, "device_end": -1}}, "softmax14": {"write": {"device_start": -1, "host_queued_start": 1585585314.258365, "device_queued": -1, "device_end": -1, "host_queued_end": 1585585314.262857}, "device": "gpu", "nd_range": {"device_start": 1585585248.8871017, "device_end": 1585585248.887875}, "cmdq": 3, "read": {"device_start": -1, "device_end": -1}}, "FFC_sans_bias13": {"write": {"device_start": -1, "host_queued_start": 1585585314.25742, "device_queued": -1, "device_end": -1, "host_queued_end": 1585585314.262857}, "device": "gpu", "nd_range": {"device_start": 1585585248.886096, "device_end": 1585585248.8870947}, "cmdq": 0, "read": {"device_start": -1, "device_end": -1}}, "empty8": {"write": {"device_start": 1585585248.8813274, "host_queued_start": 1585585314.244536, "device_queued": 1585585248.8811793, "device_end": 1585585248.8813772, "host_queued_end": 1585585314.262857}, "device": "gpu", "nd_range": {"device_start": 1585585248.881381, "device_end": 1585585248.8813858}, "cmdq": 0, "read": {"device_start": -1, "device_end": -1}}, "FFC_sans_bias24": {"write": {"device_start": -1, "host_queued_start": 1585585314.259582, "device_queued": -1, "device_end": -1, "host_queued_end": 1585585314.262857}, "device": "gpu", "nd_range": {"device_start": 1585585248.8878808, "device_end": 1585585248.8884938}, "cmdq": 3, "read": {"device_start": -1, "device_end": -1}}, "FFC_sans_bias25": {"write": {"device_start": 1585585248.8895793, "host_queued_start": 1585585314.262751, "device_queued": 1585585248.8834004,