{"FFC_sans_bias4": {"write": {"device_start": -1, "host_queued_start": 1585585218.597018, "device_queued": -1, "device_end": -1, "host_queued_end": 1585585218.602686}, "device": "gpu", "nd_range": {"device_start": 1585585153.2287781, "device_end": 1585585153.229385}, "cmdq": 1, "read": {"device_start": -1, "device_end": -1}}, "FFC_sans_bias7": {"write": {"device_start": 1585585153.2317102, "host_queued_start": 1585585218.600474, "device_queued": 1585585153.2255507, "device_end": 1585585153.2317412, "host_queued_end": 1585585218.602686}, "device": "gpu", "nd_range": {"device_start": 1585585153.2317488, "device_end": 1585585153.232574}, "cmdq": 0, "read": {"device_start": 1585585153.2325754, "device_end": 1585585153.2325995}}, "FFC_sans_bias6": {"write": {"device_start": -1, "host_queued_start": 1585585218.598835, "device_queued": -1, "device_end": -1, "host_queued_end": 1585585218.602686}, "device": "gpu", "nd_range": {"device_start": 1585585153.230571, "device_end": 1585585153.2311795}, "cmdq": 1, "read": {"device_start": -1, "device_end": -1}}, "FFC_sans_bias1": {"write": {"device_start": 1585585153.2243602, "host_queued_start": 1585585218.588426, "device_queued": 1585585153.2241337, "device_end": 1585585153.224387, "host_queued_end": 1585585218.602686}, "device": "gpu", "nd_range": {"device_start": 1585585153.2243893, "device_end": 1585585153.2253373}, "cmdq": 0, "read": {"device_start": -1, "device_end": -1}}, "FFC_sans_bias0": {"write": {"device_start": 1585585153.2242575, "host_queued_start": 1585585218.587387, "device_queued": 1585585153.223949, "device_end": 1585585153.224326, "host_queued_end": 1585585218.602686}, "device": "gpu", "nd_range": {"device_start": 1585585153.2243314, "device_end": 1585585153.2249403}, "cmdq": 1, "read": {"device_start": -1, "device_end": -1}}, "FFC_sans_bias2": {"write": {"device_start": 1585585153.22508, "host_queued_start": 1585585218.589484, "device_queued": 1585585153.2241786, "device_end": 1585585153.22511, "host_queued_end": 1585585218.602686}, "device": "gpu", "nd_range": {"device_start": 1585585153.2251134, "device_end": 1585585153.2258983}, "cmdq": 1, "read": {"device_start": -1, "device_end": -1}}, "FFC_sans_bias9": {"write": {"device_start": 1585585153.2254794, "host_queued_start": 1585585218.590533, "device_queued": 1585585153.2243755, "device_end": 1585585153.2255106, "host_queued_end": 1585585218.602686}, "device": "gpu", "nd_range": {"device_start": 1585585153.2255144, "device_end": 1585585153.2263362}, "cmdq": 0, "read": {"device_start": -1, "device_end": -1}}, "softmax23": {"write": {"device_start": -1, "host_queued_start": 1585585218.598481, "device_queued": -1, "device_end": -1, "host_queued_end": 1585585218.602686}, "device": "gpu", "nd_range": {"device_start": 1585585153.2303822, "device_end": 1585585153.2305808}, "cmdq": 0, "read": {"device_start": -1, "device_end": -1}}, "FFC_sans_bias11": {"write": {"device_start": 1585585153.2264607, "host_queued_start": 1585585218.59263, "device_queued": 1585585153.2245574, "device_end": 1585585153.2264948, "host_queued_end": 1585585218.602686}, "device": "gpu", "nd_range": {"device_start": 1585585153.2265003, "device_end": 1585585153.2273333}, "cmdq": 0, "read": {"device_start": -1, "device_end": -1}}, "FFC_sans_bias10": {"write": {"device_start": 1585585153.22604, "host_queued_start": 1585585218.591589, "device_queued": 1585585153.224406, "device_end": 1585585153.2260723, "host_queued_end": 1585585218.602686}, "device": "gpu", "nd_range": {"device_start": 1585585153.226076, "device_end": 1585585153.2268562}, "cmdq": 1, "read": {"device_start": -1, "device_end": -1}}, "coalesced_transpose3": {"write": {"device_start": -1, "host_queued_start": 1585585218.596109, "device_queued": -1, "device_end": -1, "host_queued_end": 1585585218.602686}, "device": "gpu", "nd_range": {"device_start": 1585585153.228326, "device_end": 1585585153.228627}, "cmdq": 0, "read": {"device_start": -1, "device_end": -1}}, "FFC_sans_bias15": {"write": {"device_start": -1, "host_queued_start": 1585585218.599154, "device_queued": -1, "device_end": -1, "host_queued_end": 1585585218.602686}, "device": "gpu", "nd_range": {"device_start": 1585585153.2305858, "device_end": 1585585153.2315822}, "cmdq": 0, "read": {"device_start": -1, "device_end": -1}}, "FFC_sans_bias16": {"write": {"device_start": 1585585153.2322807, "host_queued_start": 1585585218.601524, "device_queued": 1585585153.2256088, "device_end": 1585585153.232312, "host_queued_end": 1585585218.602686}, "device": "gpu", "nd_range": {"device_start": 1585585153.2323182, "device_end": 1585585153.233114}, "cmdq": 1, "read": {"device_start": 1585585153.2331195, "device_end": 1585585153.2331421}}, "FFC_sans_bias19": {"write": {"device_start": 1585585153.227449, "host_queued_start": 1585585218.594755, "device_queued": 1585585153.2247474, "device_end": 1585585153.22748, "host_queued_end": 1585585218.602686}, "device": "gpu", "nd_range": {"device_start": 1585585153.2274835, "device_end": 1585585153.2283247}, "cmdq": 0, "read": {"device_start": -1, "device_end": -1}}, "FFC_sans_bias18": {"write": {"device_start": 1585585153.226987, "host_queued_start": 1585585218.593668, "device_queued": 1585585153.224598, "device_end": 1585585153.2270129, "host_queued_end": 1585585218.602686}, "device": "gpu", "nd_range": {"device_start": 1585585153.2270174, "device_end": 1585585153.2278228}, "cmdq": 1, "read": {"device_start": -1, "device_end": -1}}, "empty26": {"write": {"device_start": 1585585153.224133, "host_queued_start": 1585585218.586387, "device_queued": 1585585153.2239115, "device_end": 1585585153.224207, "host_queued_end": 1585585218.602686}, "device": "gpu", "nd_range": {"device_start": 1585585153.2242184, "device_end": 1585585153.2242224}, "cmdq": 0, "read": {"device_start": -1, "device_end": -1}}, "coalesced_transpose12": {"write": {"device_start": -1, "host_queued_start": 1585585218.596406, "device_queued": -1, "device_end": -1, "host_queued_end": 1585585218.602686}, "device": "gpu", "nd_range": {"device_start": 1585585153.2287605, "device_end": 1585585153.228772}, "cmdq": 1, "read": {"device_start": -1, "device_end": -1}}, "coalesced_transpose21": {"write": {"device_start": -1, "host_queued_start": 1585585218.596704, "device_queued": -1, "device_end": -1, "host_queued_end": 1585585218.602686}, "device": "gpu", "nd_range": {"device_start": 1585585153.2286282, "device_end": 1585585153.228667}, "cmdq": 0, "read": {"device_start": -1, "device_end": -1}}, "softmax14": {"write": {"device_start": -1, "host_queued_start": 1585585218.598236, "device_queued": -1, "device_end": -1, "host_queued_end": 1585585218.602686}, "device": "gpu", "nd_range": {"device_start": 1585585153.2303646, "device_end": 1585585153.2305665}, "cmdq": 1, "read": {"device_start": -1, "device_end": -1}}, "FFC_sans_bias13": {"write": {"device_start": -1, "host_queued_start": 1585585218.597337, "device_queued": -1, "device_end": -1, "host_queued_end": 1585585218.602686}, "device": "gpu", "nd_range": {"device_start": 1585585153.2287855, "device_end": 1585585153.2297873}, "cmdq": 0, "read": {"device_start": -1, "device_end": -1}}, "empty8": {"write": {"device_start": 1585585153.2238915, "host_queued_start": 1585585218.584508, "device_queued": 1585585153.2237494, "device_end": 1585585153.2239377, "host_queued_end": 1585585218.602686}, "device": "gpu", "nd_range": {"device_start": 1585585153.2239447, "device_end": 1585585153.2239506}, "cmdq": 0, "read": {"device_start": -1, "device_end": -1}}, "FFC_sans_bias24": {"write": {"device_start": -1, "host_queued_start": 1585585218.599463, "device_queued": -1, "device_end": -1, "host_queued_end": 1585585218.602686}, "device": "gpu", "nd_range": {"device_start": 1585585153.2311845, "device_end": 1585585153.2321603}, "cmdq": 1, "read": {"device_start": -1, "device_end": -1}}, "FFC_sans_bias25": {"write": {"device_start": 1585585153.2327888, "host_queued_start": 1585585218.602557, "device_queued": 1585585153.225789,