{"FFC_sans_bias4": {"write": {"device_start": -1, "host_queued_start": 1585585401.974296, "device_queued": -1, "device_end": -1, "host_queued_end": 1585585401.97614}, "device": "cpu", "nd_range": {"device_start": 2253176.177650255, "device_end": 2253176.1815791423}, "cmdq": 1, "read": {"device_start": -1, "device_end": -1}}, "FFC_sans_bias7": {"write": {"device_start": -1, "host_queued_start": 1585585401.976094, "device_queued": -1, "device_end": -1, "host_queued_end": 1585585401.97614}, "device": "cpu", "nd_range": {"device_start": 2253176.186560646, "device_end": 2253176.195503116}, "cmdq": 0, "read": {"device_start": -1, "device_end": -1}}, "FFC_sans_bias6": {"write": {"device_start": -1, "host_queued_start": 1585585401.974923, "device_queued": -1, "device_end": -1, "host_queued_end": 1585585401.97614}, "device": "cpu", "nd_range": {"device_start": 2253176.181784559, "device_end": 2253176.186542616}, "cmdq": 3, "read": {"device_start": -1, "device_end": -1}}, "FFC_sans_bias1": {"write": {"device_start": -1, "host_queued_start": 1585585401.972411, "device_queued": -1, "device_end": -1, "host_queued_end": 1585585401.97614}, "device": "cpu", "nd_range": {"device_start": 2253176.1657476174, "device_end": 2253176.174358622}, "cmdq": 2, "read": {"device_start": -1, "device_end": -1}}, "FFC_sans_bias0": {"write": {"device_start": -1, "host_queued_start": 1585585401.971331, "device_queued": -1, "device_end": -1, "host_queued_end": 1585585401.97614}, "device": "cpu", "nd_range": {"device_start": 2253176.165736696, "device_end": 2253176.1776273013}, "cmdq": 1, "read": {"device_start": -1, "device_end": -1}}, "FFC_sans_bias2": {"write": {"device_start": -1, "host_queued_start": 1585585401.97349, "device_queued": -1, "device_end": -1, "host_queued_end": 1585585401.97614}, "device": "cpu", "nd_range": {"device_start": 2253176.165760388, "device_end": 2253176.1772606513}, "cmdq": 3, "read": {"device_start": -1, "device_end": -1}}, "FFC_sans_bias9": {"write": {"device_start": 1585585336.5848129, "host_queued_start": 1585585401.958628, "device_queued": 1585585336.5845377, "device_end": 1585585336.5848753, "host_queued_end": 1585585401.968668}, "device": "gpu", "nd_range": {"device_start": 1585585336.5848937, "device_end": 1585585336.5855036}, "cmdq": 2, "read": {"device_start": -1, "device_end": -1}}, "softmax23": {"write": {"device_start": -1, "host_queued_start": 1585585401.96573, "device_queued": -1, "device_end": -1, "host_queued_end": 1585585401.968668}, "device": "gpu", "nd_range": {"device_start": 1585585336.588862, "device_end": 1585585336.5891893}, "cmdq": 3, "read": {"device_start": -1, "device_end": -1}}, "FFC_sans_bias11": {"write": {"device_start": 1585585336.5850182, "host_queued_start": 1585585401.960802, "device_queued": 1585585336.58481, "device_end": 1585585336.5850432, "host_queued_end": 1585585401.968668}, "device": "gpu", "nd_range": {"device_start": 1585585336.5850532, "device_end": 1585585336.5864687}, "cmdq": 4, "read": {"device_start": -1, "device_end": -1}}, "FFC_sans_bias10": {"write": {"device_start": 1585585336.5849216, "host_queued_start": 1585585401.959713, "device_queued": 1585585336.5845585, "device_end": 1585585336.584991, "host_queued_end": 1585585401.968668}, "device": "gpu", "nd_range": {"device_start": 1585585336.5849943, "device_end": 1585585336.5859144}, "cmdq": 3, "read": {"device_start": -1, "device_end": -1}}, "coalesced_transpose3": {"write": {"device_start": -1, "host_queued_start": 1585585401.973952, "device_queued": -1, "device_end": -1, "host_queued_end": 1585585401.97614}, "device": "cpu", "nd_range": {"device_start": 2253176.1753450623, "device_end": 2253176.175578615}, "cmdq": 0, "read": {"device_start": -1, "device_end": -1}}, "FFC_sans_bias15": {"write": {"device_start": -1, "host_queued_start": 1585585401.96615, "device_queued": -1, "device_end": -1, "host_queued_end": 1585585401.968668}, "device": "gpu", "nd_range": {"device_start": 1585585336.5889225, "device_end": 1585585336.5895278}, "cmdq": 4, "read": {"device_start": -1, "device_end": -1}}, "FFC_sans_bias16": {"write": {"device_start": 1585585336.5890145, "host_queued_start": 1585585401.967515, "device_queued": 1585585336.585746, "device_end": 1585585336.5890899, "host_queued_end": 1585585401.968668}, "device": "gpu", "nd_range": {"device_start": 1585585336.5895312, "device_end": 1585585336.5904946}, "cmdq": 1, "read": {"device_start": 1585585336.5904965, "device_end": 1585585336.5905204}}, "FFC_sans_bias19": {"write": {"device_start": 1585585336.5852735, "host_queued_start": 1585585401.962955, "device_queued": 1585585336.585137, "device_end": 1585585336.585305, "host_queued_end": 1585585401.968668}, "device": "gpu", "nd_range": {"device_start": 1585585336.5853734, "device_end": 1585585336.58744}, "cmdq": 1, "read": {"device_start": -1, "device_end": -1}}, "FFC_sans_bias18": {"write": {"device_start": 1585585336.58519, "host_queued_start": 1585585401.961864, "device_queued": 1585585336.5850801, "device_end": 1585585336.5852683, "host_queued_end": 1585585401.968668}, "device": "gpu", "nd_range": {"device_start": 1585585336.5852723, "device_end": 1585585336.586907}, "cmdq": 0, "read": {"device_start": -1, "device_end": -1}}, "empty26": {"write": {"device_start": 1585585336.5847054, "host_queued_start": 1585585401.957587, "device_queued": 1585585336.5845177, "device_end": 1585585336.5847864, "host_queued_end": 1585585401.968668}, "device": "gpu", "nd_range": {"device_start": 1585585336.5848618, "device_end": 1585585336.584877}, "cmdq": 1, "read": {"device_start": -1, "device_end": -1}}, "coalesced_transpose12": {"write": {"device_start": -1, "host_queued_start": 1585585401.96432, "device_queued": -1, "device_end": -1, "host_queued_end": 1585585401.968668}, "device": "gpu", "nd_range": {"device_start": 1585585336.5859156, "device_end": 1585585336.587753}, "cmdq": 3, "read": {"device_start": -1, "device_end": -1}}, "coalesced_transpose21": {"write": {"device_start": -1, "host_queued_start": 1585585401.964615, "device_queued": -1, "device_end": -1, "host_queued_end": 1585585401.968668}, "device": "gpu", "nd_range": {"device_start": 1585585336.587757, "device_end": 1585585336.58777}, "cmdq": 4, "read": {"device_start": -1, "device_end": -1}}, "softmax14": {"write": {"device_start": -1, "host_queued_start": 1585585401.965489, "device_queued": -1, "device_end": -1, "host_queued_end": 1585585401.968668}, "device": "gpu", "nd_range": {"device_start": 1585585336.5883787, "device_end": 1585585336.5889194}, "cmdq": 2, "read": {"device_start": -1, "device_end": -1}}, "FFC_sans_bias13": {"write": {"device_start": -1, "host_queued_start": 1585585401.96493, "device_queued": -1, "device_end": -1, "host_queued_end": 1585585401.968668}, "device": "gpu", "nd_range": {"device_start": 1585585336.5877614, "device_end": 1585585336.588371}, "cmdq": 0, "read": {"device_start": -1, "device_end": -1}}, "empty8": {"write": {"device_start": -1, "host_queued_start": 1585585401.970174, "device_queued": -1, "device_end": -1, "host_queued_end": 1585585401.97614}, "device": "cpu", "nd_range": {"device_start": 2253176.165713252, "device_end": 2253176.1657248833}, "cmdq": 0, "read": {"device_start": -1, "device_end": -1}}, "FFC_sans_bias24": {"write": {"device_start": -1, "host_queued_start": 1585585401.966466, "device_queued": -1, "device_end": -1, "host_queued_end": 1585585401.968668}, "device": "gpu", "nd_range": {"device_start": 1585585336.5891917, "device_end": 1585585336.5899327}, "cmdq": 0, "read": {"device_start": -1, "device_end": -1}}, "FFC_sans_bias25": {"write": {"device_start": 1585585336.589091, "host_queued_start": 1585585401.968565, "device_queued": 1585585336.5857627, "device_end": 1585585336.5891216, "host_queued_end": 1585585401.968668}, "device": "gpu", "nd_range": {"device_start": 1585585336.5899372, "device_end": 1585585336.5909142}, "cmdq": 2, "read": {"device_start": 1585585336.5909226, "device_end": 1585585336.5909464}},