{"FFC_sans_bias4": {"write": {"device_start": -1, "host_queued_start": 1585585581.690234, "device_queued": -1, "device_end": -1, "host_queued_end": 1585585581.697744}, "device": "gpu", "nd_range": {"device_start": 1585585516.3151681, "device_end": 1585585516.3157775}, "cmdq": 2, "read": {"device_start": -1, "device_end": -1}}, "FFC_sans_bias7": {"write": {"device_start": 1585585516.3185287, "host_queued_start": 1585585581.694517, "device_queued": 1585585516.3111393, "device_end": 1585585516.31856, "host_queued_end": 1585585581.697744}, "device": "gpu", "nd_range": {"device_start": 1585585516.3185666, "device_end": 1585585516.3199284}, "cmdq": 2, "read": {"device_start": 1585585516.3199337, "device_end": 1585585516.3199575}}, "FFC_sans_bias6": {"write": {"device_start": -1, "host_queued_start": 1585585581.692496, "device_queued": -1, "device_end": -1, "host_queued_end": 1585585581.697744}, "device": "gpu", "nd_range": {"device_start": 1585585516.3174021, "device_end": 1585585516.3180046}, "cmdq": 1, "read": {"device_start": -1, "device_end": -1}}, "FFC_sans_bias1": {"write": {"device_start": 1585585516.3092916, "host_queued_start": 1585585581.678166, "device_queued": 1585585516.3091285, "device_end": 1585585516.3093219, "host_queued_end": 1585585581.697744}, "device": "gpu", "nd_range": {"device_start": 1585585516.3093245, "device_end": 1585585516.3102741}, "cmdq": 2, "read": {"device_start": -1, "device_end": -1}}, "FFC_sans_bias0": {"write": {"device_start": 1585585516.3092003, "host_queued_start": 1585585581.677134, "device_queued": 1585585516.3091028, "device_end": 1585585516.3092601, "host_queued_end": 1585585581.697744}, "device": "gpu", "nd_range": {"device_start": 1585585516.3092675, "device_end": 1585585516.3098752}, "cmdq": 1, "read": {"device_start": -1, "device_end": -1}}, "FFC_sans_bias2": {"write": {"device_start": 1585585516.3094292, "host_queued_start": 1585585581.679252, "device_queued": 1585585516.3093336, "device_end": 1585585516.3094537, "host_queued_end": 1585585581.697744}, "device": "gpu", "nd_range": {"device_start": 1585585516.309463, "device_end": 1585585516.3108416}, "cmdq": 0, "read": {"device_start": -1, "device_end": -1}}, "FFC_sans_bias9": {"write": {"device_start": 1585585516.310012, "host_queued_start": 1585585581.68028, "device_queued": 1585585516.3093889, "device_end": 1585585516.3100438, "host_queued_end": 1585585581.697744}, "device": "gpu", "nd_range": {"device_start": 1585585516.3100488, "device_end": 1585585516.311268}, "cmdq": 1, "read": {"device_start": -1, "device_end": -1}}, "softmax23": {"write": {"device_start": -1, "host_queued_start": 1585585581.691941, "device_queued": -1, "device_end": -1, "host_queued_end": 1585585581.697744}, "device": "gpu", "nd_range": {"device_start": 1585585516.317166, "device_end": 1585585516.317366}, "cmdq": 2, "read": {"device_start": -1, "device_end": -1}}, "FFC_sans_bias11": {"write": {"device_start": 1585585516.3109758, "host_queued_start": 1585585581.682356, "device_queued": 1585585516.3096209, "device_end": 1585585516.3110075, "host_queued_end": 1585585581.697744}, "device": "gpu", "nd_range": {"device_start": 1585585516.3110123, "device_end": 1585585516.3122666}, "cmdq": 0, "read": {"device_start": -1, "device_end": -1}}, "FFC_sans_bias10": {"write": {"device_start": 1585585516.3104212, "host_queued_start": 1585585581.68132, "device_queued": 1585585516.3094072, "device_end": 1585585516.3104522, "host_queued_end": 1585585581.697744}, "device": "gpu", "nd_range": {"device_start": 1585585516.3104572, "device_end": 1585585516.3118062}, "cmdq": 2, "read": {"device_start": -1, "device_end": -1}}, "coalesced_transpose3": {"write": {"device_start": -1, "host_queued_start": 1585585581.688989, "device_queued": -1, "device_end": -1, "host_queued_end": 1585585581.697744}, "device": "gpu", "nd_range": {"device_start": 1585585516.3142405, "device_end": 1585585516.3150551}, "cmdq": 1, "read": {"device_start": -1, "device_end": -1}}, "FFC_sans_bias34": {"write": {"device_start": 1585585516.3201342, "host_queued_start": 1585585581.697648, "device_queued": 1585585516.3116071, "device_end": 1585585516.320164, "host_queued_end": 1585585581.697744}, "device": "gpu", "nd_range": {"device_start": 1585585516.3201709, "device_end": 1585585516.3213565}, "cmdq": 2, "read": {"device_start": 1585585516.321361, "device_end": 1585585516.321383}}, "FFC_sans_bias15": {"write": {"device_start": -1, "host_queued_start": 1585585581.692813, "device_queued": -1, "device_end": -1, "host_queued_end": 1585585581.697744}, "device": "gpu", "nd_range": {"device_start": 1585585516.3174105, "device_end": 1585585516.318408}, "cmdq": 2, "read": {"device_start": -1, "device_end": -1}}, "FFC_sans_bias31": {"write": {"device_start": -1, "host_queued_start": 1585585581.691205, "device_queued": -1, "device_end": -1, "host_queued_end": 1585585581.697744}, "device": "gpu", "nd_range": {"device_start": 1585585516.3157842, "device_end": 1585585516.3171594}, "cmdq": 2, "read": {"device_start": -1, "device_end": -1}}, "FFC_sans_bias16": {"write": {"device_start": 1585585516.3191035, "host_queued_start": 1585585581.695574, "device_queued": 1585585516.3113422, "device_end": 1585585516.3191345, "host_queued_end": 1585585581.697744}, "device": "gpu", "nd_range": {"device_start": 1585585516.3191416, "device_end": 1585585516.320401}, "cmdq": 0, "read": {"device_start": 1585585516.3204057, "device_end": 1585585516.3204281}}, "FFC_sans_bias19": {"write": {"device_start": 1585585516.311934, "host_queued_start": 1585585581.684496, "device_queued": 1585585516.30979, "device_end": 1585585516.3119683, "host_queued_end": 1585585581.697744}, "device": "gpu", "nd_range": {"device_start": 1585585516.3119738, "device_end": 1585585516.3132548}, "cmdq": 2, "read": {"device_start": -1, "device_end": -1}}, "FFC_sans_bias18": {"write": {"device_start": 1585585516.3113964, "host_queued_start": 1585585581.68343, "device_queued": 1585585516.3097627, "device_end": 1585585516.311422, "host_queued_end": 1585585581.697744}, "device": "gpu", "nd_range": {"device_start": 1585585516.3114336, "device_end": 1585585516.3127477}, "cmdq": 1, "read": {"device_start": -1, "device_end": -1}}, "coalesced_transpose30": {"write": {"device_start": -1, "host_queued_start": 1585585581.689911, "device_queued": -1, "device_end": -1, "host_queued_end": 1585585581.697744}, "device": "gpu", "nd_range": {"device_start": 1585585516.3150616, "device_end": 1585585516.3150814}, "cmdq": 1, "read": {"device_start": -1, "device_end": -1}}, "empty26": {"write": {"device_start": 1585585516.3089697, "host_queued_start": 1585585581.67533, "device_queued": 1585585516.308761, "device_end": 1585585516.3090217, "host_queued_end": 1585585581.697744}, "device": "gpu", "nd_range": {"device_start": 1585585516.3090262, "device_end": 1585585516.3090305}, "cmdq": 2, "read": {"device_start": -1, "device_end": -1}}, "coalesced_transpose12": {"write": {"device_start": -1, "host_queued_start": 1585585581.689307, "device_queued": -1, "device_end": -1, "host_queued_end": 1585585581.697744}, "device": "gpu", "nd_range": {"device_start": 1585585516.3146791, "device_end": 1585585516.3150725}, "cmdq": 2, "read": {"device_start": -1, "device_end": -1}}, "coalesced_transpose21": {"write": {"device_start": -1, "host_queued_start": 1585585581.68961, "device_queued": -1, "device_end": -1, "host_queued_end": 1585585581.697744}, "device": "gpu", "nd_range": {"device_start": 1585585516.3151562, "device_end": 1585585516.3151708}, "cmdq": 0, "read": {"device_start": -1, "device_end": -1}}, "softmax14": {"write": {"device_start": -1, "host_queued_start": 1585585581.691699, "device_queued": -1, "device_end": -1, "host_queued_end": 1585585581.697744}, "device": "gpu", "nd_range": {"device_start": 1585585516.316756, "device_end": 1585585516.3173966}, "cmdq": 1, "read": {"device_start": -1, "device_end": -1}}, "FFC_sans_bias13": {"write": {"device_start": -1, "host_queued_start": 1585585581.690551, "device_queued": -1,