{"FFC_sans_bias4": {"write": {"device_start": -1, "host_queued_start": 1585585638.085221, "device_queued": -1, "device_end": -1, "host_queued_end": 1585585638.087001}, "device": "cpu", "nd_range": {"device_start": 2253412.288797623, "device_end": 2253412.292872561}, "cmdq": 1, "read": {"device_start": -1, "device_end": -1}}, "FFC_sans_bias7": {"write": {"device_start": -1, "host_queued_start": 1585585638.086957, "device_queued": -1, "device_end": -1, "host_queued_end": 1585585638.087001}, "device": "cpu", "nd_range": {"device_start": 2253412.298150165, "device_end": 2253412.3025591723}, "cmdq": 0, "read": {"device_start": -1, "device_end": -1}}, "FFC_sans_bias6": {"write": {"device_start": -1, "host_queued_start": 1585585638.085832, "device_queued": -1, "device_end": -1, "host_queued_end": 1585585638.087001}, "device": "cpu", "nd_range": {"device_start": 2253412.293214282, "device_end": 2253412.298019493}, "cmdq": 1, "read": {"device_start": -1, "device_end": -1}}, "FFC_sans_bias1": {"write": {"device_start": -1, "host_queued_start": 1585585638.083503, "device_queued": -1, "device_end": -1, "host_queued_end": 1585585638.087001}, "device": "cpu", "nd_range": {"device_start": 2253412.276617891, "device_end": 2253412.284502977}, "cmdq": 0, "read": {"device_start": -1, "device_end": -1}}, "FFC_sans_bias0": {"write": {"device_start": -1, "host_queued_start": 1585585638.082251, "device_queued": -1, "device_end": -1, "host_queued_end": 1585585638.087001}, "device": "cpu", "nd_range": {"device_start": 2253412.2766087693, "device_end": 2253412.284519289}, "cmdq": 1, "read": {"device_start": -1, "device_end": -1}}, "FFC_sans_bias2": {"write": {"device_start": -1, "host_queued_start": 1585585638.084552, "device_queued": -1, "device_end": -1, "host_queued_end": 1585585638.087001}, "device": "cpu", "nd_range": {"device_start": 2253412.28470074, "device_end": 2253412.288776664}, "cmdq": 1, "read": {"device_start": -1, "device_end": -1}}, "FFC_sans_bias9": {"write": {"device_start": 1585585572.6892786, "host_queued_start": 1585585638.06432, "device_queued": 1585585572.6890163, "device_end": 1585585572.6893039, "host_queued_end": 1585585638.079534}, "device": "gpu", "nd_range": {"device_start": 1585585572.689307, "device_end": 1585585572.6899154}, "cmdq": 3, "read": {"device_start": -1, "device_end": -1}}, "softmax23": {"write": {"device_start": -1, "host_queued_start": 1585585638.075141, "device_queued": -1, "device_end": -1, "host_queued_end": 1585585638.079534}, "device": "gpu", "nd_range": {"device_start": 1585585572.6947858, "device_end": 1585585572.695577}, "cmdq": 3, "read": {"device_start": -1, "device_end": -1}}, "FFC_sans_bias11": {"write": {"device_start": 1585585572.689506, "host_queued_start": 1585585638.066428, "device_queued": 1585585572.6893709, "device_end": 1585585572.6895735, "host_queued_end": 1585585638.079534}, "device": "gpu", "nd_range": {"device_start": 1585585572.689579, "device_end": 1585585572.6908875}, "cmdq": 1, "read": {"device_start": -1, "device_end": -1}}, "FFC_sans_bias10": {"write": {"device_start": 1585585572.6894138, "host_queued_start": 1585585638.065389, "device_queued": 1585585572.6893227, "device_end": 1585585572.6894703, "host_queued_end": 1585585638.079534}, "device": "gpu", "nd_range": {"device_start": 1585585572.6894748, "device_end": 1585585572.6903102}, "cmdq": 0, "read": {"device_start": -1, "device_end": -1}}, "coalesced_transpose3": {"write": {"device_start": -1, "host_queued_start": 1585585638.08488, "device_queued": -1, "device_end": -1, "host_queued_end": 1585585638.087001}, "device": "cpu", "nd_range": {"device_start": 2253412.284512727, "device_end": 2253412.2846033}, "cmdq": 0, "read": {"device_start": -1, "device_end": -1}}, "FFC_sans_bias34": {"write": {"device_start": 1585585572.697258, "host_queued_start": 1585585638.079435, "device_queued": 1585585572.6910453, "device_end": 1585585572.6972833, "host_queued_end": 1585585638.079534}, "device": "gpu", "nd_range": {"device_start": 1585585572.697287, "device_end": 1585585572.698566}, "cmdq": 2, "read": {"device_start": 1585585572.698576, "device_end": 1585585572.698598}}, "FFC_sans_bias15": {"write": {"device_start": -1, "host_queued_start": 1585585638.075701, "device_queued": -1, "device_end": -1, "host_queued_end": 1585585638.079534}, "device": "gpu", "nd_range": {"device_start": 1585585572.6955974, "device_end": 1585585572.6965923}, "cmdq": 1, "read": {"device_start": -1, "device_end": -1}}, "FFC_sans_bias31": {"write": {"device_start": -1, "host_queued_start": 1585585638.074646, "device_queued": -1, "device_end": -1, "host_queued_end": 1585585638.079534}, "device": "gpu", "nd_range": {"device_start": 1585585572.6937683, "device_end": 1585585572.6952598}, "cmdq": 1, "read": {"device_start": -1, "device_end": -1}}, "FFC_sans_bias16": {"write": {"device_start": 1585585572.695586, "host_queued_start": 1585585638.077334, "device_queued": 1585585572.690782, "device_end": 1585585572.6956162, "host_queued_end": 1585585638.079534}, "device": "gpu", "nd_range": {"device_start": 1585585572.6966007, "device_end": 1585585572.6975877}, "cmdq": 0, "read": {"device_start": 1585585572.6975985, "device_end": 1585585572.6976216}}, "FFC_sans_bias19": {"write": {"device_start": 1585585572.6900258, "host_queued_start": 1585585638.068544, "device_queued": 1585585572.6895194, "device_end": 1585585572.6900558, "host_queued_end": 1585585638.079534}, "device": "gpu", "nd_range": {"device_start": 1585585572.690063, "device_end": 1585585572.6918678}, "cmdq": 3, "read": {"device_start": -1, "device_end": -1}}, "FFC_sans_bias18": {"write": {"device_start": 1585585572.6896014, "host_queued_start": 1585585638.067509, "device_queued": 1585585572.6894963, "device_end": 1585585572.689628, "host_queued_end": 1585585638.079534}, "device": "gpu", "nd_range": {"device_start": 1585585572.6896372, "device_end": 1585585572.6912975}, "cmdq": 2, "read": {"device_start": -1, "device_end": -1}}, "coalesced_transpose30": {"write": {"device_start": -1, "host_queued_start": 1585585638.073654, "device_queued": -1, "device_end": -1, "host_queued_end": 1585585638.079534}, "device": "gpu", "nd_range": {"device_start": 1585585572.6932883, "device_end": 1585585572.6936555}, "cmdq": 2, "read": {"device_start": -1, "device_end": -1}}, "empty26": {"write": {"device_start": 1585585572.689102, "host_queued_start": 1585585638.062457, "device_queued": 1585585572.68897, "device_end": 1585585572.6891286, "host_queued_end": 1585585638.079534}, "device": "gpu", "nd_range": {"device_start": 1585585572.6891325, "device_end": 1585585572.6891372}, "cmdq": 1, "read": {"device_start": -1, "device_end": -1}}, "coalesced_transpose12": {"write": {"device_start": -1, "host_queued_start": 1585585638.073033, "device_queued": -1, "device_end": -1, "host_queued_end": 1585585638.079534}, "device": "gpu", "nd_range": {"device_start": 1585585572.6922867, "device_end": 1585585572.6936374}, "cmdq": 0, "read": {"device_start": -1, "device_end": -1}}, "coalesced_transpose21": {"write": {"device_start": -1, "host_queued_start": 1585585638.073346, "device_queued": -1, "device_end": -1, "host_queued_end": 1585585638.079534}, "device": "gpu", "nd_range": {"device_start": 1585585572.6928308, "device_end": 1585585572.6936529}, "cmdq": 1, "read": {"device_start": -1, "device_end": -1}}, "softmax14": {"write": {"device_start": -1, "host_queued_start": 1585585638.074898, "device_queued": -1, "device_end": -1, "host_queued_end": 1585585638.079534}, "device": "gpu", "nd_range": {"device_start": 1585585572.6943755, "device_end": 1585585572.6955721}, "cmdq": 2, "read": {"device_start": -1, "device_end": -1}}, "FFC_sans_bias13": {"write": {"device_start": -1, "host_queued_start": 1585585638.073977, "device_queued": -1, "device_end": -1, "host_queued_end": 1585585638.079534}, "device": "gpu", "nd_range": {"device_start": 1585585572.6937516, "device_end": 1585585572.6943655}, "cmdq": 3, "read": {"device_start": -1, "device_end": -1}},