{"FFC_sans_bias4": {"write": {"device_start": -1, "host_queued_start": 1585585544.011894, "device_queued": -1, "device_end": -1, "host_queued_end": 1585585544.013643}, "device": "cpu", "nd_range": {"device_start": 2253318.217795034, "device_end": 2253318.222428243}, "cmdq": 0, "read": {"device_start": -1, "device_end": -1}}, "FFC_sans_bias7": {"write": {"device_start": -1, "host_queued_start": 1585585544.013598, "device_queued": -1, "device_end": -1, "host_queued_end": 1585585544.013643}, "device": "cpu", "nd_range": {"device_start": 2253318.227715439, "device_end": 2253318.2337124953}, "cmdq": 3, "read": {"device_start": -1, "device_end": -1}}, "FFC_sans_bias6": {"write": {"device_start": -1, "host_queued_start": 1585585544.01253, "device_queued": -1, "device_end": -1, "host_queued_end": 1585585544.013643}, "device": "cpu", "nd_range": {"device_start": 2253318.222903237, "device_end": 2253318.2276810333}, "cmdq": 2, "read": {"device_start": -1, "device_end": -1}}, "FFC_sans_bias1": {"write": {"device_start": -1, "host_queued_start": 1585585544.009881, "device_queued": -1, "device_end": -1, "host_queued_end": 1585585544.013643}, "device": "cpu", "nd_range": {"device_start": 2253318.2032718384, "device_end": 2253318.2173662023}, "cmdq": 2, "read": {"device_start": -1, "device_end": -1}}, "FFC_sans_bias0": {"write": {"device_start": -1, "host_queued_start": 1585585544.008627, "device_queued": -1, "device_end": -1, "host_queued_end": 1585585544.013643}, "device": "cpu", "nd_range": {"device_start": 2253318.203226497, "device_end": 2253318.220191709}, "cmdq": 1, "read": {"device_start": -1, "device_end": -1}}, "FFC_sans_bias2": {"write": {"device_start": -1, "host_queued_start": 1585585544.011092, "device_queued": -1, "device_end": -1, "host_queued_end": 1585585544.013643}, "device": "cpu", "nd_range": {"device_start": 2253318.203224758, "device_end": 2253318.2206553523}, "cmdq": 3, "read": {"device_start": -1, "device_end": -1}}, "FFC_sans_bias9": {"write": {"device_start": 1585585478.6182792, "host_queued_start": 1585585543.988473, "device_queued": 1585585478.618201, "device_end": 1585585478.6183171, "host_queued_end": 1585585544.005524}, "device": "gpu", "nd_range": {"device_start": 1585585478.6185322, "device_end": 1585585478.6191423}, "cmdq": 1, "read": {"device_start": -1, "device_end": -1}}, "softmax23": {"write": {"device_start": -1, "host_queued_start": 1585585543.999241, "device_queued": -1, "device_end": -1, "host_queued_end": 1585585544.005524}, "device": "gpu", "nd_range": {"device_start": 1585585478.625059, "device_end": 1585585478.625263}, "cmdq": 1, "read": {"device_start": -1, "device_end": -1}}, "FFC_sans_bias11": {"write": {"device_start": 1585585478.6192703, "host_queued_start": 1585585543.990543, "device_queued": 1585585478.618634, "device_end": 1585585478.619301, "host_queued_end": 1585585544.005524}, "device": "gpu", "nd_range": {"device_start": 1585585478.6193047, "device_end": 1585585478.6202395}, "cmdq": 1, "read": {"device_start": -1, "device_end": -1}}, "FFC_sans_bias10": {"write": {"device_start": 1585585478.6185954, "host_queued_start": 1585585543.989508, "device_queued": 1585585478.6185062, "device_end": 1585585478.6186216, "host_queued_end": 1585585544.005524}, "device": "gpu", "nd_range": {"device_start": 1585585478.6186266, "device_end": 1585585478.6195447}, "cmdq": 0, "read": {"device_start": -1, "device_end": -1}}, "coalesced_transpose3": {"write": {"device_start": -1, "host_queued_start": 1585585544.011515, "device_queued": -1, "device_end": -1, "host_queued_end": 1585585544.013643}, "device": "cpu", "nd_range": {"device_start": 2253318.217545031, "device_end": 2253318.217659259}, "cmdq": 4, "read": {"device_start": -1, "device_end": -1}}, "FFC_sans_bias34": {"write": {"device_start": 1585585478.6300716, "host_queued_start": 1585585544.005234, "device_queued": 1585585478.6202233, "device_end": 1585585478.6300962, "host_queued_end": 1585585544.005524}, "device": "gpu", "nd_range": {"device_start": 1585585478.6301026, "device_end": 1585585478.6306996}, "cmdq": 0, "read": {"device_start": 1585585478.6307063, "device_end": 1585585478.6307282}}, "FFC_sans_bias15": {"write": {"device_start": -1, "host_queued_start": 1585585543.999792, "device_queued": -1, "device_end": -1, "host_queued_end": 1585585544.005524}, "device": "gpu", "nd_range": {"device_start": 1585585478.6252673, "device_end": 1585585478.625872}, "cmdq": 1, "read": {"device_start": -1, "device_end": -1}}, "FFC_sans_bias31": {"write": {"device_start": -1, "host_queued_start": 1585585543.998752, "device_queued": -1, "device_end": -1, "host_queued_end": 1585585544.005524}, "device": "gpu", "nd_range": {"device_start": 1585585478.6240628, "device_end": 1585585478.6250536}, "cmdq": 1, "read": {"device_start": -1, "device_end": -1}}, "FFC_sans_bias16": {"write": {"device_start": 1585585478.6276789, "host_queued_start": 1585585544.001465, "device_queued": 1585585478.6199946, "device_end": 1585585478.627748, "host_queued_end": 1585585544.005524}, "device": "gpu", "nd_range": {"device_start": 1585585478.6277988, "device_end": 1585585478.628403}, "cmdq": 0, "read": {"device_start": 1585585478.628409, "device_end": 1585585478.6284323}}, "FFC_sans_bias19": {"write": {"device_start": 1585585478.6203508, "host_queued_start": 1585585543.992654, "device_queued": 1585585478.6188502, "device_end": 1585585478.6203833, "host_queued_end": 1585585544.005524}, "device": "gpu", "nd_range": {"device_start": 1585585478.6203883, "device_end": 1585585478.6213396}, "cmdq": 1, "read": {"device_start": -1, "device_end": -1}}, "FFC_sans_bias18": {"write": {"device_start": 1585585478.6196635, "host_queued_start": 1585585543.991625, "device_queued": 1585585478.6188052, "device_end": 1585585478.6196935, "host_queued_end": 1585585544.005524}, "device": "gpu", "nd_range": {"device_start": 1585585478.6198342, "device_end": 1585585478.6206424}, "cmdq": 0, "read": {"device_start": -1, "device_end": -1}}, "coalesced_transpose30": {"write": {"device_start": -1, "host_queued_start": 1585585543.997782, "device_queued": -1, "device_end": -1, "host_queued_end": 1585585544.005524}, "device": "gpu", "nd_range": {"device_start": 1585585478.6232421, "device_end": 1585585478.6232567}, "cmdq": 0, "read": {"device_start": -1, "device_end": -1}}, "empty26": {"write": {"device_start": 1585585478.6180398, "host_queued_start": 1585585543.986566, "device_queued": 1585585478.617949, "device_end": 1585585478.6180706, "host_queued_end": 1585585544.005524}, "device": "gpu", "nd_range": {"device_start": 1585585478.6181242, "device_end": 1585585478.6181283}, "cmdq": 1, "read": {"device_start": -1, "device_end": -1}}, "coalesced_transpose12": {"write": {"device_start": -1, "host_queued_start": 1585585543.997183, "device_queued": -1, "device_end": -1, "host_queued_end": 1585585544.005524}, "device": "gpu", "nd_range": {"device_start": 1585585478.6228406, "device_end": 1585585478.623241}, "cmdq": 0, "read": {"device_start": -1, "device_end": -1}}, "coalesced_transpose21": {"write": {"device_start": -1, "host_queued_start": 1585585543.997485, "device_queued": -1, "device_end": -1, "host_queued_end": 1585585544.005524}, "device": "gpu", "nd_range": {"device_start": 1585585478.623333, "device_end": 1585585478.6233444}, "cmdq": 1, "read": {"device_start": -1, "device_end": -1}}, "softmax14": {"write": {"device_start": -1, "host_queued_start": 1585585543.999003, "device_queued": -1, "device_end": -1, "host_queued_end": 1585585544.005524}, "device": "gpu", "nd_range": {"device_start": 1585585478.6244595, "device_end": 1585585478.625156}, "cmdq": 0, "read": {"device_start": -1, "device_end": -1}}, "FFC_sans_bias13": {"write": {"device_start": -1, "host_queued_start": 1585585543.998096, "device_queued": -1, "device_end": -1, "host_queued_end": 1585585544.005524}, "device": "gpu", "nd_range": {"device_start": 1585585478.6233504, "device_end": 1585585478.624059}, "cmdq": 1, "read": {"device_start": -1, "device_end": -1}},