{"FFC_sans_bias4": {"write": {"device_start": -1, "host_queued_start": 1585585570.857866, "device_queued": -1, "device_end": -1, "host_queued_end": 1585585570.859678}, "device": "cpu", "nd_range": {"device_start": 2253345.062007506, "device_end": 2253345.0697015263}, "cmdq": 1, "read": {"device_start": -1, "device_end": -1}}, "FFC_sans_bias7": {"write": {"device_start": -1, "host_queued_start": 1585585570.859633, "device_queued": -1, "device_end": -1, "host_queued_end": 1585585570.859678}, "device": "cpu", "nd_range": {"device_start": 2253345.078082542, "device_end": 2253345.0820600893}, "cmdq": 0, "read": {"device_start": -1, "device_end": -1}}, "FFC_sans_bias6": {"write": {"device_start": -1, "host_queued_start": 1585585570.858476, "device_queued": -1, "device_end": -1, "host_queued_end": 1585585570.859678}, "device": "cpu", "nd_range": {"device_start": 2253345.069973121, "device_end": 2253345.0780771323}, "cmdq": 1, "read": {"device_start": -1, "device_end": -1}}, "FFC_sans_bias1": {"write": {"device_start": -1, "host_queued_start": 1585585570.856085, "device_queued": -1, "device_end": -1, "host_queued_end": 1585585570.859678}, "device": "cpu", "nd_range": {"device_start": 2253345.0492881, "device_end": 2253345.058118069}, "cmdq": 0, "read": {"device_start": -1, "device_end": -1}}, "FFC_sans_bias0": {"write": {"device_start": -1, "host_queued_start": 1585585570.854723, "device_queued": -1, "device_end": -1, "host_queued_end": 1585585570.859678}, "device": "cpu", "nd_range": {"device_start": 2253345.0492791343, "device_end": 2253345.057019129}, "cmdq": 1, "read": {"device_start": -1, "device_end": -1}}, "FFC_sans_bias2": {"write": {"device_start": -1, "host_queued_start": 1585585570.857196, "device_queued": -1, "device_end": -1, "host_queued_end": 1585585570.859678}, "device": "cpu", "nd_range": {"device_start": 2253345.0570330033, "device_end": 2253345.062002122}, "cmdq": 1, "read": {"device_start": -1, "device_end": -1}}, "FFC_sans_bias9": {"write": {"device_start": 1585585505.4634812, "host_queued_start": 1585585570.836595, "device_queued": 1585585505.463297, "device_end": 1585585505.4635062, "host_queued_end": 1585585570.851859}, "device": "gpu", "nd_range": {"device_start": 1585585505.4635532, "device_end": 1585585505.4641626}, "cmdq": 0, "read": {"device_start": -1, "device_end": -1}}, "softmax23": {"write": {"device_start": -1, "host_queued_start": 1585585570.847439, "device_queued": -1, "device_end": -1, "host_queued_end": 1585585570.851859}, "device": "gpu", "nd_range": {"device_start": 1585585505.4689927, "device_end": 1585585505.4696724}, "cmdq": 1, "read": {"device_start": -1, "device_end": -1}}, "FFC_sans_bias11": {"write": {"device_start": 1585585505.4637682, "host_queued_start": 1585585570.838741, "device_queued": 1585585505.4635923, "device_end": 1585585505.463802, "host_queued_end": 1585585570.851859}, "device": "gpu", "nd_range": {"device_start": 1585585505.4638047, "device_end": 1585585505.465147}, "cmdq": 2, "read": {"device_start": -1, "device_end": -1}}, "FFC_sans_bias10": {"write": {"device_start": 1585585505.4636693, "host_queued_start": 1585585570.837635, "device_queued": 1585585505.4635653, "device_end": 1585585505.4637532, "host_queued_end": 1585585570.851859}, "device": "gpu", "nd_range": {"device_start": 1585585505.463757, "device_end": 1585585505.4645724}, "cmdq": 1, "read": {"device_start": -1, "device_end": -1}}, "coalesced_transpose3": {"write": {"device_start": -1, "host_queued_start": 1585585570.857526, "device_queued": -1, "device_end": -1, "host_queued_end": 1585585570.859678}, "device": "cpu", "nd_range": {"device_start": 2253345.058361657, "device_end": 2253345.058600494}, "cmdq": 0, "read": {"device_start": -1, "device_end": -1}}, "FFC_sans_bias34": {"write": {"device_start": 1585585505.4722142, "host_queued_start": 1585585570.851753, "device_queued": 1585585505.4652178, "device_end": 1585585505.4722714, "host_queued_end": 1585585570.851859}, "device": "gpu", "nd_range": {"device_start": 1585585505.472277, "device_end": 1585585505.4732363}, "cmdq": 2, "read": {"device_start": 1585585505.473241, "device_end": 1585585505.4732642}}, "FFC_sans_bias15": {"write": {"device_start": -1, "host_queued_start": 1585585570.847989, "device_queued": -1, "device_end": -1, "host_queued_end": 1585585570.851859}, "device": "gpu", "nd_range": {"device_start": 1585585505.4692976, "device_end": 1585585505.4699607}, "cmdq": 0, "read": {"device_start": -1, "device_end": -1}}, "FFC_sans_bias31": {"write": {"device_start": -1, "host_queued_start": 1585585570.846946, "device_queued": -1, "device_end": -1, "host_queued_end": 1585585570.851859}, "device": "gpu", "nd_range": {"device_start": 1585585505.4689076, "device_end": 1585585505.469514}, "cmdq": 2, "read": {"device_start": -1, "device_end": -1}}, "FFC_sans_bias16": {"write": {"device_start": 1585585505.470097, "host_queued_start": 1585585570.849633, "device_queued": 1585585505.4650128, "device_end": 1585585505.4701283, "host_queued_end": 1585585570.851859}, "device": "gpu", "nd_range": {"device_start": 1585585505.4701333, "device_end": 1585585505.4709234}, "cmdq": 0, "read": {"device_start": 1585585505.470927, "device_end": 1585585505.4709518}}, "FFC_sans_bias19": {"write": {"device_start": 1585585505.4646854, "host_queued_start": 1585585570.840805, "device_queued": 1585585505.4638426, "device_end": 1585585505.4647167, "host_queued_end": 1585585570.851859}, "device": "gpu", "nd_range": {"device_start": 1585585505.4647205, "device_end": 1585585505.4661431}, "cmdq": 1, "read": {"device_start": -1, "device_end": -1}}, "FFC_sans_bias18": {"write": {"device_start": 1585585505.4642625, "host_queued_start": 1585585570.83977, "device_queued": 1585585505.4637992, "device_end": 1585585505.464287, "host_queued_end": 1585585570.851859}, "device": "gpu", "nd_range": {"device_start": 1585585505.4642975, "device_end": 1585585505.4655688}, "cmdq": 0, "read": {"device_start": -1, "device_end": -1}}, "coalesced_transpose30": {"write": {"device_start": -1, "host_queued_start": 1585585570.845967, "device_queued": -1, "device_end": -1, "host_queued_end": 1585585570.851859}, "device": "gpu", "nd_range": {"device_start": 1585585505.4680734, "device_end": 1585585505.4689064}, "cmdq": 2, "read": {"device_start": -1, "device_end": -1}}, "empty26": {"write": {"device_start": 1585585505.4632862, "host_queued_start": 1585585570.83475, "device_queued": 1585585505.463144, "device_end": 1585585505.4633603, "host_queued_end": 1585585570.851859}, "device": "gpu", "nd_range": {"device_start": 1585585505.4633646, "device_end": 1585585505.4633698}, "cmdq": 1, "read": {"device_start": -1, "device_end": -1}}, "coalesced_transpose12": {"write": {"device_start": -1, "host_queued_start": 1585585570.845368, "device_queued": -1, "device_end": -1, "host_queued_end": 1585585570.851859}, "device": "gpu", "nd_range": {"device_start": 1585585505.4670956, "device_end": 1585585505.467908}, "cmdq": 0, "read": {"device_start": -1, "device_end": -1}}, "coalesced_transpose21": {"write": {"device_start": -1, "host_queued_start": 1585585570.845668, "device_queued": -1, "device_end": -1, "host_queued_end": 1585585570.851859}, "device": "gpu", "nd_range": {"device_start": 1585585505.4675305, "device_end": 1585585505.4679189}, "cmdq": 1, "read": {"device_start": -1, "device_end": -1}}, "softmax14": {"write": {"device_start": -1, "host_queued_start": 1585585570.847197, "device_queued": -1, "device_end": -1, "host_queued_end": 1585585570.851859}, "device": "gpu", "nd_range": {"device_start": 1585585505.4685197, "device_end": 1585585505.4692967}, "cmdq": 0, "read": {"device_start": -1, "device_end": -1}}, "FFC_sans_bias13": {"write": {"device_start": -1, "host_queued_start": 1585585570.846281, "device_queued": -1, "device_end": -1, "host_queued_end": 1585585570.851859}, "device": "gpu", "nd_range": {"device_start": 1585585505.4679093, "device_end": 1585585505.468518}, "cmdq": 0, "read": {"device_start": -1, "device_end": -1}},