{"FFC_sans_bias4": {"write": {"device_start": -1, "host_queued_start": 1585585503.701703, "device_queued": -1, "device_end": -1, "host_queued_end": 1585585503.703432}, "device": "cpu", "nd_range": {"device_start": 2253277.9050052282, "device_end": 2253277.909461486}, "cmdq": 1, "read": {"device_start": -1, "device_end": -1}}, "FFC_sans_bias7": {"write": {"device_start": -1, "host_queued_start": 1585585503.703388, "device_queued": -1, "device_end": -1, "host_queued_end": 1585585503.703432}, "device": "cpu", "nd_range": {"device_start": 2253277.9144200874, "device_end": 2253277.918861181}, "cmdq": 0, "read": {"device_start": -1, "device_end": -1}}, "FFC_sans_bias6": {"write": {"device_start": -1, "host_queued_start": 1585585503.702314, "device_queued": -1, "device_end": -1, "host_queued_end": 1585585503.703432}, "device": "cpu", "nd_range": {"device_start": 2253277.909854258, "device_end": 2253277.914384906}, "cmdq": 1, "read": {"device_start": -1, "device_end": -1}}, "FFC_sans_bias1": {"write": {"device_start": -1, "host_queued_start": 1585585503.699818, "device_queued": -1, "device_end": -1, "host_queued_end": 1585585503.703432}, "device": "cpu", "nd_range": {"device_start": 2253277.893035135, "device_end": 2253277.90202718}, "cmdq": 0, "read": {"device_start": -1, "device_end": -1}}, "FFC_sans_bias0": {"write": {"device_start": -1, "host_queued_start": 1585585503.698509, "device_queued": -1, "device_end": -1, "host_queued_end": 1585585503.703432}, "device": "cpu", "nd_range": {"device_start": 2253277.8930280823, "device_end": 2253277.899847193}, "cmdq": 1, "read": {"device_start": -1, "device_end": -1}}, "FFC_sans_bias2": {"write": {"device_start": -1, "host_queued_start": 1585585503.700994, "device_queued": -1, "device_end": -1, "host_queued_end": 1585585503.703432}, "device": "cpu", "nd_range": {"device_start": 2253277.9002086814, "device_end": 2253277.9049839433}, "cmdq": 1, "read": {"device_start": -1, "device_end": -1}}, "FFC_sans_bias9": {"write": {"device_start": 1585585438.3090441, "host_queued_start": 1585585503.68037, "device_queued": 1585585438.3088608, "device_end": 1585585438.309069, "host_queued_end": 1585585503.695636}, "device": "gpu", "nd_range": {"device_start": 1585585438.309113, "device_end": 1585585438.309718}, "cmdq": 1, "read": {"device_start": -1, "device_end": -1}}, "softmax23": {"write": {"device_start": -1, "host_queued_start": 1585585503.691226, "device_queued": -1, "device_end": -1, "host_queued_end": 1585585503.695636}, "device": "gpu", "nd_range": {"device_start": 1585585438.3151581, "device_end": 1585585438.3153567}, "cmdq": 1, "read": {"device_start": -1, "device_end": -1}}, "FFC_sans_bias11": {"write": {"device_start": 1585585438.309814, "host_queued_start": 1585585503.682491, "device_queued": 1585585438.3091729, "device_end": 1585585438.3098454, "host_queued_end": 1585585503.695636}, "device": "gpu", "nd_range": {"device_start": 1585585438.3098495, "device_end": 1585585438.3106897}, "cmdq": 1, "read": {"device_start": -1, "device_end": -1}}, "FFC_sans_bias10": {"write": {"device_start": 1585585438.309228, "host_queued_start": 1585585503.681438, "device_queued": 1585585438.309126, "device_end": 1585585438.309258, "host_queued_end": 1585585503.695636}, "device": "gpu", "nd_range": {"device_start": 1585585438.3092623, "device_end": 1585585438.310125}, "cmdq": 0, "read": {"device_start": -1, "device_end": -1}}, "coalesced_transpose3": {"write": {"device_start": -1, "host_queued_start": 1585585503.701342, "device_queued": -1, "device_end": -1, "host_queued_end": 1585585503.703432}, "device": "cpu", "nd_range": {"device_start": 2253277.902133122, "device_end": 2253277.902368877}, "cmdq": 0, "read": {"device_start": -1, "device_end": -1}}, "FFC_sans_bias34": {"write": {"device_start": 1585585438.317542, "host_queued_start": 1585585503.695532, "device_queued": 1585585438.3109722, "device_end": 1585585438.317568, "host_queued_end": 1585585503.695636}, "device": "gpu", "nd_range": {"device_start": 1585585438.3175733, "device_end": 1585585438.3183317}, "cmdq": 0, "read": {"device_start": 1585585438.3183382, "device_end": 1585585438.31836}}, "FFC_sans_bias15": {"write": {"device_start": -1, "host_queued_start": 1585585503.69178, "device_queued": -1, "device_end": -1, "host_queued_end": 1585585503.695636}, "device": "gpu", "nd_range": {"device_start": 1585585438.3153613, "device_end": 1585585438.3159733}, "cmdq": 1, "read": {"device_start": -1, "device_end": -1}}, "FFC_sans_bias31": {"write": {"device_start": -1, "host_queued_start": 1585585503.690728, "device_queued": -1, "device_end": -1, "host_queued_end": 1585585503.695636}, "device": "gpu", "nd_range": {"device_start": 1585585438.314177, "device_end": 1585585438.3151536}, "cmdq": 1, "read": {"device_start": -1, "device_end": -1}}, "FFC_sans_bias16": {"write": {"device_start": 1585585438.3164876, "host_queued_start": 1585585503.693425, "device_queued": 1585585438.310591, "device_end": 1585585438.316512, "host_queued_end": 1585585503.695636}, "device": "gpu", "nd_range": {"device_start": 1585585438.3165178, "device_end": 1585585438.3173606}, "cmdq": 0, "read": {"device_start": 1585585438.3173637, "device_end": 1585585438.317388}}, "FFC_sans_bias19": {"write": {"device_start": 1585585438.3108132, "host_queued_start": 1585585503.684636, "device_queued": 1585585438.3093636, "device_end": 1585585438.3108408, "host_queued_end": 1585585503.695636}, "device": "gpu", "nd_range": {"device_start": 1585585438.3108444, "device_end": 1585585438.3116543}, "cmdq": 1, "read": {"device_start": -1, "device_end": -1}}, "FFC_sans_bias18": {"write": {"device_start": 1585585438.310251, "host_queued_start": 1585585503.683606, "device_queued": 1585585438.3093226, "device_end": 1585585438.3102822, "host_queued_end": 1585585503.695636}, "device": "gpu", "nd_range": {"device_start": 1585585438.3102872, "device_end": 1585585438.3111165}, "cmdq": 0, "read": {"device_start": -1, "device_end": -1}}, "coalesced_transpose30": {"write": {"device_start": -1, "host_queued_start": 1585585503.689721, "device_queued": -1, "device_end": -1, "host_queued_end": 1585585503.695636}, "device": "gpu", "nd_range": {"device_start": 1585585438.3134396, "device_end": 1585585438.3134623}, "cmdq": 0, "read": {"device_start": -1, "device_end": -1}}, "empty26": {"write": {"device_start": 1585585438.3088465, "host_queued_start": 1585585503.678525, "device_queued": 1585585438.3086848, "device_end": 1585585438.3089237, "host_queued_end": 1585585503.695636}, "device": "gpu", "nd_range": {"device_start": 1585585438.3089292, "device_end": 1585585438.3089342}, "cmdq": 1, "read": {"device_start": -1, "device_end": -1}}, "coalesced_transpose12": {"write": {"device_start": -1, "host_queued_start": 1585585503.689119, "device_queued": -1, "device_end": -1, "host_queued_end": 1585585503.695636}, "device": "gpu", "nd_range": {"device_start": 1585585438.3131094, "device_end": 1585585438.3134384}, "cmdq": 0, "read": {"device_start": -1, "device_end": -1}}, "coalesced_transpose21": {"write": {"device_start": -1, "host_queued_start": 1585585503.689419, "device_queued": -1, "device_end": -1, "host_queued_end": 1585585503.695636}, "device": "gpu", "nd_range": {"device_start": 1585585438.3135498, "device_end": 1585585438.3135617}, "cmdq": 1, "read": {"device_start": -1, "device_end": -1}}, "softmax14": {"write": {"device_start": -1, "host_queued_start": 1585585503.690978, "device_queued": -1, "device_end": -1, "host_queued_end": 1585585503.695636}, "device": "gpu", "nd_range": {"device_start": 1585585438.314596, "device_end": 1585585438.315164}, "cmdq": 0, "read": {"device_start": -1, "device_end": -1}}, "FFC_sans_bias13": {"write": {"device_start": -1, "host_queued_start": 1585585503.690038, "device_queued": -1, "device_end": -1, "host_queued_end": 1585585503.695636}, "device": "gpu", "nd_range": {"device_start": 1585585438.313568, "device_end": 1585585438.3141723}, "cmdq": 1, "read": {"device_start": -1, "device_end": -1}},