{"FFC_sans_bias4": {"write": {"device_start": -1, "host_queued_start": 1585585729.38626, "device_queued": -1, "device_end": -1, "host_queued_end": 1585585729.393764}, "device": "gpu", "nd_range": {"device_start": 1585585664.0071466, "device_end": 1585585664.0077498}, "cmdq": 0, "read": {"device_start": -1, "device_end": -1}}, "FFC_sans_bias7": {"write": {"device_start": 1585585664.0094666, "host_queued_start": 1585585729.390524, "device_queued": 1585585664.0030138, "device_end": 1585585664.0094967, "host_queued_end": 1585585729.393764}, "device": "gpu", "nd_range": {"device_start": 1585585664.0116045, "device_end": 1585585664.0126047}, "cmdq": 2, "read": {"device_start": 1585585664.0126133, "device_end": 1585585664.012636}}, "FFC_sans_bias6": {"write": {"device_start": -1, "host_queued_start": 1585585729.388505, "device_queued": -1, "device_end": -1, "host_queued_end": 1585585729.393764}, "device": "gpu", "nd_range": {"device_start": 1585585664.0096095, "device_end": 1585585664.011581}, "cmdq": 3, "read": {"device_start": -1, "device_end": -1}}, "FFC_sans_bias1": {"write": {"device_start": 1585585664.001291, "host_queued_start": 1585585729.374243, "device_queued": 1585585664.0011036, "device_end": 1585585664.0013497, "host_queued_end": 1585585729.393764}, "device": "gpu", "nd_range": {"device_start": 1585585664.001355, "device_end": 1585585664.0022762}, "cmdq": 0, "read": {"device_start": -1, "device_end": -1}}, "FFC_sans_bias0": {"write": {"device_start": 1585585664.0012045, "host_queued_start": 1585585729.373182, "device_queued": 1585585664.0009892, "device_end": 1585585664.0012624, "host_queued_end": 1585585729.393764}, "device": "gpu", "nd_range": {"device_start": 1585585664.0012693, "device_end": 1585585664.001873}, "cmdq": 4, "read": {"device_start": -1, "device_end": -1}}, "FFC_sans_bias2": {"write": {"device_start": 1585585664.0013967, "host_queued_start": 1585585729.375344, "device_queued": 1585585664.0012934, "device_end": 1585585664.0014558, "host_queued_end": 1585585729.393764}, "device": "gpu", "nd_range": {"device_start": 1585585664.001504, "device_end": 1585585664.0028315}, "cmdq": 1, "read": {"device_start": -1, "device_end": -1}}, "FFC_sans_bias9": {"write": {"device_start": 1585585664.001492, "host_queued_start": 1585585729.376369, "device_queued": 1585585664.0013185, "device_end": 1585585664.0015588, "host_queued_end": 1585585729.393764}, "device": "gpu", "nd_range": {"device_start": 1585585664.0015628, "device_end": 1585585664.0032754}, "cmdq": 2, "read": {"device_start": -1, "device_end": -1}}, "softmax23": {"write": {"device_start": -1, "host_queued_start": 1585585729.387957, "device_queued": -1, "device_end": -1, "host_queued_end": 1585585729.393764}, "device": "gpu", "nd_range": {"device_start": 1585585664.0087385, "device_end": 1585585664.0095685}, "cmdq": 1, "read": {"device_start": -1, "device_end": -1}}, "FFC_sans_bias11": {"write": {"device_start": 1585585664.0019822, "host_queued_start": 1585585729.378425, "device_queued": 1585585664.0013583, "device_end": 1585585664.0020123, "host_queued_end": 1585585729.393764}, "device": "gpu", "nd_range": {"device_start": 1585585664.0020187, "device_end": 1585585664.0042605}, "cmdq": 4, "read": {"device_start": -1, "device_end": -1}}, "FFC_sans_bias10": {"write": {"device_start": 1585585664.001591, "host_queued_start": 1585585729.377391, "device_queued": 1585585664.0013402, "device_end": 1585585664.0016155, "host_queued_end": 1585585729.393764}, "device": "gpu", "nd_range": {"device_start": 1585585664.0016205, "device_end": 1585585664.00379}, "cmdq": 3, "read": {"device_start": -1, "device_end": -1}}, "coalesced_transpose3": {"write": {"device_start": -1, "host_queued_start": 1585585729.38504, "device_queued": -1, "device_end": -1, "host_queued_end": 1585585729.393764}, "device": "gpu", "nd_range": {"device_start": 1585585664.0052555, "device_end": 1585585664.0070515}, "cmdq": 1, "read": {"device_start": -1, "device_end": -1}}, "FFC_sans_bias34": {"write": {"device_start": 1585585664.0118475, "host_queued_start": 1585585729.393662, "device_queued": 1585585664.003517, "device_end": 1585585664.0118787, "host_queued_end": 1585585729.393764}, "device": "gpu", "nd_range": {"device_start": 1585585664.0118866, "device_end": 1585585664.0135913}, "cmdq": 0, "read": {"device_start": 1585585664.0135942, "device_end": 1585585664.0136163}}, "FFC_sans_bias15": {"write": {"device_start": -1, "host_queued_start": 1585585729.388812, "device_queued": -1, "device_end": -1, "host_queued_end": 1585585729.393764}, "device": "gpu", "nd_range": {"device_start": 1585585664.0095882, "device_end": 1585585664.0101926}, "cmdq": 4, "read": {"device_start": -1, "device_end": -1}}, "FFC_sans_bias31": {"write": {"device_start": -1, "host_queued_start": 1585585729.387223, "device_queued": -1, "device_end": -1, "host_queued_end": 1585585729.393764}, "device": "gpu", "nd_range": {"device_start": 1585585664.0071785, "device_end": 1585585664.00913}, "cmdq": 3, "read": {"device_start": -1, "device_end": -1}}, "FFC_sans_bias16": {"write": {"device_start": 1585585664.011697, "host_queued_start": 1585585729.391602, "device_queued": 1585585664.0031993, "device_end": 1585585664.0117283, "host_queued_end": 1585585729.393764}, "device": "gpu", "nd_range": {"device_start": 1585585664.011735, "device_end": 1585585664.0131848}, "cmdq": 3, "read": {"device_start": 1585585664.0131884, "device_end": 1585585664.0132108}}, "FFC_sans_bias19": {"write": {"device_start": 1585585664.003018, "host_queued_start": 1585585729.380513, "device_queued": 1585585664.0017283, "device_end": 1585585664.0030487, "host_queued_end": 1585585729.393764}, "device": "gpu", "nd_range": {"device_start": 1585585664.0030549, "device_end": 1585585664.0052545}, "cmdq": 1, "read": {"device_start": -1, "device_end": -1}}, "FFC_sans_bias18": {"write": {"device_start": 1585585664.00238, "host_queued_start": 1585585729.379487, "device_queued": 1585585664.0016718, "device_end": 1585585664.0024095, "host_queued_end": 1585585729.393764}, "device": "gpu", "nd_range": {"device_start": 1585585664.0024157, "device_end": 1585585664.0047367}, "cmdq": 0, "read": {"device_start": -1, "device_end": -1}}, "coalesced_transpose30": {"write": {"device_start": -1, "host_queued_start": 1585585729.385938, "device_queued": -1, "device_end": -1, "host_queued_end": 1585585729.393764}, "device": "gpu", "nd_range": {"device_start": 1585585664.006685, "device_end": 1585585664.0070767}, "cmdq": 4, "read": {"device_start": -1, "device_end": -1}}, "empty26": {"write": {"device_start": 1585585664.000995, "host_queued_start": 1585585729.371355, "device_queued": 1585585664.0007493, "device_end": 1585585664.0010765, "host_queued_end": 1585585729.393764}, "device": "gpu", "nd_range": {"device_start": 1585585664.001083, "device_end": 1585585664.0010886}, "cmdq": 2, "read": {"device_start": -1, "device_end": -1}}, "coalesced_transpose12": {"write": {"device_start": -1, "host_queued_start": 1585585729.385338, "device_queued": -1, "device_end": -1, "host_queued_end": 1585585729.393764}, "device": "gpu", "nd_range": {"device_start": 1585585664.0056987, "device_end": 1585585664.007061}, "cmdq": 2, "read": {"device_start": -1, "device_end": -1}}, "coalesced_transpose21": {"write": {"device_start": -1, "host_queued_start": 1585585729.385638, "device_queued": -1, "device_end": -1, "host_queued_end": 1585585729.393764}, "device": "gpu", "nd_range": {"device_start": 1585585664.0062404, "device_end": 1585585664.0070646}, "cmdq": 3, "read": {"device_start": -1, "device_end": -1}}, "softmax14": {"write": {"device_start": -1, "host_queued_start": 1585585729.387715, "device_queued": -1, "device_end": -1, "host_queued_end": 1585585729.393764}, "device": "gpu", "nd_range": {"device_start": 1585585664.0081737, "device_end": 1585585664.0095658}, "cmdq": 0, "read": {"device_start": -1, "device_end": -1}}, "FFC_sans_bias13": {"write": {"device_start": -1, "host_queued_start": 1585585729.386565, "device_queued": -1,