{"FFC_sans_bias4": {"write": {"device_start": -1, "host_queued_start": 1585585490.309386, "device_queued": -1, "device_end": -1, "host_queued_end": 1585585490.311113}, "device": "cpu", "nd_range": {"device_start": 2253264.5131141413, "device_end": 2253264.5170290354}, "cmdq": 0, "read": {"device_start": -1, "device_end": -1}}, "FFC_sans_bias7": {"write": {"device_start": -1, "host_queued_start": 1585585490.311068, "device_queued": -1, "device_end": -1, "host_queued_end": 1585585490.311113}, "device": "cpu", "nd_range": {"device_start": 2253264.522180331, "device_end": 2253264.526521965}, "cmdq": 0, "read": {"device_start": -1, "device_end": -1}}, "FFC_sans_bias6": {"write": {"device_start": -1, "host_queued_start": 1585585490.309998, "device_queued": -1, "device_end": -1, "host_queued_end": 1585585490.311113}, "device": "cpu", "nd_range": {"device_start": 2253264.517335279, "device_end": 2253264.522174327}, "cmdq": 0, "read": {"device_start": -1, "device_end": -1}}, "FFC_sans_bias1": {"write": {"device_start": -1, "host_queued_start": 1585585490.307567, "device_queued": -1, "device_end": -1, "host_queued_end": 1585585490.311113}, "device": "cpu", "nd_range": {"device_start": 2253264.504858525, "device_end": 2253264.508923932}, "cmdq": 0, "read": {"device_start": -1, "device_end": -1}}, "FFC_sans_bias0": {"write": {"device_start": -1, "host_queued_start": 1585585490.306388, "device_queued": -1, "device_end": -1, "host_queued_end": 1585585490.311113}, "device": "cpu", "nd_range": {"device_start": 2253264.500715388, "device_end": 2253264.504848667}, "cmdq": 0, "read": {"device_start": -1, "device_end": -1}}, "FFC_sans_bias2": {"write": {"device_start": -1, "host_queued_start": 1585585490.308715, "device_queued": -1, "device_end": -1, "host_queued_end": 1585585490.311113}, "device": "cpu", "nd_range": {"device_start": 2253264.5089415703, "device_end": 2253264.5129647283}, "cmdq": 0, "read": {"device_start": -1, "device_end": -1}}, "FFC_sans_bias9": {"write": {"device_start": 1585585424.9174, "host_queued_start": 1585585490.288414, "device_queued": 1585585424.9172177, "device_end": 1585585424.9174266, "host_queued_end": 1585585490.303647}, "device": "gpu", "nd_range": {"device_start": 1585585424.917438, "device_end": 1585585424.9180393}, "cmdq": 1, "read": {"device_start": -1, "device_end": -1}}, "softmax23": {"write": {"device_start": -1, "host_queued_start": 1585585490.299229, "device_queued": -1, "device_end": -1, "host_queued_end": 1585585490.303647}, "device": "gpu", "nd_range": {"device_start": 1585585424.9234526, "device_end": 1585585424.9236507}, "cmdq": 1, "read": {"device_start": -1, "device_end": -1}}, "FFC_sans_bias11": {"write": {"device_start": 1585585424.9181392, "host_queued_start": 1585585490.290499, "device_queued": 1585585424.9174833, "device_end": 1585585424.918175, "host_queued_end": 1585585490.303647}, "device": "gpu", "nd_range": {"device_start": 1585585424.9181776, "device_end": 1585585424.9190059}, "cmdq": 1, "read": {"device_start": -1, "device_end": -1}}, "FFC_sans_bias10": {"write": {"device_start": 1585585424.9175413, "host_queued_start": 1585585490.289455, "device_queued": 1585585424.9174407, "device_end": 1585585424.9175715, "host_queued_end": 1585585490.303647}, "device": "gpu", "nd_range": {"device_start": 1585585424.9175746, "device_end": 1585585424.9184506}, "cmdq": 0, "read": {"device_start": -1, "device_end": -1}}, "coalesced_transpose3": {"write": {"device_start": -1, "host_queued_start": 1585585490.309044, "device_queued": -1, "device_end": -1, "host_queued_end": 1585585490.311113}, "device": "cpu", "nd_range": {"device_start": 2253264.512969889, "device_end": 2253264.51310194}, "cmdq": 0, "read": {"device_start": -1, "device_end": -1}}, "FFC_sans_bias34": {"write": {"device_start": 1585585424.925841, "host_queued_start": 1585585490.30354, "device_queued": 1585585424.9190702, "device_end": 1585585424.9258661, "host_queued_end": 1585585490.303647}, "device": "gpu", "nd_range": {"device_start": 1585585424.9258723, "device_end": 1585585424.9266248}, "cmdq": 0, "read": {"device_start": 1585585424.9266279, "device_end": 1585585424.9266498}}, "FFC_sans_bias15": {"write": {"device_start": -1, "host_queued_start": 1585585490.299785, "device_queued": -1, "device_end": -1, "host_queued_end": 1585585490.303647}, "device": "gpu", "nd_range": {"device_start": 1585585424.923655, "device_end": 1585585424.9242601}, "cmdq": 1, "read": {"device_start": -1, "device_end": -1}}, "FFC_sans_bias31": {"write": {"device_start": -1, "host_queued_start": 1585585490.298732, "device_queued": -1, "device_end": -1, "host_queued_end": 1585585490.303647}, "device": "gpu", "nd_range": {"device_start": 1585585424.9224796, "device_end": 1585585424.9234476}, "cmdq": 1, "read": {"device_start": -1, "device_end": -1}}, "FFC_sans_bias16": {"write": {"device_start": 1585585424.9247763, "host_queued_start": 1585585490.301427, "device_queued": 1585585424.9188256, "device_end": 1585585424.924802, "host_queued_end": 1585585490.303647}, "device": "gpu", "nd_range": {"device_start": 1585585424.9248083, "device_end": 1585585424.9256604}, "cmdq": 0, "read": {"device_start": 1585585424.9256628, "device_end": 1585585424.9256864}}, "FFC_sans_bias19": {"write": {"device_start": 1585585424.9191022, "host_queued_start": 1585585490.292617, "device_queued": 1585585424.9176705, "device_end": 1585585424.9191298, "host_queued_end": 1585585490.303647}, "device": "gpu", "nd_range": {"device_start": 1585585424.9191344, "device_end": 1585585424.9199705}, "cmdq": 1, "read": {"device_start": -1, "device_end": -1}}, "FFC_sans_bias18": {"write": {"device_start": 1585585424.9185588, "host_queued_start": 1585585490.291587, "device_queued": 1585585424.9176302, "device_end": 1585585424.9185908, "host_queued_end": 1585585490.303647}, "device": "gpu", "nd_range": {"device_start": 1585585424.9185946, "device_end": 1585585424.9194534}, "cmdq": 0, "read": {"device_start": -1, "device_end": -1}}, "coalesced_transpose30": {"write": {"device_start": -1, "host_queued_start": 1585585490.297715, "device_queued": -1, "device_end": -1, "host_queued_end": 1585585490.303647}, "device": "gpu", "nd_range": {"device_start": 1585585424.921767, "device_end": 1585585424.9217875}, "cmdq": 0, "read": {"device_start": -1, "device_end": -1}}, "empty26": {"write": {"device_start": 1585585424.91721, "host_queued_start": 1585585490.286502, "device_queued": 1585585424.917084, "device_end": 1585585424.9172697, "host_queued_end": 1585585490.303647}, "device": "gpu", "nd_range": {"device_start": 1585585424.9172785, "device_end": 1585585424.9172828}, "cmdq": 1, "read": {"device_start": -1, "device_end": -1}}, "coalesced_transpose12": {"write": {"device_start": -1, "host_queued_start": 1585585490.297103, "device_queued": -1, "device_end": -1, "host_queued_end": 1585585490.303647}, "device": "gpu", "nd_range": {"device_start": 1585585424.9214299, "device_end": 1585585424.921766}, "cmdq": 0, "read": {"device_start": -1, "device_end": -1}}, "coalesced_transpose21": {"write": {"device_start": -1, "host_queued_start": 1585585490.297404, "device_queued": -1, "device_end": -1, "host_queued_end": 1585585490.303647}, "device": "gpu", "nd_range": {"device_start": 1585585424.9218557, "device_end": 1585585424.921866}, "cmdq": 1, "read": {"device_start": -1, "device_end": -1}}, "softmax14": {"write": {"device_start": -1, "host_queued_start": 1585585490.298983, "device_queued": -1, "device_end": -1, "host_queued_end": 1585585490.303647}, "device": "gpu", "nd_range": {"device_start": 1585585424.922891, "device_end": 1585585424.9235106}, "cmdq": 0, "read": {"device_start": -1, "device_end": -1}}, "FFC_sans_bias13": {"write": {"device_start": -1, "host_queued_start": 1585585490.298036, "device_queued": -1, "device_end": -1, "host_queued_end": 1585585490.303647}, "device": "gpu", "nd_range": {"device_start": 1585585424.9218714, "device_end": 1585585424.9224749}, "cmdq": 1, "read": {"device_start": -1, "device_end": -1}},