{"FFC_sans_bias4": {"write": {"device_start": -1, "host_queued_start": 1585585689.158342, "device_queued": -1, "device_end": -1, "host_queued_end": 1585585689.165928}, "device": "gpu", "nd_range": {"device_start": 1585585623.7803051, "device_end": 1585585623.7809117}, "cmdq": 0, "read": {"device_start": -1, "device_end": -1}}, "FFC_sans_bias7": {"write": {"device_start": 1585585623.782613, "host_queued_start": 1585585689.162694, "device_queued": 1585585623.7763784, "device_end": 1585585623.7826438, "host_queued_end": 1585585689.165928}, "device": "gpu", "nd_range": {"device_start": 1585585623.7837365, "device_end": 1585585623.785245}, "cmdq": 2, "read": {"device_start": 1585585623.7852514, "device_end": 1585585623.7852745}}, "FFC_sans_bias6": {"write": {"device_start": -1, "host_queued_start": 1585585689.160628, "device_queued": -1, "device_end": -1, "host_queued_end": 1585585689.165928}, "device": "gpu", "nd_range": {"device_start": 1585585623.7827227, "device_end": 1585585623.783719}, "cmdq": 3, "read": {"device_start": -1, "device_end": -1}}, "FFC_sans_bias1": {"write": {"device_start": 1585585623.7745266, "host_queued_start": 1585585689.146262, "device_queued": 1585585623.774416, "device_end": 1585585623.7745564, "host_queued_end": 1585585689.165928}, "device": "gpu", "nd_range": {"device_start": 1585585623.7745588, "device_end": 1585585623.7754316}, "cmdq": 0, "read": {"device_start": -1, "device_end": -1}}, "FFC_sans_bias0": {"write": {"device_start": 1585585623.7743897, "host_queued_start": 1585585689.145189, "device_queued": 1585585623.7742918, "device_end": 1585585623.774415, "host_queued_end": 1585585689.165928}, "device": "gpu", "nd_range": {"device_start": 1585585623.7744257, "device_end": 1585585623.77502}, "cmdq": 4, "read": {"device_start": -1, "device_end": -1}}, "FFC_sans_bias2": {"write": {"device_start": 1585585623.7746828, "host_queued_start": 1585585689.147381, "device_queued": 1585585623.774586, "device_end": 1585585623.7747464, "host_queued_end": 1585585689.165928}, "device": "gpu", "nd_range": {"device_start": 1585585623.7748709, "device_end": 1585585623.7759786}, "cmdq": 1, "read": {"device_start": -1, "device_end": -1}}, "FFC_sans_bias9": {"write": {"device_start": 1585585623.7747629, "host_queued_start": 1585585689.148442, "device_queued": 1585585623.7746136, "device_end": 1585585623.7748265, "host_queued_end": 1585585689.165928}, "device": "gpu", "nd_range": {"device_start": 1585585623.774895, "device_end": 1585585623.776437}, "cmdq": 2, "read": {"device_start": -1, "device_end": -1}}, "softmax23": {"write": {"device_start": -1, "host_queued_start": 1585585689.160076, "device_queued": -1, "device_end": -1, "host_queued_end": 1585585689.165928}, "device": "gpu", "nd_range": {"device_start": 1585585623.781891, "device_end": 1585585623.7827022}, "cmdq": 1, "read": {"device_start": -1, "device_end": -1}}, "FFC_sans_bias11": {"write": {"device_start": 1585585623.7751257, "host_queued_start": 1585585689.150512, "device_queued": 1585585623.774645, "device_end": 1585585623.7751505, "host_queued_end": 1585585689.165928}, "device": "gpu", "nd_range": {"device_start": 1585585623.7751575, "device_end": 1585585623.7774262}, "cmdq": 4, "read": {"device_start": -1, "device_end": -1}}, "FFC_sans_bias10": {"write": {"device_start": 1585585623.7748513, "host_queued_start": 1585585689.149481, "device_queued": 1585585623.774628, "device_end": 1585585623.7748768, "host_queued_end": 1585585689.165928}, "device": "gpu", "nd_range": {"device_start": 1585585623.7749116, "device_end": 1585585623.776949}, "cmdq": 3, "read": {"device_start": -1, "device_end": -1}}, "coalesced_transpose3": {"write": {"device_start": -1, "host_queued_start": 1585585689.157089, "device_queued": -1, "device_end": -1, "host_queued_end": 1585585689.165928}, "device": "gpu", "nd_range": {"device_start": 1585585623.778419, "device_end": 1585585623.7802024}, "cmdq": 1, "read": {"device_start": -1, "device_end": -1}}, "FFC_sans_bias34": {"write": {"device_start": 1585585623.7848308, "host_queued_start": 1585585689.165828, "device_queued": 1585585623.776784, "device_end": 1585585623.7848618, "host_queued_end": 1585585689.165928}, "device": "gpu", "nd_range": {"device_start": 1585585623.784873, "device_end": 1585585623.7866914}, "cmdq": 0, "read": {"device_start": 1585585623.7866988, "device_end": 1585585623.7867208}}, "FFC_sans_bias15": {"write": {"device_start": -1, "host_queued_start": 1585585689.160934, "device_queued": -1, "device_end": -1, "host_queued_end": 1585585689.165928}, "device": "gpu", "nd_range": {"device_start": 1585585623.782736, "device_end": 1585585623.7842968}, "cmdq": 4, "read": {"device_start": -1, "device_end": -1}}, "FFC_sans_bias31": {"write": {"device_start": -1, "host_queued_start": 1585585689.159342, "device_queued": -1, "device_end": -1, "host_queued_end": 1585585689.165928}, "device": "gpu", "nd_range": {"device_start": 1585585623.7803378, "device_end": 1585585623.7822888}, "cmdq": 3, "read": {"device_start": -1, "device_end": -1}}, "FFC_sans_bias16": {"write": {"device_start": 1585585623.7838404, "host_queued_start": 1585585689.163761, "device_queued": 1585585623.7765355, "device_end": 1585585623.7838712, "host_queued_end": 1585585689.165928}, "device": "gpu", "nd_range": {"device_start": 1585585623.7843034, "device_end": 1585585623.7857122}, "cmdq": 3, "read": {"device_start": 1585585623.7857137, "device_end": 1585585623.785737}}, "FFC_sans_bias19": {"write": {"device_start": 1585585623.7760804, "host_queued_start": 1585585689.152599, "device_queued": 1585585623.7751138, "device_end": 1585585623.7761111, "host_queued_end": 1585585689.165928}, "device": "gpu", "nd_range": {"device_start": 1585585623.7761161, "device_end": 1585585623.778418}, "cmdq": 1, "read": {"device_start": -1, "device_end": -1}}, "FFC_sans_bias18": {"write": {"device_start": 1585585623.7755325, "host_queued_start": 1585585689.15157, "device_queued": 1585585623.77505, "device_end": 1585585623.7755585, "host_queued_end": 1585585689.165928}, "device": "gpu", "nd_range": {"device_start": 1585585623.7755692, "device_end": 1585585623.7778955}, "cmdq": 0, "read": {"device_start": -1, "device_end": -1}}, "coalesced_transpose30": {"write": {"device_start": -1, "host_queued_start": 1585585689.158016, "device_queued": -1, "device_end": -1, "host_queued_end": 1585585689.165928}, "device": "gpu", "nd_range": {"device_start": 1585585623.7798226, "device_end": 1585585623.7802227}, "cmdq": 4, "read": {"device_start": -1, "device_end": -1}}, "empty26": {"write": {"device_start": 1585585623.774216, "host_queued_start": 1585585689.143349, "device_queued": 1585585623.7740128, "device_end": 1585585623.7742782, "host_queued_end": 1585585689.165928}, "device": "gpu", "nd_range": {"device_start": 1585585623.7743862, "device_end": 1585585623.774405}, "cmdq": 2, "read": {"device_start": -1, "device_end": -1}}, "coalesced_transpose12": {"write": {"device_start": -1, "host_queued_start": 1585585689.157392, "device_queued": -1, "device_end": -1, "host_queued_end": 1585585689.165928}, "device": "gpu", "nd_range": {"device_start": 1585585623.7788568, "device_end": 1585585623.7802188}, "cmdq": 2, "read": {"device_start": -1, "device_end": -1}}, "coalesced_transpose21": {"write": {"device_start": -1, "host_queued_start": 1585585689.157708, "device_queued": -1, "device_end": -1, "host_queued_end": 1585585689.165928}, "device": "gpu", "nd_range": {"device_start": 1585585623.7793963, "device_end": 1585585623.7802205}, "cmdq": 3, "read": {"device_start": -1, "device_end": -1}}, "softmax14": {"write": {"device_start": -1, "host_queued_start": 1585585689.159836, "device_queued": -1, "device_end": -1, "host_queued_end": 1585585689.165928}, "device": "gpu", "nd_range": {"device_start": 1585585623.781325, "device_end": 1585585623.7827}, "cmdq": 0, "read": {"device_start": -1, "device_end": -1}}, "FFC_sans_bias13": {"write": {"device_start": -1, "host_queued_start": 1585585689.158725, "device_queued": -1,