{"FFC_sans_bias4": {"write": {"device_start": -1, "host_queued_start": 1585585611.229921, "device_queued": -1, "device_end": -1, "host_queued_end": 1585585611.231748}, "device": "cpu", "nd_range": {"device_start": 2253385.429579386, "device_end": 2253385.440942159}, "cmdq": 0, "read": {"device_start": -1, "device_end": -1}}, "FFC_sans_bias7": {"write": {"device_start": -1, "host_queued_start": 1585585611.231703, "device_queued": -1, "device_end": -1, "host_queued_end": 1585585611.231748}, "device": "cpu", "nd_range": {"device_start": 2253385.445076939, "device_end": 2253385.449924339}, "cmdq": 3, "read": {"device_start": -1, "device_end": -1}}, "FFC_sans_bias6": {"write": {"device_start": -1, "host_queued_start": 1585585611.230536, "device_queued": -1, "device_end": -1, "host_queued_end": 1585585611.231748}, "device": "cpu", "nd_range": {"device_start": 2253385.4410830983, "device_end": 2253385.445067548}, "cmdq": 2, "read": {"device_start": -1, "device_end": -1}}, "FFC_sans_bias1": {"write": {"device_start": -1, "host_queued_start": 1585585611.228056, "device_queued": -1, "device_end": -1, "host_queued_end": 1585585611.231748}, "device": "cpu", "nd_range": {"device_start": 2253385.42135223, "device_end": 2253385.4291346553}, "cmdq": 2, "read": {"device_start": -1, "device_end": -1}}, "FFC_sans_bias0": {"write": {"device_start": -1, "host_queued_start": 1585585611.226748, "device_queued": -1, "device_end": -1, "host_queued_end": 1585585611.231748}, "device": "cpu", "nd_range": {"device_start": 2253385.4213435613, "device_end": 2253385.43630588}, "cmdq": 1, "read": {"device_start": -1, "device_end": -1}}, "FFC_sans_bias2": {"write": {"device_start": -1, "host_queued_start": 1585585611.229201, "device_queued": -1, "device_end": -1, "host_queued_end": 1585585611.231748}, "device": "cpu", "nd_range": {"device_start": 2253385.421362201, "device_end": 2253385.432927972}, "cmdq": 3, "read": {"device_start": -1, "device_end": -1}}, "FFC_sans_bias9": {"write": {"device_start": 1585585545.834393, "host_queued_start": 1585585611.208567, "device_queued": 1585585545.8340983, "device_end": 1585585545.834451, "host_queued_end": 1585585611.223831}, "device": "gpu", "nd_range": {"device_start": 1585585545.8344567, "device_end": 1585585545.8350687}, "cmdq": 0, "read": {"device_start": -1, "device_end": -1}}, "softmax23": {"write": {"device_start": -1, "host_queued_start": 1585585611.219412, "device_queued": -1, "device_end": -1, "host_queued_end": 1585585611.223831}, "device": "gpu", "nd_range": {"device_start": 1585585545.8398774, "device_end": 1585585545.840568}, "cmdq": 1, "read": {"device_start": -1, "device_end": -1}}, "FFC_sans_bias11": {"write": {"device_start": 1585585545.8346055, "host_queued_start": 1585585611.210737, "device_queued": 1585585545.834342, "device_end": 1585585545.834636, "host_queued_end": 1585585611.223831}, "device": "gpu", "nd_range": {"device_start": 1585585545.8346465, "device_end": 1585585545.8360376}, "cmdq": 2, "read": {"device_start": -1, "device_end": -1}}, "FFC_sans_bias10": {"write": {"device_start": 1585585545.8345056, "host_queued_start": 1585585611.209639, "device_queued": 1585585545.834311, "device_end": 1585585545.8345644, "host_queued_end": 1585585611.223831}, "device": "gpu", "nd_range": {"device_start": 1585585545.8345678, "device_end": 1585585545.8354723}, "cmdq": 1, "read": {"device_start": -1, "device_end": -1}}, "coalesced_transpose3": {"write": {"device_start": -1, "host_queued_start": 1585585611.229552, "device_queued": -1, "device_end": -1, "host_queued_end": 1585585611.231748}, "device": "cpu", "nd_range": {"device_start": 2253385.429242901, "device_end": 2253385.429477957}, "cmdq": 4, "read": {"device_start": -1, "device_end": -1}}, "FFC_sans_bias34": {"write": {"device_start": 1585585545.85221, "host_queued_start": 1585585611.22373, "device_queued": 1585585545.8360088, "device_end": 1585585545.8522704, "host_queued_end": 1585585611.223831}, "device": "gpu", "nd_range": {"device_start": 1585585545.8522737, "device_end": 1585585545.8531938}, "cmdq": 2, "read": {"device_start": 1585585545.8532014, "device_end": 1585585545.8532238}}, "FFC_sans_bias15": {"write": {"device_start": -1, "host_queued_start": 1585585611.219971, "device_queued": -1, "device_end": -1, "host_queued_end": 1585585611.223831}, "device": "gpu", "nd_range": {"device_start": 1585585545.8401654, "device_end": 1585585545.8408475}, "cmdq": 0, "read": {"device_start": -1, "device_end": -1}}, "FFC_sans_bias31": {"write": {"device_start": -1, "host_queued_start": 1585585611.218907, "device_queued": -1, "device_end": -1, "host_queued_end": 1585585611.223831}, "device": "gpu", "nd_range": {"device_start": 1585585545.8397937, "device_end": 1585585545.8404024}, "cmdq": 2, "read": {"device_start": -1, "device_end": -1}}, "FFC_sans_bias16": {"write": {"device_start": 1585585545.8409858, "host_queued_start": 1585585611.221609, "device_queued": 1585585545.8358362, "device_end": 1585585545.841016, "host_queued_end": 1585585611.223831}, "device": "gpu", "nd_range": {"device_start": 1585585545.841023, "device_end": 1585585545.841826}, "cmdq": 0, "read": {"device_start": 1585585545.841832, "device_end": 1585585545.8418562}}, "FFC_sans_bias19": {"write": {"device_start": 1585585545.8356175, "host_queued_start": 1585585611.212834, "device_queued": 1585585545.8346517, "device_end": 1585585545.8356485, "host_queued_end": 1585585611.223831}, "device": "gpu", "nd_range": {"device_start": 1585585545.8356519, "device_end": 1585585545.8370097}, "cmdq": 1, "read": {"device_start": -1, "device_end": -1}}, "FFC_sans_bias18": {"write": {"device_start": 1585585545.8352013, "host_queued_start": 1585585611.211776, "device_queued": 1585585545.8346055, "device_end": 1585585545.8352318, "host_queued_end": 1585585611.223831}, "device": "gpu", "nd_range": {"device_start": 1585585545.8352363, "device_end": 1585585545.8364725}, "cmdq": 0, "read": {"device_start": -1, "device_end": -1}}, "coalesced_transpose30": {"write": {"device_start": -1, "host_queued_start": 1585585611.217926, "device_queued": -1, "device_end": -1, "host_queued_end": 1585585611.223831}, "device": "gpu", "nd_range": {"device_start": 1585585545.8389297, "device_end": 1585585545.8397927}, "cmdq": 2, "read": {"device_start": -1, "device_end": -1}}, "empty26": {"write": {"device_start": 1585585545.8341815, "host_queued_start": 1585585611.20672, "device_queued": 1585585545.8340137, "device_end": 1585585545.834257, "host_queued_end": 1585585611.223831}, "device": "gpu", "nd_range": {"device_start": 1585585545.834262, "device_end": 1585585545.8342729}, "cmdq": 1, "read": {"device_start": -1, "device_end": -1}}, "coalesced_transpose12": {"write": {"device_start": -1, "host_queued_start": 1585585611.217328, "device_queued": -1, "device_end": -1, "host_queued_end": 1585585611.223831}, "device": "gpu", "nd_range": {"device_start": 1585585545.8379583, "device_end": 1585585545.8387938}, "cmdq": 0, "read": {"device_start": -1, "device_end": -1}}, "coalesced_transpose21": {"write": {"device_start": -1, "host_queued_start": 1585585611.217629, "device_queued": -1, "device_end": -1, "host_queued_end": 1585585611.223831}, "device": "gpu", "nd_range": {"device_start": 1585585545.8384576, "device_end": 1585585545.8388112}, "cmdq": 1, "read": {"device_start": -1, "device_end": -1}}, "softmax14": {"write": {"device_start": -1, "host_queued_start": 1585585611.219165, "device_queued": -1, "device_end": -1, "host_queued_end": 1585585611.223831}, "device": "gpu", "nd_range": {"device_start": 1585585545.8394127, "device_end": 1585585545.8401642}, "cmdq": 0, "read": {"device_start": -1, "device_end": -1}}, "FFC_sans_bias13": {"write": {"device_start": -1, "host_queued_start": 1585585611.218242, "device_queued": -1, "device_end": -1, "host_queued_end": 1585585611.223831}, "device": "gpu", "nd_range": {"device_start": 1585585545.8387952, "device_end": 1585585545.8394115}, "cmdq": 0, "read": {"device_start": -1, "device_end": -1}},