{"FFC_sans_bias4": {"write": {"device_start": -1, "host_queued_start": 1585585678.386498, "device_queued": -1, "device_end": -1, "host_queued_end": 1585585678.388334}, "device": "cpu", "nd_range": {"device_start": 2253452.589962015, "device_end": 2253452.597539682}, "cmdq": 0, "read": {"device_start": -1, "device_end": -1}}, "FFC_sans_bias7": {"write": {"device_start": -1, "host_queued_start": 1585585678.388289, "device_queued": -1, "device_end": -1, "host_queued_end": 1585585678.388334}, "device": "cpu", "nd_range": {"device_start": 2253452.6016838984, "device_end": 2253452.606719234}, "cmdq": 3, "read": {"device_start": -1, "device_end": -1}}, "FFC_sans_bias6": {"write": {"device_start": -1, "host_queued_start": 1585585678.387144, "device_queued": -1, "device_end": -1, "host_queued_end": 1585585678.388334}, "device": "cpu", "nd_range": {"device_start": 2253452.5976717994, "device_end": 2253452.601665309}, "cmdq": 2, "read": {"device_start": -1, "device_end": -1}}, "FFC_sans_bias1": {"write": {"device_start": -1, "host_queued_start": 1585585678.384678, "device_queued": -1, "device_end": -1, "host_queued_end": 1585585678.388334}, "device": "cpu", "nd_range": {"device_start": 2253452.577937278, "device_end": 2253452.589681513}, "cmdq": 2, "read": {"device_start": -1, "device_end": -1}}, "FFC_sans_bias0": {"write": {"device_start": -1, "host_queued_start": 1585585678.383337, "device_queued": -1, "device_end": -1, "host_queued_end": 1585585678.388334}, "device": "cpu", "nd_range": {"device_start": 2253452.577921164, "device_end": 2253452.5856507253}, "cmdq": 1, "read": {"device_start": -1, "device_end": -1}}, "FFC_sans_bias2": {"write": {"device_start": -1, "host_queued_start": 1585585678.385762, "device_queued": -1, "device_end": -1, "host_queued_end": 1585585678.388334}, "device": "cpu", "nd_range": {"device_start": 2253452.5779318972, "device_end": 2253452.589572065}, "cmdq": 3, "read": {"device_start": -1, "device_end": -1}}, "FFC_sans_bias9": {"write": {"device_start": 1585585612.9893405, "host_queued_start": 1585585678.36544, "device_queued": 1585585612.989074, "device_end": 1585585612.989366, "host_queued_end": 1585585678.380605}, "device": "gpu", "nd_range": {"device_start": 1585585612.9893694, "device_end": 1585585612.9899807}, "cmdq": 3, "read": {"device_start": -1, "device_end": -1}}, "softmax23": {"write": {"device_start": -1, "host_queued_start": 1585585678.376216, "device_queued": -1, "device_end": -1, "host_queued_end": 1585585678.380605}, "device": "gpu", "nd_range": {"device_start": 1585585612.9948368, "device_end": 1585585612.9956102}, "cmdq": 3, "read": {"device_start": -1, "device_end": -1}}, "FFC_sans_bias11": {"write": {"device_start": 1585585612.9895842, "host_queued_start": 1585585678.367605, "device_queued": 1585585612.9894178, "device_end": 1585585612.989653, "host_queued_end": 1585585678.380605}, "device": "gpu", "nd_range": {"device_start": 1585585612.989657, "device_end": 1585585612.9909701}, "cmdq": 1, "read": {"device_start": -1, "device_end": -1}}, "FFC_sans_bias10": {"write": {"device_start": 1585585612.9894881, "host_queued_start": 1585585678.366501, "device_queued": 1585585612.9893637, "device_end": 1585585612.9895597, "host_queued_end": 1585585678.380605}, "device": "gpu", "nd_range": {"device_start": 1585585612.9895632, "device_end": 1585585612.9903865}, "cmdq": 0, "read": {"device_start": -1, "device_end": -1}}, "coalesced_transpose3": {"write": {"device_start": -1, "host_queued_start": 1585585678.386123, "device_queued": -1, "device_end": -1, "host_queued_end": 1585585678.388334}, "device": "cpu", "nd_range": {"device_start": 2253452.5897015953, "device_end": 2253452.589788339}, "cmdq": 4, "read": {"device_start": -1, "device_end": -1}}, "FFC_sans_bias34": {"write": {"device_start": 1585585612.9972808, "host_queued_start": 1585585678.380509, "device_queued": 1585585612.990908, "device_end": 1585585612.9973059, "host_queued_end": 1585585678.380605}, "device": "gpu", "nd_range": {"device_start": 1585585612.9973137, "device_end": 1585585612.9986115}, "cmdq": 2, "read": {"device_start": 1585585612.9986193, "device_end": 1585585612.9986427}}, "FFC_sans_bias15": {"write": {"device_start": -1, "host_queued_start": 1585585678.376762, "device_queued": -1, "device_end": -1, "host_queued_end": 1585585678.380605}, "device": "gpu", "nd_range": {"device_start": 1585585612.9956255, "device_end": 1585585612.9966235}, "cmdq": 1, "read": {"device_start": -1, "device_end": -1}}, "FFC_sans_bias31": {"write": {"device_start": -1, "host_queued_start": 1585585678.37573, "device_queued": -1, "device_end": -1, "host_queued_end": 1585585678.380605}, "device": "gpu", "nd_range": {"device_start": 1585585612.9938316, "device_end": 1585585612.9953122}, "cmdq": 1, "read": {"device_start": -1, "device_end": -1}}, "FFC_sans_bias16": {"write": {"device_start": 1585585612.995667, "host_queued_start": 1585585678.378399, "device_queued": 1585585612.9907615, "device_end": 1585585612.9956994, "host_queued_end": 1585585678.380605}, "device": "gpu", "nd_range": {"device_start": 1585585612.9966328, "device_end": 1585585612.9976199}, "cmdq": 0, "read": {"device_start": 1585585612.9976254, "device_end": 1585585612.9976482}}, "FFC_sans_bias19": {"write": {"device_start": 1585585612.9900908, "host_queued_start": 1585585678.369674, "device_queued": 1585585612.9895976, "device_end": 1585585612.990121, "host_queued_end": 1585585678.380605}, "device": "gpu", "nd_range": {"device_start": 1585585612.9901266, "device_end": 1585585612.9919143}, "cmdq": 3, "read": {"device_start": -1, "device_end": -1}}, "FFC_sans_bias18": {"write": {"device_start": 1585585612.9897084, "host_queued_start": 1585585678.368642, "device_queued": 1585585612.989573, "device_end": 1585585612.9897394, "host_queued_end": 1585585678.380605}, "device": "gpu", "nd_range": {"device_start": 1585585612.9897437, "device_end": 1585585612.9913929}, "cmdq": 2, "read": {"device_start": -1, "device_end": -1}}, "coalesced_transpose30": {"write": {"device_start": -1, "host_queued_start": 1585585678.374783, "device_queued": -1, "device_end": -1, "host_queued_end": 1585585678.380605}, "device": "gpu", "nd_range": {"device_start": 1585585612.9933753, "device_end": 1585585612.993728}, "cmdq": 2, "read": {"device_start": -1, "device_end": -1}}, "empty26": {"write": {"device_start": 1585585612.9891407, "host_queued_start": 1585585678.36359, "device_queued": 1585585612.9889777, "device_end": 1585585612.9892113, "host_queued_end": 1585585678.380605}, "device": "gpu", "nd_range": {"device_start": 1585585612.9892159, "device_end": 1585585612.9892209}, "cmdq": 1, "read": {"device_start": -1, "device_end": -1}}, "coalesced_transpose12": {"write": {"device_start": -1, "host_queued_start": 1585585678.374158, "device_queued": -1, "device_end": -1, "host_queued_end": 1585585678.380605}, "device": "gpu", "nd_range": {"device_start": 1585585612.9923909, "device_end": 1585585612.9937053}, "cmdq": 0, "read": {"device_start": -1, "device_end": -1}}, "coalesced_transpose21": {"write": {"device_start": -1, "host_queued_start": 1585585678.374461, "device_queued": -1, "device_end": -1, "host_queued_end": 1585585678.380605}, "device": "gpu", "nd_range": {"device_start": 1585585612.9928572, "device_end": 1585585612.9937181}, "cmdq": 1, "read": {"device_start": -1, "device_end": -1}}, "softmax14": {"write": {"device_start": -1, "host_queued_start": 1585585678.375973, "device_queued": -1, "device_end": -1, "host_queued_end": 1585585678.380605}, "device": "gpu", "nd_range": {"device_start": 1585585612.994428, "device_end": 1585585612.9956064}, "cmdq": 2, "read": {"device_start": -1, "device_end": -1}}, "FFC_sans_bias13": {"write": {"device_start": -1, "host_queued_start": 1585585678.375098, "device_queued": -1, "device_end": -1, "host_queued_end": 1585585678.380605}, "device": "gpu", "nd_range": {"device_start": 1585585612.9938154, "device_end": 1585585612.9944198}, "cmdq": 3, "read": {"device_start": -1, "device_end": -1}},