{"FFC_sans_bias4": {"write": {"device_start": -1, "host_queued_start": 1585585691.789927, "device_queued": -1, "device_end": -1, "host_queued_end": 1585585691.791805}, "device": "cpu", "nd_range": {"device_start": 2253465.993764455, "device_end": 2253465.998347987}, "cmdq": 0, "read": {"device_start": -1, "device_end": -1}}, "FFC_sans_bias7": {"write": {"device_start": -1, "host_queued_start": 1585585691.791754, "device_queued": -1, "device_end": -1, "host_queued_end": 1585585691.791805}, "device": "cpu", "nd_range": {"device_start": 2253466.0031457134, "device_end": 2253466.007451523}, "cmdq": 0, "read": {"device_start": -1, "device_end": -1}}, "FFC_sans_bias6": {"write": {"device_start": -1, "host_queued_start": 1585585691.79054, "device_queued": -1, "device_end": -1, "host_queued_end": 1585585691.791805}, "device": "cpu", "nd_range": {"device_start": 2253465.9986037873, "device_end": 2253466.0031397874}, "cmdq": 0, "read": {"device_start": -1, "device_end": -1}}, "FFC_sans_bias1": {"write": {"device_start": -1, "host_queued_start": 1585585691.788175, "device_queued": -1, "device_end": -1, "host_queued_end": 1585585691.791805}, "device": "cpu", "nd_range": {"device_start": 2253465.9855778883, "device_end": 2253465.9895235}, "cmdq": 0, "read": {"device_start": -1, "device_end": -1}}, "FFC_sans_bias0": {"write": {"device_start": -1, "host_queued_start": 1585585691.787011, "device_queued": -1, "device_end": -1, "host_queued_end": 1585585691.791805}, "device": "cpu", "nd_range": {"device_start": 2253465.9814886423, "device_end": 2253465.985567749}, "cmdq": 0, "read": {"device_start": -1, "device_end": -1}}, "FFC_sans_bias2": {"write": {"device_start": -1, "host_queued_start": 1585585691.789258, "device_queued": -1, "device_end": -1, "host_queued_end": 1585585691.791805}, "device": "cpu", "nd_range": {"device_start": 2253465.9895315124, "device_end": 2253465.993526761}, "cmdq": 0, "read": {"device_start": -1, "device_end": -1}}, "FFC_sans_bias9": {"write": {"device_start": 1585585626.3923075, "host_queued_start": 1585585691.768526, "device_queued": 1585585626.3920424, "device_end": 1585585626.3923516, "host_queued_end": 1585585691.783963}, "device": "gpu", "nd_range": {"device_start": 1585585626.3924003, "device_end": 1585585626.3930118}, "cmdq": 3, "read": {"device_start": -1, "device_end": -1}}, "softmax23": {"write": {"device_start": -1, "host_queued_start": 1585585691.779486, "device_queued": -1, "device_end": -1, "host_queued_end": 1585585691.783963}, "device": "gpu", "nd_range": {"device_start": 1585585626.3985417, "device_end": 1585585626.3989425}, "cmdq": 4, "read": {"device_start": -1, "device_end": -1}}, "FFC_sans_bias11": {"write": {"device_start": 1585585626.3925366, "host_queued_start": 1585585691.770752, "device_queued": 1585585626.3924398, "device_end": 1585585626.39257, "host_queued_end": 1585585691.783963}, "device": "gpu", "nd_range": {"device_start": 1585585626.3925893, "device_end": 1585585626.3939593}, "cmdq": 0, "read": {"device_start": -1, "device_end": -1}}, "FFC_sans_bias10": {"write": {"device_start": 1585585626.392402, "host_queued_start": 1585585691.769623, "device_queued": 1585585626.392305, "device_end": 1585585626.3924272, "host_queued_end": 1585585691.783963}, "device": "gpu", "nd_range": {"device_start": 1585585626.3924363, "device_end": 1585585626.393411}, "cmdq": 4, "read": {"device_start": -1, "device_end": -1}}, "coalesced_transpose3": {"write": {"device_start": -1, "host_queued_start": 1585585691.789588, "device_queued": -1, "device_end": -1, "host_queued_end": 1585585691.791805}, "device": "cpu", "nd_range": {"device_start": 2253465.993531785, "device_end": 2253465.993624201}, "cmdq": 0, "read": {"device_start": -1, "device_end": -1}}, "FFC_sans_bias34": {"write": {"device_start": 1585585626.3992944, "host_queued_start": 1585585691.783856, "device_queued": 1585585626.3939915, "device_end": 1585585626.399331, "host_queued_end": 1585585691.783963}, "device": "gpu", "nd_range": {"device_start": 1585585626.4001386, "device_end": 1585585626.4010887}, "cmdq": 1, "read": {"device_start": 1585585626.401096, "device_end": 1585585626.4011185}}, "FFC_sans_bias15": {"write": {"device_start": -1, "host_queued_start": 1585585691.780062, "device_queued": -1, "device_end": -1, "host_queued_end": 1585585691.783963}, "device": "gpu", "nd_range": {"device_start": 1585585626.3985488, "device_end": 1585585626.3991623}, "cmdq": 1, "read": {"device_start": -1, "device_end": -1}}, "FFC_sans_bias31": {"write": {"device_start": -1, "host_queued_start": 1585585691.778974, "device_queued": -1, "device_end": -1, "host_queued_end": 1585585691.783963}, "device": "gpu", "nd_range": {"device_start": 1585585626.3967519, "device_end": 1585585626.3978}, "cmdq": 2, "read": {"device_start": -1, "device_end": -1}}, "FFC_sans_bias16": {"write": {"device_start": 1585585626.3990543, "host_queued_start": 1585585691.781728, "device_queued": 1585585626.3937654, "device_end": 1585585626.399084, "host_queued_end": 1585585691.783963}, "device": "gpu", "nd_range": {"device_start": 1585585626.4001443, "device_end": 1585585626.40152}, "cmdq": 4, "read": {"device_start": 1585585626.401524, "device_end": 1585585626.4015465}}, "FFC_sans_bias19": {"write": {"device_start": 1585585626.3927855, "host_queued_start": 1585585691.772836, "device_queued": 1585585626.3926222, "device_end": 1585585626.3928108, "host_queued_end": 1585585691.783963}, "device": "gpu", "nd_range": {"device_start": 1585585626.392856, "device_end": 1585585626.3949142}, "cmdq": 2, "read": {"device_start": -1, "device_end": -1}}, "FFC_sans_bias18": {"write": {"device_start": 1585585626.3927035, "host_queued_start": 1585585691.771791, "device_queued": 1585585626.3925967, "device_end": 1585585626.3927643, "host_queued_end": 1585585691.783963}, "device": "gpu", "nd_range": {"device_start": 1585585626.392831, "device_end": 1585585626.39441}, "cmdq": 1, "read": {"device_start": -1, "device_end": -1}}, "coalesced_transpose30": {"write": {"device_start": -1, "host_queued_start": 1585585691.77797, "device_queued": -1, "device_end": -1, "host_queued_end": 1585585691.783963}, "device": "gpu", "nd_range": {"device_start": 1585585626.3963938, "device_end": 1585585626.396744}, "cmdq": 4, "read": {"device_start": -1, "device_end": -1}}, "empty26": {"write": {"device_start": 1585585626.392124, "host_queued_start": 1585585691.766536, "device_queued": 1585585626.3919954, "device_end": 1585585626.392193, "host_queued_end": 1585585691.783963}, "device": "gpu", "nd_range": {"device_start": 1585585626.3923562, "device_end": 1585585626.392363}, "cmdq": 1, "read": {"device_start": -1, "device_end": -1}}, "coalesced_transpose12": {"write": {"device_start": -1, "host_queued_start": 1585585691.777356, "device_queued": -1, "device_end": -1, "host_queued_end": 1585585691.783963}, "device": "gpu", "nd_range": {"device_start": 1585585626.394915, "device_end": 1585585626.3967128}, "cmdq": 2, "read": {"device_start": -1, "device_end": -1}}, "coalesced_transpose21": {"write": {"device_start": -1, "host_queued_start": 1585585691.777662, "device_queued": -1, "device_end": -1, "host_queued_end": 1585585691.783963}, "device": "gpu", "nd_range": {"device_start": 1585585626.3954043, "device_end": 1585585626.3967307}, "cmdq": 3, "read": {"device_start": -1, "device_end": -1}}, "softmax14": {"write": {"device_start": -1, "host_queued_start": 1585585691.779234, "device_queued": -1, "device_end": -1, "host_queued_end": 1585585691.783963}, "device": "gpu", "nd_range": {"device_start": 1585585626.3973544, "device_end": 1585585626.3985372}, "cmdq": 3, "read": {"device_start": -1, "device_end": -1}}, "FFC_sans_bias13": {"write": {"device_start": -1, "host_queued_start": 1585585691.778299, "device_queued": -1, "device_end": -1, "host_queued_end": 1585585691.783963}, "device": "gpu", "nd_range": {"device_start": 1585585626.396726, "device_end": 1585585626.3973427}, "cmdq": 0, "read": {"device_start": -1, "device_end": -1}},