{"FFC_sans_bias4": {"write": {"device_start": -1, "host_queued_start": 1585585447.426728, "device_queued": -1, "device_end": -1, "host_queued_end": 1585585447.434348}, "device": "gpu", "nd_range": {"device_start": 1585585382.0587478, "device_end": 1585585382.059343}, "cmdq": 0, "read": {"device_start": -1, "device_end": -1}}, "FFC_sans_bias7": {"write": {"device_start": 1585585382.0645015, "host_queued_start": 1585585447.431053, "device_queued": 1585585382.0511446, "device_end": 1585585382.0645301, "host_queued_end": 1585585447.434348}, "device": "gpu", "nd_range": {"device_start": 1585585382.064539, "device_end": 1585585382.065135}, "cmdq": 0, "read": {"device_start": 1585585382.0651376, "device_end": 1585585382.0651605}}, "FFC_sans_bias6": {"write": {"device_start": -1, "host_queued_start": 1585585447.428981, "device_queued": -1, "device_end": -1, "host_queued_end": 1585585447.434348}, "device": "gpu", "nd_range": {"device_start": 1585585382.0619898, "device_end": 1585585382.0625885}, "cmdq": 0, "read": {"device_start": -1, "device_end": -1}}, "FFC_sans_bias1": {"write": {"device_start": 1585585382.050561, "host_queued_start": 1585585447.414405, "device_queued": 1585585382.049299, "device_end": 1585585382.0505908, "host_queued_end": 1585585447.434348}, "device": "gpu", "nd_range": {"device_start": 1585585382.0505993, "device_end": 1585585382.051198}, "cmdq": 0, "read": {"device_start": -1, "device_end": -1}}, "FFC_sans_bias0": {"write": {"device_start": 1585585382.0498, "host_queued_start": 1585585447.413342, "device_queued": 1585585382.0492435, "device_end": 1585585382.0498292, "host_queued_end": 1585585447.434348}, "device": "gpu", "nd_range": {"device_start": 1585585382.0498335, "device_end": 1585585382.0504289}, "cmdq": 0, "read": {"device_start": -1, "device_end": -1}}, "FFC_sans_bias2": {"write": {"device_start": 1585585382.0513196, "host_queued_start": 1585585447.415529, "device_queued": 1585585382.0494673, "device_end": 1585585382.0513437, "host_queued_end": 1585585447.434348}, "device": "gpu", "nd_range": {"device_start": 1585585382.051347, "device_end": 1585585382.051957}, "cmdq": 0, "read": {"device_start": -1, "device_end": -1}}, "FFC_sans_bias9": {"write": {"device_start": 1585585382.0520847, "host_queued_start": 1585585447.416585, "device_queued": 1585585382.0495243, "device_end": 1585585382.052115, "host_queued_end": 1585585447.434348}, "device": "gpu", "nd_range": {"device_start": 1585585382.052122, "device_end": 1585585382.0527225}, "cmdq": 0, "read": {"device_start": -1, "device_end": -1}}, "softmax23": {"write": {"device_start": -1, "host_queued_start": 1585585447.428412, "device_queued": -1, "device_end": -1, "host_queued_end": 1585585447.434348}, "device": "gpu", "nd_range": {"device_start": 1585585382.061566, "device_end": 1585585382.0617776}, "cmdq": 0, "read": {"device_start": -1, "device_end": -1}}, "FFC_sans_bias11": {"write": {"device_start": 1585585382.053514, "host_queued_start": 1585585447.418731, "device_queued": 1585585382.0497475, "device_end": 1585585382.0535436, "host_queued_end": 1585585447.434348}, "device": "gpu", "nd_range": {"device_start": 1585585382.0535517, "device_end": 1585585382.0541472}, "cmdq": 0, "read": {"device_start": -1, "device_end": -1}}, "FFC_sans_bias10": {"write": {"device_start": 1585585382.0528474, "host_queued_start": 1585585447.417637, "device_queued": 1585585382.0496898, "device_end": 1585585382.0528772, "host_queued_end": 1585585447.434348}, "device": "gpu", "nd_range": {"device_start": 1585585382.0528803, "device_end": 1585585382.0533874}, "cmdq": 0, "read": {"device_start": -1, "device_end": -1}}, "coalesced_transpose3": {"write": {"device_start": -1, "host_queued_start": 1585585447.425498, "device_queued": -1, "device_end": -1, "host_queued_end": 1585585447.434348}, "device": "gpu", "nd_range": {"device_start": 1585585382.05871, "device_end": 1585585382.0587182}, "cmdq": 0, "read": {"device_start": -1, "device_end": -1}}, "FFC_sans_bias34": {"write": {"device_start": 1585585382.066964, "host_queued_start": 1585585447.434252, "device_queued": 1585585382.0514846, "device_end": 1585585382.066993, "host_queued_end": 1585585447.434348}, "device": "gpu", "nd_range": {"device_start": 1585585382.0669966, "device_end": 1585585382.0675924}, "cmdq": 0, "read": {"device_start": 1585585382.0675945, "device_end": 1585585382.0676184}}, "FFC_sans_bias15": {"write": {"device_start": -1, "host_queued_start": 1585585447.429285, "device_queued": -1, "device_end": -1, "host_queued_end": 1585585447.434348}, "device": "gpu", "nd_range": {"device_start": 1585585382.06259, "device_end": 1585585382.063185}, "cmdq": 0, "read": {"device_start": -1, "device_end": -1}}, "FFC_sans_bias31": {"write": {"device_start": -1, "host_queued_start": 1585585447.427664, "device_queued": -1, "device_end": -1, "host_queued_end": 1585585447.434348}, "device": "gpu", "nd_range": {"device_start": 1585585382.0605447, "device_end": 1585585382.0611415}, "cmdq": 0, "read": {"device_start": -1, "device_end": -1}}, "FFC_sans_bias16": {"write": {"device_start": 1585585382.0653398, "host_queued_start": 1585585447.432128, "device_queued": 1585585382.0512187, "device_end": 1585585382.0653691, "host_queued_end": 1585585447.434348}, "device": "gpu", "nd_range": {"device_start": 1585585382.0653734, "device_end": 1585585382.0659575}, "cmdq": 0, "read": {"device_start": 1585585382.06596, "device_end": 1585585382.065982}}, "FFC_sans_bias19": {"write": {"device_start": 1585585382.055043, "host_queued_start": 1585585447.420885, "device_queued": 1585585382.0499804, "device_end": 1585585382.0550733, "host_queued_end": 1585585447.434348}, "device": "gpu", "nd_range": {"device_start": 1585585382.0550816, "device_end": 1585585382.0556822}, "cmdq": 0, "read": {"device_start": -1, "device_end": -1}}, "FFC_sans_bias18": {"write": {"device_start": 1585585382.054273, "host_queued_start": 1585585447.419809, "device_queued": 1585585382.049917, "device_end": 1585585382.0543025, "host_queued_end": 1585585447.434348}, "device": "gpu", "nd_range": {"device_start": 1585585382.0543094, "device_end": 1585585382.0549216}, "cmdq": 0, "read": {"device_start": -1, "device_end": -1}}, "coalesced_transpose30": {"write": {"device_start": -1, "host_queued_start": 1585585447.426391, "device_queued": -1, "device_end": -1, "host_queued_end": 1585585447.434348}, "device": "gpu", "nd_range": {"device_start": 1585585382.0587378, "device_end": 1585585382.0587466}, "cmdq": 0, "read": {"device_start": -1, "device_end": -1}}, "empty26": {"write": {"device_start": 1585585382.0493536, "host_queued_start": 1585585447.411514, "device_queued": 1585585382.0490477, "device_end": 1585585382.0493822, "host_queued_end": 1585585447.434348}, "device": "gpu", "nd_range": {"device_start": 1585585382.0493848, "device_end": 1585585382.0493884}, "cmdq": 0, "read": {"device_start": -1, "device_end": -1}}, "coalesced_transpose12": {"write": {"device_start": -1, "host_queued_start": 1585585447.425797, "device_queued": -1, "device_end": -1, "host_queued_end": 1585585447.434348}, "device": "gpu", "nd_range": {"device_start": 1585585382.0587194, "device_end": 1585585382.0587275}, "cmdq": 0, "read": {"device_start": -1, "device_end": -1}}, "coalesced_transpose21": {"write": {"device_start": -1, "host_queued_start": 1585585447.426098, "device_queued": -1, "device_end": -1, "host_queued_end": 1585585447.434348}, "device": "gpu", "nd_range": {"device_start": 1585585382.0587285, "device_end": 1585585382.0587368}, "cmdq": 0, "read": {"device_start": -1, "device_end": -1}}, "softmax14": {"write": {"device_start": -1, "host_queued_start": 1585585447.428167, "device_queued": -1, "device_end": -1, "host_queued_end": 1585585447.434348}, "device": "gpu", "nd_range": {"device_start": 1585585382.0613558, "device_end": 1585585382.061565}, "cmdq": 0, "read": {"device_start": -1, "device_end": -1}}, "FFC_sans_bias13": {"write": {"device_start": -1, "host_queued_start": 1585585447.427045, "device_queued": -1,