{"FFC_sans_bias4": {"write": {"device_start": -1, "host_queued_start": 1585585651.509918, "device_queued": -1, "device_end": -1, "host_queued_end": 1585585651.511735}, "device": "cpu", "nd_range": {"device_start": 2253425.713653914, "device_end": 2253425.718191}, "cmdq": 2, "read": {"device_start": -1, "device_end": -1}}, "FFC_sans_bias7": {"write": {"device_start": -1, "host_queued_start": 1585585651.51169, "device_queued": -1, "device_end": -1, "host_queued_end": 1585585651.511735}, "device": "cpu", "nd_range": {"device_start": 2253425.72292469, "device_end": 2253425.7279917393}, "cmdq": 2, "read": {"device_start": -1, "device_end": -1}}, "FFC_sans_bias6": {"write": {"device_start": -1, "host_queued_start": 1585585651.510535, "device_queued": -1, "device_end": -1, "host_queued_end": 1585585651.511735}, "device": "cpu", "nd_range": {"device_start": 2253425.718508684, "device_end": 2253425.722800762}, "cmdq": 1, "read": {"device_start": -1, "device_end": -1}}, "FFC_sans_bias1": {"write": {"device_start": -1, "host_queued_start": 1585585651.50816, "device_queued": -1, "device_end": -1, "host_queued_end": 1585585651.511735}, "device": "cpu", "nd_range": {"device_start": 2253425.7013528734, "device_end": 2253425.712384621}, "cmdq": 2, "read": {"device_start": -1, "device_end": -1}}, "FFC_sans_bias0": {"write": {"device_start": -1, "host_queued_start": 1585585651.506911, "device_queued": -1, "device_end": -1, "host_queued_end": 1585585651.511735}, "device": "cpu", "nd_range": {"device_start": 2253425.7013343833, "device_end": 2253425.7132664453}, "cmdq": 1, "read": {"device_start": -1, "device_end": -1}}, "FFC_sans_bias2": {"write": {"device_start": -1, "host_queued_start": 1585585651.509243, "device_queued": -1, "device_end": -1, "host_queued_end": 1585585651.511735}, "device": "cpu", "nd_range": {"device_start": 2253425.701341874, "device_end": 2253425.7092189672}, "cmdq": 0, "read": {"device_start": -1, "device_end": -1}}, "FFC_sans_bias9": {"write": {"device_start": 1585585586.1134477, "host_queued_start": 1585585651.488612, "device_queued": 1585585586.1131272, "device_end": 1585585586.1134815, "host_queued_end": 1585585651.503972}, "device": "gpu", "nd_range": {"device_start": 1585585586.1134908, "device_end": 1585585586.1140974}, "cmdq": 3, "read": {"device_start": -1, "device_end": -1}}, "softmax23": {"write": {"device_start": -1, "host_queued_start": 1585585651.499524, "device_queued": -1, "device_end": -1, "host_queued_end": 1585585651.503972}, "device": "gpu", "nd_range": {"device_start": 1585585586.1189337, "device_end": 1585585586.1197152}, "cmdq": 3, "read": {"device_start": -1, "device_end": -1}}, "FFC_sans_bias11": {"write": {"device_start": 1585585586.1136708, "host_queued_start": 1585585651.490765, "device_queued": 1585585586.1134114, "device_end": 1585585586.113751, "host_queued_end": 1585585651.503972}, "device": "gpu", "nd_range": {"device_start": 1585585586.1137595, "device_end": 1585585586.115077}, "cmdq": 1, "read": {"device_start": -1, "device_end": -1}}, "FFC_sans_bias10": {"write": {"device_start": 1585585586.1135561, "host_queued_start": 1585585651.489685, "device_queued": 1585585586.1133566, "device_end": 1585585586.1136446, "host_queued_end": 1585585651.503972}, "device": "gpu", "nd_range": {"device_start": 1585585586.1136522, "device_end": 1585585586.1144972}, "cmdq": 0, "read": {"device_start": -1, "device_end": -1}}, "coalesced_transpose3": {"write": {"device_start": -1, "host_queued_start": 1585585651.509574, "device_queued": -1, "device_end": -1, "host_queued_end": 1585585651.511735}, "device": "cpu", "nd_range": {"device_start": 2253425.71340456, "device_end": 2253425.71349053}, "cmdq": 1, "read": {"device_start": -1, "device_end": -1}}, "FFC_sans_bias34": {"write": {"device_start": 1585585586.1225183, "host_queued_start": 1585585651.503865, "device_queued": 1585585586.1150558, "device_end": 1585585586.1225786, "host_queued_end": 1585585651.503972}, "device": "gpu", "nd_range": {"device_start": 1585585586.122584, "device_end": 1585585586.1235487}, "cmdq": 2, "read": {"device_start": 1585585586.123556, "device_end": 1585585586.1235785}}, "FFC_sans_bias15": {"write": {"device_start": -1, "host_queued_start": 1585585651.500084, "device_queued": -1, "device_end": -1, "host_queued_end": 1585585651.503972}, "device": "gpu", "nd_range": {"device_start": 1585585586.1197312, "device_end": 1585585586.1207345}, "cmdq": 1, "read": {"device_start": -1, "device_end": -1}}, "FFC_sans_bias31": {"write": {"device_start": -1, "host_queued_start": 1585585651.499027, "device_queued": -1, "device_end": -1, "host_queued_end": 1585585651.503972}, "device": "gpu", "nd_range": {"device_start": 1585585586.1179292, "device_end": 1585585586.1194012}, "cmdq": 1, "read": {"device_start": -1, "device_end": -1}}, "FFC_sans_bias16": {"write": {"device_start": 1585585586.119737, "host_queued_start": 1585585651.501725, "device_queued": 1585585586.1148818, "device_end": 1585585586.1197677, "host_queued_end": 1585585651.503972}, "device": "gpu", "nd_range": {"device_start": 1585585586.120743, "device_end": 1585585586.1217058}, "cmdq": 0, "read": {"device_start": 1585585586.121711, "device_end": 1585585586.121735}}, "FFC_sans_bias19": {"write": {"device_start": 1585585586.1143003, "host_queued_start": 1585585651.492843, "device_queued": 1585585586.1135926, "device_end": 1585585586.114331, "host_queued_end": 1585585651.503972}, "device": "gpu", "nd_range": {"device_start": 1585585586.114337, "device_end": 1585585586.1160414}, "cmdq": 3, "read": {"device_start": -1, "device_end": -1}}, "FFC_sans_bias18": {"write": {"device_start": 1585585586.1137772, "host_queued_start": 1585585651.491803, "device_queued": 1585585586.1135662, "device_end": 1585585586.1138024, "host_queued_end": 1585585651.503972}, "device": "gpu", "nd_range": {"device_start": 1585585586.1138074, "device_end": 1585585586.1154935}, "cmdq": 2, "read": {"device_start": -1, "device_end": -1}}, "coalesced_transpose30": {"write": {"device_start": -1, "host_queued_start": 1585585651.498033, "device_queued": -1, "device_end": -1, "host_queued_end": 1585585651.503972}, "device": "gpu", "nd_range": {"device_start": 1585585586.1174734, "device_end": 1585585586.1178532}, "cmdq": 2, "read": {"device_start": -1, "device_end": -1}}, "empty26": {"write": {"device_start": 1585585586.1132298, "host_queued_start": 1585585651.486764, "device_queued": 1585585586.113075, "device_end": 1585585586.113307, "host_queued_end": 1585585651.503972}, "device": "gpu", "nd_range": {"device_start": 1585585586.113311, "device_end": 1585585586.1133177}, "cmdq": 1, "read": {"device_start": -1, "device_end": -1}}, "coalesced_transpose12": {"write": {"device_start": -1, "host_queued_start": 1585585651.497413, "device_queued": -1, "device_end": -1, "host_queued_end": 1585585651.503972}, "device": "gpu", "nd_range": {"device_start": 1585585586.1164815, "device_end": 1585585586.117837}, "cmdq": 0, "read": {"device_start": -1, "device_end": -1}}, "coalesced_transpose21": {"write": {"device_start": -1, "host_queued_start": 1585585651.497731, "device_queued": -1, "device_end": -1, "host_queued_end": 1585585651.503972}, "device": "gpu", "nd_range": {"device_start": 1585585586.116991, "device_end": 1585585586.1178508}, "cmdq": 1, "read": {"device_start": -1, "device_end": -1}}, "softmax14": {"write": {"device_start": -1, "host_queued_start": 1585585651.499274, "device_queued": -1, "device_end": -1, "host_queued_end": 1585585651.503972}, "device": "gpu", "nd_range": {"device_start": 1585585586.1185293, "device_end": 1585585586.1197095}, "cmdq": 2, "read": {"device_start": -1, "device_end": -1}}, "FFC_sans_bias13": {"write": {"device_start": -1, "host_queued_start": 1585585651.498348, "device_queued": -1, "device_end": -1, "host_queued_end": 1585585651.503972}, "device": "gpu", "nd_range": {"device_start": 1585585586.117912, "device_end": 1585585586.1185188}, "cmdq": 3, "read": {"device_start": -1, "device_end": -1}},