{"FFC_sans_bias4": {"write": {"device_start": -1, "host_queued_start": 1585585805.006145, "device_queued": -1, "device_end": -1, "host_queued_end": 1585585805.016719}, "device": "gpu", "nd_range": {"device_start": 1585585739.634911, "device_end": 1585585739.635602}, "cmdq": 0, "read": {"device_start": -1, "device_end": -1}}, "FFC_sans_bias7": {"write": {"device_start": 1585585739.6426535, "host_queued_start": 1585585805.011938, "device_queued": 1585585739.6254554, "device_end": 1585585739.6426978, "host_queued_end": 1585585805.016719}, "device": "gpu", "nd_range": {"device_start": 1585585739.6427503, "device_end": 1585585739.6433482}, "cmdq": 0, "read": {"device_start": 1585585739.643357, "device_end": 1585585739.64338}}, "FFC_sans_bias6": {"write": {"device_start": -1, "host_queued_start": 1585585805.00937, "device_queued": -1, "device_end": -1, "host_queued_end": 1585585805.016719}, "device": "gpu", "nd_range": {"device_start": 1585585739.6393535, "device_end": 1585585739.6399508}, "cmdq": 0, "read": {"device_start": -1, "device_end": -1}}, "FFC_sans_bias1": {"write": {"device_start": 1585585739.623767, "host_queued_start": 1585585804.987982, "device_queued": 1585585739.6227283, "device_end": 1585585739.623841, "host_queued_end": 1585585805.016719}, "device": "gpu", "nd_range": {"device_start": 1585585739.6238995, "device_end": 1585585739.6244977}, "cmdq": 0, "read": {"device_start": -1, "device_end": -1}}, "FFC_sans_bias0": {"write": {"device_start": 1585585739.6228678, "host_queued_start": 1585585804.986928, "device_queued": 1585585739.6226835, "device_end": 1585585739.6229057, "host_queued_end": 1585585805.016719}, "device": "gpu", "nd_range": {"device_start": 1585585739.6229513, "device_end": 1585585739.6235485}, "cmdq": 0, "read": {"device_start": -1, "device_end": -1}}, "FFC_sans_bias2": {"write": {"device_start": 1585585739.6246111, "host_queued_start": 1585585804.989028, "device_queued": 1585585739.6230466, "device_end": 1585585739.6246479, "host_queued_end": 1585585805.016719}, "device": "gpu", "nd_range": {"device_start": 1585585739.6246996, "device_end": 1585585739.625297}, "cmdq": 0, "read": {"device_start": -1, "device_end": -1}}, "FFC_sans_bias9": {"write": {"device_start": 1585585739.625407, "host_queued_start": 1585585804.99007, "device_queued": 1585585739.6230862, "device_end": 1585585739.625449, "host_queued_end": 1585585805.016719}, "device": "gpu", "nd_range": {"device_start": 1585585739.6255007, "device_end": 1585585739.6261034}, "cmdq": 0, "read": {"device_start": -1, "device_end": -1}}, "coalesced_transpose39": {"write": {"device_start": -1, "host_queued_start": 1585585805.005774, "device_queued": -1, "device_end": -1, "host_queued_end": 1585585805.016719}, "device": "gpu", "nd_range": {"device_start": 1585585739.6349015, "device_end": 1585585739.6349099}, "cmdq": 0, "read": {"device_start": -1, "device_end": -1}}, "softmax23": {"write": {"device_start": -1, "host_queued_start": 1585585805.008462, "device_queued": -1, "device_end": -1, "host_queued_end": 1585585805.016719}, "device": "gpu", "nd_range": {"device_start": 1585585739.6386182, "device_end": 1585585739.6388288}, "cmdq": 0, "read": {"device_start": -1, "device_end": -1}}, "FFC_sans_bias37": {"write": {"device_start": 1585585739.633374, "host_queued_start": 1585585805.000879, "device_queued": 1585585739.62437, "device_end": 1585585739.6334145, "host_queued_end": 1585585805.016719}, "device": "gpu", "nd_range": {"device_start": 1585585739.6334662, "device_end": 1585585739.6340659}, "cmdq": 0, "read": {"device_start": -1, "device_end": -1}}, "softmax41": {"write": {"device_start": -1, "host_queued_start": 1585585805.009015, "device_queued": -1, "device_end": -1, "host_queued_end": 1585585805.016719}, "device": "gpu", "nd_range": {"device_start": 1585585739.6390483, "device_end": 1585585739.6393523}, "cmdq": 0, "read": {"device_start": -1, "device_end": -1}}, "FFC_sans_bias11": {"write": {"device_start": 1585585739.627016, "host_queued_start": 1585585804.992228, "device_queued": 1585585739.6233094, "device_end": 1585585739.6270509, "host_queued_end": 1585585805.016719}, "device": "gpu", "nd_range": {"device_start": 1585585739.627099, "device_end": 1585585739.627695}, "cmdq": 0, "read": {"device_start": -1, "device_end": -1}}, "FFC_sans_bias10": {"write": {"device_start": 1585585739.6262205, "host_queued_start": 1585585804.991153, "device_queued": 1585585739.6232362, "device_end": 1585585739.6262603, "host_queued_end": 1585585805.016719}, "device": "gpu", "nd_range": {"device_start": 1585585739.6263075, "device_end": 1585585739.6269083}, "cmdq": 0, "read": {"device_start": -1, "device_end": -1}}, "coalesced_transpose3": {"write": {"device_start": -1, "host_queued_start": 1585585805.003649, "device_queued": -1, "device_end": -1, "host_queued_end": 1585585805.016719}, "device": "gpu", "nd_range": {"device_start": 1585585739.6348627, "device_end": 1585585739.6348708}, "cmdq": 0, "read": {"device_start": -1, "device_end": -1}}, "FFC_sans_bias34": {"write": {"device_start": 1585585739.6453903, "host_queued_start": 1585585805.015451, "device_queued": 1585585739.6258426, "device_end": 1585585739.64543, "host_queued_end": 1585585805.016719}, "device": "gpu", "nd_range": {"device_start": 1585585739.6454825, "device_end": 1585585739.6460805}, "cmdq": 0, "read": {"device_start": 1585585739.6460896, "device_end": 1585585739.6461112}}, "FFC_sans_bias15": {"write": {"device_start": -1, "host_queued_start": 1585585805.009737, "device_queued": -1, "device_end": -1, "host_queued_end": 1585585805.016719}, "device": "gpu", "nd_range": {"device_start": 1585585739.6399517, "device_end": 1585585739.6406443}, "cmdq": 0, "read": {"device_start": -1, "device_end": -1}}, "FFC_sans_bias31": {"write": {"device_start": -1, "host_queued_start": 1585585805.007239, "device_queued": -1, "device_end": -1, "host_queued_end": 1585585805.016719}, "device": "gpu", "nd_range": {"device_start": 1585585739.6368937, "device_end": 1585585739.6374915}, "cmdq": 0, "read": {"device_start": -1, "device_end": -1}}, "FFC_sans_bias16": {"write": {"device_start": 1585585739.6435764, "host_queued_start": 1585585805.013097, "device_queued": 1585585739.6256251, "device_end": 1585585739.643617, "host_queued_end": 1585585805.016719}, "device": "gpu", "nd_range": {"device_start": 1585585739.643669, "device_end": 1585585739.6442642}, "cmdq": 0, "read": {"device_start": 1585585739.6442702, "device_end": 1585585739.644292}}, "FFC_sans_bias19": {"write": {"device_start": 1585585739.6285982, "host_queued_start": 1585585804.994307, "device_queued": 1585585739.623546, "device_end": 1585585739.6286364, "host_queued_end": 1585585805.016719}, "device": "gpu", "nd_range": {"device_start": 1585585739.6286938, "device_end": 1585585739.629293}, "cmdq": 0, "read": {"device_start": -1, "device_end": -1}}, "FFC_sans_bias18": {"write": {"device_start": 1585585739.6278043, "host_queued_start": 1585585804.993265, "device_queued": 1585585739.6235037, "device_end": 1585585739.62784, "host_queued_end": 1585585805.016719}, "device": "gpu", "nd_range": {"device_start": 1585585739.6278918, "device_end": 1585585739.628491}, "cmdq": 0, "read": {"device_start": -1, "device_end": -1}}, "coalesced_transpose30": {"write": {"device_start": -1, "host_queued_start": 1585585805.005404, "device_queued": -1, "device_end": -1, "host_queued_end": 1585585805.016719}, "device": "gpu", "nd_range": {"device_start": 1585585739.6348927, "device_end": 1585585739.6349006}, "cmdq": 0, "read": {"device_start": -1, "device_end": -1}}, "FFC_sans_bias38": {"write": {"device_start": 1585585739.6341631, "host_queued_start": 1585585805.002765, "device_queued": 1585585739.624495, "device_end": 1585585739.6342037, "host_queued_end": 1585585805.016719}, "device": "gpu", "nd_range": {"device_start": 1585585739.6342628, "device_end": 1585585739.6348617}, "cmdq": 0, "read": {"device_start": -1, "device_end": -1}}, "empty26": {"write": {"device_start": 1585585739.6221426,