{"FFC_sans_bias4": {"write": {"device_start": -1, "host_queued_start": 1585585788.779506, "device_queued": -1, "device_end": -1, "host_queued_end": 1585585788.78886}, "device": "gpu", "nd_range": {"device_start": 1585585723.4064014, "device_end": 1585585723.4070032}, "cmdq": 0, "read": {"device_start": -1, "device_end": -1}}, "FFC_sans_bias7": {"write": {"device_start": 1585585723.4135847, "host_queued_start": 1585585788.78458, "device_queued": 1585585723.3968282, "device_end": 1585585723.413614, "host_queued_end": 1585585788.78886}, "device": "gpu", "nd_range": {"device_start": 1585585723.413619, "device_end": 1585585723.4142156}, "cmdq": 0, "read": {"device_start": 1585585723.4142172, "device_end": 1585585723.4142401}}, "FFC_sans_bias6": {"write": {"device_start": -1, "host_queued_start": 1585585788.782314, "device_queued": -1, "device_end": -1, "host_queued_end": 1585585788.78886}, "device": "gpu", "nd_range": {"device_start": 1585585723.4104612, "device_end": 1585585723.4110599}, "cmdq": 0, "read": {"device_start": -1, "device_end": -1}}, "FFC_sans_bias1": {"write": {"device_start": 1585585723.395931, "host_queued_start": 1585585788.763869, "device_queued": 1585585723.3945794, "device_end": 1585585723.3959546, "host_queued_end": 1585585788.78886}, "device": "gpu", "nd_range": {"device_start": 1585585723.3959606, "device_end": 1585585723.396548}, "cmdq": 0, "read": {"device_start": -1, "device_end": -1}}, "FFC_sans_bias0": {"write": {"device_start": 1585585723.3951938, "host_queued_start": 1585585788.762825, "device_queued": 1585585723.3945396, "device_end": 1585585723.3952231, "host_queued_end": 1585585788.78886}, "device": "gpu", "nd_range": {"device_start": 1585585723.3952277, "device_end": 1585585723.3958154}, "cmdq": 0, "read": {"device_start": -1, "device_end": -1}}, "FFC_sans_bias2": {"write": {"device_start": 1585585723.3966792, "host_queued_start": 1585585788.764914, "device_queued": 1585585723.3947575, "device_end": 1585585723.3967032, "host_queued_end": 1585585788.78886}, "device": "gpu", "nd_range": {"device_start": 1585585723.3967097, "device_end": 1585585723.397296}, "cmdq": 0, "read": {"device_start": -1, "device_end": -1}}, "FFC_sans_bias9": {"write": {"device_start": 1585585723.397508, "host_queued_start": 1585585788.76594, "device_queued": 1585585723.394806, "device_end": 1585585723.3975384, "host_queued_end": 1585585788.78886}, "device": "gpu", "nd_range": {"device_start": 1585585723.3975415, "device_end": 1585585723.3980417}, "cmdq": 0, "read": {"device_start": -1, "device_end": -1}}, "coalesced_transpose39": {"write": {"device_start": -1, "host_queued_start": 1585585788.779193, "device_queued": -1, "device_end": -1, "host_queued_end": 1585585788.78886}, "device": "gpu", "nd_range": {"device_start": 1585585723.4063919, "device_end": 1585585723.4064002}, "cmdq": 0, "read": {"device_start": -1, "device_end": -1}}, "softmax23": {"write": {"device_start": -1, "host_queued_start": 1585585788.78151, "device_queued": -1, "device_end": -1, "host_queued_end": 1585585788.78886}, "device": "gpu", "nd_range": {"device_start": 1585585723.4098265, "device_end": 1585585723.4100363}, "cmdq": 0, "read": {"device_start": -1, "device_end": -1}}, "FFC_sans_bias37": {"write": {"device_start": 1585585723.4049504, "host_queued_start": 1585585788.776561, "device_queued": 1585585723.395804, "device_end": 1585585723.4049795, "host_queued_end": 1585585788.78886}, "device": "gpu", "nd_range": {"device_start": 1585585723.4049962, "device_end": 1585585723.4055994}, "cmdq": 0, "read": {"device_start": -1, "device_end": -1}}, "softmax41": {"write": {"device_start": -1, "host_queued_start": 1585585788.782003, "device_queued": -1, "device_end": -1, "host_queued_end": 1585585788.78886}, "device": "gpu", "nd_range": {"device_start": 1585585723.410249, "device_end": 1585585723.4104593}, "cmdq": 0, "read": {"device_start": -1, "device_end": -1}}, "FFC_sans_bias11": {"write": {"device_start": 1585585723.3988893, "host_queued_start": 1585585788.768044, "device_queued": 1585585723.3950174, "device_end": 1585585723.3989193, "host_queued_end": 1585585788.78886}, "device": "gpu", "nd_range": {"device_start": 1585585723.398923, "device_end": 1585585723.399523}, "cmdq": 0, "read": {"device_start": -1, "device_end": -1}}, "FFC_sans_bias10": {"write": {"device_start": 1585585723.3981571, "host_queued_start": 1585585788.767004, "device_queued": 1585585723.3949795, "device_end": 1585585723.3981874, "host_queued_end": 1585585788.78886}, "device": "gpu", "nd_range": {"device_start": 1585585723.39819, "device_end": 1585585723.3987882}, "cmdq": 0, "read": {"device_start": -1, "device_end": -1}}, "coalesced_transpose3": {"write": {"device_start": -1, "host_queued_start": 1585585788.777932, "device_queued": -1, "device_end": -1, "host_queued_end": 1585585788.78886}, "device": "gpu", "nd_range": {"device_start": 1585585723.4063528, "device_end": 1585585723.4063613}, "cmdq": 0, "read": {"device_start": -1, "device_end": -1}}, "FFC_sans_bias34": {"write": {"device_start": 1585585723.4160798, "host_queued_start": 1585585788.787719, "device_queued": 1585585723.3971958, "device_end": 1585585723.4161081, "host_queued_end": 1585585788.78886}, "device": "gpu", "nd_range": {"device_start": 1585585723.416111, "device_end": 1585585723.4167066}, "cmdq": 0, "read": {"device_start": 1585585723.4167094, "device_end": 1585585723.4167316}}, "FFC_sans_bias15": {"write": {"device_start": -1, "host_queued_start": 1585585788.78263, "device_queued": -1, "device_end": -1, "host_queued_end": 1585585788.78886}, "device": "gpu", "nd_range": {"device_start": 1585585723.4110608, "device_end": 1585585723.411663}, "cmdq": 0, "read": {"device_start": -1, "device_end": -1}}, "FFC_sans_bias31": {"write": {"device_start": -1, "host_queued_start": 1585585788.78045, "device_queued": -1, "device_end": -1, "host_queued_end": 1585585788.78886}, "device": "gpu", "nd_range": {"device_start": 1585585723.4082007, "device_end": 1585585723.4087985}, "cmdq": 0, "read": {"device_start": -1, "device_end": -1}}, "FFC_sans_bias16": {"write": {"device_start": 1585585723.4144177, "host_queued_start": 1585585788.785629, "device_queued": 1585585723.3969808, "device_end": 1585585723.4144466, "host_queued_end": 1585585788.78886}, "device": "gpu", "nd_range": {"device_start": 1585585723.4144492, "device_end": 1585585723.4150481}, "cmdq": 0, "read": {"device_start": 1585585723.4150567, "device_end": 1585585723.4150786}}, "FFC_sans_bias19": {"write": {"device_start": 1585585723.4003978, "host_queued_start": 1585585788.770104, "device_queued": 1585585723.3952584, "device_end": 1585585723.4004273, "host_queued_end": 1585585788.78886}, "device": "gpu", "nd_range": {"device_start": 1585585723.4004343, "device_end": 1585585723.4010425}, "cmdq": 0, "read": {"device_start": -1, "device_end": -1}}, "FFC_sans_bias18": {"write": {"device_start": 1585585723.399642, "host_queued_start": 1585585788.76907, "device_queued": 1585585723.395199, "device_end": 1585585723.3996718, "host_queued_end": 1585585788.78886}, "device": "gpu", "nd_range": {"device_start": 1585585723.3996797, "device_end": 1585585723.4002793}, "cmdq": 0, "read": {"device_start": -1, "device_end": -1}}, "coalesced_transpose30": {"write": {"device_start": -1, "host_queued_start": 1585585788.778884, "device_queued": -1, "device_end": -1, "host_queued_end": 1585585788.78886}, "device": "gpu", "nd_range": {"device_start": 1585585723.406382, "device_end": 1585585723.4063907}, "cmdq": 0, "read": {"device_start": -1, "device_end": -1}}, "FFC_sans_bias38": {"write": {"device_start": 1585585723.4057183, "host_queued_start": 1585585788.777595, "device_queued": 1585585723.3959959, "device_end": 1585585723.4057484, "host_queued_end": 1585585788.78886}, "device": "gpu", "nd_range": {"device_start": 1585585723.4057515, "device_end": 1585585723.4063516}, "cmdq": 0, "read": {"device_start": -1, "device_end": -1}}, "empty26": {"write": {"device_start": 1585585723.3945978,