{"FFC_sans_bias4": {"write": {"device_start": -1, "host_queued_start": 1585585756.262664, "device_queued": -1, "device_end": -1, "host_queued_end": 1585585756.272042}, "device": "gpu", "nd_range": {"device_start": 1585585690.889975, "device_end": 1585585690.890575}, "cmdq": 0, "read": {"device_start": -1, "device_end": -1}}, "FFC_sans_bias7": {"write": {"device_start": 1585585690.897164, "host_queued_start": 1585585756.267743, "device_queued": 1585585690.8811066, "device_end": 1585585690.8971925, "host_queued_end": 1585585756.272042}, "device": "gpu", "nd_range": {"device_start": 1585585690.8972015, "device_end": 1585585690.8978055}, "cmdq": 0, "read": {"device_start": 1585585690.8978102, "device_end": 1585585690.897833}}, "FFC_sans_bias6": {"write": {"device_start": -1, "host_queued_start": 1585585756.265458, "device_queued": -1, "device_end": -1, "host_queued_end": 1585585756.272042}, "device": "gpu", "nd_range": {"device_start": 1585585690.8940432, "device_end": 1585585690.8946404}, "cmdq": 0, "read": {"device_start": -1, "device_end": -1}}, "FFC_sans_bias1": {"write": {"device_start": 1585585690.8798141, "host_queued_start": 1585585756.247047, "device_queued": 1585585690.8787935, "device_end": 1585585690.8798387, "host_queued_end": 1585585756.272042}, "device": "gpu", "nd_range": {"device_start": 1585585690.879855, "device_end": 1585585690.880441}, "cmdq": 0, "read": {"device_start": -1, "device_end": -1}}, "FFC_sans_bias0": {"write": {"device_start": 1585585690.8790576, "host_queued_start": 1585585756.245959, "device_queued": 1585585690.8787444, "device_end": 1585585690.8790812, "host_queued_end": 1585585756.272042}, "device": "gpu", "nd_range": {"device_start": 1585585690.87909, "device_end": 1585585690.8796895}, "cmdq": 0, "read": {"device_start": -1, "device_end": -1}}, "FFC_sans_bias2": {"write": {"device_start": 1585585690.8805683, "host_queued_start": 1585585756.248103, "device_queued": 1585585690.879017, "device_end": 1585585690.8805985, "host_queued_end": 1585585756.272042}, "device": "gpu", "nd_range": {"device_start": 1585585690.8806036, "device_end": 1585585690.8812013}, "cmdq": 0, "read": {"device_start": -1, "device_end": -1}}, "FFC_sans_bias9": {"write": {"device_start": 1585585690.8813305, "host_queued_start": 1585585756.249157, "device_queued": 1585585690.879056, "device_end": 1585585690.8813543, "host_queued_end": 1585585756.272042}, "device": "gpu", "nd_range": {"device_start": 1585585690.8813577, "device_end": 1585585690.8818693}, "cmdq": 0, "read": {"device_start": -1, "device_end": -1}}, "coalesced_transpose39": {"write": {"device_start": -1, "host_queued_start": 1585585756.262344, "device_queued": -1, "device_end": -1, "host_queued_end": 1585585756.272042}, "device": "gpu", "nd_range": {"device_start": 1585585690.8899643, "device_end": 1585585690.8899739}, "cmdq": 0, "read": {"device_start": -1, "device_end": -1}}, "softmax23": {"write": {"device_start": -1, "host_queued_start": 1585585756.264662, "device_queued": -1, "device_end": -1, "host_queued_end": 1585585756.272042}, "device": "gpu", "nd_range": {"device_start": 1585585690.8934057, "device_end": 1585585690.8936183}, "cmdq": 0, "read": {"device_start": -1, "device_end": -1}}, "FFC_sans_bias37": {"write": {"device_start": 1585585690.8885472, "host_queued_start": 1585585756.259766, "device_queued": 1585585690.8800893, "device_end": 1585585690.888577, "host_queued_end": 1585585756.272042}, "device": "gpu", "nd_range": {"device_start": 1585585690.88858, "device_end": 1585585690.889186}, "cmdq": 0, "read": {"device_start": -1, "device_end": -1}}, "softmax41": {"write": {"device_start": -1, "host_queued_start": 1585585756.265154, "device_queued": -1, "device_end": -1, "host_queued_end": 1585585756.272042}, "device": "gpu", "nd_range": {"device_start": 1585585690.893832, "device_end": 1585585690.8940423}, "cmdq": 0, "read": {"device_start": -1, "device_end": -1}}, "FFC_sans_bias11": {"write": {"device_start": 1585585690.882736, "host_queued_start": 1585585756.251248, "device_queued": 1585585690.8792193, "device_end": 1585585690.8827653, "host_queued_end": 1585585756.272042}, "device": "gpu", "nd_range": {"device_start": 1585585690.8827682, "device_end": 1585585690.8833725}, "cmdq": 0, "read": {"device_start": -1, "device_end": -1}}, "FFC_sans_bias10": {"write": {"device_start": 1585585690.8819957, "host_queued_start": 1585585756.250184, "device_queued": 1585585690.879189, "device_end": 1585585690.8820257, "host_queued_end": 1585585756.272042}, "device": "gpu", "nd_range": {"device_start": 1585585690.882029, "device_end": 1585585690.8826194}, "cmdq": 0, "read": {"device_start": -1, "device_end": -1}}, "coalesced_transpose3": {"write": {"device_start": -1, "host_queued_start": 1585585756.261144, "device_queued": -1, "device_end": -1, "host_queued_end": 1585585756.272042}, "device": "gpu", "nd_range": {"device_start": 1585585690.8899262, "device_end": 1585585690.889935}, "cmdq": 0, "read": {"device_start": -1, "device_end": -1}}, "FFC_sans_bias34": {"write": {"device_start": 1585585690.8996806, "host_queued_start": 1585585756.270901, "device_queued": 1585585690.881608, "device_end": 1585585690.899709, "host_queued_end": 1585585756.272042}, "device": "gpu", "nd_range": {"device_start": 1585585690.8997118, "device_end": 1585585690.9003081}, "cmdq": 0, "read": {"device_start": 1585585690.90031, "device_end": 1585585690.9003322}}, "FFC_sans_bias15": {"write": {"device_start": -1, "host_queued_start": 1585585756.265773, "device_queued": -1, "device_end": -1, "host_queued_end": 1585585756.272042}, "device": "gpu", "nd_range": {"device_start": 1585585690.8946414, "device_end": 1585585690.8952374}, "cmdq": 0, "read": {"device_start": -1, "device_end": -1}}, "FFC_sans_bias31": {"write": {"device_start": -1, "host_queued_start": 1585585756.263602, "device_queued": -1, "device_end": -1, "host_queued_end": 1585585756.272042}, "device": "gpu", "nd_range": {"device_start": 1585585690.8917785, "device_end": 1585585690.8923774}, "cmdq": 0, "read": {"device_start": -1, "device_end": -1}}, "FFC_sans_bias16": {"write": {"device_start": 1585585690.8980114, "host_queued_start": 1585585756.26882, "device_queued": 1585585690.8813007, "device_end": 1585585690.898041, "host_queued_end": 1585585756.272042}, "device": "gpu", "nd_range": {"device_start": 1585585690.8980463, "device_end": 1585585690.8986456}, "cmdq": 0, "read": {"device_start": 1585585690.8986485, "device_end": 1585585690.8986707}}, "FFC_sans_bias19": {"write": {"device_start": 1585585690.884236, "host_queued_start": 1585585756.25335, "device_queued": 1585585690.8793812, "device_end": 1585585690.8842661, "host_queued_end": 1585585756.272042}, "device": "gpu", "nd_range": {"device_start": 1585585690.884269, "device_end": 1585585690.8848655}, "cmdq": 0, "read": {"device_start": -1, "device_end": -1}}, "FFC_sans_bias18": {"write": {"device_start": 1585585690.8834887, "host_queued_start": 1585585756.25229, "device_queued": 1585585690.879342, "device_end": 1585585690.8835185, "host_queued_end": 1585585756.272042}, "device": "gpu", "nd_range": {"device_start": 1585585690.8835213, "device_end": 1585585690.8841214}, "cmdq": 0, "read": {"device_start": -1, "device_end": -1}}, "coalesced_transpose30": {"write": {"device_start": -1, "host_queued_start": 1585585756.262045, "device_queued": -1, "device_end": -1, "host_queued_end": 1585585756.272042}, "device": "gpu", "nd_range": {"device_start": 1585585690.8899548, "device_end": 1585585690.8899634}, "cmdq": 0, "read": {"device_start": -1, "device_end": -1}}, "FFC_sans_bias38": {"write": {"device_start": 1585585690.889304, "host_queued_start": 1585585756.260807, "device_queued": 1585585690.8802583, "device_end": 1585585690.8893342, "host_queued_end": 1585585756.272042}, "device": "gpu", "nd_range": {"device_start": 1585585690.8893378, "device_end": 1585585690.8899252}, "cmdq": 0, "read": {"device_start": -1, "device_end": -1}}, "empty26": {"write": {"device_start": 1585585690.878647,