{"FFC_sans_bias4": {"write": {"device_start": -1, "host_queued_start": 1585586083.997292, "device_queued": -1, "device_end": -1, "host_queued_end": 1585586083.999014}, "device": "cpu", "nd_range": {"device_start": 2253858.213806942, "device_end": 2253858.219568143}, "cmdq": 0, "read": {"device_start": -1, "device_end": -1}}, "FFC_sans_bias7": {"write": {"device_start": -1, "host_queued_start": 1585586083.998969, "device_queued": -1, "device_end": -1, "host_queued_end": 1585586083.999014}, "device": "cpu", "nd_range": {"device_start": 2253858.226715554, "device_end": 2253858.231900793}, "cmdq": 0, "read": {"device_start": -1, "device_end": -1}}, "FFC_sans_bias6": {"write": {"device_start": -1, "host_queued_start": 1585586083.997907, "device_queued": -1, "device_end": -1, "host_queued_end": 1585586083.999014}, "device": "cpu", "nd_range": {"device_start": 2253858.219845274, "device_end": 2253858.226697097}, "cmdq": 0, "read": {"device_start": -1, "device_end": -1}}, "FFC_sans_bias1": {"write": {"device_start": -1, "host_queued_start": 1585586083.995495, "device_queued": -1, "device_end": -1, "host_queued_end": 1585586083.999014}, "device": "cpu", "nd_range": {"device_start": 2253858.1968082134, "device_end": 2253858.206181316}, "cmdq": 0, "read": {"device_start": -1, "device_end": -1}}, "FFC_sans_bias0": {"write": {"device_start": -1, "host_queued_start": 1585586083.994152, "device_queued": -1, "device_end": -1, "host_queued_end": 1585586083.999014}, "device": "cpu", "nd_range": {"device_start": 2253858.18861699, "device_end": 2253858.196434306}, "cmdq": 0, "read": {"device_start": -1, "device_end": -1}}, "FFC_sans_bias2": {"write": {"device_start": -1, "host_queued_start": 1585586083.996627, "device_queued": -1, "device_end": -1, "host_queued_end": 1585586083.999014}, "device": "cpu", "nd_range": {"device_start": 2253858.206222849, "device_end": 2253858.213389104}, "cmdq": 0, "read": {"device_start": -1, "device_end": -1}}, "FFC_sans_bias9": {"write": {"device_start": 1585586018.5890036, "host_queued_start": 1585586083.970332, "device_queued": 1585586018.5889056, "device_end": 1585586018.5890303, "host_queued_end": 1585586083.99115}, "device": "gpu", "nd_range": {"device_start": 1585586018.5890424, "device_end": 1585586018.5896463}, "cmdq": 4, "read": {"device_start": -1, "device_end": -1}}, "coalesced_transpose39": {"write": {"device_start": -1, "host_queued_start": 1585586083.983312, "device_queued": -1, "device_end": -1, "host_queued_end": 1585586083.99115}, "device": "gpu", "nd_range": {"device_start": 1585586018.5944428, "device_end": 1585586018.594849}, "cmdq": 4, "read": {"device_start": -1, "device_end": -1}}, "softmax23": {"write": {"device_start": -1, "host_queued_start": 1585586083.985084, "device_queued": -1, "device_end": -1, "host_queued_end": 1585586083.99115}, "device": "gpu", "nd_range": {"device_start": 1585586018.5959413, "device_end": 1585586018.5971563}, "cmdq": 0, "read": {"device_start": -1, "device_end": -1}}, "FFC_sans_bias37": {"write": {"device_start": 1585586018.5921445, "host_queued_start": 1585586083.980995, "device_queued": 1585586018.5899196, "device_end": 1585586018.59217, "host_queued_end": 1585586083.99115}, "device": "gpu", "nd_range": {"device_start": 1585586018.592173, "device_end": 1585586018.5944417}, "cmdq": 4, "read": {"device_start": -1, "device_end": -1}}, "softmax41": {"write": {"device_start": -1, "host_queued_start": 1585586083.985588, "device_queued": -1, "device_end": -1, "host_queued_end": 1585586083.99115}, "device": "gpu", "nd_range": {"device_start": 1585586018.596919, "device_end": 1585586018.5971355}, "cmdq": 2, "read": {"device_start": -1, "device_end": -1}}, "FFC_sans_bias11": {"write": {"device_start": 1585586018.5893, "host_queued_start": 1585586083.972464, "device_queued": 1585586018.589203, "device_end": 1585586018.5893557, "host_queued_end": 1585586083.99115}, "device": "gpu", "nd_range": {"device_start": 1585586018.5894487, "device_end": 1585586018.5906284}, "cmdq": 1, "read": {"device_start": -1, "device_end": -1}}, "FFC_sans_bias10": {"write": {"device_start": 1585586018.589146, "host_queued_start": 1585586083.971426, "device_queued": 1585586018.5890326, "device_end": 1585586018.5891788, "host_queued_end": 1585586083.99115}, "device": "gpu", "nd_range": {"device_start": 1585586018.589181, "device_end": 1585586018.5900543}, "cmdq": 0, "read": {"device_start": -1, "device_end": -1}}, "coalesced_transpose3": {"write": {"device_start": -1, "host_queued_start": 1585586083.996953, "device_queued": -1, "device_end": -1, "host_queued_end": 1585586083.999014}, "device": "cpu", "nd_range": {"device_start": 2253858.213407195, "device_end": 2253858.2136202203}, "cmdq": 0, "read": {"device_start": -1, "device_end": -1}}, "FFC_sans_bias34": {"write": {"device_start": 1585586018.5997057, "host_queued_start": 1585586083.99, "device_queued": 1585586018.5912662, "device_end": 1585586018.5998075, "host_queued_end": 1585586083.99115}, "device": "gpu", "nd_range": {"device_start": 1585586018.599815, "device_end": 1585586018.6012206}, "cmdq": 4, "read": {"device_start": 1585586018.6012256, "device_end": 1585586018.6012902}}, "FFC_sans_bias15": {"write": {"device_start": -1, "host_queued_start": 1585586083.985902, "device_queued": -1, "device_end": -1, "host_queued_end": 1585586083.99115}, "device": "gpu", "nd_range": {"device_start": 1585586018.5971785, "device_end": 1585586018.5987375}, "cmdq": 3, "read": {"device_start": -1, "device_end": -1}}, "FFC_sans_bias31": {"write": {"device_start": -1, "host_queued_start": 1585586083.984265, "device_queued": -1, "device_end": -1, "host_queued_end": 1585586083.99115}, "device": "gpu", "nd_range": {"device_start": 1585586018.594937, "device_end": 1585586018.5964944}, "cmdq": 2, "read": {"device_start": -1, "device_end": -1}}, "FFC_sans_bias16": {"write": {"device_start": 1585586018.59947, "host_queued_start": 1585586083.987892, "device_queued": 1585586018.591035, "device_end": 1585586018.5995586, "host_queued_end": 1585586083.99115}, "device": "gpu", "nd_range": {"device_start": 1585586018.5996203, "device_end": 1585586018.6002402}, "cmdq": 2, "read": {"device_start": 1585586018.600247, "device_end": 1585586018.600276}}, "FFC_sans_bias19": {"write": {"device_start": 1585586018.589505, "host_queued_start": 1585586083.974527, "device_queued": 1585586018.5892446, "device_end": 1585586018.5895352, "host_queued_end": 1585586083.99115}, "device": "gpu", "nd_range": {"device_start": 1585586018.5895379, "device_end": 1585586018.591597}, "cmdq": 3, "read": {"device_start": -1, "device_end": -1}}, "FFC_sans_bias18": {"write": {"device_start": 1585586018.5893958, "host_queued_start": 1585586083.973494, "device_queued": 1585586018.5892298, "device_end": 1585586018.5894618, "host_queued_end": 1585586083.99115}, "device": "gpu", "nd_range": {"device_start": 1585586018.5894694, "device_end": 1585586018.5910404}, "cmdq": 2, "read": {"device_start": -1, "device_end": -1}}, "coalesced_transpose30": {"write": {"device_start": -1, "host_queued_start": 1585586083.98301, "device_queued": -1, "device_end": -1, "host_queued_end": 1585586083.99115}, "device": "gpu", "nd_range": {"device_start": 1585586018.593997, "device_end": 1585586018.594839}, "cmdq": 3, "read": {"device_start": -1, "device_end": -1}}, "FFC_sans_bias38": {"write": {"device_start": 1585586018.5926645, "host_queued_start": 1585586083.982044, "device_queued": 1585586018.5901353, "device_end": 1585586018.5926967, "host_queued_end": 1585586083.99115}, "device": "gpu", "nd_range": {"device_start": 1585586018.5927038, "device_end": 1585586018.5949051}, "cmdq": 0, "read": {"device_start": -1, "device_end": -1}}, "empty26": {"write": {"device_start": 1585586018.5887175, "host_queued_start": 1585586083.967617, "device_queued": 1585586018.5885875, "device_end": 1585586018.58878, "host_queued_end": 1585586083.99115}, "device": "gpu", "nd_range": {"device_start": 1585586018.5889618, "device_end": 1585586018.5889997}, "cmdq": 1,