{"FFC_sans_bias4": {"write": {"device_start": -1, "host_queued_start": 1585585918.839525, "device_queued": -1, "device_end": -1, "host_queued_end": 1585585918.848892}, "device": "gpu", "nd_range": {"device_start": 1585585853.458707, "device_end": 1585585853.4597056}, "cmdq": 1, "read": {"device_start": -1, "device_end": -1}}, "FFC_sans_bias7": {"write": {"device_start": 1585585853.462613, "host_queued_start": 1585585918.844617, "device_queued": 1585585853.4539862, "device_end": 1585585853.462644, "host_queued_end": 1585585918.848892}, "device": "gpu", "nd_range": {"device_start": 1585585853.4626598, "device_end": 1585585853.464047}, "cmdq": 1, "read": {"device_start": 1585585853.4640555, "device_end": 1585585853.4640791}}, "FFC_sans_bias6": {"write": {"device_start": -1, "host_queued_start": 1585585918.842324, "device_queued": -1, "device_end": -1, "host_queued_end": 1585585918.848892}, "device": "gpu", "nd_range": {"device_start": 1585585853.4614928, "device_end": 1585585853.4620938}, "cmdq": 2, "read": {"device_start": -1, "device_end": -1}}, "FFC_sans_bias1": {"write": {"device_start": 1585585853.4513762, "host_queued_start": 1585585918.823954, "device_queued": 1585585853.4511702, "device_end": 1585585853.45141, "host_queued_end": 1585585918.848892}, "device": "gpu", "nd_range": {"device_start": 1585585853.451414, "device_end": 1585585853.4523485}, "cmdq": 0, "read": {"device_start": -1, "device_end": -1}}, "FFC_sans_bias0": {"write": {"device_start": 1585585853.4512727, "host_queued_start": 1585585918.822892, "device_queued": 1585585853.4510925, "device_end": 1585585853.451337, "host_queued_end": 1585585918.848892}, "device": "gpu", "nd_range": {"device_start": 1585585853.4513402, "device_end": 1585585853.4519565}, "cmdq": 2, "read": {"device_start": -1, "device_end": -1}}, "FFC_sans_bias2": {"write": {"device_start": 1585585853.4514825, "host_queued_start": 1585585918.824989, "device_queued": 1585585853.4513884, "device_end": 1585585853.4515069, "host_queued_end": 1585585918.848892}, "device": "gpu", "nd_range": {"device_start": 1585585853.4515147, "device_end": 1585585853.452915}, "cmdq": 1, "read": {"device_start": -1, "device_end": -1}}, "FFC_sans_bias9": {"write": {"device_start": 1585585853.4520917, "host_queued_start": 1585585918.826022, "device_queued": 1585585853.4514065, "device_end": 1585585853.4521167, "host_queued_end": 1585585918.848892}, "device": "gpu", "nd_range": {"device_start": 1585585853.4521263, "device_end": 1585585853.4533489}, "cmdq": 2, "read": {"device_start": -1, "device_end": -1}}, "coalesced_transpose39": {"write": {"device_start": -1, "host_queued_start": 1585585918.839212, "device_queued": -1, "device_end": -1, "host_queued_end": 1585585918.848892}, "device": "gpu", "nd_range": {"device_start": 1585585853.4585595, "device_end": 1585585853.4585822}, "cmdq": 0, "read": {"device_start": -1, "device_end": -1}}, "softmax23": {"write": {"device_start": -1, "host_queued_start": 1585585918.841527, "device_queued": -1, "device_end": -1, "host_queued_end": 1585585918.848892}, "device": "gpu", "nd_range": {"device_start": 1585585853.4607031, "device_end": 1585585853.4614732}, "cmdq": 2, "read": {"device_start": -1, "device_end": -1}}, "FFC_sans_bias37": {"write": {"device_start": 1585585853.4568465, "host_queued_start": 1585585918.836632, "device_queued": 1585585853.4525542, "device_end": 1585585853.4568787, "host_queued_end": 1585585918.848892}, "device": "gpu", "nd_range": {"device_start": 1585585853.4568858, "device_end": 1585585853.458172}, "cmdq": 0, "read": {"device_start": -1, "device_end": -1}}, "softmax41": {"write": {"device_start": -1, "host_queued_start": 1585585918.842017, "device_queued": -1, "device_end": -1, "host_queued_end": 1585585918.848892}, "device": "gpu", "nd_range": {"device_start": 1585585853.4613934, "device_end": 1585585853.4616897}, "cmdq": 1, "read": {"device_start": -1, "device_end": -1}}, "FFC_sans_bias11": {"write": {"device_start": 1585585853.4530497, "host_queued_start": 1585585918.828132, "device_queued": 1585585853.451629, "device_end": 1585585853.4530811, "host_queued_end": 1585585918.848892}, "device": "gpu", "nd_range": {"device_start": 1585585853.4530852, "device_end": 1585585853.4543324}, "cmdq": 1, "read": {"device_start": -1, "device_end": -1}}, "FFC_sans_bias10": {"write": {"device_start": 1585585853.4524968, "host_queued_start": 1585585918.827083, "device_queued": 1585585853.4515874, "device_end": 1585585853.4525275, "host_queued_end": 1585585918.848892}, "device": "gpu", "nd_range": {"device_start": 1585585853.4525328, "device_end": 1585585853.453862}, "cmdq": 0, "read": {"device_start": -1, "device_end": -1}}, "coalesced_transpose3": {"write": {"device_start": -1, "host_queued_start": 1585585918.837993, "device_queued": -1, "device_end": -1, "host_queued_end": 1585585918.848892}, "device": "gpu", "nd_range": {"device_start": 1585585853.457724, "device_end": 1585585853.458548}, "cmdq": 2, "read": {"device_start": -1, "device_end": -1}}, "FFC_sans_bias34": {"write": {"device_start": 1585585853.465394, "host_queued_start": 1585585918.847729, "device_queued": 1585585853.4543157, "device_end": 1585585853.4654245, "host_queued_end": 1585585918.848892}, "device": "gpu", "nd_range": {"device_start": 1585585853.4654312, "device_end": 1585585853.4664168}, "cmdq": 1, "read": {"device_start": 1585585853.4664223, "device_end": 1585585853.4664445}}, "FFC_sans_bias15": {"write": {"device_start": -1, "host_queued_start": 1585585918.842665, "device_queued": -1, "device_end": -1, "host_queued_end": 1585585918.848892}, "device": "gpu", "nd_range": {"device_start": 1585585853.461859, "device_end": 1585585853.4630854}, "cmdq": 0, "read": {"device_start": -1, "device_end": -1}}, "FFC_sans_bias31": {"write": {"device_start": -1, "host_queued_start": 1585585918.840472, "device_queued": -1, "device_end": -1, "host_queued_end": 1585585918.848892}, "device": "gpu", "nd_range": {"device_start": 1585585853.4597135, "device_end": 1585585853.461172}, "cmdq": 1, "read": {"device_start": -1, "device_end": -1}}, "FFC_sans_bias16": {"write": {"device_start": 1585585853.4636135, "host_queued_start": 1585585918.845653, "device_queued": 1585585853.453798, "device_end": 1585585853.4636388, "host_queued_end": 1585585918.848892}, "device": "gpu", "nd_range": {"device_start": 1585585853.4636557, "device_end": 1585585853.4650252}, "cmdq": 2, "read": {"device_start": 1585585853.4650276, "device_end": 1585585853.4650526}}, "FFC_sans_bias19": {"write": {"device_start": 1585585853.454067, "host_queued_start": 1585585918.830233, "device_queued": 1585585853.4518366, "device_end": 1585585853.4540994, "host_queued_end": 1585585918.848892}, "device": "gpu", "nd_range": {"device_start": 1585585853.4541025, "device_end": 1585585853.4553304}, "cmdq": 0, "read": {"device_start": -1, "device_end": -1}}, "FFC_sans_bias18": {"write": {"device_start": 1585585853.4534857, "host_queued_start": 1585585918.829193, "device_queued": 1585585853.4517782, "device_end": 1585585853.4535172, "host_queued_end": 1585585918.848892}, "device": "gpu", "nd_range": {"device_start": 1585585853.4535208, "device_end": 1585585853.4548204}, "cmdq": 2, "read": {"device_start": -1, "device_end": -1}}, "coalesced_transpose30": {"write": {"device_start": -1, "host_queued_start": 1585585918.838914, "device_queued": -1, "device_end": -1, "host_queued_end": 1585585918.848892}, "device": "gpu", "nd_range": {"device_start": 1585585853.4585545, "device_end": 1585585853.4585779}, "cmdq": 2, "read": {"device_start": -1, "device_end": -1}}, "FFC_sans_bias38": {"write": {"device_start": 1585585853.457396, "host_queued_start": 1585585918.837661, "device_queued": 1585585853.4527159, "device_end": 1585585853.4574225, "host_queued_end": 1585585918.848892}, "device": "gpu", "nd_range": {"device_start": 1585585853.457426, "device_end": 1585585853.4586766}, "cmdq": 1, "read": {"device_start": -1, "device_end": -1}}, "empty26": {"write": {"device_start": 1585585853.450978,