{"FFC_sans_bias4": {"write": {"device_start": -1, "host_queued_start": 1585586032.563571, "device_queued": -1, "device_end": -1, "host_queued_end": 1585586032.572927}, "device": "gpu", "nd_range": {"device_start": 1585585967.179851, "device_end": 1585585967.180456}, "cmdq": 1, "read": {"device_start": -1, "device_end": -1}}, "FFC_sans_bias7": {"write": {"device_start": 1585585967.1839473, "host_queued_start": 1585586032.568636, "device_queued": 1585585967.1749551, "device_end": 1585585967.1839786, "host_queued_end": 1585586032.572927}, "device": "gpu", "nd_range": {"device_start": 1585585967.1839962, "device_end": 1585585967.185812}, "cmdq": 0, "read": {"device_start": 1585585967.185814, "device_end": 1585585967.1858373}}, "FFC_sans_bias6": {"write": {"device_start": -1, "host_queued_start": 1585586032.566371, "device_queued": -1, "device_end": -1, "host_queued_end": 1585586032.572927}, "device": "gpu", "nd_range": {"device_start": 1585585967.1828156, "device_end": 1585585967.1834276}, "cmdq": 3, "read": {"device_start": -1, "device_end": -1}}, "FFC_sans_bias1": {"write": {"device_start": 1585585967.17239, "host_queued_start": 1585586032.54798, "device_queued": 1585585967.1721814, "device_end": 1585585967.1724484, "host_queued_end": 1585586032.572927}, "device": "gpu", "nd_range": {"device_start": 1585585967.1725075, "device_end": 1585585967.1734998}, "cmdq": 2, "read": {"device_start": -1, "device_end": -1}}, "FFC_sans_bias0": {"write": {"device_start": 1585585967.1723032, "host_queued_start": 1585586032.546943, "device_queued": 1585585967.1721497, "device_end": 1585585967.17237, "host_queued_end": 1585586032.572927}, "device": "gpu", "nd_range": {"device_start": 1585585967.1724818, "device_end": 1585585967.1730936}, "cmdq": 1, "read": {"device_start": -1, "device_end": -1}}, "FFC_sans_bias2": {"write": {"device_start": 1585585967.172477, "host_queued_start": 1585586032.549012, "device_queued": 1585585967.1722, "device_end": 1585585967.1725032, "host_queued_end": 1585586032.572927}, "device": "gpu", "nd_range": {"device_start": 1585585967.172531, "device_end": 1585585967.1740758}, "cmdq": 3, "read": {"device_start": -1, "device_end": -1}}, "FFC_sans_bias9": {"write": {"device_start": 1585585967.1726286, "host_queued_start": 1585586032.550065, "device_queued": 1585585967.1725368, "device_end": 1585585967.1726582, "host_queued_end": 1585586032.572927}, "device": "gpu", "nd_range": {"device_start": 1585585967.1726973, "device_end": 1585585967.1744802}, "cmdq": 0, "read": {"device_start": -1, "device_end": -1}}, "coalesced_transpose39": {"write": {"device_start": -1, "host_queued_start": 1585586032.563255, "device_queued": -1, "device_end": -1, "host_queued_end": 1585586032.572927}, "device": "gpu", "nd_range": {"device_start": 1585585967.1797364, "device_end": 1585585967.1797588}, "cmdq": 0, "read": {"device_start": -1, "device_end": -1}}, "softmax23": {"write": {"device_start": -1, "host_queued_start": 1585586032.565572, "device_queued": -1, "device_end": -1, "host_queued_end": 1585586032.572927}, "device": "gpu", "nd_range": {"device_start": 1585585967.1818569, "device_end": 1585585967.1828184}, "cmdq": 0, "read": {"device_start": -1, "device_end": -1}}, "FFC_sans_bias37": {"write": {"device_start": 1585585967.1775615, "host_queued_start": 1585586032.560653, "device_queued": 1585585967.1736078, "device_end": 1585585967.177587, "host_queued_end": 1585586032.572927}, "device": "gpu", "nd_range": {"device_start": 1585585967.1775954, "device_end": 1585585967.1793716}, "cmdq": 2, "read": {"device_start": -1, "device_end": -1}}, "softmax41": {"write": {"device_start": -1, "host_queued_start": 1585586032.566056, "device_queued": -1, "device_end": -1, "host_queued_end": 1585586032.572927}, "device": "gpu", "nd_range": {"device_start": 1585585967.1828067, "device_end": 1585585967.1831923}, "cmdq": 2, "read": {"device_start": -1, "device_end": -1}}, "FFC_sans_bias11": {"write": {"device_start": 1585585967.1736376, "host_queued_start": 1585586032.55218, "device_queued": 1585585967.172743, "device_end": 1585585967.1736689, "host_queued_end": 1585586032.572927}, "device": "gpu", "nd_range": {"device_start": 1585585967.1736717, "device_end": 1585585967.175473}, "cmdq": 2, "read": {"device_start": -1, "device_end": -1}}, "FFC_sans_bias10": {"write": {"device_start": 1585585967.1731732, "host_queued_start": 1585586032.551139, "device_queued": 1585585967.1727061, "device_end": 1585585967.173203, "host_queued_end": 1585586032.572927}, "device": "gpu", "nd_range": {"device_start": 1585585967.173208, "device_end": 1585585967.1750467}, "cmdq": 1, "read": {"device_start": -1, "device_end": -1}}, "coalesced_transpose3": {"write": {"device_start": -1, "host_queued_start": 1585586032.562028, "device_queued": -1, "device_end": -1, "host_queued_end": 1585586032.572927}, "device": "gpu", "nd_range": {"device_start": 1585585967.1784158, "device_end": 1585585967.179726}, "cmdq": 0, "read": {"device_start": -1, "device_end": -1}}, "FFC_sans_bias34": {"write": {"device_start": 1585585967.1854846, "host_queued_start": 1585586032.571782, "device_queued": 1585585967.1751907, "device_end": 1585585967.185516, "host_queued_end": 1585586032.572927}, "device": "gpu", "nd_range": {"device_start": 1585585967.1855257, "device_end": 1585585967.1872497}, "cmdq": 3, "read": {"device_start": 1585585967.187255, "device_end": 1585585967.187277}}, "FFC_sans_bias15": {"write": {"device_start": -1, "host_queued_start": 1585586032.566688, "device_queued": -1, "device_end": -1, "host_queued_end": 1585586032.572927}, "device": "gpu", "nd_range": {"device_start": 1585585967.1828256, "device_end": 1585585967.183824}, "cmdq": 0, "read": {"device_start": -1, "device_end": -1}}, "FFC_sans_bias31": {"write": {"device_start": -1, "host_queued_start": 1585586032.564516, "device_queued": -1, "device_end": -1, "host_queued_end": 1585586032.572927}, "device": "gpu", "nd_range": {"device_start": 1585585967.179883, "device_end": 1585585967.181849}, "cmdq": 0, "read": {"device_start": -1, "device_end": -1}}, "FFC_sans_bias16": {"write": {"device_start": 1585585967.1845157, "host_queued_start": 1585586032.569705, "device_queued": 1585585967.1751435, "device_end": 1585585967.1845415, "host_queued_end": 1585586032.572927}, "device": "gpu", "nd_range": {"device_start": 1585585967.1845586, "device_end": 1585585967.1863015}, "cmdq": 1, "read": {"device_start": 1585585967.1863084, "device_end": 1585585967.1863317}}, "FFC_sans_bias19": {"write": {"device_start": 1585585967.1746159, "host_queued_start": 1585586032.554234, "device_queued": 1585585967.1729245, "device_end": 1585585967.1746466, "host_queued_end": 1585586032.572927}, "device": "gpu", "nd_range": {"device_start": 1585585967.1746507, "device_end": 1585585967.1764646}, "cmdq": 0, "read": {"device_start": -1, "device_end": -1}}, "FFC_sans_bias18": {"write": {"device_start": 1585585967.1742606, "host_queued_start": 1585586032.55321, "device_queued": 1585585967.1727567, "device_end": 1585585967.1742916, "host_queued_end": 1585586032.572927}, "device": "gpu", "nd_range": {"device_start": 1585585967.1742947, "device_end": 1585585967.1760063}, "cmdq": 3, "read": {"device_start": -1, "device_end": -1}}, "coalesced_transpose30": {"write": {"device_start": -1, "host_queued_start": 1585586032.562963, "device_queued": -1, "device_end": -1, "host_queued_end": 1585586032.572927}, "device": "gpu", "nd_range": {"device_start": 1585585967.1798363, "device_end": 1585585967.1798654}, "cmdq": 3, "read": {"device_start": -1, "device_end": -1}}, "FFC_sans_bias38": {"write": {"device_start": 1585585967.1780202, "host_queued_start": 1585586032.561702, "device_queued": 1585585967.17363, "device_end": 1585585967.1780527, "host_queued_end": 1585586032.572927}, "device": "gpu", "nd_range": {"device_start": 1585585967.1780589, "device_end": 1585585967.1798346}, "cmdq": 3, "read": {"device_start": -1, "device_end": -1}}, "empty26": {"write": {"device_start": 1585585967.172011,