{"FFC_sans_bias4": {"write": {"device_start": -1, "host_queued_start": 1585585856.565206, "device_queued": -1, "device_end": -1, "host_queued_end": 1585585856.566909}, "device": "cpu", "nd_range": {"device_start": 2253630.7687002043, "device_end": 2253630.772915949}, "cmdq": 1, "read": {"device_start": -1, "device_end": -1}}, "FFC_sans_bias7": {"write": {"device_start": -1, "host_queued_start": 1585585856.566863, "device_queued": -1, "device_end": -1, "host_queued_end": 1585585856.566909}, "device": "cpu", "nd_range": {"device_start": 2253630.777957796, "device_end": 2253630.782244197}, "cmdq": 0, "read": {"device_start": -1, "device_end": -1}}, "FFC_sans_bias6": {"write": {"device_start": -1, "host_queued_start": 1585585856.565806, "device_queued": -1, "device_end": -1, "host_queued_end": 1585585856.566909}, "device": "cpu", "nd_range": {"device_start": 2253630.7731643133, "device_end": 2253630.7779353103}, "cmdq": 1, "read": {"device_start": -1, "device_end": -1}}, "FFC_sans_bias1": {"write": {"device_start": -1, "host_queued_start": 1585585856.563002, "device_queued": -1, "device_end": -1, "host_queued_end": 1585585856.566909}, "device": "cpu", "nd_range": {"device_start": 2253630.756508429, "device_end": 2253630.764342885}, "cmdq": 0, "read": {"device_start": -1, "device_end": -1}}, "FFC_sans_bias0": {"write": {"device_start": -1, "host_queued_start": 1585585856.561518, "device_queued": -1, "device_end": -1, "host_queued_end": 1585585856.566909}, "device": "cpu", "nd_range": {"device_start": 2253630.756501554, "device_end": 2253630.764719122}, "cmdq": 1, "read": {"device_start": -1, "device_end": -1}}, "FFC_sans_bias2": {"write": {"device_start": -1, "host_queued_start": 1585585856.56433, "device_queued": -1, "device_end": -1, "host_queued_end": 1585585856.566909}, "device": "cpu", "nd_range": {"device_start": 2253630.7647492243, "device_end": 2253630.7686832473}, "cmdq": 1, "read": {"device_start": -1, "device_end": -1}}, "FFC_sans_bias9": {"write": {"device_start": 1585585791.1627705, "host_queued_start": 1585585856.538026, "device_queued": 1585585791.1626723, "device_end": 1585585791.1628466, "host_queued_end": 1585585856.558784}, "device": "gpu", "nd_range": {"device_start": 1585585791.1628506, "device_end": 1585585791.163451}, "cmdq": 0, "read": {"device_start": -1, "device_end": -1}}, "coalesced_transpose39": {"write": {"device_start": -1, "host_queued_start": 1585585856.551001, "device_queued": -1, "device_end": -1, "host_queued_end": 1585585856.558784}, "device": "gpu", "nd_range": {"device_start": 1585585791.1691089, "device_end": 1585585791.16913}, "cmdq": 1, "read": {"device_start": -1, "device_end": -1}}, "softmax23": {"write": {"device_start": -1, "host_queued_start": 1585585856.552766, "device_queued": -1, "device_end": -1, "host_queued_end": 1585585856.558784}, "device": "gpu", "nd_range": {"device_start": 1585585791.1707327, "device_end": 1585585791.1709402}, "cmdq": 1, "read": {"device_start": -1, "device_end": -1}}, "FFC_sans_bias37": {"write": {"device_start": 1585585791.167443, "host_queued_start": 1585585856.54866, "device_queued": 1585585791.1637793, "device_end": 1585585791.1674743, "host_queued_end": 1585585856.558784}, "device": "gpu", "nd_range": {"device_start": 1585585791.1674776, "device_end": 1585585791.1682673}, "cmdq": 0, "read": {"device_start": -1, "device_end": -1}}, "softmax41": {"write": {"device_start": -1, "host_queued_start": 1585585856.553269, "device_queued": -1, "device_end": -1, "host_queued_end": 1585585856.558784}, "device": "gpu", "nd_range": {"device_start": 1585585791.1709414, "device_end": 1585585791.171321}, "cmdq": 1, "read": {"device_start": -1, "device_end": -1}}, "FFC_sans_bias11": {"write": {"device_start": 1585585791.1636147, "host_queued_start": 1585585856.540143, "device_queued": 1585585791.162908, "device_end": 1585585791.1636462, "host_queued_end": 1585585856.558784}, "device": "gpu", "nd_range": {"device_start": 1585585791.163649, "device_end": 1585585791.1644366}, "cmdq": 0, "read": {"device_start": -1, "device_end": -1}}, "FFC_sans_bias10": {"write": {"device_start": 1585585791.1628673, "host_queued_start": 1585585856.539101, "device_queued": 1585585791.1627202, "device_end": 1585585791.162898, "host_queued_end": 1585585856.558784}, "device": "gpu", "nd_range": {"device_start": 1585585791.1629007, "device_end": 1585585791.1638563}, "cmdq": 1, "read": {"device_start": -1, "device_end": -1}}, "coalesced_transpose3": {"write": {"device_start": -1, "host_queued_start": 1585585856.564765, "device_queued": -1, "device_end": -1, "host_queued_end": 1585585856.566909}, "device": "cpu", "nd_range": {"device_start": 2253630.764448346, "device_end": 2253630.764665997}, "cmdq": 0, "read": {"device_start": -1, "device_end": -1}}, "FFC_sans_bias34": {"write": {"device_start": 1585585791.1736617, "host_queued_start": 1585585856.557634, "device_queued": 1585585791.1650357, "device_end": 1585585791.173687, "host_queued_end": 1585585856.558784}, "device": "gpu", "nd_range": {"device_start": 1585585791.1736903, "device_end": 1585585791.1744287}, "cmdq": 0, "read": {"device_start": 1585585791.1744318, "device_end": 1585585791.174454}}, "FFC_sans_bias15": {"write": {"device_start": -1, "host_queued_start": 1585585856.55358, "device_queued": -1, "device_end": -1, "host_queued_end": 1585585856.558784}, "device": "gpu", "nd_range": {"device_start": 1585585791.170945, "device_end": 1585585791.1715474}, "cmdq": 0, "read": {"device_start": -1, "device_end": -1}}, "FFC_sans_bias31": {"write": {"device_start": -1, "host_queued_start": 1585585856.551959, "device_queued": -1, "device_end": -1, "host_queued_end": 1585585856.558784}, "device": "gpu", "nd_range": {"device_start": 1585585791.1692774, "device_end": 1585585791.1702638}, "cmdq": 0, "read": {"device_start": -1, "device_end": -1}}, "FFC_sans_bias16": {"write": {"device_start": 1585585791.1726294, "host_queued_start": 1585585856.555549, "device_queued": 1585585791.164777, "device_end": 1585585791.1726542, "host_queued_end": 1585585856.558784}, "device": "gpu", "nd_range": {"device_start": 1585585791.1726577, "device_end": 1585585791.173491}, "cmdq": 0, "read": {"device_start": 1585585791.1734934, "device_end": 1585585791.1735177}}, "FFC_sans_bias19": {"write": {"device_start": 1585585791.1645699, "host_queued_start": 1585585856.542199, "device_queued": 1585585791.1630995, "device_end": 1585585791.1646051, "host_queued_end": 1585585856.558784}, "device": "gpu", "nd_range": {"device_start": 1585585791.1646101, "device_end": 1585585791.1653883}, "cmdq": 0, "read": {"device_start": -1, "device_end": -1}}, "FFC_sans_bias18": {"write": {"device_start": 1585585791.1639512, "host_queued_start": 1585585856.54117, "device_queued": 1585585791.1629517, "device_end": 1585585791.1639826, "host_queued_end": 1585585856.558784}, "device": "gpu", "nd_range": {"device_start": 1585585791.163986, "device_end": 1585585791.1648607}, "cmdq": 1, "read": {"device_start": -1, "device_end": -1}}, "coalesced_transpose30": {"write": {"device_start": -1, "host_queued_start": 1585585856.550704, "device_queued": -1, "device_end": -1, "host_queued_end": 1585585856.558784}, "device": "gpu", "nd_range": {"device_start": 1585585791.1686604, "device_end": 1585585791.168678}, "cmdq": 0, "read": {"device_start": -1, "device_end": -1}}, "FFC_sans_bias38": {"write": {"device_start": 1585585791.1679735, "host_queued_start": 1585585856.54973, "device_queued": 1585585791.1638231, "device_end": 1585585791.1680055, "host_queued_end": 1585585856.558784}, "device": "gpu", "nd_range": {"device_start": 1585585791.1680083, "device_end": 1585585791.168788}, "cmdq": 1, "read": {"device_start": -1, "device_end": -1}}, "empty26": {"write": {"device_start": 1585585791.1624196, "host_queued_start": 1585585856.535408, "device_queued": 1585585791.1623313, "device_end": 1585585791.1624875, "host_queued_end": 1585585856.558784}, "device": "gpu", "nd_range": {"device_start": 1585585791.1625028,