{"FFC_sans_bias4": {"write": {"device_start": -1, "host_queued_start": 1585585807.665027, "device_queued": -1, "device_end": -1, "host_queued_end": 1585585807.666885}, "device": "cpu", "nd_range": {"device_start": 2253581.86900246, "device_end": 2253581.876635239}, "cmdq": 1, "read": {"device_start": -1, "device_end": -1}}, "FFC_sans_bias7": {"write": {"device_start": -1, "host_queued_start": 1585585807.66684, "device_queued": -1, "device_end": -1, "host_queued_end": 1585585807.666885}, "device": "cpu", "nd_range": {"device_start": 2253581.8808469153, "device_end": 2253581.885743361}, "cmdq": 0, "read": {"device_start": -1, "device_end": -1}}, "FFC_sans_bias6": {"write": {"device_start": -1, "host_queued_start": 1585585807.665676, "device_queued": -1, "device_end": -1, "host_queued_end": 1585585807.666885}, "device": "cpu", "nd_range": {"device_start": 2253581.876767295, "device_end": 2253581.8808392594}, "cmdq": 3, "read": {"device_start": -1, "device_end": -1}}, "FFC_sans_bias1": {"write": {"device_start": -1, "host_queued_start": 1585585807.663041, "device_queued": -1, "device_end": -1, "host_queued_end": 1585585807.666885}, "device": "cpu", "nd_range": {"device_start": 2253581.8564960943, "device_end": 2253581.868719778}, "cmdq": 2, "read": {"device_start": -1, "device_end": -1}}, "FFC_sans_bias0": {"write": {"device_start": -1, "host_queued_start": 1585585807.661712, "device_queued": -1, "device_end": -1, "host_queued_end": 1585585807.666885}, "device": "cpu", "nd_range": {"device_start": 2253581.856479666, "device_end": 2253581.8642143593}, "cmdq": 1, "read": {"device_start": -1, "device_end": -1}}, "FFC_sans_bias2": {"write": {"device_start": -1, "host_queued_start": 1585585807.66425, "device_queued": -1, "device_end": -1, "host_queued_end": 1585585807.666885}, "device": "cpu", "nd_range": {"device_start": 2253581.856489084, "device_end": 2253581.8683638494}, "cmdq": 3, "read": {"device_start": -1, "device_end": -1}}, "FFC_sans_bias9": {"write": {"device_start": 1585585742.2646015, "host_queued_start": 1585585807.638133, "device_queued": 1585585742.264053, "device_end": 1585585742.2646303, "host_queued_end": 1585585807.658951}, "device": "gpu", "nd_range": {"device_start": 1585585742.264639, "device_end": 1585585742.265238}, "cmdq": 0, "read": {"device_start": -1, "device_end": -1}}, "coalesced_transpose39": {"write": {"device_start": -1, "host_queued_start": 1585585807.65105, "device_queued": -1, "device_end": -1, "host_queued_end": 1585585807.658951}, "device": "gpu", "nd_range": {"device_start": 1585585742.2733448, "device_end": 1585585742.273353}, "cmdq": 0, "read": {"device_start": -1, "device_end": -1}}, "softmax23": {"write": {"device_start": -1, "host_queued_start": 1585585807.652818, "device_queued": -1, "device_end": -1, "host_queued_end": 1585585807.658951}, "device": "gpu", "nd_range": {"device_start": 1585585742.2759676, "device_end": 1585585742.276177}, "cmdq": 0, "read": {"device_start": -1, "device_end": -1}}, "FFC_sans_bias37": {"write": {"device_start": 1585585742.2720819, "host_queued_start": 1585585807.648741, "device_queued": 1585585742.2650623, "device_end": 1585585742.2721055, "host_queued_end": 1585585807.658951}, "device": "gpu", "nd_range": {"device_start": 1585585742.2721121, "device_end": 1585585742.2726114}, "cmdq": 0, "read": {"device_start": -1, "device_end": -1}}, "softmax41": {"write": {"device_start": -1, "host_queued_start": 1585585807.653314, "device_queued": -1, "device_end": -1, "host_queued_end": 1585585807.658951}, "device": "gpu", "nd_range": {"device_start": 1585585742.276389, "device_end": 1585585742.2765968}, "cmdq": 0, "read": {"device_start": -1, "device_end": -1}}, "FFC_sans_bias11": {"write": {"device_start": 1585585742.2661085, "host_queued_start": 1585585807.640271, "device_queued": 1585585742.2642813, "device_end": 1585585742.2661378, "host_queued_end": 1585585807.658951}, "device": "gpu", "nd_range": {"device_start": 1585585742.2661474, "device_end": 1585585742.266734}, "cmdq": 0, "read": {"device_start": -1, "device_end": -1}}, "FFC_sans_bias10": {"write": {"device_start": 1585585742.2653425, "host_queued_start": 1585585807.639225, "device_queued": 1585585742.264113, "device_end": 1585585742.2653728, "host_queued_end": 1585585807.658951}, "device": "gpu", "nd_range": {"device_start": 1585585742.2653792, "device_end": 1585585742.265979}, "cmdq": 0, "read": {"device_start": -1, "device_end": -1}}, "coalesced_transpose3": {"write": {"device_start": -1, "host_queued_start": 1585585807.664629, "device_queued": -1, "device_end": -1, "host_queued_end": 1585585807.666885}, "device": "cpu", "nd_range": {"device_start": 2253581.86873982, "device_end": 2253581.8688282543}, "cmdq": 0, "read": {"device_start": -1, "device_end": -1}}, "FFC_sans_bias34": {"write": {"device_start": 1585585742.2806308, "host_queued_start": 1585585807.65778, "device_queued": 1585585742.266191, "device_end": 1585585742.2806559, "host_queued_end": 1585585807.658951}, "device": "gpu", "nd_range": {"device_start": 1585585742.2806592, "device_end": 1585585742.2812576}, "cmdq": 0, "read": {"device_start": 1585585742.2812655, "device_end": 1585585742.2812874}}, "FFC_sans_bias15": {"write": {"device_start": -1, "host_queued_start": 1585585807.653621, "device_queued": -1, "device_end": -1, "host_queued_end": 1585585807.658951}, "device": "gpu", "nd_range": {"device_start": 1585585742.276598, "device_end": 1585585742.2771943}, "cmdq": 0, "read": {"device_start": -1, "device_end": -1}}, "FFC_sans_bias31": {"write": {"device_start": -1, "host_queued_start": 1585585807.652, "device_queued": -1, "device_end": -1, "host_queued_end": 1585585807.658951}, "device": "gpu", "nd_range": {"device_start": 1585585742.2745526, "device_end": 1585585742.2751515}, "cmdq": 0, "read": {"device_start": -1, "device_end": -1}}, "FFC_sans_bias16": {"write": {"device_start": 1585585742.2790666, "host_queued_start": 1585585807.655657, "device_queued": 1585585742.265928, "device_end": 1585585742.279091, "host_queued_end": 1585585807.658951}, "device": "gpu", "nd_range": {"device_start": 1585585742.2790947, "device_end": 1585585742.2796936}, "cmdq": 0, "read": {"device_start": 1585585742.2797003, "device_end": 1585585742.2797234}}, "FFC_sans_bias19": {"write": {"device_start": 1585585742.267615, "host_queued_start": 1585585807.642334, "device_queued": 1585585742.2644987, "device_end": 1585585742.267645, "host_queued_end": 1585585807.658951}, "device": "gpu", "nd_range": {"device_start": 1585585742.2676477, "device_end": 1585585742.2682412}, "cmdq": 0, "read": {"device_start": -1, "device_end": -1}}, "FFC_sans_bias18": {"write": {"device_start": 1585585742.2668633, "host_queued_start": 1585585807.641301, "device_queued": 1585585742.264335, "device_end": 1585585742.2668931, "host_queued_end": 1585585807.658951}, "device": "gpu", "nd_range": {"device_start": 1585585742.266896, "device_end": 1585585742.2674875}, "cmdq": 0, "read": {"device_start": -1, "device_end": -1}}, "coalesced_transpose30": {"write": {"device_start": -1, "host_queued_start": 1585585807.650746, "device_queued": -1, "device_end": -1, "host_queued_end": 1585585807.658951}, "device": "gpu", "nd_range": {"device_start": 1585585742.2733352, "device_end": 1585585742.2733438}, "cmdq": 0, "read": {"device_start": -1, "device_end": -1}}, "FFC_sans_bias38": {"write": {"device_start": 1585585742.272687, "host_queued_start": 1585585807.64978, "device_queued": 1585585742.2651145, "device_end": 1585585742.2727103, "host_queued_end": 1585585807.658951}, "device": "gpu", "nd_range": {"device_start": 1585585742.2727175, "device_end": 1585585742.2733145}, "cmdq": 0, "read": {"device_start": -1, "device_end": -1}}, "empty26": {"write": {"device_start": 1585585742.263984, "host_queued_start": 1585585807.6355, "device_queued": 1585585742.2637708, "device_end": 1585585742.2640142, "host_queued_end": 1585585807.658951}, "device": "gpu", "nd_range": {"device_start": 1585585742.2640228,