{"FFC_sans_bias4": {"write": {"device_start": -1, "host_queued_start": 1585586002.739937, "device_queued": -1, "device_end": -1, "host_queued_end": 1585586002.741677}, "device": "cpu", "nd_range": {"device_start": 2253776.944158269, "device_end": 2253776.9480772913}, "cmdq": 0, "read": {"device_start": -1, "device_end": -1}}, "FFC_sans_bias7": {"write": {"device_start": -1, "host_queued_start": 1585586002.741631, "device_queued": -1, "device_end": -1, "host_queued_end": 1585586002.741677}, "device": "cpu", "nd_range": {"device_start": 2253776.9528543353, "device_end": 2253776.957405981}, "cmdq": 0, "read": {"device_start": -1, "device_end": -1}}, "FFC_sans_bias6": {"write": {"device_start": -1, "host_queued_start": 1585586002.740569, "device_queued": -1, "device_end": -1, "host_queued_end": 1585586002.741677}, "device": "cpu", "nd_range": {"device_start": 2253776.9483220493, "device_end": 2253776.952848921}, "cmdq": 0, "read": {"device_start": -1, "device_end": -1}}, "FFC_sans_bias1": {"write": {"device_start": -1, "host_queued_start": 1585586002.737985, "device_queued": -1, "device_end": -1, "host_queued_end": 1585586002.741677}, "device": "cpu", "nd_range": {"device_start": 2253776.935636878, "device_end": 2253776.939820582}, "cmdq": 0, "read": {"device_start": -1, "device_end": -1}}, "FFC_sans_bias0": {"write": {"device_start": -1, "host_queued_start": 1585586002.736565, "device_queued": -1, "device_end": -1, "host_queued_end": 1585586002.741677}, "device": "cpu", "nd_range": {"device_start": 2253776.9312638612, "device_end": 2253776.9353576703}, "cmdq": 0, "read": {"device_start": -1, "device_end": -1}}, "FFC_sans_bias2": {"write": {"device_start": -1, "host_queued_start": 1585586002.739251, "device_queued": -1, "device_end": -1, "host_queued_end": 1585586002.741677}, "device": "cpu", "nd_range": {"device_start": 2253776.9398288, "device_end": 2253776.9439194873}, "cmdq": 0, "read": {"device_start": -1, "device_end": -1}}, "FFC_sans_bias9": {"write": {"device_start": 1585585937.3338506, "host_queued_start": 1585586002.713088, "device_queued": 1585585937.3337457, "device_end": 1585585937.3339243, "host_queued_end": 1585586002.733811}, "device": "gpu", "nd_range": {"device_start": 1585585937.333933, "device_end": 1585585937.3345447}, "cmdq": 0, "read": {"device_start": -1, "device_end": -1}}, "coalesced_transpose39": {"write": {"device_start": -1, "host_queued_start": 1585586002.725975, "device_queued": -1, "device_end": -1, "host_queued_end": 1585586002.733811}, "device": "gpu", "nd_range": {"device_start": 1585585937.3398898, "device_end": 1585585937.341158}, "cmdq": 3, "read": {"device_start": -1, "device_end": -1}}, "softmax23": {"write": {"device_start": -1, "host_queued_start": 1585586002.727753, "device_queued": -1, "device_end": -1, "host_queued_end": 1585586002.733811}, "device": "gpu", "nd_range": {"device_start": 1585585937.3408291, "device_end": 1585585937.3416848}, "cmdq": 1, "read": {"device_start": -1, "device_end": -1}}, "FFC_sans_bias37": {"write": {"device_start": 1585585937.3375192, "host_queued_start": 1585586002.723716, "device_queued": 1585585937.3348105, "device_end": 1585585937.3375518, "host_queued_end": 1585586002.733811}, "device": "gpu", "nd_range": {"device_start": 1585585937.3375673, "device_end": 1585585937.3393524}, "cmdq": 2, "read": {"device_start": -1, "device_end": -1}}, "softmax41": {"write": {"device_start": -1, "host_queued_start": 1585586002.728286, "device_queued": -1, "device_end": -1, "host_queued_end": 1585586002.733811}, "device": "gpu", "nd_range": {"device_start": 1585585937.3418033, "device_end": 1585585937.3429592}, "cmdq": 3, "read": {"device_start": -1, "device_end": -1}}, "FFC_sans_bias11": {"write": {"device_start": 1585585937.3340354, "host_queued_start": 1585586002.715214, "device_queued": 1585585937.3338194, "device_end": 1585585937.334111, "host_queued_end": 1585586002.733811}, "device": "gpu", "nd_range": {"device_start": 1585585937.334115, "device_end": 1585585937.3355227}, "cmdq": 2, "read": {"device_start": -1, "device_end": -1}}, "FFC_sans_bias10": {"write": {"device_start": 1585585937.3339357, "host_queued_start": 1585586002.714124, "device_queued": 1585585937.3337996, "device_end": 1585585937.3340135, "host_queued_end": 1585586002.733811}, "device": "gpu", "nd_range": {"device_start": 1585585937.3340805, "device_end": 1585585937.3349428}, "cmdq": 1, "read": {"device_start": -1, "device_end": -1}}, "coalesced_transpose3": {"write": {"device_start": -1, "host_queued_start": 1585586002.739587, "device_queued": -1, "device_end": -1, "host_queued_end": 1585586002.741677}, "device": "cpu", "nd_range": {"device_start": 2253776.943924692, "device_end": 2253776.9440197693}, "cmdq": 0, "read": {"device_start": -1, "device_end": -1}}, "FFC_sans_bias34": {"write": {"device_start": 1585585937.3433564, "host_queued_start": 1585586002.732672, "device_queued": 1585585937.3360245, "device_end": 1585585937.343382, "host_queued_end": 1585586002.733811}, "device": "gpu", "nd_range": {"device_start": 1585585937.3433883, "device_end": 1585585937.3452017}, "cmdq": 2, "read": {"device_start": 1585585937.3452108, "device_end": 1585585937.3452373}}, "FFC_sans_bias15": {"write": {"device_start": -1, "host_queued_start": 1585586002.728604, "device_queued": -1, "device_end": -1, "host_queued_end": 1585586002.733811}, "device": "gpu", "nd_range": {"device_start": 1585585937.3416946, "device_end": 1585585937.3427737}, "cmdq": 0, "read": {"device_start": -1, "device_end": -1}}, "FFC_sans_bias31": {"write": {"device_start": -1, "host_queued_start": 1585586002.726956, "device_queued": -1, "device_end": -1, "host_queued_end": 1585586002.733811}, "device": "gpu", "nd_range": {"device_start": 1585585937.339748, "device_end": 1585585937.341332}, "cmdq": 2, "read": {"device_start": -1, "device_end": -1}}, "FFC_sans_bias16": {"write": {"device_start": 1585585937.342855, "host_queued_start": 1585586002.730558, "device_queued": 1585585937.3359334, "device_end": 1585585937.3428807, "host_queued_end": 1585586002.733811}, "device": "gpu", "nd_range": {"device_start": 1585585937.3428829, "device_end": 1585585937.344254}, "cmdq": 0, "read": {"device_start": 1585585937.3442574, "device_end": 1585585937.3442805}}, "FFC_sans_bias19": {"write": {"device_start": 1585585937.3346682, "host_queued_start": 1585586002.717282, "device_queued": 1585585937.3342235, "device_end": 1585585937.3346982, "host_queued_end": 1585586002.733811}, "device": "gpu", "nd_range": {"device_start": 1585585937.3347032, "device_end": 1585585937.336505}, "cmdq": 0, "read": {"device_start": -1, "device_end": -1}}, "FFC_sans_bias18": {"write": {"device_start": 1585585937.3341284, "host_queued_start": 1585586002.71625, "device_queued": 1585585937.3340266, "device_end": 1585585937.3341534, "host_queued_end": 1585586002.733811}, "device": "gpu", "nd_range": {"device_start": 1585585937.3341618, "device_end": 1585585937.3359416}, "cmdq": 3, "read": {"device_start": -1, "device_end": -1}}, "coalesced_transpose30": {"write": {"device_start": -1, "host_queued_start": 1585586002.725685, "device_queued": -1, "device_end": -1, "host_queued_end": 1585586002.733811}, "device": "gpu", "nd_range": {"device_start": 1585585937.339358, "device_end": 1585585937.3397465}, "cmdq": 2, "read": {"device_start": -1, "device_end": -1}}, "FFC_sans_bias38": {"write": {"device_start": 1585585937.3380125, "host_queued_start": 1585586002.724754, "device_queued": 1585585937.334937, "device_end": 1585585937.3380387, "host_queued_end": 1585586002.733811}, "device": "gpu", "nd_range": {"device_start": 1585585937.3380544, "device_end": 1585585937.3398821}, "cmdq": 3, "read": {"device_start": -1, "device_end": -1}}, "empty26": {"write": {"device_start": 1585585937.3334851, "host_queued_start": 1585586002.710381, "device_queued": 1585585937.333363, "device_end": 1585585937.3335242, "host_queued_end": 1585586002.733811}, "device": "gpu", "nd_range": {"device_start": 1585585937.3335357,