{"FFC_sans_bias4": {"write": {"device_start": -1, "host_queued_start": 1585586165.189106, "device_queued": -1, "device_end": -1, "host_queued_end": 1585586165.191066}, "device": "cpu", "nd_range": {"device_start": 2253939.3931354, "device_end": 2253939.397349794}, "cmdq": 0, "read": {"device_start": -1, "device_end": -1}}, "FFC_sans_bias7": {"write": {"device_start": -1, "host_queued_start": 1585586165.19102, "device_queued": -1, "device_end": -1, "host_queued_end": 1585586165.191066}, "device": "cpu", "nd_range": {"device_start": 2253939.402489703, "device_end": 2253939.4068014394}, "cmdq": 0, "read": {"device_start": -1, "device_end": -1}}, "FFC_sans_bias6": {"write": {"device_start": -1, "host_queued_start": 1585586165.189802, "device_queued": -1, "device_end": -1, "host_queued_end": 1585586165.191066}, "device": "cpu", "nd_range": {"device_start": 2253939.397657394, "device_end": 2253939.402483274}, "cmdq": 0, "read": {"device_start": -1, "device_end": -1}}, "FFC_sans_bias1": {"write": {"device_start": -1, "host_queued_start": 1585586165.18724, "device_queued": -1, "device_end": -1, "host_queued_end": 1585586165.191066}, "device": "cpu", "nd_range": {"device_start": 2253939.3849822483, "device_end": 2253939.389039872}, "cmdq": 0, "read": {"device_start": -1, "device_end": -1}}, "FFC_sans_bias0": {"write": {"device_start": -1, "host_queued_start": 1585586165.185857, "device_queued": -1, "device_end": -1, "host_queued_end": 1585586165.191066}, "device": "cpu", "nd_range": {"device_start": 2253939.3806373053, "device_end": 2253939.384963062}, "cmdq": 0, "read": {"device_start": -1, "device_end": -1}}, "FFC_sans_bias2": {"write": {"device_start": -1, "host_queued_start": 1585586165.188403, "device_queued": -1, "device_end": -1, "host_queued_end": 1585586165.191066}, "device": "cpu", "nd_range": {"device_start": 2253939.389057923, "device_end": 2253939.3929798934}, "cmdq": 0, "read": {"device_start": -1, "device_end": -1}}, "FFC_sans_bias52": {"write": {"device_start": 1585586099.803671, "host_queued_start": 1585586165.183101, "device_queued": 1585586099.7814317, "device_end": 1585586099.8036947, "host_queued_end": 1585586165.183204}, "device": "gpu", "nd_range": {"device_start": 1585586099.8037007, "device_end": 1585586099.8042965}, "cmdq": 0, "read": {"device_start": 1585586099.8042986, "device_end": 1585586099.8043206}}, "FFC_sans_bias9": {"write": {"device_start": 1585586099.7792406, "host_queued_start": 1585586165.157313, "device_queued": 1585586099.7787948, "device_end": 1585586099.7792647, "host_queued_end": 1585586165.183204}, "device": "gpu", "nd_range": {"device_start": 1585586099.77927, "device_end": 1585586099.7798676}, "cmdq": 0, "read": {"device_start": -1, "device_end": -1}}, "coalesced_transpose39": {"write": {"device_start": -1, "host_queued_start": 1585586165.17318, "device_queued": -1, "device_end": -1, "host_queued_end": 1585586165.183204}, "device": "gpu", "nd_range": {"device_start": 1585586099.793377, "device_end": 1585586099.7933853}, "cmdq": 0, "read": {"device_start": -1, "device_end": -1}}, "FFC_sans_bias51": {"write": {"device_start": -1, "host_queued_start": 1585586165.177921, "device_queued": -1, "device_end": -1, "host_queued_end": 1585586165.183204}, "device": "gpu", "nd_range": {"device_start": 1585586099.7998426, "device_end": 1585586099.80044}, "cmdq": 0, "read": {"device_start": -1, "device_end": -1}}, "softmax23": {"write": {"device_start": -1, "host_queued_start": 1585586165.175635, "device_queued": -1, "device_end": -1, "host_queued_end": 1585586165.183204}, "device": "gpu", "nd_range": {"device_start": 1585586099.796607, "device_end": 1585586099.7968154}, "cmdq": 0, "read": {"device_start": -1, "device_end": -1}}, "FFC_sans_bias37": {"write": {"device_start": 1585586099.7899866, "host_queued_start": 1585586165.167814, "device_queued": 1585586099.7796814, "device_end": 1585586099.7900162, "host_queued_end": 1585586165.183204}, "device": "gpu", "nd_range": {"device_start": 1585586099.7900267, "device_end": 1585586099.790617}, "cmdq": 0, "read": {"device_start": -1, "device_end": -1}}, "softmax41": {"write": {"device_start": -1, "host_queued_start": 1585586165.176124, "device_queued": -1, "device_end": -1, "host_queued_end": 1585586165.183204}, "device": "gpu", "nd_range": {"device_start": 1585586099.7970262, "device_end": 1585586099.7972345}, "cmdq": 0, "read": {"device_start": -1, "device_end": -1}}, "FFC_sans_bias11": {"write": {"device_start": 1585586099.7807922, "host_queued_start": 1585586165.159476, "device_queued": 1585586099.7790163, "device_end": 1585586099.7808213, "host_queued_end": 1585586165.183204}, "device": "gpu", "nd_range": {"device_start": 1585586099.7808275, "device_end": 1585586099.781429}, "cmdq": 0, "read": {"device_start": -1, "device_end": -1}}, "FFC_sans_bias10": {"write": {"device_start": 1585586099.7799833, "host_queued_start": 1585586165.158385, "device_queued": 1585586099.778835, "device_end": 1585586099.7800126, "host_queued_end": 1585586165.183204}, "device": "gpu", "nd_range": {"device_start": 1585586099.7800186, "device_end": 1585586099.780614}, "cmdq": 0, "read": {"device_start": -1, "device_end": -1}}, "coalesced_transpose3": {"write": {"device_start": -1, "host_queued_start": 1585586165.188756, "device_queued": -1, "device_end": -1, "host_queued_end": 1585586165.191066}, "device": "cpu", "nd_range": {"device_start": 2253939.39298505, "device_end": 2253939.393116434}, "cmdq": 0, "read": {"device_start": -1, "device_end": -1}}, "FFC_sans_bias34": {"write": {"device_start": 1585586099.8020847, "host_queued_start": 1585586165.181022, "device_queued": 1585586099.78121, "device_end": 1585586099.8021088, "host_queued_end": 1585586165.183204}, "device": "gpu", "nd_range": {"device_start": 1585586099.8021145, "device_end": 1585586099.8027132}, "cmdq": 0, "read": {"device_start": 1585586099.8027153, "device_end": 1585586099.8027377}}, "FFC_sans_bias15": {"write": {"device_start": -1, "host_queued_start": 1585586165.176671, "device_queued": -1, "device_end": -1, "host_queued_end": 1585586165.183204}, "device": "gpu", "nd_range": {"device_start": 1585586099.7974467, "device_end": 1585586099.7980447}, "cmdq": 0, "read": {"device_start": -1, "device_end": -1}}, "FFC_sans_bias31": {"write": {"device_start": -1, "host_queued_start": 1585586165.17448, "device_queued": -1, "device_end": -1, "host_queued_end": 1585586165.183204}, "device": "gpu", "nd_range": {"device_start": 1585586099.7945924, "device_end": 1585586099.7951918}, "cmdq": 0, "read": {"device_start": -1, "device_end": -1}}, "FFC_sans_bias16": {"write": {"device_start": 1585586099.8005266, "host_queued_start": 1585586165.178932, "device_queued": 1585586099.7809725, "device_end": 1585586099.8005507, "host_queued_end": 1585586165.183204}, "device": "gpu", "nd_range": {"device_start": 1585586099.800557, "device_end": 1585586099.8011532}, "cmdq": 0, "read": {"device_start": 1585586099.8011544, "device_end": 1585586099.8011782}}, "FFC_sans_bias19": {"write": {"device_start": 1585586099.7822855, "host_queued_start": 1585586165.161541, "device_queued": 1585586099.7791915, "device_end": 1585586099.782315, "host_queued_end": 1585586165.183204}, "device": "gpu", "nd_range": {"device_start": 1585586099.7823217, "device_end": 1585586099.7829328}, "cmdq": 0, "read": {"device_start": -1, "device_end": -1}}, "FFC_sans_bias18": {"write": {"device_start": 1585586099.7815232, "host_queued_start": 1585586165.160506, "device_queued": 1585586099.7790484, "device_end": 1585586099.7815561, "host_queued_end": 1585586165.183204}, "device": "gpu", "nd_range": {"device_start": 1585586099.781563, "device_end": 1585586099.7821658}, "cmdq": 0, "read": {"device_start": -1, "device_end": -1}}, "coalesced_transpose30": {"write": {"device_start": -1, "host_queued_start": 1585586165.172889, "device_queued": -1, "device_end": -1, "host_queued_end": 1585586165.183204}, "device": "gpu", "nd_range": {"device_start": 1585586099.7933676, "device_end": 1585586099.7933757},