{"FFC_sans_bias4": {"write": {"device_start": -1, "host_queued_start": 1585586416.654609, "device_queued": -1, "device_end": -1, "host_queued_end": 1585586416.658674}, "device": "cpu", "nd_range": {"device_start": 2254190.8730907543, "device_end": 2254190.880767797}, "cmdq": 2, "read": {"device_start": -1, "device_end": -1}}, "FFC_sans_bias7": {"write": {"device_start": -1, "host_queued_start": 1585586416.657612, "device_queued": -1, "device_end": -1, "host_queued_end": 1585586416.658674}, "device": "cpu", "nd_range": {"device_start": 2254190.888924423, "device_end": 2254190.8960622284}, "cmdq": 0, "read": {"device_start": -1, "device_end": -1}}, "FFC_sans_bias6": {"write": {"device_start": -1, "host_queued_start": 1585586416.656043, "device_queued": -1, "device_end": -1, "host_queued_end": 1585586416.658674}, "device": "cpu", "nd_range": {"device_start": 2254190.881307601, "device_end": 2254190.8889122293}, "cmdq": 2, "read": {"device_start": -1, "device_end": -1}}, "FFC_sans_bias1": {"write": {"device_start": -1, "host_queued_start": 1585586416.649169, "device_queued": -1, "device_end": -1, "host_queued_end": 1585586416.658674}, "device": "cpu", "nd_range": {"device_start": 2254190.84830775, "device_end": 2254190.863550093}, "cmdq": 3, "read": {"device_start": -1, "device_end": -1}}, "FFC_sans_bias0": {"write": {"device_start": -1, "host_queued_start": 1585586416.647969, "device_queued": -1, "device_end": -1, "host_queued_end": 1585586416.658674}, "device": "cpu", "nd_range": {"device_start": 2254190.848382951, "device_end": 2254190.863584569}, "cmdq": 2, "read": {"device_start": -1, "device_end": -1}}, "FFC_sans_bias2": {"write": {"device_start": -1, "host_queued_start": 1585586416.650369, "device_queued": -1, "device_end": -1, "host_queued_end": 1585586416.658674}, "device": "cpu", "nd_range": {"device_start": 2254190.848286245, "device_end": 2254190.863705179}, "cmdq": 0, "read": {"device_start": -1, "device_end": -1}}, "FFC_sans_bias52": {"write": {"device_start": 1585586351.2440174, "host_queued_start": 1585586416.6439, "device_queued": 1585586351.2353854, "device_end": 1585586351.244048, "host_queued_end": 1585586416.644004}, "device": "gpu", "nd_range": {"device_start": 1585586351.2440557, "device_end": 1585586351.2451818}, "cmdq": 2, "read": {"device_start": 1585586351.2451901, "device_end": 1585586351.2452164}}, "FFC_sans_bias9": {"write": {"device_start": -1, "host_queued_start": 1585586416.651432, "device_queued": -1, "device_end": -1, "host_queued_end": 1585586416.658674}, "device": "cpu", "nd_range": {"device_start": 2254190.848284637, "device_end": 2254190.863773203}, "cmdq": 1, "read": {"device_start": -1, "device_end": -1}}, "coalesced_transpose39": {"write": {"device_start": -1, "host_queued_start": 1585586416.63567, "device_queued": -1, "device_end": -1, "host_queued_end": 1585586416.644004}, "device": "gpu", "nd_range": {"device_start": 1585586351.2389495, "device_end": 1585586351.238964}, "cmdq": 0, "read": {"device_start": -1, "device_end": -1}}, "FFC_sans_bias51": {"write": {"device_start": -1, "host_queued_start": 1585586416.639691, "device_queued": -1, "device_end": -1, "host_queued_end": 1585586416.644004}, "device": "gpu", "nd_range": {"device_start": 1585586351.24182, "device_end": 1585586351.243217}, "cmdq": 1, "read": {"device_start": -1, "device_end": -1}}, "softmax23": {"write": {"device_start": -1, "host_queued_start": 1585586416.637534, "device_queued": -1, "device_end": -1, "host_queued_end": 1585586416.644004}, "device": "gpu", "nd_range": {"device_start": 1585586351.2399774, "device_end": 1585586351.2411919}, "cmdq": 0, "read": {"device_start": -1, "device_end": -1}}, "FFC_sans_bias37": {"write": {"device_start": 1585586351.235702, "host_queued_start": 1585586416.630523, "device_queued": 1585586351.2335417, "device_end": 1585586351.235736, "host_queued_end": 1585586416.644004}, "device": "gpu", "nd_range": {"device_start": 1585586351.2357402, "device_end": 1585586351.237001}, "cmdq": 2, "read": {"device_start": -1, "device_end": -1}}, "softmax41": {"write": {"device_start": -1, "host_queued_start": 1585586416.638116, "device_queued": -1, "device_end": -1, "host_queued_end": 1585586416.644004}, "device": "gpu", "nd_range": {"device_start": 1585586351.24096, "device_end": 1585586351.2411706}, "cmdq": 2, "read": {"device_start": -1, "device_end": -1}}, "FFC_sans_bias11": {"write": {"device_start": -1, "host_queued_start": 1585586416.653518, "device_queued": -1, "device_end": -1, "host_queued_end": 1585586416.658674}, "device": "cpu", "nd_range": {"device_start": 2254190.8637009533, "device_end": 2254190.8725094884}, "cmdq": 3, "read": {"device_start": -1, "device_end": -1}}, "FFC_sans_bias10": {"write": {"device_start": -1, "host_queued_start": 1585586416.65247, "device_queued": -1, "device_end": -1, "host_queued_end": 1585586416.658674}, "device": "cpu", "nd_range": {"device_start": 2254190.863615254, "device_end": 2254190.873065928}, "cmdq": 2, "read": {"device_start": -1, "device_end": -1}}, "coalesced_transpose3": {"write": {"device_start": -1, "host_queued_start": 1585586416.653847, "device_queued": -1, "device_end": -1, "host_queued_end": 1585586416.658674}, "device": "cpu", "nd_range": {"device_start": 2254190.8672382263, "device_end": 2254190.867475055}, "cmdq": 0, "read": {"device_start": -1, "device_end": -1}}, "FFC_sans_bias34": {"write": {"device_start": 1585586351.242938, "host_queued_start": 1585586416.641805, "device_queued": 1585586351.235117, "device_end": 1585586351.2429683, "host_queued_end": 1585586416.644004}, "device": "gpu", "nd_range": {"device_start": 1585586351.242982, "device_end": 1585586351.2442093}, "cmdq": 0, "read": {"device_start": 1585586351.2442107, "device_end": 1585586351.2442338}}, "FFC_sans_bias15": {"write": {"device_start": -1, "host_queued_start": 1585586416.656439, "device_queued": -1, "device_end": -1, "host_queued_end": 1585586416.658674}, "device": "cpu", "nd_range": {"device_start": 2254190.88360644, "device_end": 2254190.8980405973}, "cmdq": 3, "read": {"device_start": -1, "device_end": -1}}, "FFC_sans_bias31": {"write": {"device_start": -1, "host_queued_start": 1585586416.636642, "device_queued": -1, "device_end": -1, "host_queued_end": 1585586416.644004}, "device": "gpu", "nd_range": {"device_start": 1585586351.2389717, "device_end": 1585586351.2399704}, "cmdq": 0, "read": {"device_start": -1, "device_end": -1}}, "FFC_sans_bias16": {"write": {"device_start": -1, "host_queued_start": 1585586416.65863, "device_queued": -1, "device_end": -1, "host_queued_end": 1585586416.658674}, "device": "cpu", "nd_range": {"device_start": 2254190.898048595, "device_end": 2254190.902114207}, "cmdq": 1, "read": {"device_start": -1, "device_end": -1}}, "FFC_sans_bias19": {"write": {"device_start": 1585586351.233032, "host_queued_start": 1585586416.624244, "device_queued": 1585586351.23285, "device_end": 1585586351.233064, "host_queued_end": 1585586416.644004}, "device": "gpu", "nd_range": {"device_start": 1585586351.2330675, "device_end": 1585586351.2340388}, "cmdq": 2, "read": {"device_start": -1, "device_end": -1}}, "FFC_sans_bias18": {"write": {"device_start": 1585586351.2329333, "host_queued_start": 1585586416.623202, "device_queued": 1585586351.2328246, "device_end": 1585586351.2330165, "host_queued_end": 1585586416.644004}, "device": "gpu", "nd_range": {"device_start": 1585586351.2330215, "device_end": 1585586351.2336314}, "cmdq": 1, "read": {"device_start": -1, "device_end": -1}}, "coalesced_transpose30": {"write": {"device_start": -1, "host_queued_start": 1585586416.635372, "device_queued": -1, "device_end": -1, "host_queued_end": 1585586416.644004}, "device": "gpu", "nd_range": {"device_start": 1585586351.2384334, "device_end": 1585586351.2388127}, "cmdq": 2, "read": {"device_start": -1, "device_end": -1}}, "FFC_sans_bias38": {"write": {"device_start": 1585586351.2361338, "host_queued_start": 1585586416.631595, "device_queued": 1585586351.2337573,