{"FFC_sans_bias4": {"write": {"device_start": -1, "host_queued_start": 1585586487.869041, "device_queued": -1, "device_end": -1, "host_queued_end": 1585586487.880418}, "device": "gpu", "nd_range": {"device_start": 1585586422.476603, "device_end": 1585586422.4776068}, "cmdq": 2, "read": {"device_start": -1, "device_end": -1}}, "FFC_sans_bias7": {"write": {"device_start": 1585586422.481703, "host_queued_start": 1585586487.875085, "device_queued": 1585586422.4712157, "device_end": 1585586422.4817343, "host_queued_end": 1585586487.880418}, "device": "gpu", "nd_range": {"device_start": 1585586422.4817522, "device_end": 1585586422.4835262}, "cmdq": 0, "read": {"device_start": 1585586422.4835281, "device_end": 1585586422.4835515}}, "FFC_sans_bias6": {"write": {"device_start": -1, "host_queued_start": 1585586487.87246, "device_queued": -1, "device_end": -1, "host_queued_end": 1585586487.880418}, "device": "gpu", "nd_range": {"device_start": 1585586422.4800029, "device_end": 1585586422.4806085}, "cmdq": 2, "read": {"device_start": -1, "device_end": -1}}, "FFC_sans_bias1": {"write": {"device_start": 1585586422.4678113, "host_queued_start": 1585586487.849983, "device_queued": 1585586422.4675322, "device_end": 1585586422.4678993, "host_queued_end": 1585586487.880418}, "device": "gpu", "nd_range": {"device_start": 1585586422.467903, "device_end": 1585586422.4687958}, "cmdq": 3, "read": {"device_start": -1, "device_end": -1}}, "FFC_sans_bias0": {"write": {"device_start": 1585586422.4677234, "host_queued_start": 1585586487.848929, "device_queued": 1585586422.467514, "device_end": 1585586422.4677832, "host_queued_end": 1585586487.880418}, "device": "gpu", "nd_range": {"device_start": 1585586422.467788, "device_end": 1585586422.4683938}, "cmdq": 2, "read": {"device_start": -1, "device_end": -1}}, "FFC_sans_bias2": {"write": {"device_start": 1585586422.4679074, "host_queued_start": 1585586487.85108, "device_queued": 1585586422.4677815, "device_end": 1585586422.467938, "host_queued_end": 1585586487.880418}, "device": "gpu", "nd_range": {"device_start": 1585586422.4679413, "device_end": 1585586422.4693668}, "cmdq": 0, "read": {"device_start": -1, "device_end": -1}}, "FFC_sans_bias52": {"write": {"device_start": 1585586422.4841738, "host_queued_start": 1585586487.880317, "device_queued": 1585586422.4720573, "device_end": 1585586422.4842052, "host_queued_end": 1585586487.880418}, "device": "gpu", "nd_range": {"device_start": 1585586422.4842143, "device_end": 1585586422.4859288}, "cmdq": 1, "read": {"device_start": 1585586422.485933, "device_end": 1585586422.4859552}}, "FFC_sans_bias9": {"write": {"device_start": 1585586422.4680648, "host_queued_start": 1585586487.852112, "device_queued": 1585586422.4679732, "device_end": 1585586422.468094, "host_queued_end": 1585586487.880418}, "device": "gpu", "nd_range": {"device_start": 1585586422.4680972, "device_end": 1585586422.4697895}, "cmdq": 1, "read": {"device_start": -1, "device_end": -1}}, "coalesced_transpose39": {"write": {"device_start": -1, "host_queued_start": 1585586487.868416, "device_queued": -1, "device_end": -1, "host_queued_end": 1585586487.880418}, "device": "gpu", "nd_range": {"device_start": 1585586422.4764323, "device_end": 1585586422.4764857}, "cmdq": 0, "read": {"device_start": -1, "device_end": -1}}, "FFC_sans_bias51": {"write": {"device_start": -1, "host_queued_start": 1585586487.874039, "device_queued": -1, "device_end": -1, "host_queued_end": 1585586487.880418}, "device": "gpu", "nd_range": {"device_start": 1585586422.481016, "device_end": 1585586422.482993}, "cmdq": 3, "read": {"device_start": -1, "device_end": -1}}, "softmax23": {"write": {"device_start": -1, "host_queued_start": 1585586487.871403, "device_queued": -1, "device_end": -1, "host_queued_end": 1585586487.880418}, "device": "gpu", "nd_range": {"device_start": 1585586422.47914, "device_end": 1585586422.479995}, "cmdq": 2, "read": {"device_start": -1, "device_end": -1}}, "FFC_sans_bias37": {"write": {"device_start": 1585586422.4728622, "host_queued_start": 1585586487.862554, "device_queued": 1585586422.4690921, "device_end": 1585586422.472895, "host_queued_end": 1585586487.880418}, "device": "gpu", "nd_range": {"device_start": 1585586422.47291, "device_end": 1585586422.4746597}, "cmdq": 3, "read": {"device_start": -1, "device_end": -1}}, "softmax41": {"write": {"device_start": -1, "host_queued_start": 1585586487.871898, "device_queued": -1, "device_end": -1, "host_queued_end": 1585586487.880418}, "device": "gpu", "nd_range": {"device_start": 1585586422.479324, "device_end": 1585586422.4800158}, "cmdq": 0, "read": {"device_start": -1, "device_end": -1}}, "FFC_sans_bias11": {"write": {"device_start": 1585586422.4689074, "host_queued_start": 1585586487.854186, "device_queued": 1585586422.4680164, "device_end": 1585586422.4689374, "host_queued_end": 1585586487.880418}, "device": "gpu", "nd_range": {"device_start": 1585586422.4689429, "device_end": 1585586422.4707751}, "cmdq": 3, "read": {"device_start": -1, "device_end": -1}}, "FFC_sans_bias10": {"write": {"device_start": 1585586422.46851, "host_queued_start": 1585586487.853147, "device_queued": 1585586422.4679987, "device_end": 1585586422.46854, "host_queued_end": 1585586487.880418}, "device": "gpu", "nd_range": {"device_start": 1585586422.468543, "device_end": 1585586422.4703438}, "cmdq": 2, "read": {"device_start": -1, "device_end": -1}}, "coalesced_transpose3": {"write": {"device_start": -1, "host_queued_start": 1585586487.867088, "device_queued": -1, "device_end": -1, "host_queued_end": 1585586487.880418}, "device": "gpu", "nd_range": {"device_start": 1585586422.4751523, "device_end": 1585586422.4764237}, "cmdq": 0, "read": {"device_start": -1, "device_end": -1}}, "FFC_sans_bias34": {"write": {"device_start": 1585586422.4831038, "host_queued_start": 1585586487.878219, "device_queued": 1585586422.4715626, "device_end": 1585586422.4831352, "host_queued_end": 1585586487.880418}, "device": "gpu", "nd_range": {"device_start": 1585586422.4831524, "device_end": 1585586422.4849524}, "cmdq": 3, "read": {"device_start": 1585586422.4849644, "device_end": 1585586422.4849868}}, "FFC_sans_bias15": {"write": {"device_start": -1, "host_queued_start": 1585586487.872774, "device_queued": -1, "device_end": -1, "host_queued_end": 1585586487.880418}, "device": "gpu", "nd_range": {"device_start": 1585586422.4800127, "device_end": 1585586422.4810083}, "cmdq": 3, "read": {"device_start": -1, "device_end": -1}}, "FFC_sans_bias31": {"write": {"device_start": -1, "host_queued_start": 1585586487.869992, "device_queued": -1, "device_end": -1, "host_queued_end": 1585586487.880418}, "device": "gpu", "nd_range": {"device_start": 1585586422.4766285, "device_end": 1585586422.4785895}, "cmdq": 1, "read": {"device_start": -1, "device_end": -1}}, "FFC_sans_bias16": {"write": {"device_start": 1585586422.482124, "host_queued_start": 1585586487.876144, "device_queued": 1585586422.4714754, "device_end": 1585586422.4821546, "host_queued_end": 1585586487.880418}, "device": "gpu", "nd_range": {"device_start": 1585586422.4821723, "device_end": 1585586422.4839733}, "cmdq": 1, "read": {"device_start": 1585586422.4839761, "device_end": 1585586422.4839993}}, "FFC_sans_bias19": {"write": {"device_start": 1585586422.4699175, "host_queued_start": 1585586487.856325, "device_queued": 1585586422.4685693, "device_end": 1585586422.469949, "host_queued_end": 1585586487.880418}, "device": "gpu", "nd_range": {"device_start": 1585586422.4699538, "device_end": 1585586422.4717667}, "cmdq": 1, "read": {"device_start": -1, "device_end": -1}}, "FFC_sans_bias18": {"write": {"device_start": 1585586422.4695466, "host_queued_start": 1585586487.855279, "device_queued": 1585586422.4682875, "device_end": 1585586422.4695761, "host_queued_end": 1585586487.880418}, "device": "gpu", "nd_range": {"device_start": 1585586422.4695802, "device_end": 1585586422.4712703}, "cmdq": 0, "read": {"device_start": -1, "device_end": -1}},