{"FFC_sans_bias4": {"write": {"device_start": -1, "host_queued_start": 1585586569.798486, "device_queued": -1, "device_end": -1, "host_queued_end": 1585586569.802505}, "device": "cpu", "nd_range": {"device_start": 2254344.0128040262, "device_end": 2254344.020683568}, "cmdq": 0, "read": {"device_start": -1, "device_end": -1}}, "FFC_sans_bias7": {"write": {"device_start": -1, "host_queued_start": 1585586569.801428, "device_queued": -1, "device_end": -1, "host_queued_end": 1585586569.802505}, "device": "cpu", "nd_range": {"device_start": 2254344.026173681, "device_end": 2254344.031906458}, "cmdq": 0, "read": {"device_start": -1, "device_end": -1}}, "FFC_sans_bias6": {"write": {"device_start": -1, "host_queued_start": 1585586569.79989, "device_queued": -1, "device_end": -1, "host_queued_end": 1585586569.802505}, "device": "cpu", "nd_range": {"device_start": 2254344.0211321684, "device_end": 2254344.026054903}, "cmdq": 0, "read": {"device_start": -1, "device_end": -1}}, "FFC_sans_bias1": {"write": {"device_start": -1, "host_queued_start": 1585586569.793112, "device_queued": -1, "device_end": -1, "host_queued_end": 1585586569.802505}, "device": "cpu", "nd_range": {"device_start": 2254343.992115729, "device_end": 2254344.002727896}, "cmdq": 1, "read": {"device_start": -1, "device_end": -1}}, "FFC_sans_bias0": {"write": {"device_start": -1, "host_queued_start": 1585586569.791944, "device_queued": -1, "device_end": -1, "host_queued_end": 1585586569.802505}, "device": "cpu", "nd_range": {"device_start": 2254343.992116744, "device_end": 2254343.998470509}, "cmdq": 0, "read": {"device_start": -1, "device_end": -1}}, "FFC_sans_bias2": {"write": {"device_start": -1, "host_queued_start": 1585586569.794162, "device_queued": -1, "device_end": -1, "host_queued_end": 1585586569.802505}, "device": "cpu", "nd_range": {"device_start": 2254343.998582438, "device_end": 2254344.0058211223}, "cmdq": 0, "read": {"device_start": -1, "device_end": -1}}, "FFC_sans_bias52": {"write": {"device_start": 1585586504.3834212, "host_queued_start": 1585586569.787911, "device_queued": 1585586504.3752213, "device_end": 1585586504.3834512, "host_queued_end": 1585586569.788018}, "device": "gpu", "nd_range": {"device_start": 1585586504.3834608, "device_end": 1585586504.385201}, "cmdq": 0, "read": {"device_start": 1585586504.3852043, "device_end": 1585586504.3852265}}, "FFC_sans_bias9": {"write": {"device_start": -1, "host_queued_start": 1585586569.795233, "device_queued": -1, "device_end": -1, "host_queued_end": 1585586569.802505}, "device": "cpu", "nd_range": {"device_start": 2254344.002837778, "device_end": 2254344.0094722384}, "cmdq": 1, "read": {"device_start": -1, "device_end": -1}}, "coalesced_transpose39": {"write": {"device_start": -1, "host_queued_start": 1585586569.779684, "device_queued": -1, "device_end": -1, "host_queued_end": 1585586569.788018}, "device": "gpu", "nd_range": {"device_start": 1585586504.3779023, "device_end": 1585586504.3787374}, "cmdq": 3, "read": {"device_start": -1, "device_end": -1}}, "FFC_sans_bias51": {"write": {"device_start": -1, "host_queued_start": 1585586569.783723, "device_queued": -1, "device_end": -1, "host_queued_end": 1585586569.788018}, "device": "gpu", "nd_range": {"device_start": 1585586504.3812666, "device_end": 1585586504.3822649}, "cmdq": 1, "read": {"device_start": -1, "device_end": -1}}, "softmax23": {"write": {"device_start": -1, "host_queued_start": 1585586569.781516, "device_queued": -1, "device_end": -1, "host_queued_end": 1585586569.788018}, "device": "gpu", "nd_range": {"device_start": 1585586504.3794408, "device_end": 1585586504.381244}, "cmdq": 4, "read": {"device_start": -1, "device_end": -1}}, "FFC_sans_bias37": {"write": {"device_start": 1585586504.374643, "host_queued_start": 1585586569.77451, "device_queued": 1585586504.3734303, "device_end": 1585586504.374674, "host_queued_end": 1585586569.788018}, "device": "gpu", "nd_range": {"device_start": 1585586504.374677, "device_end": 1585586504.3769202}, "cmdq": 1, "read": {"device_start": -1, "device_end": -1}}, "softmax41": {"write": {"device_start": -1, "host_queued_start": 1585586569.782155, "device_queued": -1, "device_end": -1, "host_queued_end": 1585586569.788018}, "device": "gpu", "nd_range": {"device_start": 1585586504.3804226, "device_end": 1585586504.3812597}, "cmdq": 1, "read": {"device_start": -1, "device_end": -1}}, "FFC_sans_bias11": {"write": {"device_start": -1, "host_queued_start": 1585586569.797365, "device_queued": -1, "device_end": -1, "host_queued_end": 1585586569.802505}, "device": "cpu", "nd_range": {"device_start": 2254344.0147827254, "device_end": 2254344.02216835}, "cmdq": 1, "read": {"device_start": -1, "device_end": -1}}, "FFC_sans_bias10": {"write": {"device_start": -1, "host_queued_start": 1585586569.796279, "device_queued": -1, "device_end": -1, "host_queued_end": 1585586569.802505}, "device": "cpu", "nd_range": {"device_start": 2254344.005950288, "device_end": 2254344.012568767}, "cmdq": 0, "read": {"device_start": -1, "device_end": -1}}, "coalesced_transpose3": {"write": {"device_start": -1, "host_queued_start": 1585586569.797741, "device_queued": -1, "device_end": -1, "host_queued_end": 1585586569.802505}, "device": "cpu", "nd_range": {"device_start": 2254344.0126924803, "device_end": 2254344.0127975373}, "cmdq": 0, "read": {"device_start": -1, "device_end": -1}}, "FFC_sans_bias34": {"write": {"device_start": 1585586504.3829794, "host_queued_start": 1585586569.785791, "device_queued": 1585586504.3749642, "device_end": 1585586504.3830106, "host_queued_end": 1585586569.788018}, "device": "gpu", "nd_range": {"device_start": 1585586504.3830163, "device_end": 1585586504.3842437}, "cmdq": 3, "read": {"device_start": 1585586504.3842483, "device_end": 1585586504.3842723}}, "FFC_sans_bias15": {"write": {"device_start": -1, "host_queued_start": 1585586569.800298, "device_queued": -1, "device_end": -1, "host_queued_end": 1585586569.802505}, "device": "cpu", "nd_range": {"device_start": 2254344.039859328, "device_end": 2254344.043796917}, "cmdq": 1, "read": {"device_start": -1, "device_end": -1}}, "FFC_sans_bias31": {"write": {"device_start": -1, "host_queued_start": 1585586569.780623, "device_queued": -1, "device_end": -1, "host_queued_end": 1585586569.788018}, "device": "gpu", "nd_range": {"device_start": 1585586504.3788335, "device_end": 1585586504.3798363}, "cmdq": 1, "read": {"device_start": -1, "device_end": -1}}, "FFC_sans_bias16": {"write": {"device_start": -1, "host_queued_start": 1585586569.802462, "device_queued": -1, "device_end": -1, "host_queued_end": 1585586569.802505}, "device": "cpu", "nd_range": {"device_start": 2254344.043804028, "device_end": 2254344.0486740703}, "cmdq": 1, "read": {"device_start": -1, "device_end": -1}}, "FFC_sans_bias19": {"write": {"device_start": 1585586504.3729753, "host_queued_start": 1585586569.768167, "device_queued": 1585586504.3727674, "device_end": 1585586504.3730447, "host_queued_end": 1585586569.788018}, "device": "gpu", "nd_range": {"device_start": 1585586504.373049, "device_end": 1585586504.3739393}, "cmdq": 0, "read": {"device_start": -1, "device_end": -1}}, "FFC_sans_bias18": {"write": {"device_start": 1585586504.3728738, "host_queued_start": 1585586569.767157, "device_queued": 1585586504.3726466, "device_end": 1585586504.37293, "host_queued_end": 1585586569.788018}, "device": "gpu", "nd_range": {"device_start": 1585586504.3729331, "device_end": 1585586504.3735366}, "cmdq": 4, "read": {"device_start": -1, "device_end": -1}}, "coalesced_transpose30": {"write": {"device_start": -1, "host_queued_start": 1585586569.779378, "device_queued": -1, "device_end": -1, "host_queued_end": 1585586569.788018}, "device": "gpu", "nd_range": {"device_start": 1585586504.3773773, "device_end": 1585586504.378723}, "cmdq": 2, "read": {"device_start": -1, "device_end": -1}}, "FFC_sans_bias38": {"write": {"device_start": 1585586504.3750465, "host_queued_start": 1585586569.775573, "device_queued": 1585586504.3734565,