{"FFC_sans_bias4": {"write": {"device_start": -1, "host_queued_start": 1585586411.289326, "device_queued": -1, "device_end": -1, "host_queued_end": 1585586411.300764}, "device": "gpu", "nd_range": {"device_start": 1585586345.8988485, "device_end": 1585586345.8994582}, "cmdq": 0, "read": {"device_start": -1, "device_end": -1}}, "FFC_sans_bias7": {"write": {"device_start": 1585586345.9037416, "host_queued_start": 1585586411.295437, "device_queued": 1585586345.8930256, "device_end": 1585586345.903772, "host_queued_end": 1585586411.300764}, "device": "gpu", "nd_range": {"device_start": 1585586345.9037752, "device_end": 1585586345.9050493}, "cmdq": 0, "read": {"device_start": 1585586345.9050558, "device_end": 1585586345.9050798}}, "FFC_sans_bias6": {"write": {"device_start": -1, "host_queued_start": 1585586411.292774, "device_queued": -1, "device_end": -1, "host_queued_end": 1585586411.300764}, "device": "gpu", "nd_range": {"device_start": 1585586345.9020646, "device_end": 1585586345.9026692}, "cmdq": 0, "read": {"device_start": -1, "device_end": -1}}, "FFC_sans_bias1": {"write": {"device_start": 1585586345.8901753, "host_queued_start": 1585586411.270122, "device_queued": 1585586345.8900838, "device_end": 1585586345.8902404, "host_queued_end": 1585586411.300764}, "device": "gpu", "nd_range": {"device_start": 1585586345.8902445, "device_end": 1585586345.891159}, "cmdq": 1, "read": {"device_start": -1, "device_end": -1}}, "FFC_sans_bias0": {"write": {"device_start": 1585586345.8900928, "host_queued_start": 1585586411.269081, "device_queued": 1585586345.8899043, "device_end": 1585586345.890144, "host_queued_end": 1585586411.300764}, "device": "gpu", "nd_range": {"device_start": 1585586345.8901508, "device_end": 1585586345.8907557}, "cmdq": 0, "read": {"device_start": -1, "device_end": -1}}, "FFC_sans_bias2": {"write": {"device_start": 1585586345.890262, "host_queued_start": 1585586411.271232, "device_queued": 1585586345.89011, "device_end": 1585586345.8902857, "host_queued_end": 1585586411.300764}, "device": "gpu", "nd_range": {"device_start": 1585586345.8902888, "device_end": 1585586345.8917305}, "cmdq": 2, "read": {"device_start": -1, "device_end": -1}}, "FFC_sans_bias52": {"write": {"device_start": 1585586345.9071813, "host_queued_start": 1585586411.300661, "device_queued": 1585586345.89358, "device_end": 1585586345.9072125, "host_queued_end": 1585586411.300764}, "device": "gpu", "nd_range": {"device_start": 1585586345.9072158, "device_end": 1585586345.9079325}, "cmdq": 2, "read": {"device_start": 1585586345.9079425, "device_end": 1585586345.9079645}}, "FFC_sans_bias9": {"write": {"device_start": 1585586345.8908744, "host_queued_start": 1585586411.272267, "device_queued": 1585586345.8903234, "device_end": 1585586345.8909051, "host_queued_end": 1585586411.300764}, "device": "gpu", "nd_range": {"device_start": 1585586345.8909075, "device_end": 1585586345.8921418}, "cmdq": 0, "read": {"device_start": -1, "device_end": -1}}, "coalesced_transpose39": {"write": {"device_start": -1, "host_queued_start": 1585586411.288697, "device_queued": -1, "device_end": -1, "host_queued_end": 1585586411.300764}, "device": "gpu", "nd_range": {"device_start": 1585586345.8988345, "device_end": 1585586345.8988545}, "cmdq": 1, "read": {"device_start": -1, "device_end": -1}}, "FFC_sans_bias51": {"write": {"device_start": -1, "host_queued_start": 1585586411.294386, "device_queued": -1, "device_end": -1, "host_queued_end": 1585586411.300764}, "device": "gpu", "nd_range": {"device_start": 1585586345.9046, "device_end": 1585586345.9060333}, "cmdq": 2, "read": {"device_start": -1, "device_end": -1}}, "softmax23": {"write": {"device_start": -1, "host_queued_start": 1585586411.291715, "device_queued": -1, "device_end": -1, "host_queued_end": 1585586411.300764}, "device": "gpu", "nd_range": {"device_start": 1585586345.9020007, "device_end": 1585586345.902332}, "cmdq": 2, "read": {"device_start": -1, "device_end": -1}}, "FFC_sans_bias37": {"write": {"device_start": 1585586345.8956385, "host_queued_start": 1585586411.28284, "device_queued": 1585586345.8913877, "device_end": 1585586345.8956652, "host_queued_end": 1585586411.300764}, "device": "gpu", "nd_range": {"device_start": 1585586345.8956723, "device_end": 1585586345.8970008}, "cmdq": 1, "read": {"device_start": -1, "device_end": -1}}, "softmax41": {"write": {"device_start": -1, "host_queued_start": 1585586411.292209, "device_queued": -1, "device_end": -1, "host_queued_end": 1585586411.300764}, "device": "gpu", "nd_range": {"device_start": 1585586345.9017556, "device_end": 1585586345.9020667}, "cmdq": 1, "read": {"device_start": -1, "device_end": -1}}, "FFC_sans_bias11": {"write": {"device_start": 1585586345.8918483, "host_queued_start": 1585586411.274376, "device_queued": 1585586345.890399, "device_end": 1585586345.8918798, "host_queued_end": 1585586411.300764}, "device": "gpu", "nd_range": {"device_start": 1585586345.8918834, "device_end": 1585586345.893129}, "cmdq": 2, "read": {"device_start": -1, "device_end": -1}}, "FFC_sans_bias10": {"write": {"device_start": 1585586345.8912435, "host_queued_start": 1585586411.273305, "device_queued": 1585586345.890368, "device_end": 1585586345.8912737, "host_queued_end": 1585586411.300764}, "device": "gpu", "nd_range": {"device_start": 1585586345.8912761, "device_end": 1585586345.8926916}, "cmdq": 1, "read": {"device_start": -1, "device_end": -1}}, "coalesced_transpose3": {"write": {"device_start": -1, "host_queued_start": 1585586411.287357, "device_queued": -1, "device_end": -1, "host_queued_end": 1585586411.300764}, "device": "gpu", "nd_range": {"device_start": 1585586345.8979633, "device_end": 1585586345.8988163}, "cmdq": 0, "read": {"device_start": -1, "device_end": -1}}, "FFC_sans_bias34": {"write": {"device_start": 1585586345.9062479, "host_queued_start": 1585586411.298576, "device_queued": 1585586345.8934968, "device_end": 1585586345.9062781, "host_queued_end": 1585586411.300764}, "device": "gpu", "nd_range": {"device_start": 1585586345.906281, "device_end": 1585586345.907479}, "cmdq": 0, "read": {"device_start": 1585586345.9074905, "device_end": 1585586345.9075124}}, "FFC_sans_bias15": {"write": {"device_start": -1, "host_queued_start": 1585586411.293092, "device_queued": -1, "device_end": -1, "host_queued_end": 1585586411.300764}, "device": "gpu", "nd_range": {"device_start": 1585586345.9020681, "device_end": 1585586345.9030743}, "cmdq": 1, "read": {"device_start": -1, "device_end": -1}}, "FFC_sans_bias31": {"write": {"device_start": -1, "host_queued_start": 1585586411.290282, "device_queued": -1, "device_end": -1, "host_queued_end": 1585586411.300764}, "device": "gpu", "nd_range": {"device_start": 1585586345.8994594, "device_end": 1585586345.9004478}, "cmdq": 0, "read": {"device_start": -1, "device_end": -1}}, "FFC_sans_bias16": {"write": {"device_start": 1585586345.9041646, "host_queued_start": 1585586411.296491, "device_queued": 1585586345.8932061, "device_end": 1585586345.904194, "host_queued_end": 1585586411.300764}, "device": "gpu", "nd_range": {"device_start": 1585586345.9041994, "device_end": 1585586345.905563}, "cmdq": 1, "read": {"device_start": 1585586345.9055655, "device_end": 1585586345.90559}}, "FFC_sans_bias19": {"write": {"device_start": 1585586345.8928082, "host_queued_start": 1585586411.276495, "device_queued": 1585586345.8907213, "device_end": 1585586345.8928387, "host_queued_end": 1585586411.300764}, "device": "gpu", "nd_range": {"device_start": 1585586345.8928452, "device_end": 1585586345.89413}, "cmdq": 1, "read": {"device_start": -1, "device_end": -1}}, "FFC_sans_bias18": {"write": {"device_start": 1585586345.892256, "host_queued_start": 1585586411.275454, "device_queued": 1585586345.8905468, "device_end": 1585586345.8922875, "host_queued_end": 1585586411.300764}, "device": "gpu", "nd_range": {"device_start": 1585586345.8922932, "device_end": 1585586345.893654}, "cmdq": 0, "read": {"device_start": -1, "device_end": -1}},