{"FFC_sans_bias4": {"write": {"device_start": -1, "host_queued_start": 1585586435.810527, "device_queued": -1, "device_end": -1, "host_queued_end": 1585586435.814615}, "device": "cpu", "nd_range": {"device_start": 2254210.023089954, "device_end": 2254210.041040256}, "cmdq": 0, "read": {"device_start": -1, "device_end": -1}}, "FFC_sans_bias7": {"write": {"device_start": -1, "host_queued_start": 1585586435.813554, "device_queued": -1, "device_end": -1, "host_queued_end": 1585586435.814615}, "device": "cpu", "nd_range": {"device_start": 2254210.050283851, "device_end": 2254210.058631184}, "cmdq": 1, "read": {"device_start": -1, "device_end": -1}}, "FFC_sans_bias6": {"write": {"device_start": -1, "host_queued_start": 1585586435.812008, "device_queued": -1, "device_end": -1, "host_queued_end": 1585586435.814615}, "device": "cpu", "nd_range": {"device_start": 2254210.0431518042, "device_end": 2254210.0501716183}, "cmdq": 4, "read": {"device_start": -1, "device_end": -1}}, "FFC_sans_bias1": {"write": {"device_start": -1, "host_queued_start": 1585586435.805027, "device_queued": -1, "device_end": -1, "host_queued_end": 1585586435.814615}, "device": "cpu", "nd_range": {"device_start": 2254210.0042353473, "device_end": 2254210.0214964063}, "cmdq": 3, "read": {"device_start": -1, "device_end": -1}}, "FFC_sans_bias0": {"write": {"device_start": -1, "host_queued_start": 1585586435.803798, "device_queued": -1, "device_end": -1, "host_queued_end": 1585586435.814615}, "device": "cpu", "nd_range": {"device_start": 2254210.0196762853, "device_end": 2254210.0289884023}, "cmdq": 2, "read": {"device_start": -1, "device_end": -1}}, "FFC_sans_bias2": {"write": {"device_start": -1, "host_queued_start": 1585586435.806251, "device_queued": -1, "device_end": -1, "host_queued_end": 1585586435.814615}, "device": "cpu", "nd_range": {"device_start": 2254210.004312802, "device_end": 2254210.019540125}, "cmdq": 4, "read": {"device_start": -1, "device_end": -1}}, "FFC_sans_bias52": {"write": {"device_start": 1585586370.3993177, "host_queued_start": 1585586435.799756, "device_queued": 1585586370.3907356, "device_end": 1585586370.399349, "host_queued_end": 1585586435.79986}, "device": "gpu", "nd_range": {"device_start": 1585586370.3993556, "device_end": 1585586370.4005258}, "cmdq": 2, "read": {"device_start": 1585586370.4005337, "device_end": 1585586370.4005575}}, "FFC_sans_bias9": {"write": {"device_start": -1, "host_queued_start": 1585586435.807354, "device_queued": -1, "device_end": -1, "host_queued_end": 1585586435.814615}, "device": "cpu", "nd_range": {"device_start": 2254210.004234455, "device_end": 2254210.019614863}, "cmdq": 0, "read": {"device_start": -1, "device_end": -1}}, "coalesced_transpose39": {"write": {"device_start": -1, "host_queued_start": 1585586435.791581, "device_queued": -1, "device_end": -1, "host_queued_end": 1585586435.79986}, "device": "gpu", "nd_range": {"device_start": 1585586370.394328, "device_end": 1585586370.394343}, "cmdq": 0, "read": {"device_start": -1, "device_end": -1}}, "FFC_sans_bias51": {"write": {"device_start": -1, "host_queued_start": 1585586435.795582, "device_queued": -1, "device_end": -1, "host_queued_end": 1585586435.79986}, "device": "gpu", "nd_range": {"device_start": 1585586370.3971708, "device_end": 1585586370.3985705}, "cmdq": 1, "read": {"device_start": -1, "device_end": -1}}, "softmax23": {"write": {"device_start": -1, "host_queued_start": 1585586435.793415, "device_queued": -1, "device_end": -1, "host_queued_end": 1585586435.79986}, "device": "gpu", "nd_range": {"device_start": 1585586370.395355, "device_end": 1585586370.3965583}, "cmdq": 0, "read": {"device_start": -1, "device_end": -1}}, "FFC_sans_bias37": {"write": {"device_start": 1585586370.3910959, "host_queued_start": 1585586435.786416, "device_queued": 1585586370.3889248, "device_end": 1585586370.3911233, "host_queued_end": 1585586435.79986}, "device": "gpu", "nd_range": {"device_start": 1585586370.3911293, "device_end": 1585586370.3924134}, "cmdq": 2, "read": {"device_start": -1, "device_end": -1}}, "softmax41": {"write": {"device_start": -1, "host_queued_start": 1585586435.793994, "device_queued": -1, "device_end": -1, "host_queued_end": 1585586435.79986}, "device": "gpu", "nd_range": {"device_start": 1585586370.3963373, "device_end": 1585586370.3965409}, "cmdq": 2, "read": {"device_start": -1, "device_end": -1}}, "FFC_sans_bias11": {"write": {"device_start": -1, "host_queued_start": 1585586435.809446, "device_queued": -1, "device_end": -1, "host_queued_end": 1585586435.814615}, "device": "cpu", "nd_range": {"device_start": 2254210.031247226, "device_end": 2254210.038528313}, "cmdq": 2, "read": {"device_start": -1, "device_end": -1}}, "FFC_sans_bias10": {"write": {"device_start": -1, "host_queued_start": 1585586435.808398, "device_queued": -1, "device_end": -1, "host_queued_end": 1585586435.814615}, "device": "cpu", "nd_range": {"device_start": 2254210.0042288033, "device_end": 2254210.019708732}, "cmdq": 1, "read": {"device_start": -1, "device_end": -1}}, "coalesced_transpose3": {"write": {"device_start": -1, "host_queued_start": 1585586435.809781, "device_queued": -1, "device_end": -1, "host_queued_end": 1585586435.814615}, "device": "cpu", "nd_range": {"device_start": 2254210.021632566, "device_end": 2254210.021866091}, "cmdq": 3, "read": {"device_start": -1, "device_end": -1}}, "FFC_sans_bias34": {"write": {"device_start": 1585586370.398269, "host_queued_start": 1585586435.797642, "device_queued": 1585586370.3904712, "device_end": 1585586370.3983, "host_queued_end": 1585586435.79986}, "device": "gpu", "nd_range": {"device_start": 1585586370.3983142, "device_end": 1585586370.3995593}, "cmdq": 0, "read": {"device_start": 1585586370.3995607, "device_end": 1585586370.3995838}}, "FFC_sans_bias15": {"write": {"device_start": -1, "host_queued_start": 1585586435.812407, "device_queued": -1, "device_end": -1, "host_queued_end": 1585586435.814615}, "device": "cpu", "nd_range": {"device_start": 2254210.041065134, "device_end": 2254210.046340589}, "cmdq": 0, "read": {"device_start": -1, "device_end": -1}}, "FFC_sans_bias31": {"write": {"device_start": -1, "host_queued_start": 1585586435.79253, "device_queued": -1, "device_end": -1, "host_queued_end": 1585586435.79986}, "device": "gpu", "nd_range": {"device_start": 1585586370.3943508, "device_end": 1585586370.3953485}, "cmdq": 0, "read": {"device_start": -1, "device_end": -1}}, "FFC_sans_bias16": {"write": {"device_start": -1, "host_queued_start": 1585586435.814546, "device_queued": -1, "device_end": -1, "host_queued_end": 1585586435.814615}, "device": "cpu", "nd_range": {"device_start": 2254210.0463470942, "device_end": 2254210.058180189}, "cmdq": 2, "read": {"device_start": -1, "device_end": -1}}, "FFC_sans_bias19": {"write": {"device_start": 1585586370.388436, "host_queued_start": 1585586435.780113, "device_queued": 1585586370.388239, "device_end": 1585586370.388489, "host_queued_end": 1585586435.79986}, "device": "gpu", "nd_range": {"device_start": 1585586370.388495, "device_end": 1585586370.3894465}, "cmdq": 2, "read": {"device_start": -1, "device_end": -1}}, "FFC_sans_bias18": {"write": {"device_start": 1585586370.3883357, "host_queued_start": 1585586435.779143, "device_queued": 1585586370.3882163, "device_end": 1585586370.3884299, "host_queued_end": 1585586435.79986}, "device": "gpu", "nd_range": {"device_start": 1585586370.3884337, "device_end": 1585586370.3890367}, "cmdq": 1, "read": {"device_start": -1, "device_end": -1}}, "coalesced_transpose30": {"write": {"device_start": -1, "host_queued_start": 1585586435.791277, "device_queued": -1, "device_end": -1, "host_queued_end": 1585586435.79986}, "device": "gpu", "nd_range": {"device_start": 1585586370.3938532, "device_end": 1585586370.394237}, "cmdq": 2, "read": {"device_start": -1, "device_end": -1}}, "FFC_sans_bias38": {"write": {"device_start": 1585586370.3915505, "host_queued_start": 1585586435.787501, "device_queued": 1585586370.3890772,