{"FFC_sans_bias4": {"write": {"device_start": -1, "host_queued_start": 1585586602.804752, "device_queued": -1, "device_end": -1, "host_queued_end": 1585586602.816094}, "device": "gpu", "nd_range": {"device_start": 1585586537.4090693, "device_end": 1585586537.4096823}, "cmdq": 0, "read": {"device_start": -1, "device_end": -1}}, "FFC_sans_bias7": {"write": {"device_start": 1585586537.4148579, "host_queued_start": 1585586602.81072, "device_queued": 1585586537.4034808, "device_end": 1585586537.4148884, "host_queued_end": 1585586602.816094}, "device": "gpu", "nd_range": {"device_start": 1585586537.4149075, "device_end": 1585586537.4171588}, "cmdq": 3, "read": {"device_start": 1585586537.41716, "device_end": 1585586537.4171834}}, "FFC_sans_bias6": {"write": {"device_start": -1, "host_queued_start": 1585586602.808092, "device_queued": -1, "device_end": -1, "host_queued_end": 1585586602.816094}, "device": "gpu", "nd_range": {"device_start": 1585586537.4127386, "device_end": 1585586537.41431}, "cmdq": 2, "read": {"device_start": -1, "device_end": -1}}, "FFC_sans_bias1": {"write": {"device_start": 1585586537.400329, "host_queued_start": 1585586602.785792, "device_queued": 1585586537.4001403, "device_end": 1585586537.4003942, "host_queued_end": 1585586602.816094}, "device": "gpu", "nd_range": {"device_start": 1585586537.400398, "device_end": 1585586537.4013813}, "cmdq": 2, "read": {"device_start": -1, "device_end": -1}}, "FFC_sans_bias0": {"write": {"device_start": 1585586537.4002423, "host_queued_start": 1585586602.78475, "device_queued": 1585586537.400124, "device_end": 1585586537.40027, "host_queued_end": 1585586602.816094}, "device": "gpu", "nd_range": {"device_start": 1585586537.4003541, "device_end": 1585586537.4009762}, "cmdq": 1, "read": {"device_start": -1, "device_end": -1}}, "FFC_sans_bias2": {"write": {"device_start": 1585586537.400439, "host_queued_start": 1585586602.786888, "device_queued": 1585586537.4002843, "device_end": 1585586537.4004924, "host_queued_end": 1585586602.816094}, "device": "gpu", "nd_range": {"device_start": 1585586537.400516, "device_end": 1585586537.4019349}, "cmdq": 3, "read": {"device_start": -1, "device_end": -1}}, "FFC_sans_bias52": {"write": {"device_start": 1585586537.4173548, "host_queued_start": 1585586602.815996, "device_queued": 1585586537.4042711, "device_end": 1585586537.4173863, "host_queued_end": 1585586602.816094}, "device": "gpu", "nd_range": {"device_start": 1585586537.417397, "device_end": 1585586537.4185958}, "cmdq": 3, "read": {"device_start": 1585586537.4186015, "device_end": 1585586537.4186237}}, "FFC_sans_bias9": {"write": {"device_start": 1585586537.4005163, "host_queued_start": 1585586602.787928, "device_queued": 1585586537.4003084, "device_end": 1585586537.4005408, "host_queued_end": 1585586602.816094}, "device": "gpu", "nd_range": {"device_start": 1585586537.4005446, "device_end": 1585586537.4023712}, "cmdq": 4, "read": {"device_start": -1, "device_end": -1}}, "coalesced_transpose39": {"write": {"device_start": -1, "host_queued_start": 1585586602.804138, "device_queued": -1, "device_end": -1, "host_queued_end": 1585586602.816094}, "device": "gpu", "nd_range": {"device_start": 1585586537.4091506, "device_end": 1585586537.4095073}, "cmdq": 3, "read": {"device_start": -1, "device_end": -1}}, "FFC_sans_bias51": {"write": {"device_start": -1, "host_queued_start": 1585586602.809659, "device_queued": -1, "device_end": -1, "host_queued_end": 1585586602.816094}, "device": "gpu", "nd_range": {"device_start": 1585586537.414318, "device_end": 1585586537.4162052}, "cmdq": 2, "read": {"device_start": -1, "device_end": -1}}, "softmax23": {"write": {"device_start": -1, "host_queued_start": 1585586602.807052, "device_queued": -1, "device_end": -1, "host_queued_end": 1585586602.816094}, "device": "gpu", "nd_range": {"device_start": 1585586537.4116237, "device_end": 1585586537.4127064}, "cmdq": 3, "read": {"device_start": -1, "device_end": -1}}, "FFC_sans_bias37": {"write": {"device_start": 1585586537.4049227, "host_queued_start": 1585586602.798318, "device_queued": 1585586537.4013636, "device_end": 1585586537.4049492, "host_queued_end": 1585586602.816094}, "device": "gpu", "nd_range": {"device_start": 1585586537.4049582, "device_end": 1585586537.4072733}, "cmdq": 4, "read": {"device_start": -1, "device_end": -1}}, "softmax41": {"write": {"device_start": -1, "host_queued_start": 1585586602.807539, "device_queued": -1, "device_end": -1, "host_queued_end": 1585586602.816094}, "device": "gpu", "nd_range": {"device_start": 1585586537.4120927, "device_end": 1585586537.4122972}, "cmdq": 0, "read": {"device_start": -1, "device_end": -1}}, "FFC_sans_bias11": {"write": {"device_start": 1585586537.4011085, "host_queued_start": 1585586602.789991, "device_queued": 1585586537.4007077, "device_end": 1585586537.4011333, "host_queued_end": 1585586602.816094}, "device": "gpu", "nd_range": {"device_start": 1585586537.4011393, "device_end": 1585586537.4033594}, "cmdq": 1, "read": {"device_start": -1, "device_end": -1}}, "FFC_sans_bias10": {"write": {"device_start": 1585586537.4006455, "host_queued_start": 1585586602.788956, "device_queued": 1585586537.4005544, "device_end": 1585586537.400675, "host_queued_end": 1585586602.816094}, "device": "gpu", "nd_range": {"device_start": 1585586537.400679, "device_end": 1585586537.4029026}, "cmdq": 0, "read": {"device_start": -1, "device_end": -1}}, "coalesced_transpose3": {"write": {"device_start": -1, "host_queued_start": 1585586602.802806, "device_queued": -1, "device_end": -1, "host_queued_end": 1585586602.816094}, "device": "gpu", "nd_range": {"device_start": 1585586537.4072745, "device_end": 1585586537.409043}, "cmdq": 4, "read": {"device_start": -1, "device_end": -1}}, "FFC_sans_bias34": {"write": {"device_start": 1585586537.4153783, "host_queued_start": 1585586602.813884, "device_queued": 1585586537.4040387, "device_end": 1585586537.4154093, "host_queued_end": 1585586602.816094}, "device": "gpu", "nd_range": {"device_start": 1585586537.4154186, "device_end": 1585586537.4176943}, "cmdq": 1, "read": {"device_start": 1585586537.4176972, "device_end": 1585586537.4177191}}, "FFC_sans_bias15": {"write": {"device_start": -1, "host_queued_start": 1585586602.808403, "device_queued": -1, "device_end": -1, "host_queued_end": 1585586602.816094}, "device": "gpu", "nd_range": {"device_start": 1585586537.4127474, "device_end": 1585586537.4147353}, "cmdq": 3, "read": {"device_start": -1, "device_end": -1}}, "FFC_sans_bias31": {"write": {"device_start": -1, "host_queued_start": 1585586602.805683, "device_queued": -1, "device_end": -1, "host_queued_end": 1585586602.816094}, "device": "gpu", "nd_range": {"device_start": 1585586537.4095182, "device_end": 1585586537.411114}, "cmdq": 3, "read": {"device_start": -1, "device_end": -1}}, "FFC_sans_bias16": {"write": {"device_start": 1585586537.4134383, "host_queued_start": 1585586602.811792, "device_queued": 1585586537.4034321, "device_end": 1585586537.4134684, "host_queued_end": 1585586602.816094}, "device": "gpu", "nd_range": {"device_start": 1585586537.4147527, "device_end": 1585586537.41671}, "cmdq": 4, "read": {"device_start": 1585586537.4167168, "device_end": 1585586537.4167397}}, "FFC_sans_bias19": {"write": {"device_start": 1585586537.4021113, "host_queued_start": 1585586602.79207, "device_queued": 1585586537.400751, "device_end": 1585586537.402144, "host_queued_end": 1585586602.816094}, "device": "gpu", "nd_range": {"device_start": 1585586537.402147, "device_end": 1585586537.4043427}, "cmdq": 3, "read": {"device_start": -1, "device_end": -1}}, "FFC_sans_bias18": {"write": {"device_start": 1585586537.401527, "host_queued_start": 1585586602.791045, "device_queued": 1585586537.4007359, "device_end": 1585586537.401558, "host_queued_end": 1585586602.816094}, "device": "gpu", "nd_range": {"device_start": 1585586537.4015613, "device_end": 1585586537.4038572}, "cmdq": 2, "read": {"device_start": -1, "device_end": -1}},