{"FFC_sans_bias4": {"write": {"device_start": -1, "host_queued_start": 1585586512.393955, "device_queued": -1, "device_end": -1, "host_queued_end": 1585586512.397844}, "device": "cpu", "nd_range": {"device_start": 2254286.6118200324, "device_end": 2254286.617749025}, "cmdq": 2, "read": {"device_start": -1, "device_end": -1}}, "FFC_sans_bias7": {"write": {"device_start": -1, "host_queued_start": 1585586512.396815, "device_queued": -1, "device_end": -1, "host_queued_end": 1585586512.397844}, "device": "cpu", "nd_range": {"device_start": 2254286.634429815, "device_end": 2254286.639417516}, "cmdq": 0, "read": {"device_start": -1, "device_end": -1}}, "FFC_sans_bias6": {"write": {"device_start": -1, "host_queued_start": 1585586512.395333, "device_queued": -1, "device_end": -1, "host_queued_end": 1585586512.397844}, "device": "cpu", "nd_range": {"device_start": 2254286.618188947, "device_end": 2254286.6314700623}, "cmdq": 2, "read": {"device_start": -1, "device_end": -1}}, "FFC_sans_bias1": {"write": {"device_start": -1, "host_queued_start": 1585586512.388595, "device_queued": -1, "device_end": -1, "host_queued_end": 1585586512.397844}, "device": "cpu", "nd_range": {"device_start": 2254286.587545162, "device_end": 2254286.602771143}, "cmdq": 3, "read": {"device_start": -1, "device_end": -1}}, "FFC_sans_bias0": {"write": {"device_start": -1, "host_queued_start": 1585586512.387429, "device_queued": -1, "device_end": -1, "host_queued_end": 1585586512.397844}, "device": "cpu", "nd_range": {"device_start": 2254286.5874640592, "device_end": 2254286.6028010873}, "cmdq": 2, "read": {"device_start": -1, "device_end": -1}}, "FFC_sans_bias2": {"write": {"device_start": -1, "host_queued_start": 1585586512.38969, "device_queued": -1, "device_end": -1, "host_queued_end": 1585586512.397844}, "device": "cpu", "nd_range": {"device_start": 2254286.587452805, "device_end": 2254286.602814786}, "cmdq": 0, "read": {"device_start": -1, "device_end": -1}}, "FFC_sans_bias52": {"write": {"device_start": 1585586446.9810812, "host_queued_start": 1585586512.383588, "device_queued": 1585586446.9724236, "device_end": 1585586446.9811187, "host_queued_end": 1585586512.383686}, "device": "gpu", "nd_range": {"device_start": 1585586446.981121, "device_end": 1585586446.9819527}, "cmdq": 3, "read": {"device_start": 1585586446.9819617, "device_end": 1585586446.9819846}}, "FFC_sans_bias9": {"write": {"device_start": -1, "host_queued_start": 1585586512.390764, "device_queued": -1, "device_end": -1, "host_queued_end": 1585586512.397844}, "device": "cpu", "nd_range": {"device_start": 2254286.587451661, "device_end": 2254286.6031445973}, "cmdq": 1, "read": {"device_start": -1, "device_end": -1}}, "coalesced_transpose39": {"write": {"device_start": -1, "host_queued_start": 1585586512.375509, "device_queued": -1, "device_end": -1, "host_queued_end": 1585586512.383686}, "device": "gpu", "nd_range": {"device_start": 1585586446.9756253, "device_end": 1585586446.9760022}, "cmdq": 2, "read": {"device_start": -1, "device_end": -1}}, "FFC_sans_bias51": {"write": {"device_start": -1, "host_queued_start": 1585586512.37943, "device_queued": -1, "device_end": -1, "host_queued_end": 1585586512.383686}, "device": "gpu", "nd_range": {"device_start": 1585586446.979224, "device_end": 1585586446.9809833}, "cmdq": 3, "read": {"device_start": -1, "device_end": -1}}, "softmax23": {"write": {"device_start": -1, "host_queued_start": 1585586512.377298, "device_queued": -1, "device_end": -1, "host_queued_end": 1585586512.383686}, "device": "gpu", "nd_range": {"device_start": 1585586446.976593, "device_end": 1585586446.9779825}, "cmdq": 0, "read": {"device_start": -1, "device_end": -1}}, "FFC_sans_bias37": {"write": {"device_start": 1585586446.9723122, "host_queued_start": 1585586512.370348, "device_queued": 1585586446.9706788, "device_end": 1585586446.972344, "host_queued_end": 1585586512.383686}, "device": "gpu", "nd_range": {"device_start": 1585586446.972351, "device_end": 1585586446.9741845}, "cmdq": 3, "read": {"device_start": -1, "device_end": -1}}, "softmax41": {"write": {"device_start": -1, "host_queued_start": 1585586512.377902, "device_queued": -1, "device_end": -1, "host_queued_end": 1585586512.383686}, "device": "gpu", "nd_range": {"device_start": 1585586446.977576, "device_end": 1585586446.9782689}, "cmdq": 2, "read": {"device_start": -1, "device_end": -1}}, "FFC_sans_bias11": {"write": {"device_start": -1, "host_queued_start": 1585586512.392842, "device_queued": -1, "device_end": -1, "host_queued_end": 1585586512.397844}, "device": "cpu", "nd_range": {"device_start": 2254286.602918819, "device_end": 2254286.615540725}, "cmdq": 3, "read": {"device_start": -1, "device_end": -1}}, "FFC_sans_bias10": {"write": {"device_start": -1, "host_queued_start": 1585586512.391796, "device_queued": -1, "device_end": -1, "host_queued_end": 1585586512.397844}, "device": "cpu", "nd_range": {"device_start": 2254286.602817484, "device_end": 2254286.611688718}, "cmdq": 2, "read": {"device_start": -1, "device_end": -1}}, "coalesced_transpose3": {"write": {"device_start": -1, "host_queued_start": 1585586512.393168, "device_queued": -1, "device_end": -1, "host_queued_end": 1585586512.397844}, "device": "cpu", "nd_range": {"device_start": 2254286.606245303, "device_end": 2254286.606486952}, "cmdq": 0, "read": {"device_start": -1, "device_end": -1}}, "FFC_sans_bias34": {"write": {"device_start": 1585586446.9791389, "host_queued_start": 1585586512.381486, "device_queued": 1585586446.9722426, "device_end": 1585586446.9791696, "host_queued_end": 1585586512.383686}, "device": "gpu", "nd_range": {"device_start": 1585586446.9791777, "device_end": 1585586446.9805272}, "cmdq": 1, "read": {"device_start": 1585586446.9805307, "device_end": 1585586446.9805543}}, "FFC_sans_bias15": {"write": {"device_start": -1, "host_queued_start": 1585586512.395691, "device_queued": -1, "device_end": -1, "host_queued_end": 1585586512.397844}, "device": "cpu", "nd_range": {"device_start": 2254286.6245100843, "device_end": 2254286.630502582}, "cmdq": 3, "read": {"device_start": -1, "device_end": -1}}, "FFC_sans_bias31": {"write": {"device_start": -1, "host_queued_start": 1585586512.376432, "device_queued": -1, "device_end": -1, "host_queued_end": 1585586512.383686}, "device": "gpu", "nd_range": {"device_start": 1585586446.9759996, "device_end": 1585586446.9770806}, "cmdq": 1, "read": {"device_start": -1, "device_end": -1}}, "FFC_sans_bias16": {"write": {"device_start": -1, "host_queued_start": 1585586512.3978, "device_queued": -1, "device_end": -1, "host_queued_end": 1585586512.397844}, "device": "cpu", "nd_range": {"device_start": 2254286.630509178, "device_end": 2254286.63575018}, "cmdq": 1, "read": {"device_start": -1, "device_end": -1}}, "FFC_sans_bias19": {"write": {"device_start": 1585586446.9702287, "host_queued_start": 1585586512.364155, "device_queued": 1585586446.9700785, "device_end": 1585586446.97032, "host_queued_end": 1585586512.383686}, "device": "gpu", "nd_range": {"device_start": 1585586446.9703226, "device_end": 1585586446.9712112}, "cmdq": 1, "read": {"device_start": -1, "device_end": -1}}, "FFC_sans_bias18": {"write": {"device_start": 1585586446.9701278, "host_queued_start": 1585586512.36318, "device_queued": 1585586446.970025, "device_end": 1585586446.9702024, "host_queued_end": 1585586512.383686}, "device": "gpu", "nd_range": {"device_start": 1585586446.970209, "device_end": 1585586446.9708211}, "cmdq": 0, "read": {"device_start": -1, "device_end": -1}}, "coalesced_transpose30": {"write": {"device_start": -1, "host_queued_start": 1585586512.375217, "device_queued": -1, "device_end": -1, "host_queued_end": 1585586512.383686}, "device": "gpu", "nd_range": {"device_start": 1585586446.9751647, "device_end": 1585586446.9759986}, "cmdq": 1, "read": {"device_start": -1, "device_end": -1}}, "FFC_sans_bias38": {"write": {"device_start": 1585586446.9728234, "host_queued_start": 1585586512.371429, "device_queued": 1585586446.9708865,