{"FFC_sans_bias4": {"write": {"device_start": -1, "host_queued_start": 1585586430.472862, "device_queued": -1, "device_end": -1, "host_queued_end": 1585586430.484289}, "device": "gpu", "nd_range": {"device_start": 1585586365.0818813, "device_end": 1585586365.0824869}, "cmdq": 0, "read": {"device_start": -1, "device_end": -1}}, "FFC_sans_bias7": {"write": {"device_start": 1585586365.086754, "host_queued_start": 1585586430.478929, "device_queued": 1585586365.0761065, "device_end": 1585586365.0867846, "host_queued_end": 1585586430.484289}, "device": "gpu", "nd_range": {"device_start": 1585586365.0867903, "device_end": 1585586365.0880334}, "cmdq": 0, "read": {"device_start": 1585586365.088039, "device_end": 1585586365.0880632}}, "FFC_sans_bias6": {"write": {"device_start": -1, "host_queued_start": 1585586430.476278, "device_queued": -1, "device_end": -1, "host_queued_end": 1585586430.484289}, "device": "gpu", "nd_range": {"device_start": 1585586365.0850456, "device_end": 1585586365.0856538}, "cmdq": 0, "read": {"device_start": -1, "device_end": -1}}, "FFC_sans_bias1": {"write": {"device_start": 1585586365.0731955, "host_queued_start": 1585586430.453744, "device_queued": 1585586365.0730865, "device_end": 1585586365.0732565, "host_queued_end": 1585586430.484289}, "device": "gpu", "nd_range": {"device_start": 1585586365.0732596, "device_end": 1585586365.0741804}, "cmdq": 1, "read": {"device_start": -1, "device_end": -1}}, "FFC_sans_bias0": {"write": {"device_start": 1585586365.0730972, "host_queued_start": 1585586430.452707, "device_queued": 1585586365.0728633, "device_end": 1585586365.0731664, "host_queued_end": 1585586430.484289}, "device": "gpu", "nd_range": {"device_start": 1585586365.0731719, "device_end": 1585586365.07378}, "cmdq": 0, "read": {"device_start": -1, "device_end": -1}}, "FFC_sans_bias2": {"write": {"device_start": 1585586365.0732892, "host_queued_start": 1585586430.454816, "device_queued": 1585586365.0731068, "device_end": 1585586365.073314, "host_queued_end": 1585586430.484289}, "device": "gpu", "nd_range": {"device_start": 1585586365.0733175, "device_end": 1585586365.07475}, "cmdq": 2, "read": {"device_start": -1, "device_end": -1}}, "FFC_sans_bias52": {"write": {"device_start": 1585586365.0902073, "host_queued_start": 1585586430.484187, "device_queued": 1585586365.076651, "device_end": 1585586365.0902379, "host_queued_end": 1585586430.484289}, "device": "gpu", "nd_range": {"device_start": 1585586365.0902417, "device_end": 1585586365.0909097}, "cmdq": 2, "read": {"device_start": 1585586365.0909164, "device_end": 1585586365.0909386}}, "FFC_sans_bias9": {"write": {"device_start": 1585586365.0739253, "host_queued_start": 1585586430.455848, "device_queued": 1585586365.0733328, "device_end": 1585586365.0739503, "host_queued_end": 1585586430.484289}, "device": "gpu", "nd_range": {"device_start": 1585586365.073955, "device_end": 1585586365.0751784}, "cmdq": 0, "read": {"device_start": -1, "device_end": -1}}, "coalesced_transpose39": {"write": {"device_start": -1, "host_queued_start": 1585586430.472246, "device_queued": -1, "device_end": -1, "host_queued_end": 1585586430.484289}, "device": "gpu", "nd_range": {"device_start": 1585586365.0818744, "device_end": 1585586365.0818965}, "cmdq": 1, "read": {"device_start": -1, "device_end": -1}}, "FFC_sans_bias51": {"write": {"device_start": -1, "host_queued_start": 1585586430.47787, "device_queued": -1, "device_end": -1, "host_queued_end": 1585586430.484289}, "device": "gpu", "nd_range": {"device_start": 1585586365.0875995, "device_end": 1585586365.0890212}, "cmdq": 2, "read": {"device_start": -1, "device_end": -1}}, "softmax23": {"write": {"device_start": -1, "host_queued_start": 1585586430.475224, "device_queued": -1, "device_end": -1, "host_queued_end": 1585586430.484289}, "device": "gpu", "nd_range": {"device_start": 1585586365.0850403, "device_end": 1585586365.0854223}, "cmdq": 2, "read": {"device_start": -1, "device_end": -1}}, "FFC_sans_bias37": {"write": {"device_start": 1585586365.078722, "host_queued_start": 1585586430.466373, "device_queued": 1585586365.074434, "device_end": 1585586365.0787535, "host_queued_end": 1585586430.484289}, "device": "gpu", "nd_range": {"device_start": 1585586365.0787592, "device_end": 1585586365.0800452}, "cmdq": 1, "read": {"device_start": -1, "device_end": -1}}, "softmax41": {"write": {"device_start": -1, "host_queued_start": 1585586430.475717, "device_queued": -1, "device_end": -1, "host_queued_end": 1585586430.484289}, "device": "gpu", "nd_range": {"device_start": 1585586365.0847712, "device_end": 1585586365.0851257}, "cmdq": 1, "read": {"device_start": -1, "device_end": -1}}, "FFC_sans_bias11": {"write": {"device_start": 1585586365.0748935, "host_queued_start": 1585586430.457922, "device_queued": 1585586365.073409, "device_end": 1585586365.074924, "host_queued_end": 1585586430.484289}, "device": "gpu", "nd_range": {"device_start": 1585586365.0749285, "device_end": 1585586365.076167}, "cmdq": 2, "read": {"device_start": -1, "device_end": -1}}, "FFC_sans_bias10": {"write": {"device_start": 1585586365.0743213, "host_queued_start": 1585586430.456883, "device_queued": 1585586365.0733871, "device_end": 1585586365.074352, "host_queued_end": 1585586430.484289}, "device": "gpu", "nd_range": {"device_start": 1585586365.0743563, "device_end": 1585586365.0757105}, "cmdq": 1, "read": {"device_start": -1, "device_end": -1}}, "coalesced_transpose3": {"write": {"device_start": -1, "host_queued_start": 1585586430.470909, "device_queued": -1, "device_end": -1, "host_queued_end": 1585586430.484289}, "device": "gpu", "nd_range": {"device_start": 1585586365.08102, "device_end": 1585586365.0818453}, "cmdq": 0, "read": {"device_start": -1, "device_end": -1}}, "FFC_sans_bias34": {"write": {"device_start": 1585586365.089299, "host_queued_start": 1585586430.482099, "device_queued": 1585586365.0765674, "device_end": 1585586365.0893292, "host_queued_end": 1585586430.484289}, "device": "gpu", "nd_range": {"device_start": 1585586365.0893328, "device_end": 1585586365.0904508}, "cmdq": 0, "read": {"device_start": 1585586365.0904562, "device_end": 1585586365.0904782}}, "FFC_sans_bias15": {"write": {"device_start": -1, "host_queued_start": 1585586430.476602, "device_queued": -1, "device_end": -1, "host_queued_end": 1585586430.484289}, "device": "gpu", "nd_range": {"device_start": 1585586365.085127, "device_end": 1585586365.0860565}, "cmdq": 1, "read": {"device_start": -1, "device_end": -1}}, "FFC_sans_bias31": {"write": {"device_start": -1, "host_queued_start": 1585586430.473819, "device_queued": -1, "device_end": -1, "host_queued_end": 1585586430.484289}, "device": "gpu", "nd_range": {"device_start": 1585586365.082488, "device_end": 1585586365.0834677}, "cmdq": 0, "read": {"device_start": -1, "device_end": -1}}, "FFC_sans_bias16": {"write": {"device_start": 1585586365.0871701, "host_queued_start": 1585586430.479985, "device_queued": 1585586365.0762866, "device_end": 1585586365.087201, "host_queued_end": 1585586430.484289}, "device": "gpu", "nd_range": {"device_start": 1585586365.0872073, "device_end": 1585586365.0885396}, "cmdq": 1, "read": {"device_start": 1585586365.0885453, "device_end": 1585586365.0885694}}, "FFC_sans_bias19": {"write": {"device_start": 1585586365.0758398, "host_queued_start": 1585586430.460062, "device_queued": 1585586365.0736985, "device_end": 1585586365.075872, "host_queued_end": 1585586430.484289}, "device": "gpu", "nd_range": {"device_start": 1585586365.0758762, "device_end": 1585586365.0771594}, "cmdq": 1, "read": {"device_start": -1, "device_end": -1}}, "FFC_sans_bias18": {"write": {"device_start": 1585586365.0753148, "host_queued_start": 1585586430.458995, "device_queued": 1585586365.0735571, "device_end": 1585586365.0753467, "host_queued_end": 1585586430.484289}, "device": "gpu", "nd_range": {"device_start": 1585586365.0753512, "device_end": 1585586365.0766697}, "cmdq": 0, "read": {"device_start": -1, "device_end": -1}},