{"FFC_sans_bias4": {"write": {"device_start": -1, "host_queued_start": 1585586195.295935, "device_queued": -1, "device_end": -1, "host_queued_end": 1585586195.305506}, "device": "cpu", "nd_range": {"device_start": 2253969.562334063, "device_end": 2253969.568316142}, "cmdq": 1, "read": {"device_start": -1, "device_end": -1}}, "FFC_sans_bias7": {"write": {"device_start": -1, "host_queued_start": 1585586195.301476, "device_queued": -1, "device_end": -1, "host_queued_end": 1585586195.305506}, "device": "cpu", "nd_range": {"device_start": 2253969.609500892, "device_end": 2253969.6181082963}, "cmdq": 0, "read": {"device_start": -1, "device_end": -1}}, "FFC_sans_bias6": {"write": {"device_start": -1, "host_queued_start": 1585586195.299041, "device_queued": -1, "device_end": -1, "host_queued_end": 1585586195.305506}, "device": "cpu", "nd_range": {"device_start": 2253969.583841239, "device_end": 2253969.592558891}, "cmdq": 1, "read": {"device_start": -1, "device_end": -1}}, "FFC_sans_bias1": {"write": {"device_start": -1, "host_queued_start": 1585586195.280035, "device_queued": -1, "device_end": -1, "host_queued_end": 1585586195.305506}, "device": "cpu", "nd_range": {"device_start": 2253969.4951530453, "device_end": 2253969.503157237}, "cmdq": 0, "read": {"device_start": -1, "device_end": -1}}, "FFC_sans_bias0": {"write": {"device_start": -1, "host_queued_start": 1585586195.278991, "device_queued": -1, "device_end": -1, "host_queued_end": 1585586195.305506}, "device": "cpu", "nd_range": {"device_start": 2253969.495144723, "device_end": 2253969.5032691453}, "cmdq": 1, "read": {"device_start": -1, "device_end": -1}}, "FFC_sans_bias2": {"write": {"device_start": -1, "host_queued_start": 1585586195.281088, "device_queued": -1, "device_end": -1, "host_queued_end": 1585586195.305506}, "device": "cpu", "nd_range": {"device_start": 2253969.503302271, "device_end": 2253969.5124268513}, "cmdq": 1, "read": {"device_start": -1, "device_end": -1}}, "FFC_sans_bias52": {"write": {"device_start": 1585586129.8713782, "host_queued_start": 1585586195.273177, "device_queued": 1585586129.8681679, "device_end": 1585586129.8714073, "host_queued_end": 1585586195.273286}, "device": "gpu", "nd_range": {"device_start": 1585586129.8714097, "device_end": 1585586129.872009}, "cmdq": 0, "read": {"device_start": 1585586129.8720152, "device_end": 1585586129.872038}}, "FFC_sans_bias9": {"write": {"device_start": -1, "host_queued_start": 1585586195.282128, "device_queued": -1, "device_end": -1, "host_queued_end": 1585586195.305506}, "device": "cpu", "nd_range": {"device_start": 2253969.503176906, "device_end": 2253969.508912221}, "cmdq": 0, "read": {"device_start": -1, "device_end": -1}}, "coalesced_transpose39": {"write": {"device_start": -1, "host_queued_start": 1585586195.295588, "device_queued": -1, "device_end": -1, "host_queued_end": 1585586195.305506}, "device": "cpu", "nd_range": {"device_start": 2253969.563472317, "device_end": 2253969.563707937}, "cmdq": 0, "read": {"device_start": -1, "device_end": -1}}, "FFC_sans_bias51": {"write": {"device_start": -1, "host_queued_start": 1585586195.272156, "device_queued": -1, "device_end": -1, "host_queued_end": 1585586195.273286}, "device": "gpu", "nd_range": {"device_start": 1585586129.870689, "device_end": 1585586129.871287}, "cmdq": 0, "read": {"device_start": -1, "device_end": -1}}, "softmax23": {"write": {"device_start": -1, "host_queued_start": 1585586195.298145, "device_queued": -1, "device_end": -1, "host_queued_end": 1585586195.305506}, "device": "cpu", "nd_range": {"device_start": 2253969.58370985, "device_end": 2253969.583820869}, "cmdq": 0, "read": {"device_start": -1, "device_end": -1}}, "FFC_sans_bias37": {"write": {"device_start": -1, "host_queued_start": 1585586195.292863, "device_queued": -1, "device_end": -1, "host_queued_end": 1585586195.305506}, "device": "cpu", "nd_range": {"device_start": 2253969.5565083274, "device_end": 2253969.562001768}, "cmdq": 0, "read": {"device_start": -1, "device_end": -1}}, "softmax41": {"write": {"device_start": -1, "host_queued_start": 1585586195.298702, "device_queued": -1, "device_end": -1, "host_queued_end": 1585586195.305506}, "device": "cpu", "nd_range": {"device_start": 2253969.5838282853, "device_end": 2253969.584050682}, "cmdq": 0, "read": {"device_start": -1, "device_end": -1}}, "FFC_sans_bias11": {"write": {"device_start": -1, "host_queued_start": 1585586195.284284, "device_queued": -1, "device_end": -1, "host_queued_end": 1585586195.305506}, "device": "cpu", "nd_range": {"device_start": 2253969.510556368, "device_end": 2253969.516296334}, "cmdq": 0, "read": {"device_start": -1, "device_end": -1}}, "FFC_sans_bias10": {"write": {"device_start": -1, "host_queued_start": 1585586195.283229, "device_queued": -1, "device_end": -1, "host_queued_end": 1585586195.305506}, "device": "cpu", "nd_range": {"device_start": 2253969.512546245, "device_end": 2253969.5203986564}, "cmdq": 1, "read": {"device_start": -1, "device_end": -1}}, "coalesced_transpose3": {"write": {"device_start": -1, "host_queued_start": 1585586195.294247, "device_queued": -1, "device_end": -1, "host_queued_end": 1585586195.305506}, "device": "cpu", "nd_range": {"device_start": 2253969.562007301, "device_end": 2253969.562177701}, "cmdq": 0, "read": {"device_start": -1, "device_end": -1}}, "FFC_sans_bias34": {"write": {"device_start": -1, "host_queued_start": 1585586195.304465, "device_queued": -1, "device_end": -1, "host_queued_end": 1585586195.305506}, "device": "cpu", "nd_range": {"device_start": 2253969.620616728, "device_end": 2253969.6258253013}, "cmdq": 1, "read": {"device_start": -1, "device_end": -1}}, "FFC_sans_bias15": {"write": {"device_start": -1, "host_queued_start": 1585586195.299388, "device_queued": -1, "device_end": -1, "host_queued_end": 1585586195.305506}, "device": "cpu", "nd_range": {"device_start": 2253969.584056856, "device_end": 2253969.595968118}, "cmdq": 0, "read": {"device_start": -1, "device_end": -1}}, "FFC_sans_bias31": {"write": {"device_start": -1, "host_queued_start": 1585586195.296975, "device_queued": -1, "device_end": -1, "host_queued_end": 1585586195.305506}, "device": "cpu", "nd_range": {"device_start": 2253969.571533799, "device_end": 2253969.5834468664}, "cmdq": 0, "read": {"device_start": -1, "device_end": -1}}, "FFC_sans_bias16": {"write": {"device_start": -1, "host_queued_start": 1585586195.302472, "device_queued": -1, "device_end": -1, "host_queued_end": 1585586195.305506}, "device": "cpu", "nd_range": {"device_start": 2253969.611259311, "device_end": 2253969.620611562}, "cmdq": 1, "read": {"device_start": -1, "device_end": -1}}, "FFC_sans_bias19": {"write": {"device_start": -1, "host_queued_start": 1585586195.286364, "device_queued": -1, "device_end": -1, "host_queued_end": 1585586195.305506}, "device": "cpu", "nd_range": {"device_start": 2253969.522162278, "device_end": 2253969.528810556}, "cmdq": 0, "read": {"device_start": -1, "device_end": -1}}, "FFC_sans_bias18": {"write": {"device_start": -1, "host_queued_start": 1585586195.285325, "device_queued": -1, "device_end": -1, "host_queued_end": 1585586195.305506}, "device": "cpu", "nd_range": {"device_start": 2253969.520406026, "device_end": 2253969.52806321}, "cmdq": 1, "read": {"device_start": -1, "device_end": -1}}, "coalesced_transpose30": {"write": {"device_start": -1, "host_queued_start": 1585586195.295262, "device_queued": -1, "device_end": -1, "host_queued_end": 1585586195.305506}, "device": "cpu", "nd_range": {"device_start": 2253969.555057769, "device_end": 2253969.555299169}, "cmdq": 1, "read": {"device_start": -1, "device_end": -1}}, "FFC_sans_bias38": {"write": {"device_start": -1, "host_queued_start": 1585586195.293917, "device_queued": -1, "device_end": -1, "host_queued_end": 1585586195.305506}, "device": "cpu", "nd_range": {"device_start": 2253969.5470780022, "device_end": 2253969.554684434}, "cmdq": 1, "read": {"device_start": -1, "device_end": -1}}, "empty26": {"write": {"device_start": -1,