{"FFC_sans_bias4": {"write": {"device_start": -1, "host_queued_start": 1585586310.080159, "device_queued": -1, "device_end": -1, "host_queued_end": 1585586310.089699}, "device": "cpu", "nd_range": {"device_start": 2254084.3379887803, "device_end": 2254084.34870651}, "cmdq": 1, "read": {"device_start": -1, "device_end": -1}}, "FFC_sans_bias7": {"write": {"device_start": -1, "host_queued_start": 1585586310.085666, "device_queued": -1, "device_end": -1, "host_queued_end": 1585586310.089699}, "device": "cpu", "nd_range": {"device_start": 2254084.393262749, "device_end": 2254084.409333554}, "cmdq": 1, "read": {"device_start": -1, "device_end": -1}}, "FFC_sans_bias6": {"write": {"device_start": -1, "host_queued_start": 1585586310.083256, "device_queued": -1, "device_end": -1, "host_queued_end": 1585586310.089699}, "device": "cpu", "nd_range": {"device_start": 2254084.37748494, "device_end": 2254084.388238315}, "cmdq": 2, "read": {"device_start": -1, "device_end": -1}}, "FFC_sans_bias1": {"write": {"device_start": -1, "host_queued_start": 1585586310.064365, "device_queued": -1, "device_end": -1, "host_queued_end": 1585586310.089699}, "device": "cpu", "nd_range": {"device_start": 2254084.2793352404, "device_end": 2254084.294848179}, "cmdq": 0, "read": {"device_start": -1, "device_end": -1}}, "FFC_sans_bias0": {"write": {"device_start": -1, "host_queued_start": 1585586310.063325, "device_queued": -1, "device_end": -1, "host_queued_end": 1585586310.089699}, "device": "cpu", "nd_range": {"device_start": 2254084.279327967, "device_end": 2254084.287265799}, "cmdq": 2, "read": {"device_start": -1, "device_end": -1}}, "FFC_sans_bias2": {"write": {"device_start": -1, "host_queued_start": 1585586310.065412, "device_queued": -1, "device_end": -1, "host_queued_end": 1585586310.089699}, "device": "cpu", "nd_range": {"device_start": 2254084.2793945973, "device_end": 2254084.2923656823}, "cmdq": 1, "read": {"device_start": -1, "device_end": -1}}, "FFC_sans_bias52": {"write": {"device_start": 1585586244.651616, "host_queued_start": 1585586310.05742, "device_queued": 1585586244.6494093, "device_end": 1585586244.6516464, "host_queued_end": 1585586310.057537}, "device": "gpu", "nd_range": {"device_start": 1585586244.6520846, "device_end": 1585586244.6526792}, "cmdq": 0, "read": {"device_start": 1585586244.652682, "device_end": 1585586244.6527047}}, "FFC_sans_bias9": {"write": {"device_start": -1, "host_queued_start": 1585586310.066451, "device_queued": -1, "device_end": -1, "host_queued_end": 1585586310.089699}, "device": "cpu", "nd_range": {"device_start": 2254084.287395021, "device_end": 2254084.302844476}, "cmdq": 2, "read": {"device_start": -1, "device_end": -1}}, "coalesced_transpose39": {"write": {"device_start": -1, "host_queued_start": 1585586310.079815, "device_queued": -1, "device_end": -1, "host_queued_end": 1585586310.089699}, "device": "cpu", "nd_range": {"device_start": 2254084.3572032093, "device_end": 2254084.357438948}, "cmdq": 0, "read": {"device_start": -1, "device_end": -1}}, "FFC_sans_bias51": {"write": {"device_start": -1, "host_queued_start": 1585586310.056362, "device_queued": -1, "device_end": -1, "host_queued_end": 1585586310.057537}, "device": "gpu", "nd_range": {"device_start": 1585586244.651489, "device_end": 1585586244.6520808}, "cmdq": 1, "read": {"device_start": -1, "device_end": -1}}, "softmax23": {"write": {"device_start": -1, "host_queued_start": 1585586310.082348, "device_queued": -1, "device_end": -1, "host_queued_end": 1585586310.089699}, "device": "cpu", "nd_range": {"device_start": 2254084.3772665793, "device_end": 2254084.377479337}, "cmdq": 2, "read": {"device_start": -1, "device_end": -1}}, "FFC_sans_bias37": {"write": {"device_start": -1, "host_queued_start": 1585586310.077125, "device_queued": -1, "device_end": -1, "host_queued_end": 1585586310.089699}, "device": "cpu", "nd_range": {"device_start": 2254084.3443106744, "device_end": 2254084.356715456}, "cmdq": 0, "read": {"device_start": -1, "device_end": -1}}, "softmax41": {"write": {"device_start": -1, "host_queued_start": 1585586310.082918, "device_queued": -1, "device_end": -1, "host_queued_end": 1585586310.089699}, "device": "cpu", "nd_range": {"device_start": 2254084.3802916263, "device_end": 2254084.3805030463}, "cmdq": 1, "read": {"device_start": -1, "device_end": -1}}, "FFC_sans_bias11": {"write": {"device_start": -1, "host_queued_start": 1585586310.06857, "device_queued": -1, "device_end": -1, "host_queued_end": 1585586310.089699}, "device": "cpu", "nd_range": {"device_start": 2254084.292500163, "device_end": 2254084.300832245}, "cmdq": 1, "read": {"device_start": -1, "device_end": -1}}, "FFC_sans_bias10": {"write": {"device_start": -1, "host_queued_start": 1585586310.067523, "device_queued": -1, "device_end": -1, "host_queued_end": 1585586310.089699}, "device": "cpu", "nd_range": {"device_start": 2254084.298333337, "device_end": 2254084.317761333}, "cmdq": 0, "read": {"device_start": -1, "device_end": -1}}, "coalesced_transpose3": {"write": {"device_start": -1, "host_queued_start": 1585586310.078496, "device_queued": -1, "device_end": -1, "host_queued_end": 1585586310.089699}, "device": "cpu", "nd_range": {"device_start": 2254084.3352264613, "device_end": 2254084.335488514}, "cmdq": 2, "read": {"device_start": -1, "device_end": -1}}, "FFC_sans_bias34": {"write": {"device_start": -1, "host_queued_start": 1585586310.088667, "device_queued": -1, "device_end": -1, "host_queued_end": 1585586310.089699}, "device": "cpu", "nd_range": {"device_start": 2254084.4093419733, "device_end": 2254084.4182591843}, "cmdq": 1, "read": {"device_start": -1, "device_end": -1}}, "FFC_sans_bias15": {"write": {"device_start": -1, "host_queued_start": 1585586310.083599, "device_queued": -1, "device_end": -1, "host_queued_end": 1585586310.089699}, "device": "cpu", "nd_range": {"device_start": 2254084.368833866, "device_end": 2254084.3803656143}, "cmdq": 0, "read": {"device_start": -1, "device_end": -1}}, "FFC_sans_bias31": {"write": {"device_start": -1, "host_queued_start": 1585586310.081185, "device_queued": -1, "device_end": -1, "host_queued_end": 1585586310.089699}, "device": "cpu", "nd_range": {"device_start": 2254084.348828353, "device_end": 2254084.358202842}, "cmdq": 1, "read": {"device_start": -1, "device_end": -1}}, "FFC_sans_bias16": {"write": {"device_start": -1, "host_queued_start": 1585586310.086681, "device_queued": -1, "device_end": -1, "host_queued_end": 1585586310.089699}, "device": "cpu", "nd_range": {"device_start": 2254084.4039104884, "device_end": 2254084.417196818}, "cmdq": 2, "read": {"device_start": -1, "device_end": -1}}, "FFC_sans_bias19": {"write": {"device_start": -1, "host_queued_start": 1585586310.07068, "device_queued": -1, "device_end": -1, "host_queued_end": 1585586310.089699}, "device": "cpu", "nd_range": {"device_start": 2254084.317967704, "device_end": 2254084.334497314}, "cmdq": 0, "read": {"device_start": -1, "device_end": -1}}, "FFC_sans_bias18": {"write": {"device_start": -1, "host_queued_start": 1585586310.069608, "device_queued": -1, "device_end": -1, "host_queued_end": 1585586310.089699}, "device": "cpu", "nd_range": {"device_start": 2254084.302970001, "device_end": 2254084.313630244}, "cmdq": 2, "read": {"device_start": -1, "device_end": -1}}, "coalesced_transpose30": {"write": {"device_start": -1, "host_queued_start": 1585586310.079489, "device_queued": -1, "device_end": -1, "host_queued_end": 1585586310.089699}, "device": "cpu", "nd_range": {"device_start": 2254084.346083354, "device_end": 2254084.346320033}, "cmdq": 2, "read": {"device_start": -1, "device_end": -1}}, "FFC_sans_bias38": {"write": {"device_start": -1, "host_queued_start": 1585586310.078165, "device_queued": -1, "device_end": -1, "host_queued_end": 1585586310.089699}, "device": "cpu", "nd_range": {"device_start": 2254084.327549817, "device_end": 2254084.33751802}, "cmdq": 1, "read": {"device_start": -1, "device_end": -1}}, "empty26": {"write": {"device_start": -1,