{"FFC_sans_bias4": {"write": {"device_start": -1, "host_queued_start": 1585586375.72417, "device_queued": -1, "device_end": -1, "host_queued_end": 1585586375.726021}, "device": "cpu", "nd_range": {"device_start": 2254149.93118646, "device_end": 2254149.9389040293}, "cmdq": 1, "read": {"device_start": -1, "device_end": -1}}, "FFC_sans_bias7": {"write": {"device_start": -1, "host_queued_start": 1585586375.725974, "device_queued": -1, "device_end": -1, "host_queued_end": 1585586375.726021}, "device": "cpu", "nd_range": {"device_start": 2254149.946814342, "device_end": 2254149.9507609312}, "cmdq": 0, "read": {"device_start": -1, "device_end": -1}}, "FFC_sans_bias6": {"write": {"device_start": -1, "host_queued_start": 1585586375.724874, "device_queued": -1, "device_end": -1, "host_queued_end": 1585586375.726021}, "device": "cpu", "nd_range": {"device_start": 2254149.939201346, "device_end": 2254149.9468092653}, "cmdq": 1, "read": {"device_start": -1, "device_end": -1}}, "FFC_sans_bias1": {"write": {"device_start": -1, "host_queued_start": 1585586375.722229, "device_queued": -1, "device_end": -1, "host_queued_end": 1585586375.726021}, "device": "cpu", "nd_range": {"device_start": 2254149.915590213, "device_end": 2254149.927434578}, "cmdq": 0, "read": {"device_start": -1, "device_end": -1}}, "FFC_sans_bias0": {"write": {"device_start": -1, "host_queued_start": 1585586375.720878, "device_queued": -1, "device_end": -1, "host_queued_end": 1585586375.726021}, "device": "cpu", "nd_range": {"device_start": 2254149.915582077, "device_end": 2254149.921330924}, "cmdq": 1, "read": {"device_start": -1, "device_end": -1}}, "FFC_sans_bias2": {"write": {"device_start": -1, "host_queued_start": 1585586375.723423, "device_queued": -1, "device_end": -1, "host_queued_end": 1585586375.726021}, "device": "cpu", "nd_range": {"device_start": 2254149.9215194513, "device_end": 2254149.9311802504}, "cmdq": 1, "read": {"device_start": -1, "device_end": -1}}, "FFC_sans_bias52": {"write": {"device_start": 1585586310.3244452, "host_queued_start": 1585586375.717969, "device_queued": 1585586310.311221, "device_end": 1585586310.3244698, "host_queued_end": 1585586375.718073}, "device": "gpu", "nd_range": {"device_start": 1585586310.3244786, "device_end": 1585586310.325671}, "cmdq": 2, "read": {"device_start": 1585586310.3256736, "device_end": 1585586310.325696}}, "FFC_sans_bias9": {"write": {"device_start": 1585586310.3082337, "host_queued_start": 1585586375.692248, "device_queued": 1585586310.3080666, "device_end": 1585586310.3083138, "host_queued_end": 1585586375.718073}, "device": "gpu", "nd_range": {"device_start": 1585586310.308323, "device_end": 1585586310.3089306}, "cmdq": 2, "read": {"device_start": -1, "device_end": -1}}, "coalesced_transpose39": {"write": {"device_start": -1, "host_queued_start": 1585586375.707997, "device_queued": -1, "device_end": -1, "host_queued_end": 1585586375.718073}, "device": "gpu", "nd_range": {"device_start": 1585586310.3155468, "device_end": 1585586310.3155692}, "cmdq": 2, "read": {"device_start": -1, "device_end": -1}}, "FFC_sans_bias51": {"write": {"device_start": -1, "host_queued_start": 1585586375.712797, "device_queued": -1, "device_end": -1, "host_queued_end": 1585586375.718073}, "device": "gpu", "nd_range": {"device_start": 1585586310.3193119, "device_end": 1585586310.3207521}, "cmdq": 0, "read": {"device_start": -1, "device_end": -1}}, "softmax23": {"write": {"device_start": -1, "host_queued_start": 1585586375.710491, "device_queued": -1, "device_end": -1, "host_queued_end": 1585586375.718073}, "device": "gpu", "nd_range": {"device_start": 1585586310.318159, "device_end": 1585586310.3184354}, "cmdq": 1, "read": {"device_start": -1, "device_end": -1}}, "FFC_sans_bias37": {"write": {"device_start": 1585586310.3124034, "host_queued_start": 1585586375.702627, "device_queued": 1585586310.3091784, "device_end": 1585586310.3124287, "host_queued_end": 1585586375.718073}, "device": "gpu", "nd_range": {"device_start": 1585586310.3124337, "device_end": 1585586310.3137534}, "cmdq": 0, "read": {"device_start": -1, "device_end": -1}}, "softmax41": {"write": {"device_start": -1, "host_queued_start": 1585586375.711012, "device_queued": -1, "device_end": -1, "host_queued_end": 1585586375.718073}, "device": "gpu", "nd_range": {"device_start": 1585586310.3182647, "device_end": 1585586310.3186378}, "cmdq": 0, "read": {"device_start": -1, "device_end": -1}}, "FFC_sans_bias11": {"write": {"device_start": 1585586310.3084705, "host_queued_start": 1585586375.694309, "device_queued": 1585586310.3083494, "device_end": 1585586310.3085, "host_queued_end": 1585586375.718073}, "device": "gpu", "nd_range": {"device_start": 1585586310.3085046, "device_end": 1585586310.3098993}, "cmdq": 1, "read": {"device_start": -1, "device_end": -1}}, "FFC_sans_bias10": {"write": {"device_start": 1585586310.3083324, "host_queued_start": 1585586375.693276, "device_queued": 1585586310.3081248, "device_end": 1585586310.3083637, "host_queued_end": 1585586375.718073}, "device": "gpu", "nd_range": {"device_start": 1585586310.308367, "device_end": 1585586310.30933}, "cmdq": 0, "read": {"device_start": -1, "device_end": -1}}, "coalesced_transpose3": {"write": {"device_start": -1, "host_queued_start": 1585586375.723773, "device_queued": -1, "device_end": -1, "host_queued_end": 1585586375.726021}, "device": "cpu", "nd_range": {"device_start": 2254149.9275451703, "device_end": 2254149.927681448}, "cmdq": 0, "read": {"device_start": -1, "device_end": -1}}, "FFC_sans_bias34": {"write": {"device_start": 1585586310.3237634, "host_queued_start": 1585586375.71588, "device_queued": 1585586310.3109522, "device_end": 1585586310.323789, "host_queued_end": 1585586375.718073}, "device": "gpu", "nd_range": {"device_start": 1585586310.3237965, "device_end": 1585586310.325262}, "cmdq": 0, "read": {"device_start": 1585586310.3252683, "device_end": 1585586310.3252912}}, "FFC_sans_bias15": {"write": {"device_start": -1, "host_queued_start": 1585586375.711561, "device_queued": -1, "device_end": -1, "host_queued_end": 1585586375.718073}, "device": "gpu", "nd_range": {"device_start": 1585586310.3182752, "device_end": 1585586310.3188806}, "cmdq": 2, "read": {"device_start": -1, "device_end": -1}}, "FFC_sans_bias31": {"write": {"device_start": -1, "host_queued_start": 1585586375.709364, "device_queued": -1, "device_end": -1, "host_queued_end": 1585586375.718073}, "device": "gpu", "nd_range": {"device_start": 1585586310.3157012, "device_end": 1585586310.317263}, "cmdq": 0, "read": {"device_start": -1, "device_end": -1}}, "FFC_sans_bias16": {"write": {"device_start": 1585586310.3236825, "host_queued_start": 1585586375.713806, "device_queued": 1585586310.310858, "device_end": 1585586310.3237412, "host_queued_end": 1585586375.718073}, "device": "gpu", "nd_range": {"device_start": 1585586310.323754, "device_end": 1585586310.3246794}, "cmdq": 1, "read": {"device_start": 1585586310.3246837, "device_end": 1585586310.324707}}, "FFC_sans_bias19": {"write": {"device_start": 1585586310.3094594, "host_queued_start": 1585586375.696392, "device_queued": 1585586310.3085446, "device_end": 1585586310.3094926, "host_queued_end": 1585586375.718073}, "device": "gpu", "nd_range": {"device_start": 1585586310.3094966, "device_end": 1585586310.3108675}, "cmdq": 0, "read": {"device_start": -1, "device_end": -1}}, "FFC_sans_bias18": {"write": {"device_start": 1585586310.3090384, "host_queued_start": 1585586375.695362, "device_queued": 1585586310.3083746, "device_end": 1585586310.3090692, "host_queued_end": 1585586375.718073}, "device": "gpu", "nd_range": {"device_start": 1585586310.3090732, "device_end": 1585586310.3103125}, "cmdq": 2, "read": {"device_start": -1, "device_end": -1}}, "coalesced_transpose30": {"write": {"device_start": -1, "host_queued_start": 1585586375.7077, "device_queued": -1, "device_end": -1, "host_queued_end": 1585586375.718073}, "device": "gpu", "nd_range": {"device_start": 1585586310.3156652,