{"FFC_sans_bias4": {"write": {"device_start": -1, "host_queued_start": 1585586629.92839, "device_queued": -1, "device_end": -1, "host_queued_end": 1585586629.934}, "device": "cpu", "nd_range": {"device_start": 2254404.1564193973, "device_end": 2254404.171468742}, "cmdq": 0, "read": {"device_start": -1, "device_end": -1}}, "FFC_sans_bias7": {"write": {"device_start": -1, "host_queued_start": 1585586629.931977, "device_queued": -1, "device_end": -1, "host_queued_end": 1585586629.934}, "device": "cpu", "nd_range": {"device_start": 2254404.18578004, "device_end": 2254404.199548923}, "cmdq": 4, "read": {"device_start": -1, "device_end": -1}}, "FFC_sans_bias6": {"write": {"device_start": -1, "host_queued_start": 1585586629.930232, "device_queued": -1, "device_end": -1, "host_queued_end": 1585586629.934}, "device": "cpu", "nd_range": {"device_start": 2254404.179667266, "device_end": 2254404.1856418913}, "cmdq": 1, "read": {"device_start": -1, "device_end": -1}}, "FFC_sans_bias1": {"write": {"device_start": -1, "host_queued_start": 1585586629.919324, "device_queued": -1, "device_end": -1, "host_queued_end": 1585586629.934}, "device": "cpu", "nd_range": {"device_start": 2254404.123643379, "device_end": 2254404.139108478}, "cmdq": 4, "read": {"device_start": -1, "device_end": -1}}, "FFC_sans_bias0": {"write": {"device_start": -1, "host_queued_start": 1585586629.918196, "device_queued": -1, "device_end": -1, "host_queued_end": 1585586629.934}, "device": "cpu", "nd_range": {"device_start": 2254404.139213934, "device_end": 2254404.1543875923}, "cmdq": 3, "read": {"device_start": -1, "device_end": -1}}, "FFC_sans_bias2": {"write": {"device_start": -1, "host_queued_start": 1585586629.920404, "device_queued": -1, "device_end": -1, "host_queued_end": 1585586629.934}, "device": "cpu", "nd_range": {"device_start": 2254404.1236236333, "device_end": 2254404.139668703}, "cmdq": 0, "read": {"device_start": -1, "device_end": -1}}, "FFC_sans_bias52": {"write": {"device_start": 1585586564.5036216, "host_queued_start": 1585586629.913454, "device_queued": 1585586564.4984474, "device_end": 1585586564.5036542, "host_queued_end": 1585586629.913558}, "device": "gpu", "nd_range": {"device_start": 1585586564.5044923, "device_end": 1585586564.5054548}, "cmdq": 1, "read": {"device_start": 1585586564.505456, "device_end": 1585586564.50548}}, "FFC_sans_bias9": {"write": {"device_start": -1, "host_queued_start": 1585586629.921615, "device_queued": -1, "device_end": -1, "host_queued_end": 1585586629.934}, "device": "cpu", "nd_range": {"device_start": 2254404.123618667, "device_end": 2254404.138927331}, "cmdq": 1, "read": {"device_start": -1, "device_end": -1}}, "coalesced_transpose39": {"write": {"device_start": -1, "host_queued_start": 1585586629.90728, "device_queued": -1, "device_end": -1, "host_queued_end": 1585586629.913558}, "device": "gpu", "nd_range": {"device_start": 1585586564.4997618, "device_end": 1585586564.5011084}, "cmdq": 3, "read": {"device_start": -1, "device_end": -1}}, "FFC_sans_bias51": {"write": {"device_start": -1, "host_queued_start": 1585586629.91022, "device_queued": -1, "device_end": -1, "host_queued_end": 1585586629.913558}, "device": "gpu", "nd_range": {"device_start": 1585586564.503313, "device_end": 1585586564.5044868}, "cmdq": 3, "read": {"device_start": -1, "device_end": -1}}, "softmax23": {"write": {"device_start": -1, "host_queued_start": 1585586629.929893, "device_queued": -1, "device_end": -1, "host_queued_end": 1585586629.934}, "device": "cpu", "nd_range": {"device_start": 2254404.1715287813, "device_end": 2254404.171750171}, "cmdq": 0, "read": {"device_start": -1, "device_end": -1}}, "FFC_sans_bias37": {"write": {"device_start": 1585586564.497156, "host_queued_start": 1585586629.902457, "device_queued": 1585586564.496993, "device_end": 1585586564.4971821, "host_queued_end": 1585586629.913558}, "device": "gpu", "nd_range": {"device_start": 1585586564.4972136, "device_end": 1585586564.4993207}, "cmdq": 2, "read": {"device_start": -1, "device_end": -1}}, "softmax41": {"write": {"device_start": -1, "host_queued_start": 1585586629.909034, "device_queued": -1, "device_end": -1, "host_queued_end": 1585586629.913558}, "device": "gpu", "nd_range": {"device_start": 1585586564.5029132, "device_end": 1585586564.5033011}, "cmdq": 4, "read": {"device_start": -1, "device_end": -1}}, "FFC_sans_bias11": {"write": {"device_start": -1, "host_queued_start": 1585586629.923806, "device_queued": -1, "device_end": -1, "host_queued_end": 1585586629.934}, "device": "cpu", "nd_range": {"device_start": 2254404.154521474, "device_end": 2254404.170964702}, "cmdq": 3, "read": {"device_start": -1, "device_end": -1}}, "FFC_sans_bias10": {"write": {"device_start": -1, "host_queued_start": 1585586629.922704, "device_queued": -1, "device_end": -1, "host_queued_end": 1585586629.934}, "device": "cpu", "nd_range": {"device_start": 2254404.124041601, "device_end": 2254404.1392056663}, "cmdq": 2, "read": {"device_start": -1, "device_end": -1}}, "coalesced_transpose3": {"write": {"device_start": -1, "host_queued_start": 1585586629.927398, "device_queued": -1, "device_end": -1, "host_queued_end": 1585586629.934}, "device": "cpu", "nd_range": {"device_start": 2254404.1547042984, "device_end": 2254404.154951889}, "cmdq": 2, "read": {"device_start": -1, "device_end": -1}}, "FFC_sans_bias34": {"write": {"device_start": 1585586564.5033987, "host_queued_start": 1585586629.911257, "device_queued": 1585586564.4981868, "device_end": 1585586564.503431, "host_queued_end": 1585586629.913558}, "device": "gpu", "nd_range": {"device_start": 1585586564.504498, "device_end": 1585586564.5058935}, "cmdq": 4, "read": {"device_start": 1585586564.5059004, "device_end": 1585586564.505923}}, "FFC_sans_bias15": {"write": {"device_start": -1, "host_queued_start": 1585586629.930588, "device_queued": -1, "device_end": -1, "host_queued_end": 1585586629.934}, "device": "cpu", "nd_range": {"device_start": 2254404.183693075, "device_end": 2254404.204187666}, "cmdq": 2, "read": {"device_start": -1, "device_end": -1}}, "FFC_sans_bias31": {"write": {"device_start": -1, "host_queued_start": 1585586629.907896, "device_queued": -1, "device_end": -1, "host_queued_end": 1585586629.913558}, "device": "gpu", "nd_range": {"device_start": 1585586564.501117, "device_end": 1585586564.5017283}, "cmdq": 0, "read": {"device_start": -1, "device_end": -1}}, "FFC_sans_bias16": {"write": {"device_start": -1, "host_queued_start": 1585586629.932966, "device_queued": -1, "device_end": -1, "host_queued_end": 1585586629.934}, "device": "cpu", "nd_range": {"device_start": 2254404.2042242633, "device_end": 2254404.208904988}, "cmdq": 0, "read": {"device_start": -1, "device_end": -1}}, "FFC_sans_bias19": {"write": {"device_start": -1, "host_queued_start": 1585586629.925986, "device_queued": -1, "device_end": -1, "host_queued_end": 1585586629.934}, "device": "cpu", "nd_range": {"device_start": 2254404.139798123, "device_end": 2254404.156296282}, "cmdq": 0, "read": {"device_start": -1, "device_end": -1}}, "FFC_sans_bias18": {"write": {"device_start": -1, "host_queued_start": 1585586629.924941, "device_queued": -1, "device_end": -1, "host_queued_end": 1585586629.934}, "device": "cpu", "nd_range": {"device_start": 2254404.139335623, "device_end": 2254404.1545876763}, "cmdq": 4, "read": {"device_start": -1, "device_end": -1}}, "coalesced_transpose30": {"write": {"device_start": -1, "host_queued_start": 1585586629.906981, "device_queued": -1, "device_end": -1, "host_queued_end": 1585586629.913558}, "device": "gpu", "nd_range": {"device_start": 1585586564.4993222, "device_end": 1585586564.5011039}, "cmdq": 2, "read": {"device_start": -1, "device_end": -1}}, "FFC_sans_bias38": {"write": {"device_start": 1585586564.4974635, "host_queued_start": 1585586629.903517, "device_queued": 1585586564.4970093, "device_end": 1585586564.4974935, "host_queued_end": 1585586629.913558}, "device": "gpu", "nd_range": {"device_start": 1585586564.4974976,