{"FFC_sans_bias4": {"write": {"device_start": -1, "host_queued_start": 1585586184.399713, "device_queued": -1, "device_end": -1, "host_queued_end": 1585586184.401536}, "device": "cpu", "nd_range": {"device_start": 2253958.603284717, "device_end": 2253958.610991247}, "cmdq": 1, "read": {"device_start": -1, "device_end": -1}}, "FFC_sans_bias7": {"write": {"device_start": -1, "host_queued_start": 1585586184.40149, "device_queued": -1, "device_end": -1, "host_queued_end": 1585586184.401536}, "device": "cpu", "nd_range": {"device_start": 2253958.6150978543, "device_end": 2253958.620225756}, "cmdq": 0, "read": {"device_start": -1, "device_end": -1}}, "FFC_sans_bias6": {"write": {"device_start": -1, "host_queued_start": 1585586184.400366, "device_queued": -1, "device_end": -1, "host_queued_end": 1585586184.401536}, "device": "cpu", "nd_range": {"device_start": 2253958.6111252313, "device_end": 2253958.615080621}, "cmdq": 1, "read": {"device_start": -1, "device_end": -1}}, "FFC_sans_bias1": {"write": {"device_start": -1, "host_queued_start": 1585586184.397907, "device_queued": -1, "device_end": -1, "host_queued_end": 1585586184.401536}, "device": "cpu", "nd_range": {"device_start": 2253958.591140304, "device_end": 2253958.599169495}, "cmdq": 0, "read": {"device_start": -1, "device_end": -1}}, "FFC_sans_bias0": {"write": {"device_start": -1, "host_queued_start": 1585586184.396661, "device_queued": -1, "device_end": -1, "host_queued_end": 1585586184.401536}, "device": "cpu", "nd_range": {"device_start": 2253958.591132409, "device_end": 2253958.59908267}, "cmdq": 1, "read": {"device_start": -1, "device_end": -1}}, "FFC_sans_bias2": {"write": {"device_start": -1, "host_queued_start": 1585586184.399025, "device_queued": -1, "device_end": -1, "host_queued_end": 1585586184.401536}, "device": "cpu", "nd_range": {"device_start": 2253958.599110918, "device_end": 2253958.603279721}, "cmdq": 1, "read": {"device_start": -1, "device_end": -1}}, "FFC_sans_bias52": {"write": {"device_start": 1585586119.0146706, "host_queued_start": 1585586184.393713, "device_queued": 1585586118.9918823, "device_end": 1585586119.0146997, "host_queued_end": 1585586184.393818}, "device": "gpu", "nd_range": {"device_start": 1585586119.0147018, "device_end": 1585586119.015298}, "cmdq": 0, "read": {"device_start": 1585586119.0153067, "device_end": 1585586119.0153284}}, "FFC_sans_bias9": {"write": {"device_start": 1585586118.9894695, "host_queued_start": 1585586184.367831, "device_queued": 1585586118.9890554, "device_end": 1585586118.9894998, "host_queued_end": 1585586184.393818}, "device": "gpu", "nd_range": {"device_start": 1585586118.989506, "device_end": 1585586118.9901042}, "cmdq": 0, "read": {"device_start": -1, "device_end": -1}}, "coalesced_transpose39": {"write": {"device_start": -1, "host_queued_start": 1585586184.383669, "device_queued": -1, "device_end": -1, "host_queued_end": 1585586184.393818}, "device": "gpu", "nd_range": {"device_start": 1585586119.0041964, "device_end": 1585586119.004205}, "cmdq": 0, "read": {"device_start": -1, "device_end": -1}}, "FFC_sans_bias51": {"write": {"device_start": -1, "host_queued_start": 1585586184.388507, "device_queued": -1, "device_end": -1, "host_queued_end": 1585586184.393818}, "device": "gpu", "nd_range": {"device_start": 1585586119.010669, "device_end": 1585586119.0112576}, "cmdq": 0, "read": {"device_start": -1, "device_end": -1}}, "softmax23": {"write": {"device_start": -1, "host_queued_start": 1585586184.386178, "device_queued": -1, "device_end": -1, "host_queued_end": 1585586184.393818}, "device": "gpu", "nd_range": {"device_start": 1585586119.00742, "device_end": 1585586119.0076306}, "cmdq": 0, "read": {"device_start": -1, "device_end": -1}}, "FFC_sans_bias37": {"write": {"device_start": 1585586119.0007355, "host_queued_start": 1585586184.378257, "device_queued": 1585586118.9901745, "device_end": 1585586119.0007594, "host_queued_end": 1585586184.393818}, "device": "gpu", "nd_range": {"device_start": 1585586119.000763, "device_end": 1585586119.0013547}, "cmdq": 0, "read": {"device_start": -1, "device_end": -1}}, "softmax41": {"write": {"device_start": -1, "host_queued_start": 1585586184.386693, "device_queued": -1, "device_end": -1, "host_queued_end": 1585586184.393818}, "device": "gpu", "nd_range": {"device_start": 1585586119.007845, "device_end": 1585586119.0080616}, "cmdq": 0, "read": {"device_start": -1, "device_end": -1}}, "FFC_sans_bias11": {"write": {"device_start": 1585586118.9910147, "host_queued_start": 1585586184.369952, "device_queued": 1585586118.9893672, "device_end": 1585586118.9910388, "host_queued_end": 1585586184.393818}, "device": "gpu", "nd_range": {"device_start": 1585586118.9910462, "device_end": 1585586118.9916365}, "cmdq": 0, "read": {"device_start": -1, "device_end": -1}}, "FFC_sans_bias10": {"write": {"device_start": 1585586118.990243, "host_queued_start": 1585586184.368891, "device_queued": 1585586118.989099, "device_end": 1585586118.9902673, "host_queued_end": 1585586184.393818}, "device": "gpu", "nd_range": {"device_start": 1585586118.9902773, "device_end": 1585586118.9908793}, "cmdq": 0, "read": {"device_start": -1, "device_end": -1}}, "coalesced_transpose3": {"write": {"device_start": -1, "host_queued_start": 1585586184.399384, "device_queued": -1, "device_end": -1, "host_queued_end": 1585586184.401536}, "device": "cpu", "nd_range": {"device_start": 2253958.599197232, "device_end": 2253958.59955806}, "cmdq": 0, "read": {"device_start": -1, "device_end": -1}}, "FFC_sans_bias34": {"write": {"device_start": 1585586119.013016, "host_queued_start": 1585586184.391634, "device_queued": 1585586118.991639, "device_end": 1585586119.013046, "host_queued_end": 1585586184.393818}, "device": "gpu", "nd_range": {"device_start": 1585586119.0130527, "device_end": 1585586119.0136552}, "cmdq": 0, "read": {"device_start": 1585586119.01366, "device_end": 1585586119.0136821}}, "FFC_sans_bias15": {"write": {"device_start": -1, "host_queued_start": 1585586184.387246, "device_queued": -1, "device_end": -1, "host_queued_end": 1585586184.393818}, "device": "gpu", "nd_range": {"device_start": 1585586119.0082748, "device_end": 1585586119.0088742}, "cmdq": 0, "read": {"device_start": -1, "device_end": -1}}, "FFC_sans_bias31": {"write": {"device_start": -1, "host_queued_start": 1585586184.385012, "device_queued": -1, "device_end": -1, "host_queued_end": 1585586184.393818}, "device": "gpu", "nd_range": {"device_start": 1585586119.0054183, "device_end": 1585586119.006016}, "cmdq": 0, "read": {"device_start": -1, "device_end": -1}}, "FFC_sans_bias16": {"write": {"device_start": 1585586119.0113432, "host_queued_start": 1585586184.38954, "device_queued": 1585586118.9914281, "device_end": 1585586119.0113676, "host_queued_end": 1585586184.393818}, "device": "gpu", "nd_range": {"device_start": 1585586119.0113702, "device_end": 1585586119.0119722}, "cmdq": 0, "read": {"device_start": 1585586119.0119812, "device_end": 1585586119.0120103}}, "FFC_sans_bias19": {"write": {"device_start": 1585586118.9924576, "host_queued_start": 1585586184.372041, "device_queued": 1585586118.9895782, "device_end": 1585586118.9924817, "host_queued_end": 1585586184.393818}, "device": "gpu", "nd_range": {"device_start": 1585586118.9924881, "device_end": 1585586118.9930778}, "cmdq": 0, "read": {"device_start": -1, "device_end": -1}}, "FFC_sans_bias18": {"write": {"device_start": 1585586118.9917285, "host_queued_start": 1585586184.371008, "device_queued": 1585586118.989418, "device_end": 1585586118.9917543, "host_queued_end": 1585586184.393818}, "device": "gpu", "nd_range": {"device_start": 1585586118.9917572, "device_end": 1585586118.9923575}, "cmdq": 0, "read": {"device_start": -1, "device_end": -1}}, "coalesced_transpose30": {"write": {"device_start": -1, "host_queued_start": 1585586184.383372, "device_queued": -1, "device_end": -1, "host_queued_end": 1585586184.393818}, "device": "gpu", "nd_range": {"device_start": 1585586119.0041873, "device_end": 1585586119.0041955},