{"FFC_sans_bias4": {"write": {"device_start": -1, "host_queued_start": 1585586260.919749, "device_queued": -1, "device_end": -1, "host_queued_end": 1585586260.921546}, "device": "cpu", "nd_range": {"device_start": 2254035.124159768, "device_end": 2254035.1281100013}, "cmdq": 0, "read": {"device_start": -1, "device_end": -1}}, "FFC_sans_bias7": {"write": {"device_start": -1, "host_queued_start": 1585586260.9215, "device_queued": -1, "device_end": -1, "host_queued_end": 1585586260.921546}, "device": "cpu", "nd_range": {"device_start": 2254035.133802109, "device_end": 2254035.137948979}, "cmdq": 0, "read": {"device_start": -1, "device_end": -1}}, "FFC_sans_bias6": {"write": {"device_start": -1, "host_queued_start": 1585586260.920405, "device_queued": -1, "device_end": -1, "host_queued_end": 1585586260.921546}, "device": "cpu", "nd_range": {"device_start": 2254035.128397883, "device_end": 2254035.133795833}, "cmdq": 0, "read": {"device_start": -1, "device_end": -1}}, "FFC_sans_bias1": {"write": {"device_start": -1, "host_queued_start": 1585586260.917855, "device_queued": -1, "device_end": -1, "host_queued_end": 1585586260.921546}, "device": "cpu", "nd_range": {"device_start": 2254035.115567321, "device_end": 2254035.119495497}, "cmdq": 0, "read": {"device_start": -1, "device_end": -1}}, "FFC_sans_bias0": {"write": {"device_start": -1, "host_queued_start": 1585586260.91665, "device_queued": -1, "device_end": -1, "host_queued_end": 1585586260.921546}, "device": "cpu", "nd_range": {"device_start": 2254035.111214832, "device_end": 2254035.115547677}, "cmdq": 0, "read": {"device_start": -1, "device_end": -1}}, "FFC_sans_bias2": {"write": {"device_start": -1, "host_queued_start": 1585586260.919017, "device_queued": -1, "device_end": -1, "host_queued_end": 1585586260.921546}, "device": "cpu", "nd_range": {"device_start": 2254035.119681084, "device_end": 2254035.124010126}, "cmdq": 0, "read": {"device_start": -1, "device_end": -1}}, "FFC_sans_bias52": {"write": {"device_start": 1585586195.5242605, "host_queued_start": 1585586260.913751, "device_queued": 1585586195.5100427, "device_end": 1585586195.524286, "host_queued_end": 1585586260.913853}, "device": "gpu", "nd_range": {"device_start": 1585586195.5242953, "device_end": 1585586195.5252829}, "cmdq": 0, "read": {"device_start": 1585586195.5252872, "device_end": 1585586195.525309}}, "FFC_sans_bias9": {"write": {"device_start": 1585586195.5071235, "host_queued_start": 1585586260.887854, "device_queued": 1585586195.506966, "device_end": 1585586195.507192, "host_queued_end": 1585586260.913853}, "device": "gpu", "nd_range": {"device_start": 1585586195.5071993, "device_end": 1585586195.50781}, "cmdq": 1, "read": {"device_start": -1, "device_end": -1}}, "coalesced_transpose39": {"write": {"device_start": -1, "host_queued_start": 1585586260.903735, "device_queued": -1, "device_end": -1, "host_queued_end": 1585586260.913853}, "device": "gpu", "nd_range": {"device_start": 1585586195.5145574, "device_end": 1585586195.5145717}, "cmdq": 1, "read": {"device_start": -1, "device_end": -1}}, "FFC_sans_bias51": {"write": {"device_start": -1, "host_queued_start": 1585586260.908557, "device_queued": -1, "device_end": -1, "host_queued_end": 1585586260.913853}, "device": "gpu", "nd_range": {"device_start": 1585586195.5194252, "device_end": 1585586195.5200248}, "cmdq": 1, "read": {"device_start": -1, "device_end": -1}}, "softmax23": {"write": {"device_start": -1, "host_queued_start": 1585586260.906229, "device_queued": -1, "device_end": -1, "host_queued_end": 1585586260.913853}, "device": "gpu", "nd_range": {"device_start": 1585586195.5171843, "device_end": 1585586195.5173912}, "cmdq": 1, "read": {"device_start": -1, "device_end": -1}}, "FFC_sans_bias37": {"write": {"device_start": 1585586195.5117133, "host_queued_start": 1585586260.898291, "device_queued": 1585586195.5080655, "device_end": 1585586195.5117407, "host_queued_end": 1585586260.913853}, "device": "gpu", "nd_range": {"device_start": 1585586195.5117478, "device_end": 1585586195.5126207}, "cmdq": 1, "read": {"device_start": -1, "device_end": -1}}, "softmax41": {"write": {"device_start": -1, "host_queued_start": 1585586260.906731, "device_queued": -1, "device_end": -1, "host_queued_end": 1585586260.913853}, "device": "gpu", "nd_range": {"device_start": 1585586195.5173993, "device_end": 1585586195.5177605}, "cmdq": 1, "read": {"device_start": -1, "device_end": -1}}, "FFC_sans_bias11": {"write": {"device_start": 1585586195.5079238, "host_queued_start": 1585586260.889943, "device_queued": 1585586195.5072303, "device_end": 1585586195.5079546, "host_queued_end": 1585586260.913853}, "device": "gpu", "nd_range": {"device_start": 1585586195.507958, "device_end": 1585586195.5087907}, "cmdq": 1, "read": {"device_start": -1, "device_end": -1}}, "FFC_sans_bias10": {"write": {"device_start": 1585586195.5072145, "host_queued_start": 1585586260.888897, "device_queued": 1585586195.5070083, "device_end": 1585586195.5072477, "host_queued_end": 1585586260.913853}, "device": "gpu", "nd_range": {"device_start": 1585586195.507251, "device_end": 1585586195.5082078}, "cmdq": 0, "read": {"device_start": -1, "device_end": -1}}, "coalesced_transpose3": {"write": {"device_start": -1, "host_queued_start": 1585586260.919381, "device_queued": -1, "device_end": -1, "host_queued_end": 1585586260.921546}, "device": "cpu", "nd_range": {"device_start": 2254035.124017035, "device_end": 2254035.1241377}, "cmdq": 0, "read": {"device_start": -1, "device_end": -1}}, "FFC_sans_bias34": {"write": {"device_start": 1585586195.5229425, "host_queued_start": 1585586260.911659, "device_queued": 1585586195.5098097, "device_end": 1585586195.5229678, "host_queued_end": 1585586260.913853}, "device": "gpu", "nd_range": {"device_start": 1585586195.522978, "device_end": 1585586195.523649}, "cmdq": 0, "read": {"device_start": 1585586195.523652, "device_end": 1585586195.523675}}, "FFC_sans_bias15": {"write": {"device_start": -1, "host_queued_start": 1585586260.907284, "device_queued": -1, "device_end": -1, "host_queued_end": 1585586260.913853}, "device": "gpu", "nd_range": {"device_start": 1585586195.5177677, "device_end": 1585586195.5184338}, "cmdq": 1, "read": {"device_start": -1, "device_end": -1}}, "FFC_sans_bias31": {"write": {"device_start": -1, "host_queued_start": 1585586260.905101, "device_queued": -1, "device_end": -1, "host_queued_end": 1585586260.913853}, "device": "gpu", "nd_range": {"device_start": 1585586195.5155857, "device_end": 1585586195.516567}, "cmdq": 1, "read": {"device_start": -1, "device_end": -1}}, "FFC_sans_bias16": {"write": {"device_start": 1585586195.5220604, "host_queued_start": 1585586260.909571, "device_queued": 1585586195.5095599, "device_end": 1585586195.5221324, "host_queued_end": 1585586260.913853}, "device": "gpu", "nd_range": {"device_start": 1585586195.5221515, "device_end": 1585586195.5227633}, "cmdq": 0, "read": {"device_start": 1585586195.5227685, "device_end": 1585586195.5227973}}, "FFC_sans_bias19": {"write": {"device_start": 1585586195.508892, "host_queued_start": 1585586260.892053, "device_queued": 1585586195.5074162, "device_end": 1585586195.5089242, "host_queued_end": 1585586260.913853}, "device": "gpu", "nd_range": {"device_start": 1585586195.5089295, "device_end": 1585586195.5097322}, "cmdq": 1, "read": {"device_start": -1, "device_end": -1}}, "FFC_sans_bias18": {"write": {"device_start": 1585586195.5083244, "host_queued_start": 1585586260.89101, "device_queued": 1585586195.5072815, "device_end": 1585586195.5083525, "host_queued_end": 1585586260.913853}, "device": "gpu", "nd_range": {"device_start": 1585586195.5083556, "device_end": 1585586195.5092015}, "cmdq": 0, "read": {"device_start": -1, "device_end": -1}}, "coalesced_transpose30": {"write": {"device_start": -1, "host_queued_start": 1585586260.903416, "device_queued": -1, "device_end": -1, "host_queued_end": 1585586260.913853}, "device": "gpu", "nd_range": {"device_start": 1585586195.5144238, "device_end": 1585586195.5144472},