{"FFC_sans_bias4": {"write": {"device_start": -1, "host_queued_start": 1585586241.764231, "device_queued": -1, "device_end": -1, "host_queued_end": 1585586241.766063}, "device": "cpu", "nd_range": {"device_start": 2254015.967200228, "device_end": 2254015.975301185}, "cmdq": 0, "read": {"device_start": -1, "device_end": -1}}, "FFC_sans_bias7": {"write": {"device_start": -1, "host_queued_start": 1585586241.766018, "device_queued": -1, "device_end": -1, "host_queued_end": 1585586241.766063}, "device": "cpu", "nd_range": {"device_start": 2254015.983206451, "device_end": 2254015.9871850843}, "cmdq": 3, "read": {"device_start": -1, "device_end": -1}}, "FFC_sans_bias6": {"write": {"device_start": -1, "host_queued_start": 1585586241.764882, "device_queued": -1, "device_end": -1, "host_queued_end": 1585586241.766063}, "device": "cpu", "nd_range": {"device_start": 2254015.975597904, "device_end": 2254015.9832004723}, "cmdq": 2, "read": {"device_start": -1, "device_end": -1}}, "FFC_sans_bias1": {"write": {"device_start": -1, "host_queued_start": 1585586241.762199, "device_queued": -1, "device_end": -1, "host_queued_end": 1585586241.766063}, "device": "cpu", "nd_range": {"device_start": 2254015.955676734, "device_end": 2254015.964592102}, "cmdq": 2, "read": {"device_start": -1, "device_end": -1}}, "FFC_sans_bias0": {"write": {"device_start": -1, "host_queued_start": 1585586241.760873, "device_queued": -1, "device_end": -1, "host_queued_end": 1585586241.766063}, "device": "cpu", "nd_range": {"device_start": 2254015.9556669723, "device_end": 2254015.967187228}, "cmdq": 1, "read": {"device_start": -1, "device_end": -1}}, "FFC_sans_bias2": {"write": {"device_start": -1, "host_queued_start": 1585586241.763392, "device_queued": -1, "device_end": -1, "host_queued_end": 1585586241.766063}, "device": "cpu", "nd_range": {"device_start": 2254015.9556779023, "device_end": 2254015.9685346032}, "cmdq": 3, "read": {"device_start": -1, "device_end": -1}}, "FFC_sans_bias52": {"write": {"device_start": 1585586176.3736467, "host_queued_start": 1585586241.757911, "device_queued": 1585586176.354359, "device_end": 1585586176.37367, "host_queued_end": 1585586241.758015}, "device": "gpu", "nd_range": {"device_start": 1585586176.3736732, "device_end": 1585586176.3742707}, "cmdq": 0, "read": {"device_start": 1585586176.3742795, "device_end": 1585586176.3743014}}, "FFC_sans_bias9": {"write": {"device_start": 1585586176.3521094, "host_queued_start": 1585586241.731936, "device_queued": 1585586176.3515315, "device_end": 1585586176.3521395, "host_queued_end": 1585586241.758015}, "device": "gpu", "nd_range": {"device_start": 1585586176.352148, "device_end": 1585586176.3527462}, "cmdq": 0, "read": {"device_start": -1, "device_end": -1}}, "coalesced_transpose39": {"write": {"device_start": -1, "host_queued_start": 1585586241.747819, "device_queued": -1, "device_end": -1, "host_queued_end": 1585586241.758015}, "device": "gpu", "nd_range": {"device_start": 1585586176.3633623, "device_end": 1585586176.3633707}, "cmdq": 0, "read": {"device_start": -1, "device_end": -1}}, "FFC_sans_bias51": {"write": {"device_start": -1, "host_queued_start": 1585586241.752669, "device_queued": -1, "device_end": -1, "host_queued_end": 1585586241.758015}, "device": "gpu", "nd_range": {"device_start": 1585586176.369844, "device_end": 1585586176.370446}, "cmdq": 0, "read": {"device_start": -1, "device_end": -1}}, "softmax23": {"write": {"device_start": -1, "host_queued_start": 1585586241.75033, "device_queued": -1, "device_end": -1, "host_queued_end": 1585586241.758015}, "device": "gpu", "nd_range": {"device_start": 1585586176.3666022, "device_end": 1585586176.3668118}, "cmdq": 0, "read": {"device_start": -1, "device_end": -1}}, "FFC_sans_bias37": {"write": {"device_start": 1585586176.359903, "host_queued_start": 1585586241.742405, "device_queued": 1585586176.3525944, "device_end": 1585586176.3599272, "host_queued_end": 1585586241.758015}, "device": "gpu", "nd_range": {"device_start": 1585586176.359931, "device_end": 1585586176.3605287}, "cmdq": 0, "read": {"device_start": -1, "device_end": -1}}, "softmax41": {"write": {"device_start": -1, "host_queued_start": 1585586241.750854, "device_queued": -1, "device_end": -1, "host_queued_end": 1585586241.758015}, "device": "gpu", "nd_range": {"device_start": 1585586176.3670237, "device_end": 1585586176.367234}, "cmdq": 0, "read": {"device_start": -1, "device_end": -1}}, "FFC_sans_bias11": {"write": {"device_start": 1585586176.3536208, "host_queued_start": 1585586241.734021, "device_queued": 1585586176.351775, "device_end": 1585586176.3536453, "host_queued_end": 1585586241.758015}, "device": "gpu", "nd_range": {"device_start": 1585586176.35365, "device_end": 1585586176.3542526}, "cmdq": 0, "read": {"device_start": -1, "device_end": -1}}, "FFC_sans_bias10": {"write": {"device_start": 1585586176.3528764, "host_queued_start": 1585586241.732977, "device_queued": 1585586176.351575, "device_end": 1585586176.352907, "host_queued_end": 1585586241.758015}, "device": "gpu", "nd_range": {"device_start": 1585586176.352912, "device_end": 1585586176.353508}, "cmdq": 0, "read": {"device_start": -1, "device_end": -1}}, "coalesced_transpose3": {"write": {"device_start": -1, "host_queued_start": 1585586241.763799, "device_queued": -1, "device_end": -1, "host_queued_end": 1585586241.766063}, "device": "cpu", "nd_range": {"device_start": 2254015.965563856, "device_end": 2254015.966696394}, "cmdq": 4, "read": {"device_start": -1, "device_end": -1}}, "FFC_sans_bias34": {"write": {"device_start": 1585586176.3720932, "host_queued_start": 1585586241.755806, "device_queued": 1585586176.354141, "device_end": 1585586176.3721175, "host_queued_end": 1585586241.758015}, "device": "gpu", "nd_range": {"device_start": 1585586176.372121, "device_end": 1585586176.37272}, "cmdq": 0, "read": {"device_start": 1585586176.3727272, "device_end": 1585586176.3727496}}, "FFC_sans_bias15": {"write": {"device_start": -1, "host_queued_start": 1585586241.751409, "device_queued": -1, "device_end": -1, "host_queued_end": 1585586241.758015}, "device": "gpu", "nd_range": {"device_start": 1585586176.367446, "device_end": 1585586176.368047}, "cmdq": 0, "read": {"device_start": -1, "device_end": -1}}, "FFC_sans_bias31": {"write": {"device_start": -1, "host_queued_start": 1585586241.749187, "device_queued": -1, "device_end": -1, "host_queued_end": 1585586241.758015}, "device": "gpu", "nd_range": {"device_start": 1585586176.3645844, "device_end": 1585586176.365183}, "cmdq": 0, "read": {"device_start": -1, "device_end": -1}}, "FFC_sans_bias16": {"write": {"device_start": 1585586176.3705277, "host_queued_start": 1585586241.753684, "device_queued": 1585586176.3539178, "device_end": 1585586176.370553, "host_queued_end": 1585586241.758015}, "device": "gpu", "nd_range": {"device_start": 1585586176.3705554, "device_end": 1585586176.3711448}, "cmdq": 0, "read": {"device_start": 1585586176.3711517, "device_end": 1585586176.3711755}}, "FFC_sans_bias19": {"write": {"device_start": 1585586176.355165, "host_queued_start": 1585586241.736108, "device_queued": 1585586176.3520122, "device_end": 1585586176.3551948, "host_queued_end": 1585586241.758015}, "device": "gpu", "nd_range": {"device_start": 1585586176.3551974, "device_end": 1585586176.3557956}, "cmdq": 0, "read": {"device_start": -1, "device_end": -1}}, "FFC_sans_bias18": {"write": {"device_start": 1585586176.3543847, "host_queued_start": 1585586241.735083, "device_queued": 1585586176.3518138, "device_end": 1585586176.3544111, "host_queued_end": 1585586241.758015}, "device": "gpu", "nd_range": {"device_start": 1585586176.354414, "device_end": 1585586176.3550203}, "cmdq": 0, "read": {"device_start": -1, "device_end": -1}}, "coalesced_transpose30": {"write": {"device_start": -1, "host_queued_start": 1585586241.747523, "device_queued": -1, "device_end": -1, "host_queued_end": 1585586241.758015}, "device": "gpu", "nd_range": {"device_start": 1585586176.3633533, "device_end": 1585586176.3633614},