{"FFC_sans_bias4": {"write": {"device_start": -1, "host_queued_start": 1585586271.783769, "device_queued": -1, "device_end": -1, "host_queued_end": 1585586271.793326}, "device": "cpu", "nd_range": {"device_start": 2254046.050505407, "device_end": 2254046.054825189}, "cmdq": 0, "read": {"device_start": -1, "device_end": -1}}, "FFC_sans_bias7": {"write": {"device_start": -1, "host_queued_start": 1585586271.789313, "device_queued": -1, "device_end": -1, "host_queued_end": 1585586271.793326}, "device": "cpu", "nd_range": {"device_start": 2254046.104797847, "device_end": 2254046.110078344}, "cmdq": 0, "read": {"device_start": -1, "device_end": -1}}, "FFC_sans_bias6": {"write": {"device_start": -1, "host_queued_start": 1585586271.786897, "device_queued": -1, "device_end": -1, "host_queued_end": 1585586271.793326}, "device": "cpu", "nd_range": {"device_start": 2254046.073936027, "device_end": 2254046.0796492393}, "cmdq": 0, "read": {"device_start": -1, "device_end": -1}}, "FFC_sans_bias1": {"write": {"device_start": -1, "host_queued_start": 1585586271.767932, "device_queued": -1, "device_end": -1, "host_queued_end": 1585586271.793326}, "device": "cpu", "nd_range": {"device_start": 2254045.9874067903, "device_end": 2254045.991381647}, "cmdq": 0, "read": {"device_start": -1, "device_end": -1}}, "FFC_sans_bias0": {"write": {"device_start": -1, "host_queued_start": 1585586271.766893, "device_queued": -1, "device_end": -1, "host_queued_end": 1585586271.793326}, "device": "cpu", "nd_range": {"device_start": 2254045.983053395, "device_end": 2254045.987387211}, "cmdq": 0, "read": {"device_start": -1, "device_end": -1}}, "FFC_sans_bias2": {"write": {"device_start": -1, "host_queued_start": 1585586271.768978, "device_queued": -1, "device_end": -1, "host_queued_end": 1585586271.793326}, "device": "cpu", "nd_range": {"device_start": 2254045.991389844, "device_end": 2254045.9960612752}, "cmdq": 0, "read": {"device_start": -1, "device_end": -1}}, "FFC_sans_bias52": {"write": {"device_start": 1585586206.3561797, "host_queued_start": 1585586271.7611, "device_queued": 1585586206.3539858, "device_end": 1585586206.3562102, "host_queued_end": 1585586271.761204}, "device": "gpu", "nd_range": {"device_start": 1585586206.3566573, "device_end": 1585586206.3572524}, "cmdq": 0, "read": {"device_start": 1585586206.3572602, "device_end": 1585586206.3572826}}, "FFC_sans_bias9": {"write": {"device_start": -1, "host_queued_start": 1585586271.770017, "device_queued": -1, "device_end": -1, "host_queued_end": 1585586271.793326}, "device": "cpu", "nd_range": {"device_start": 2254045.9960667, "device_end": 2254046.000032945}, "cmdq": 0, "read": {"device_start": -1, "device_end": -1}}, "coalesced_transpose39": {"write": {"device_start": -1, "host_queued_start": 1585586271.783424, "device_queued": -1, "device_end": -1, "host_queued_end": 1585586271.793326}, "device": "cpu", "nd_range": {"device_start": 2254046.050292037, "device_end": 2254046.0503907073}, "cmdq": 0, "read": {"device_start": -1, "device_end": -1}}, "FFC_sans_bias51": {"write": {"device_start": -1, "host_queued_start": 1585586271.760091, "device_queued": -1, "device_end": -1, "host_queued_end": 1585586271.761204}, "device": "gpu", "nd_range": {"device_start": 1585586206.3560565, "device_end": 1585586206.356654}, "cmdq": 1, "read": {"device_start": -1, "device_end": -1}}, "softmax23": {"write": {"device_start": -1, "host_queued_start": 1585586271.785971, "device_queued": -1, "device_end": -1, "host_queued_end": 1585586271.793326}, "device": "cpu", "nd_range": {"device_start": 2254046.073511665, "device_end": 2254046.073591858}, "cmdq": 0, "read": {"device_start": -1, "device_end": -1}}, "FFC_sans_bias37": {"write": {"device_start": -1, "host_queued_start": 1585586271.780719, "device_queued": -1, "device_end": -1, "host_queued_end": 1585586271.793326}, "device": "cpu", "nd_range": {"device_start": 2254046.040254041, "device_end": 2254046.0451643122}, "cmdq": 0, "read": {"device_start": -1, "device_end": -1}}, "softmax41": {"write": {"device_start": -1, "host_queued_start": 1585586271.786552, "device_queued": -1, "device_end": -1, "host_queued_end": 1585586271.793326}, "device": "cpu", "nd_range": {"device_start": 2254046.073793582, "device_end": 2254046.073925738}, "cmdq": 0, "read": {"device_start": -1, "device_end": -1}}, "FFC_sans_bias11": {"write": {"device_start": -1, "host_queued_start": 1585586271.772136, "device_queued": -1, "device_end": -1, "host_queued_end": 1585586271.793326}, "device": "cpu", "nd_range": {"device_start": 2254046.00472979, "device_end": 2254046.009183934}, "cmdq": 0, "read": {"device_start": -1, "device_end": -1}}, "FFC_sans_bias10": {"write": {"device_start": -1, "host_queued_start": 1585586271.771085, "device_queued": -1, "device_end": -1, "host_queued_end": 1585586271.793326}, "device": "cpu", "nd_range": {"device_start": 2254046.000171182, "device_end": 2254046.00472358}, "cmdq": 0, "read": {"device_start": -1, "device_end": -1}}, "coalesced_transpose3": {"write": {"device_start": -1, "host_queued_start": 1585586271.782101, "device_queued": -1, "device_end": -1, "host_queued_end": 1585586271.793326}, "device": "cpu", "nd_range": {"device_start": 2254046.049320783, "device_end": 2254046.049473709}, "cmdq": 0, "read": {"device_start": -1, "device_end": -1}}, "FFC_sans_bias34": {"write": {"device_start": -1, "host_queued_start": 1585586271.792287, "device_queued": -1, "device_end": -1, "host_queued_end": 1585586271.793326}, "device": "cpu", "nd_range": {"device_start": 2254046.12248349, "device_end": 2254046.12775915}, "cmdq": 0, "read": {"device_start": -1, "device_end": -1}}, "FFC_sans_bias15": {"write": {"device_start": -1, "host_queued_start": 1585586271.787238, "device_queued": -1, "device_end": -1, "host_queued_end": 1585586271.793326}, "device": "cpu", "nd_range": {"device_start": 2254046.079655935, "device_end": 2254046.08631337}, "cmdq": 0, "read": {"device_start": -1, "device_end": -1}}, "FFC_sans_bias31": {"write": {"device_start": -1, "host_queued_start": 1585586271.7848, "device_queued": -1, "device_end": -1, "host_queued_end": 1585586271.793326}, "device": "cpu", "nd_range": {"device_start": 2254046.064024641, "device_end": 2254046.0685737333}, "cmdq": 0, "read": {"device_start": -1, "device_end": -1}}, "FFC_sans_bias16": {"write": {"device_start": -1, "host_queued_start": 1585586271.790301, "device_queued": -1, "device_end": -1, "host_queued_end": 1585586271.793326}, "device": "cpu", "nd_range": {"device_start": 2254046.110081768, "device_end": 2254046.117245723}, "cmdq": 0, "read": {"device_start": -1, "device_end": -1}}, "FFC_sans_bias19": {"write": {"device_start": -1, "host_queued_start": 1585586271.774217, "device_queued": -1, "device_end": -1, "host_queued_end": 1585586271.793326}, "device": "cpu", "nd_range": {"device_start": 2254046.013753092, "device_end": 2254046.0183676262}, "cmdq": 0, "read": {"device_start": -1, "device_end": -1}}, "FFC_sans_bias18": {"write": {"device_start": -1, "host_queued_start": 1585586271.773175, "device_queued": -1, "device_end": -1, "host_queued_end": 1585586271.793326}, "device": "cpu", "nd_range": {"device_start": 2254046.009189065, "device_end": 2254046.0137479734}, "cmdq": 0, "read": {"device_start": -1, "device_end": -1}}, "coalesced_transpose30": {"write": {"device_start": -1, "host_queued_start": 1585586271.783098, "device_queued": -1, "device_end": -1, "host_queued_end": 1585586271.793326}, "device": "cpu", "nd_range": {"device_start": 2254046.050070303, "device_end": 2254046.050173624}, "cmdq": 0, "read": {"device_start": -1, "device_end": -1}}, "FFC_sans_bias38": {"write": {"device_start": -1, "host_queued_start": 1585586271.78177, "device_queued": -1, "device_end": -1, "host_queued_end": 1585586271.793326}, "device": "cpu", "nd_range": {"device_start": 2254046.0451698983, "device_end": 2254046.049315552}, "cmdq": 0, "read": {"device_start": -1, "device_end": -1}}, "empty26": {"write": {"device_start": -1,