{"FFC_sans_bias4": {"write": {"device_start": -1, "host_queued_start": 1585586208.949244, "device_queued": -1, "device_end": -1, "host_queued_end": 1585586208.95494}, "device": "cpu", "nd_range": {"device_start": 2253983.190267453, "device_end": 2253983.215296455}, "cmdq": 0, "read": {"device_start": -1, "device_end": -1}}, "FFC_sans_bias7": {"write": {"device_start": -1, "host_queued_start": 1585586208.952863, "device_queued": -1, "device_end": -1, "host_queued_end": 1585586208.95494}, "device": "cpu", "nd_range": {"device_start": 2253983.2231323323, "device_end": 2253983.2324868343}, "cmdq": 0, "read": {"device_start": -1, "device_end": -1}}, "FFC_sans_bias6": {"write": {"device_start": -1, "host_queued_start": 1585586208.951115, "device_queued": -1, "device_end": -1, "host_queued_end": 1585586208.95494}, "device": "cpu", "nd_range": {"device_start": 2253983.2157053933, "device_end": 2253983.2231213413}, "cmdq": 0, "read": {"device_start": -1, "device_end": -1}}, "FFC_sans_bias1": {"write": {"device_start": -1, "host_queued_start": 1585586208.939982, "device_queued": -1, "device_end": -1, "host_queued_end": 1585586208.95494}, "device": "cpu", "nd_range": {"device_start": 2253983.1445584293, "device_end": 2253983.156857653}, "cmdq": 1, "read": {"device_start": -1, "device_end": -1}}, "FFC_sans_bias0": {"write": {"device_start": -1, "host_queued_start": 1585586208.938877, "device_queued": -1, "device_end": -1, "host_queued_end": 1585586208.95494}, "device": "cpu", "nd_range": {"device_start": 2253983.144557759, "device_end": 2253983.152556138}, "cmdq": 0, "read": {"device_start": -1, "device_end": -1}}, "FFC_sans_bias2": {"write": {"device_start": -1, "host_queued_start": 1585586208.941156, "device_queued": -1, "device_end": -1, "host_queued_end": 1585586208.95494}, "device": "cpu", "nd_range": {"device_start": 2253983.144626898, "device_end": 2253983.158202756}, "cmdq": 2, "read": {"device_start": -1, "device_end": -1}}, "FFC_sans_bias52": {"write": {"device_start": 1585586143.5418463, "host_queued_start": 1585586208.934061, "device_queued": 1585586143.5301757, "device_end": 1585586143.5418754, "host_queued_end": 1585586208.934166}, "device": "gpu", "nd_range": {"device_start": 1585586143.5418782, "device_end": 1585586143.5424747}, "cmdq": 0, "read": {"device_start": 1585586143.5424771, "device_end": 1585586143.542499}}, "FFC_sans_bias9": {"write": {"device_start": -1, "host_queued_start": 1585586208.942288, "device_queued": -1, "device_end": -1, "host_queued_end": 1585586208.95494}, "device": "cpu", "nd_range": {"device_start": 2253983.152662884, "device_end": 2253983.171304626}, "cmdq": 0, "read": {"device_start": -1, "device_end": -1}}, "coalesced_transpose39": {"write": {"device_start": -1, "host_queued_start": 1585586208.927906, "device_queued": -1, "device_end": -1, "host_queued_end": 1585586208.934166}, "device": "gpu", "nd_range": {"device_start": 1585586143.5356865, "device_end": 1585586143.5356953}, "cmdq": 0, "read": {"device_start": -1, "device_end": -1}}, "FFC_sans_bias51": {"write": {"device_start": -1, "host_queued_start": 1585586208.930925, "device_queued": -1, "device_end": -1, "host_queued_end": 1585586208.934166}, "device": "gpu", "nd_range": {"device_start": 1585586143.5393364, "device_end": 1585586143.5399344}, "cmdq": 0, "read": {"device_start": -1, "device_end": -1}}, "softmax23": {"write": {"device_start": -1, "host_queued_start": 1585586208.950778, "device_queued": -1, "device_end": -1, "host_queued_end": 1585586208.95494}, "device": "cpu", "nd_range": {"device_start": 2253983.199144557, "device_end": 2253983.199391851}, "cmdq": 2, "read": {"device_start": -1, "device_end": -1}}, "FFC_sans_bias37": {"write": {"device_start": 1585586143.5319912, "host_queued_start": 1585586208.923093, "device_queued": 1585586143.5289052, "device_end": 1585586143.5320237, "host_queued_end": 1585586208.934166}, "device": "gpu", "nd_range": {"device_start": 1585586143.5320263, "device_end": 1585586143.5326226}, "cmdq": 0, "read": {"device_start": -1, "device_end": -1}}, "softmax41": {"write": {"device_start": -1, "host_queued_start": 1585586208.929697, "device_queued": -1, "device_end": -1, "host_queued_end": 1585586208.934166}, "device": "gpu", "nd_range": {"device_start": 1585586143.5377178, "device_end": 1585586143.5379298}, "cmdq": 0, "read": {"device_start": -1, "device_end": -1}}, "FFC_sans_bias11": {"write": {"device_start": -1, "host_queued_start": 1585586208.944416, "device_queued": -1, "device_end": -1, "host_queued_end": 1585586208.95494}, "device": "cpu", "nd_range": {"device_start": 2253983.158327868, "device_end": 2253983.1704522274}, "cmdq": 2, "read": {"device_start": -1, "device_end": -1}}, "FFC_sans_bias10": {"write": {"device_start": -1, "host_queued_start": 1585586208.943363, "device_queued": -1, "device_end": -1, "host_queued_end": 1585586208.95494}, "device": "cpu", "nd_range": {"device_start": 2253983.156992386, "device_end": 2253983.1661023423}, "cmdq": 1, "read": {"device_start": -1, "device_end": -1}}, "coalesced_transpose3": {"write": {"device_start": -1, "host_queued_start": 1585586208.948116, "device_queued": -1, "device_end": -1, "host_queued_end": 1585586208.95494}, "device": "cpu", "nd_range": {"device_start": 2253983.189607101, "device_end": 2253983.189938963}, "cmdq": 0, "read": {"device_start": -1, "device_end": -1}}, "FFC_sans_bias34": {"write": {"device_start": 1585586143.5400887, "host_queued_start": 1585586208.93194, "device_queued": 1585586143.5299578, "device_end": 1585586143.540115, "host_queued_end": 1585586208.934166}, "device": "gpu", "nd_range": {"device_start": 1585586143.5401177, "device_end": 1585586143.5407138}, "cmdq": 0, "read": {"device_start": 1585586143.5407195, "device_end": 1585586143.5407436}}, "FFC_sans_bias15": {"write": {"device_start": -1, "host_queued_start": 1585586208.951461, "device_queued": -1, "device_end": -1, "host_queued_end": 1585586208.95494}, "device": "cpu", "nd_range": {"device_start": 2253983.1900476064, "device_end": 2253983.2032351242}, "cmdq": 1, "read": {"device_start": -1, "device_end": -1}}, "FFC_sans_bias31": {"write": {"device_start": -1, "host_queued_start": 1585586208.92853, "device_queued": -1, "device_end": -1, "host_queued_end": 1585586208.934166}, "device": "gpu", "nd_range": {"device_start": 1585586143.535705, "device_end": 1585586143.5363042}, "cmdq": 0, "read": {"device_start": -1, "device_end": -1}}, "FFC_sans_bias16": {"write": {"device_start": -1, "host_queued_start": 1585586208.953879, "device_queued": -1, "device_end": -1, "host_queued_end": 1585586208.95494}, "device": "cpu", "nd_range": {"device_start": 2253983.2035115003, "device_end": 2253983.212638406}, "cmdq": 1, "read": {"device_start": -1, "device_end": -1}}, "FFC_sans_bias19": {"write": {"device_start": -1, "host_queued_start": 1585586208.946501, "device_queued": -1, "device_end": -1, "host_queued_end": 1585586208.95494}, "device": "cpu", "nd_range": {"device_start": 2253983.1662229584, "device_end": 2253983.177129325}, "cmdq": 1, "read": {"device_start": -1, "device_end": -1}}, "FFC_sans_bias18": {"write": {"device_start": -1, "host_queued_start": 1585586208.94546, "device_queued": -1, "device_end": -1, "host_queued_end": 1585586208.95494}, "device": "cpu", "nd_range": {"device_start": 2253983.17143999, "device_end": 2253983.1890294463}, "cmdq": 0, "read": {"device_start": -1, "device_end": -1}}, "coalesced_transpose30": {"write": {"device_start": -1, "host_queued_start": 1585586208.927604, "device_queued": -1, "device_end": -1, "host_queued_end": 1585586208.934166}, "device": "gpu", "nd_range": {"device_start": 1585586143.535677, "device_end": 1585586143.5356853}, "cmdq": 0, "read": {"device_start": -1, "device_end": -1}}, "FFC_sans_bias38": {"write": {"device_start": 1585586143.5327487, "host_queued_start": 1585586208.924131, "device_queued": 1585586143.5290825, "device_end": 1585586143.5327787, "host_queued_end": 1585586208.934166}, "device": "gpu",