{"FFC_sans_bias4": {"write": {"device_start": -1, "host_queued_start": 1585586170.57623, "device_queued": -1, "device_end": -1, "host_queued_end": 1585586170.58186}, "device": "cpu", "nd_range": {"device_start": 2253944.819945263, "device_end": 2253944.82518595}, "cmdq": 0, "read": {"device_start": -1, "device_end": -1}}, "FFC_sans_bias7": {"write": {"device_start": -1, "host_queued_start": 1585586170.579833, "device_queued": -1, "device_end": -1, "host_queued_end": 1585586170.58186}, "device": "cpu", "nd_range": {"device_start": 2253944.852187658, "device_end": 2253944.857431887}, "cmdq": 0, "read": {"device_start": -1, "device_end": -1}}, "FFC_sans_bias6": {"write": {"device_start": -1, "host_queued_start": 1585586170.578067, "device_queued": -1, "device_end": -1, "host_queued_end": 1585586170.58186}, "device": "cpu", "nd_range": {"device_start": 2253944.83642391, "device_end": 2253944.841670947}, "cmdq": 0, "read": {"device_start": -1, "device_end": -1}}, "FFC_sans_bias1": {"write": {"device_start": -1, "host_queued_start": 1585586170.567075, "device_queued": -1, "device_end": -1, "host_queued_end": 1585586170.58186}, "device": "cpu", "nd_range": {"device_start": 2253944.7768739993, "device_end": 2253944.7821060163}, "cmdq": 0, "read": {"device_start": -1, "device_end": -1}}, "FFC_sans_bias0": {"write": {"device_start": -1, "host_queued_start": 1585586170.56588, "device_queued": -1, "device_end": -1, "host_queued_end": 1585586170.58186}, "device": "cpu", "nd_range": {"device_start": 2253944.7715124004, "device_end": 2253944.776867316}, "cmdq": 0, "read": {"device_start": -1, "device_end": -1}}, "FFC_sans_bias2": {"write": {"device_start": -1, "host_queued_start": 1585586170.568204, "device_queued": -1, "device_end": -1, "host_queued_end": 1585586170.58186}, "device": "cpu", "nd_range": {"device_start": 2253944.7821110953, "device_end": 2253944.7874148083}, "cmdq": 0, "read": {"device_start": -1, "device_end": -1}}, "FFC_sans_bias52": {"write": {"device_start": 1585586105.169606, "host_queued_start": 1585586170.561265, "device_queued": 1585586105.158374, "device_end": 1585586105.1696348, "host_queued_end": 1585586170.561374}, "device": "gpu", "nd_range": {"device_start": 1585586105.1696374, "device_end": 1585586105.170235}, "cmdq": 0, "read": {"device_start": 1585586105.170243, "device_end": 1585586105.1702652}}, "FFC_sans_bias9": {"write": {"device_start": -1, "host_queued_start": 1585586170.569329, "device_queued": -1, "device_end": -1, "host_queued_end": 1585586170.58186}, "device": "cpu", "nd_range": {"device_start": 2253944.787420203, "device_end": 2253944.792793212}, "cmdq": 0, "read": {"device_start": -1, "device_end": -1}}, "coalesced_transpose39": {"write": {"device_start": -1, "host_queued_start": 1585586170.555202, "device_queued": -1, "device_end": -1, "host_queued_end": 1585586170.561374}, "device": "gpu", "nd_range": {"device_start": 1585586105.16369, "device_end": 1585586105.1636984}, "cmdq": 0, "read": {"device_start": -1, "device_end": -1}}, "FFC_sans_bias51": {"write": {"device_start": -1, "host_queued_start": 1585586170.558135, "device_queued": -1, "device_end": -1, "host_queued_end": 1585586170.561374}, "device": "gpu", "nd_range": {"device_start": 1585586105.1671522, "device_end": 1585586105.1677508}, "cmdq": 0, "read": {"device_start": -1, "device_end": -1}}, "softmax23": {"write": {"device_start": -1, "host_queued_start": 1585586170.577732, "device_queued": -1, "device_end": -1, "host_queued_end": 1585586170.58186}, "device": "cpu", "nd_range": {"device_start": 2253944.83621389, "device_end": 2253944.836306069}, "cmdq": 0, "read": {"device_start": -1, "device_end": -1}}, "FFC_sans_bias37": {"write": {"device_start": 1585586105.1599813, "host_queued_start": 1585586170.55038, "device_queued": 1585586105.1571012, "device_end": 1585586105.1600096, "host_queued_end": 1585586170.561374}, "device": "gpu", "nd_range": {"device_start": 1585586105.16002, "device_end": 1585586105.160614}, "cmdq": 0, "read": {"device_start": -1, "device_end": -1}}, "softmax41": {"write": {"device_start": -1, "host_queued_start": 1585586170.556943, "device_queued": -1, "device_end": -1, "host_queued_end": 1585586170.561374}, "device": "gpu", "nd_range": {"device_start": 1585586105.165629, "device_end": 1585586105.1658342}, "cmdq": 0, "read": {"device_start": -1, "device_end": -1}}, "FFC_sans_bias11": {"write": {"device_start": -1, "host_queued_start": 1585586170.57144, "device_queued": -1, "device_end": -1, "host_queued_end": 1585586170.58186}, "device": "cpu", "nd_range": {"device_start": 2253944.798066855, "device_end": 2253944.803296384}, "cmdq": 0, "read": {"device_start": -1, "device_end": -1}}, "FFC_sans_bias10": {"write": {"device_start": -1, "host_queued_start": 1585586170.57037, "device_queued": -1, "device_end": -1, "host_queued_end": 1585586170.58186}, "device": "cpu", "nd_range": {"device_start": 2253944.792800433, "device_end": 2253944.79806181}, "cmdq": 0, "read": {"device_start": -1, "device_end": -1}}, "coalesced_transpose3": {"write": {"device_start": -1, "host_queued_start": 1585586170.575192, "device_queued": -1, "device_end": -1, "host_queued_end": 1585586170.58186}, "device": "cpu", "nd_range": {"device_start": 2253944.819140785, "device_end": 2253944.819299561}, "cmdq": 0, "read": {"device_start": -1, "device_end": -1}}, "FFC_sans_bias34": {"write": {"device_start": 1585586105.1678972, "host_queued_start": 1585586170.55918, "device_queued": 1585586105.1581483, "device_end": 1585586105.1679227, "host_queued_end": 1585586170.561374}, "device": "gpu", "nd_range": {"device_start": 1585586105.167926, "device_end": 1585586105.1685207}, "cmdq": 0, "read": {"device_start": 1585586105.168524, "device_end": 1585586105.1685483}}, "FFC_sans_bias15": {"write": {"device_start": -1, "host_queued_start": 1585586170.578406, "device_queued": -1, "device_end": -1, "host_queued_end": 1585586170.58186}, "device": "cpu", "nd_range": {"device_start": 2253944.841679872, "device_end": 2253944.8469239143}, "cmdq": 0, "read": {"device_start": -1, "device_end": -1}}, "FFC_sans_bias31": {"write": {"device_start": -1, "host_queued_start": 1585586170.555814, "device_queued": -1, "device_end": -1, "host_queued_end": 1585586170.561374}, "device": "gpu", "nd_range": {"device_start": 1585586105.1637087, "device_end": 1585586105.1643085}, "cmdq": 0, "read": {"device_start": -1, "device_end": -1}}, "FFC_sans_bias16": {"write": {"device_start": -1, "host_queued_start": 1585586170.58082, "device_queued": -1, "device_end": -1, "host_queued_end": 1585586170.58186}, "device": "cpu", "nd_range": {"device_start": 2253944.857436106, "device_end": 2253944.862662272}, "cmdq": 0, "read": {"device_start": -1, "device_end": -1}}, "FFC_sans_bias19": {"write": {"device_start": -1, "host_queued_start": 1585586170.573618, "device_queued": -1, "device_end": -1, "host_queued_end": 1585586170.58186}, "device": "cpu", "nd_range": {"device_start": 2253944.8085641093, "device_end": 2253944.813859628}, "cmdq": 0, "read": {"device_start": -1, "device_end": -1}}, "FFC_sans_bias18": {"write": {"device_start": -1, "host_queued_start": 1585586170.572476, "device_queued": -1, "device_end": -1, "host_queued_end": 1585586170.58186}, "device": "cpu", "nd_range": {"device_start": 2253944.8033017763, "device_end": 2253944.808559305}, "cmdq": 0, "read": {"device_start": -1, "device_end": -1}}, "coalesced_transpose30": {"write": {"device_start": -1, "host_queued_start": 1585586170.554905, "device_queued": -1, "device_end": -1, "host_queued_end": 1585586170.561374}, "device": "gpu", "nd_range": {"device_start": 1585586105.1636803, "device_end": 1585586105.1636891}, "cmdq": 0, "read": {"device_start": -1, "device_end": -1}}, "FFC_sans_bias38": {"write": {"device_start": 1585586105.1607409, "host_queued_start": 1585586170.55144, "device_queued": 1585586105.1572363, "device_end": 1585586105.1607697, "host_queued_end": 1585586170.561374}, "device": "gpu", "nd_range": {"device_start": 1585586105.1607854,