{"FFC_sans_bias4": {"write": {"device_start": -1, "host_queued_start": 1585586578.031868, "device_queued": -1, "device_end": -1, "host_queued_end": 1585586578.041355}, "device": "cpu", "nd_range": {"device_start": 2254352.2985151773, "device_end": 2254352.305460378}, "cmdq": 1, "read": {"device_start": -1, "device_end": -1}}, "FFC_sans_bias7": {"write": {"device_start": -1, "host_queued_start": 1585586578.03736, "device_queued": -1, "device_end": -1, "host_queued_end": 1585586578.041355}, "device": "cpu", "nd_range": {"device_start": 2254352.3506853823, "device_end": 2254352.3607142163}, "cmdq": 0, "read": {"device_start": -1, "device_end": -1}}, "FFC_sans_bias6": {"write": {"device_start": -1, "host_queued_start": 1585586578.034951, "device_queued": -1, "device_end": -1, "host_queued_end": 1585586578.041355}, "device": "cpu", "nd_range": {"device_start": 2254352.3275087783, "device_end": 2254352.335747408}, "cmdq": 1, "read": {"device_start": -1, "device_end": -1}}, "FFC_sans_bias1": {"write": {"device_start": -1, "host_queued_start": 1585586578.014594, "device_queued": -1, "device_end": -1, "host_queued_end": 1585586578.041355}, "device": "cpu", "nd_range": {"device_start": 2254352.2310135583, "device_end": 2254352.239272184}, "cmdq": 0, "read": {"device_start": -1, "device_end": -1}}, "FFC_sans_bias0": {"write": {"device_start": -1, "host_queued_start": 1585586578.013431, "device_queued": -1, "device_end": -1, "host_queued_end": 1585586578.041355}, "device": "cpu", "nd_range": {"device_start": 2254352.231006952, "device_end": 2254352.240418348}, "cmdq": 1, "read": {"device_start": -1, "device_end": -1}}, "FFC_sans_bias2": {"write": {"device_start": -1, "host_queued_start": 1585586578.015742, "device_queued": -1, "device_end": -1, "host_queued_end": 1585586578.041355}, "device": "cpu", "nd_range": {"device_start": 2254352.243261376, "device_end": 2254352.248283537}, "cmdq": 1, "read": {"device_start": -1, "device_end": -1}}, "FFC_sans_bias52": {"write": {"device_start": 1585586512.5939624, "host_queued_start": 1585586578.007436, "device_queued": 1585586512.5924199, "device_end": 1585586512.593988, "host_queued_end": 1585586578.007573}, "device": "gpu", "nd_range": {"device_start": 1585586512.5953915, "device_end": 1585586512.5960894}, "cmdq": 3, "read": {"device_start": 1585586512.5960968, "device_end": 1585586512.5961196}}, "FFC_sans_bias9": {"write": {"device_start": -1, "host_queued_start": 1585586578.016884, "device_queued": -1, "device_end": -1, "host_queued_end": 1585586578.041355}, "device": "cpu", "nd_range": {"device_start": 2254352.239384966, "device_end": 2254352.244225571}, "cmdq": 0, "read": {"device_start": -1, "device_end": -1}}, "coalesced_transpose39": {"write": {"device_start": -1, "host_queued_start": 1585586578.031531, "device_queued": -1, "device_end": -1, "host_queued_end": 1585586578.041355}, "device": "cpu", "nd_range": {"device_start": 2254352.3055024333, "device_end": 2254352.3058373523}, "cmdq": 0, "read": {"device_start": -1, "device_end": -1}}, "FFC_sans_bias51": {"write": {"device_start": -1, "host_queued_start": 1585586578.006244, "device_queued": -1, "device_end": -1, "host_queued_end": 1585586578.007573}, "device": "gpu", "nd_range": {"device_start": 1585586512.5947797, "device_end": 1585586512.5953877}, "cmdq": 2, "read": {"device_start": -1, "device_end": -1}}, "softmax23": {"write": {"device_start": -1, "host_queued_start": 1585586578.034057, "device_queued": -1, "device_end": -1, "host_queued_end": 1585586578.041355}, "device": "cpu", "nd_range": {"device_start": 2254352.327354628, "device_end": 2254352.327492338}, "cmdq": 0, "read": {"device_start": -1, "device_end": -1}}, "FFC_sans_bias37": {"write": {"device_start": -1, "host_queued_start": 1585586578.028626, "device_queued": -1, "device_end": -1, "host_queued_end": 1585586578.041355}, "device": "cpu", "nd_range": {"device_start": 2254352.2928949674, "device_end": 2254352.2981721833}, "cmdq": 0, "read": {"device_start": -1, "device_end": -1}}, "softmax41": {"write": {"device_start": -1, "host_queued_start": 1585586578.034615, "device_queued": -1, "device_end": -1, "host_queued_end": 1585586578.041355}, "device": "cpu", "nd_range": {"device_start": 2254352.3274982753, "device_end": 2254352.3286165493}, "cmdq": 0, "read": {"device_start": -1, "device_end": -1}}, "FFC_sans_bias11": {"write": {"device_start": -1, "host_queued_start": 1585586578.019202, "device_queued": -1, "device_end": -1, "host_queued_end": 1585586578.041355}, "device": "cpu", "nd_range": {"device_start": 2254352.245115789, "device_end": 2254352.259181823}, "cmdq": 0, "read": {"device_start": -1, "device_end": -1}}, "FFC_sans_bias10": {"write": {"device_start": -1, "host_queued_start": 1585586578.018013, "device_queued": -1, "device_end": -1, "host_queued_end": 1585586578.041355}, "device": "cpu", "nd_range": {"device_start": 2254352.248297762, "device_end": 2254352.256156208}, "cmdq": 1, "read": {"device_start": -1, "device_end": -1}}, "coalesced_transpose3": {"write": {"device_start": -1, "host_queued_start": 1585586578.030169, "device_queued": -1, "device_end": -1, "host_queued_end": 1585586578.041355}, "device": "cpu", "nd_range": {"device_start": 2254352.29817707, "device_end": 2254352.298391033}, "cmdq": 0, "read": {"device_start": -1, "device_end": -1}}, "FFC_sans_bias34": {"write": {"device_start": -1, "host_queued_start": 1585586578.040318, "device_queued": -1, "device_end": -1, "host_queued_end": 1585586578.041355}, "device": "cpu", "nd_range": {"device_start": 2254352.364258707, "device_end": 2254352.3695002603}, "cmdq": 1, "read": {"device_start": -1, "device_end": -1}}, "FFC_sans_bias15": {"write": {"device_start": -1, "host_queued_start": 1585586578.035291, "device_queued": -1, "device_end": -1, "host_queued_end": 1585586578.041355}, "device": "cpu", "nd_range": {"device_start": 2254352.3286245563, "device_end": 2254352.340158673}, "cmdq": 0, "read": {"device_start": -1, "device_end": -1}}, "FFC_sans_bias31": {"write": {"device_start": -1, "host_queued_start": 1585586578.032892, "device_queued": -1, "device_end": -1, "host_queued_end": 1585586578.041355}, "device": "cpu", "nd_range": {"device_start": 2254352.321734417, "device_end": 2254352.3271387233}, "cmdq": 0, "read": {"device_start": -1, "device_end": -1}}, "FFC_sans_bias16": {"write": {"device_start": -1, "host_queued_start": 1585586578.038344, "device_queued": -1, "device_end": -1, "host_queued_end": 1585586578.041355}, "device": "cpu", "nd_range": {"device_start": 2254352.355919335, "device_end": 2254352.364253452}, "cmdq": 1, "read": {"device_start": -1, "device_end": -1}}, "FFC_sans_bias19": {"write": {"device_start": -1, "host_queued_start": 1585586578.021485, "device_queued": -1, "device_end": -1, "host_queued_end": 1585586578.041355}, "device": "cpu", "nd_range": {"device_start": 2254352.25957771, "device_end": 2254352.267687187}, "cmdq": 0, "read": {"device_start": -1, "device_end": -1}}, "FFC_sans_bias18": {"write": {"device_start": -1, "host_queued_start": 1585586578.02035, "device_queued": -1, "device_end": -1, "host_queued_end": 1585586578.041355}, "device": "cpu", "nd_range": {"device_start": 2254352.256162898, "device_end": 2254352.26236188}, "cmdq": 1, "read": {"device_start": -1, "device_end": -1}}, "coalesced_transpose30": {"write": {"device_start": -1, "host_queued_start": 1585586578.031217, "device_queued": -1, "device_end": -1, "host_queued_end": 1585586578.041355}, "device": "cpu", "nd_range": {"device_start": 2254352.2891856893, "device_end": 2254352.289444869}, "cmdq": 1, "read": {"device_start": -1, "device_end": -1}}, "FFC_sans_bias38": {"write": {"device_start": -1, "host_queued_start": 1585586578.029793, "device_queued": -1, "device_end": -1, "host_queued_end": 1585586578.041355}, "device": "cpu", "nd_range": {"device_start": 2254352.282858464, "device_end": 2254352.288892787}, "cmdq": 1, "read": {"device_start": -1, "device_end": -1}}, "empty26": {"write": {"device_start": -1,