{"FFC_sans_bias4": {"write": {"device_start": -1, "host_queued_start": 1585586249.882217, "device_queued": -1, "device_end": -1, "host_queued_end": 1585586249.889855}, "device": "cpu", "nd_range": {"device_start": 2254024.122704078, "device_end": 2254024.1383014643}, "cmdq": 0, "read": {"device_start": -1, "device_end": -1}}, "FFC_sans_bias7": {"write": {"device_start": -1, "host_queued_start": 1585586249.886803, "device_queued": -1, "device_end": -1, "host_queued_end": 1585586249.889855}, "device": "cpu", "nd_range": {"device_start": 2254024.176864751, "device_end": 2254024.1847609323}, "cmdq": 2, "read": {"device_start": -1, "device_end": -1}}, "FFC_sans_bias6": {"write": {"device_start": -1, "host_queued_start": 1585586249.88472, "device_queued": -1, "device_end": -1, "host_queued_end": 1585586249.889855}, "device": "cpu", "nd_range": {"device_start": 2254024.1600862, "device_end": 2254024.176821311}, "cmdq": 3, "read": {"device_start": -1, "device_end": -1}}, "FFC_sans_bias1": {"write": {"device_start": -1, "host_queued_start": 1585586249.869676, "device_queued": -1, "device_end": -1, "host_queued_end": 1585586249.889855}, "device": "cpu", "nd_range": {"device_start": 2254024.079486282, "device_end": 2254024.0956175174}, "cmdq": 0, "read": {"device_start": -1, "device_end": -1}}, "FFC_sans_bias0": {"write": {"device_start": -1, "host_queued_start": 1585586249.8686, "device_queued": -1, "device_end": -1, "host_queued_end": 1585586249.889855}, "device": "cpu", "nd_range": {"device_start": 2254024.110613876, "device_end": 2254024.1234716224}, "cmdq": 4, "read": {"device_start": -1, "device_end": -1}}, "FFC_sans_bias2": {"write": {"device_start": -1, "host_queued_start": 1585586249.870754, "device_queued": -1, "device_end": -1, "host_queued_end": 1585586249.889855}, "device": "cpu", "nd_range": {"device_start": 2254024.079485596, "device_end": 2254024.0950909574}, "cmdq": 1, "read": {"device_start": -1, "device_end": -1}}, "FFC_sans_bias52": {"write": {"device_start": 1585586184.4648929, "host_queued_start": 1585586249.863206, "device_queued": 1585586184.4574602, "device_end": 1585586184.4649222, "host_queued_end": 1585586249.863308}, "device": "gpu", "nd_range": {"device_start": 1585586184.4649282, "device_end": 1585586184.4655254}, "cmdq": 0, "read": {"device_start": 1585586184.4655302, "device_end": 1585586184.4655588}}, "FFC_sans_bias9": {"write": {"device_start": -1, "host_queued_start": 1585586249.871892, "device_queued": -1, "device_end": -1, "host_queued_end": 1585586249.889855}, "device": "cpu", "nd_range": {"device_start": 2254024.07952523, "device_end": 2254024.094912771}, "cmdq": 2, "read": {"device_start": -1, "device_end": -1}}, "coalesced_transpose39": {"write": {"device_start": -1, "host_queued_start": 1585586249.859057, "device_queued": -1, "device_end": -1, "host_queued_end": 1585586249.863308}, "device": "gpu", "nd_range": {"device_start": 1585586184.4610791, "device_end": 1585586184.461088}, "cmdq": 0, "read": {"device_start": -1, "device_end": -1}}, "FFC_sans_bias51": {"write": {"device_start": -1, "host_queued_start": 1585586249.86109, "device_queued": -1, "device_end": -1, "host_queued_end": 1585586249.863308}, "device": "gpu", "nd_range": {"device_start": 1585586184.4633088, "device_end": 1585586184.4639082}, "cmdq": 0, "read": {"device_start": -1, "device_end": -1}}, "softmax23": {"write": {"device_start": -1, "host_queued_start": 1585586249.884113, "device_queued": -1, "device_end": -1, "host_queued_end": 1585586249.889855}, "device": "cpu", "nd_range": {"device_start": 2254024.143575691, "device_end": 2254024.143794306}, "cmdq": 1, "read": {"device_start": -1, "device_end": -1}}, "FFC_sans_bias37": {"write": {"device_start": 1585586184.4573755, "host_queued_start": 1585586249.854469, "device_queued": 1585586184.456521, "device_end": 1585586184.4573996, "host_queued_end": 1585586249.863308}, "device": "gpu", "nd_range": {"device_start": 1585586184.4574153, "device_end": 1585586184.458009}, "cmdq": 0, "read": {"device_start": -1, "device_end": -1}}, "softmax41": {"write": {"device_start": -1, "host_queued_start": 1585586249.860229, "device_queued": -1, "device_end": -1, "host_queued_end": 1585586249.863308}, "device": "gpu", "nd_range": {"device_start": 1585586184.4623013, "device_end": 1585586184.4625041}, "cmdq": 0, "read": {"device_start": -1, "device_end": -1}}, "FFC_sans_bias11": {"write": {"device_start": -1, "host_queued_start": 1585586249.874227, "device_queued": -1, "device_end": -1, "host_queued_end": 1585586249.889855}, "device": "cpu", "nd_range": {"device_start": 2254024.123588241, "device_end": 2254024.1393051962}, "cmdq": 4, "read": {"device_start": -1, "device_end": -1}}, "FFC_sans_bias10": {"write": {"device_start": -1, "host_queued_start": 1585586249.873115, "device_queued": -1, "device_end": -1, "host_queued_end": 1585586249.889855}, "device": "cpu", "nd_range": {"device_start": 2254024.079929519, "device_end": 2254024.0951885283}, "cmdq": 3, "read": {"device_start": -1, "device_end": -1}}, "coalesced_transpose3": {"write": {"device_start": -1, "host_queued_start": 1585586249.88086, "device_queued": -1, "device_end": -1, "host_queued_end": 1585586249.889855}, "device": "cpu", "nd_range": {"device_start": 2254024.121790878, "device_end": 2254024.122034862}, "cmdq": 1, "read": {"device_start": -1, "device_end": -1}}, "FFC_sans_bias34": {"write": {"device_start": -1, "host_queued_start": 1585586249.88981, "device_queued": -1, "device_end": -1, "host_queued_end": 1585586249.889855}, "device": "cpu", "nd_range": {"device_start": 2254024.170593031, "device_end": 2254024.177791958}, "cmdq": 0, "read": {"device_start": -1, "device_end": -1}}, "FFC_sans_bias15": {"write": {"device_start": -1, "host_queued_start": 1585586249.885063, "device_queued": -1, "device_end": -1, "host_queued_end": 1585586249.889855}, "device": "cpu", "nd_range": {"device_start": 2254024.147047601, "device_end": 2254024.158738944}, "cmdq": 4, "read": {"device_start": -1, "device_end": -1}}, "FFC_sans_bias31": {"write": {"device_start": -1, "host_queued_start": 1585586249.883287, "device_queued": -1, "device_end": -1, "host_queued_end": 1585586249.889855}, "device": "cpu", "nd_range": {"device_start": 2254024.148417327, "device_end": 2254024.16007559}, "cmdq": 3, "read": {"device_start": -1, "device_end": -1}}, "FFC_sans_bias16": {"write": {"device_start": -1, "host_queued_start": 1585586249.887789, "device_queued": -1, "device_end": -1, "host_queued_end": 1585586249.889855}, "device": "cpu", "nd_range": {"device_start": 2254024.1768301753, "device_end": 2254024.1921363734}, "cmdq": 3, "read": {"device_start": -1, "device_end": -1}}, "FFC_sans_bias19": {"write": {"device_start": -1, "host_queued_start": 1585586249.876337, "device_queued": -1, "device_end": -1, "host_queued_end": 1585586249.889855}, "device": "cpu", "nd_range": {"device_start": 2254024.098661248, "device_end": 2254024.1195116783}, "cmdq": 1, "read": {"device_start": -1, "device_end": -1}}, "FFC_sans_bias18": {"write": {"device_start": -1, "host_queued_start": 1585586249.875297, "device_queued": -1, "device_end": -1, "host_queued_end": 1585586249.889855}, "device": "cpu", "nd_range": {"device_start": 2254024.095742966, "device_end": 2254024.112454505}, "cmdq": 0, "read": {"device_start": -1, "device_end": -1}}, "coalesced_transpose30": {"write": {"device_start": -1, "host_queued_start": 1585586249.881864, "device_queued": -1, "device_end": -1, "host_queued_end": 1585586249.889855}, "device": "cpu", "nd_range": {"device_start": 2254024.146477193, "device_end": 2254024.146711681}, "cmdq": 4, "read": {"device_start": -1, "device_end": -1}}, "FFC_sans_bias38": {"write": {"device_start": 1585586184.4581528, "host_queued_start": 1585586249.855537, "device_queued": 1585586184.4565797, "device_end": 1585586184.4581823, "host_queued_end": 1585586249.863308}, "device": "gpu", "nd_range": {"device_start": 1585586184.4581883, "device_end": 1585586184.45879}, "cmdq": 0,