{"FFC_sans_bias4": {"write": {"device_start": -1, "host_queued_start": 1585586553.363964, "device_queued": -1, "device_end": -1, "host_queued_end": 1585586553.369579}, "device": "cpu", "nd_range": {"device_start": 2254327.598956387, "device_end": 2254327.603277528}, "cmdq": 0, "read": {"device_start": -1, "device_end": -1}}, "FFC_sans_bias7": {"write": {"device_start": -1, "host_queued_start": 1585586553.367551, "device_queued": -1, "device_end": -1, "host_queued_end": 1585586553.369579}, "device": "cpu", "nd_range": {"device_start": 2254327.627000031, "device_end": 2254327.6315242234}, "cmdq": 0, "read": {"device_start": -1, "device_end": -1}}, "FFC_sans_bias6": {"write": {"device_start": -1, "host_queued_start": 1585586553.365806, "device_queued": -1, "device_end": -1, "host_queued_end": 1585586553.369579}, "device": "cpu", "nd_range": {"device_start": 2254327.613606424, "device_end": 2254327.6179274083}, "cmdq": 0, "read": {"device_start": -1, "device_end": -1}}, "FFC_sans_bias1": {"write": {"device_start": -1, "host_queued_start": 1585586553.355, "device_queued": -1, "device_end": -1, "host_queued_end": 1585586553.369579}, "device": "cpu", "nd_range": {"device_start": 2254327.563427212, "device_end": 2254327.5672594123}, "cmdq": 0, "read": {"device_start": -1, "device_end": -1}}, "FFC_sans_bias0": {"write": {"device_start": -1, "host_queued_start": 1585586553.353929, "device_queued": -1, "device_end": -1, "host_queued_end": 1585586553.369579}, "device": "cpu", "nd_range": {"device_start": 2254327.5592197073, "device_end": 2254327.563316051}, "cmdq": 0, "read": {"device_start": -1, "device_end": -1}}, "FFC_sans_bias2": {"write": {"device_start": -1, "host_queued_start": 1585586553.356052, "device_queued": -1, "device_end": -1, "host_queued_end": 1585586553.369579}, "device": "cpu", "nd_range": {"device_start": 2254327.5674050204, "device_end": 2254327.571227549}, "cmdq": 0, "read": {"device_start": -1, "device_end": -1}}, "FFC_sans_bias52": {"write": {"device_start": 1585586487.941491, "host_queued_start": 1585586553.349406, "device_queued": 1585586487.9365284, "device_end": 1585586487.9415295, "host_queued_end": 1585586553.349513}, "device": "gpu", "nd_range": {"device_start": 1585586487.9423492, "device_end": 1585586487.9432971}, "cmdq": 1, "read": {"device_start": 1585586487.9433024, "device_end": 1585586487.9433289}}, "FFC_sans_bias9": {"write": {"device_start": -1, "host_queued_start": 1585586553.357198, "device_queued": -1, "device_end": -1, "host_queued_end": 1585586553.369579}, "device": "cpu", "nd_range": {"device_start": 2254327.571358187, "device_end": 2254327.575684157}, "cmdq": 0, "read": {"device_start": -1, "device_end": -1}}, "coalesced_transpose39": {"write": {"device_start": -1, "host_queued_start": 1585586553.343233, "device_queued": -1, "device_end": -1, "host_queued_end": 1585586553.349513}, "device": "gpu", "nd_range": {"device_start": 1585586487.9377906, "device_end": 1585586487.9391408}, "cmdq": 3, "read": {"device_start": -1, "device_end": -1}}, "FFC_sans_bias51": {"write": {"device_start": -1, "host_queued_start": 1585586553.34615, "device_queued": -1, "device_end": -1, "host_queued_end": 1585586553.349513}, "device": "gpu", "nd_range": {"device_start": 1585586487.9411764, "device_end": 1585586487.9423432}, "cmdq": 3, "read": {"device_start": -1, "device_end": -1}}, "softmax23": {"write": {"device_start": -1, "host_queued_start": 1585586553.365471, "device_queued": -1, "device_end": -1, "host_queued_end": 1585586553.369579}, "device": "cpu", "nd_range": {"device_start": 2254327.6133776293, "device_end": 2254327.613482694}, "cmdq": 0, "read": {"device_start": -1, "device_end": -1}}, "FFC_sans_bias37": {"write": {"device_start": 1585586487.935176, "host_queued_start": 1585586553.338372, "device_queued": 1585586487.935014, "device_end": 1585586487.9352007, "host_queued_end": 1585586553.349513}, "device": "gpu", "nd_range": {"device_start": 1585586487.9352727, "device_end": 1585586487.9373515}, "cmdq": 2, "read": {"device_start": -1, "device_end": -1}}, "softmax41": {"write": {"device_start": -1, "host_queued_start": 1585586553.344983, "device_queued": -1, "device_end": -1, "host_queued_end": 1585586553.349513}, "device": "gpu", "nd_range": {"device_start": 1585586487.9407704, "device_end": 1585586487.9411654}, "cmdq": 4, "read": {"device_start": -1, "device_end": -1}}, "FFC_sans_bias11": {"write": {"device_start": -1, "host_queued_start": 1585586553.359395, "device_queued": -1, "device_end": -1, "host_queued_end": 1585586553.369579}, "device": "cpu", "nd_range": {"device_start": 2254327.580539305, "device_end": 2254327.584753678}, "cmdq": 0, "read": {"device_start": -1, "device_end": -1}}, "FFC_sans_bias10": {"write": {"device_start": -1, "host_queued_start": 1585586553.358271, "device_queued": -1, "device_end": -1, "host_queued_end": 1585586553.369579}, "device": "cpu", "nd_range": {"device_start": 2254327.575689889, "device_end": 2254327.580533063}, "cmdq": 0, "read": {"device_start": -1, "device_end": -1}}, "coalesced_transpose3": {"write": {"device_start": -1, "host_queued_start": 1585586553.362948, "device_queued": -1, "device_end": -1, "host_queued_end": 1585586553.369579}, "device": "cpu", "nd_range": {"device_start": 2254327.5983743863, "device_end": 2254327.598547093}, "cmdq": 0, "read": {"device_start": -1, "device_end": -1}}, "FFC_sans_bias34": {"write": {"device_start": 1585586487.9412618, "host_queued_start": 1585586553.347199, "device_queued": 1585586487.9362326, "device_end": 1585586487.9412932, "host_queued_end": 1585586553.349513}, "device": "gpu", "nd_range": {"device_start": 1585586487.9423552, "device_end": 1585586487.9437513}, "cmdq": 4, "read": {"device_start": 1585586487.9437542, "device_end": 1585586487.9437773}}, "FFC_sans_bias15": {"write": {"device_start": -1, "host_queued_start": 1585586553.366147, "device_queued": -1, "device_end": -1, "host_queued_end": 1585586553.369579}, "device": "cpu", "nd_range": {"device_start": 2254327.617933149, "device_end": 2254327.6226663142}, "cmdq": 0, "read": {"device_start": -1, "device_end": -1}}, "FFC_sans_bias31": {"write": {"device_start": -1, "host_queued_start": 1585586553.343858, "device_queued": -1, "device_end": -1, "host_queued_end": 1585586553.349513}, "device": "gpu", "nd_range": {"device_start": 1585586487.9391503, "device_end": 1585586487.9397562}, "cmdq": 0, "read": {"device_start": -1, "device_end": -1}}, "FFC_sans_bias16": {"write": {"device_start": -1, "host_queued_start": 1585586553.368547, "device_queued": -1, "device_end": -1, "host_queued_end": 1585586553.369579}, "device": "cpu", "nd_range": {"device_start": 2254327.6315277372, "device_end": 2254327.636104457}, "cmdq": 0, "read": {"device_start": -1, "device_end": -1}}, "FFC_sans_bias19": {"write": {"device_start": -1, "host_queued_start": 1585586553.361534, "device_queued": -1, "device_end": -1, "host_queued_end": 1585586553.369579}, "device": "cpu", "nd_range": {"device_start": 2254327.589485418, "device_end": 2254327.593794772}, "cmdq": 0, "read": {"device_start": -1, "device_end": -1}}, "FFC_sans_bias18": {"write": {"device_start": -1, "host_queued_start": 1585586553.360491, "device_queued": -1, "device_end": -1, "host_queued_end": 1585586553.369579}, "device": "cpu", "nd_range": {"device_start": 2254327.5847595283, "device_end": 2254327.589480413}, "cmdq": 0, "read": {"device_start": -1, "device_end": -1}}, "coalesced_transpose30": {"write": {"device_start": -1, "host_queued_start": 1585586553.342915, "device_queued": -1, "device_end": -1, "host_queued_end": 1585586553.349513}, "device": "gpu", "nd_range": {"device_start": 1585586487.9373527, "device_end": 1585586487.9391375}, "cmdq": 2, "read": {"device_start": -1, "device_end": -1}}, "FFC_sans_bias38": {"write": {"device_start": 1585586487.9355211, "host_queued_start": 1585586553.339444, "device_queued": 1585586487.9350297, "device_end": 1585586487.9355514, "host_queued_end": 1585586553.349513}, "device": "gpu",