{"FFC_sans_bias4": {"write": {"device_start": -1, "host_queued_start": 1585586547.967801, "device_queued": -1, "device_end": -1, "host_queued_end": 1585586547.96948}, "device": "cpu", "nd_range": {"device_start": 2254322.1717688823, "device_end": 2254322.175624379}, "cmdq": 0, "read": {"device_start": -1, "device_end": -1}}, "FFC_sans_bias7": {"write": {"device_start": -1, "host_queued_start": 1585586547.969435, "device_queued": -1, "device_end": -1, "host_queued_end": 1585586547.96948}, "device": "cpu", "nd_range": {"device_start": 2254322.180756906, "device_end": 2254322.184828516}, "cmdq": 0, "read": {"device_start": -1, "device_end": -1}}, "FFC_sans_bias6": {"write": {"device_start": -1, "host_queued_start": 1585586547.968407, "device_queued": -1, "device_end": -1, "host_queued_end": 1585586547.96948}, "device": "cpu", "nd_range": {"device_start": 2254322.1758534033, "device_end": 2254322.180751066}, "cmdq": 0, "read": {"device_start": -1, "device_end": -1}}, "FFC_sans_bias1": {"write": {"device_start": -1, "host_queued_start": 1585586547.96564, "device_queued": -1, "device_end": -1, "host_queued_end": 1585586547.96948}, "device": "cpu", "nd_range": {"device_start": 2254322.163444043, "device_end": 2254322.1675310913}, "cmdq": 0, "read": {"device_start": -1, "device_end": -1}}, "FFC_sans_bias0": {"write": {"device_start": -1, "host_queued_start": 1585586547.964298, "device_queued": -1, "device_end": -1, "host_queued_end": 1585586547.96948}, "device": "cpu", "nd_range": {"device_start": 2254322.159113421, "device_end": 2254322.163422491}, "cmdq": 0, "read": {"device_start": -1, "device_end": -1}}, "FFC_sans_bias2": {"write": {"device_start": -1, "host_queued_start": 1585586547.966946, "device_queued": -1, "device_end": -1, "host_queued_end": 1585586547.96948}, "device": "cpu", "nd_range": {"device_start": 2254322.1675482052, "device_end": 2254322.171526973}, "cmdq": 0, "read": {"device_start": -1, "device_end": -1}}, "FFC_sans_bias52": {"write": {"device_start": 1585586482.5601308, "host_queued_start": 1585586547.961191, "device_queued": 1585586482.5497057, "device_end": 1585586482.5601566, "host_queued_end": 1585586547.961313}, "device": "gpu", "nd_range": {"device_start": 1585586482.560161, "device_end": 1585586482.5614722}, "cmdq": 4, "read": {"device_start": 1585586482.5614758, "device_end": 1585586482.5614977}}, "FFC_sans_bias9": {"write": {"device_start": 1585586482.5468185, "host_queued_start": 1585586547.935368, "device_queued": 1585586482.54674, "device_end": 1585586482.5468788, "host_queued_end": 1585586547.961313}, "device": "gpu", "nd_range": {"device_start": 1585586482.5468822, "device_end": 1585586482.5474887}, "cmdq": 0, "read": {"device_start": -1, "device_end": -1}}, "coalesced_transpose39": {"write": {"device_start": -1, "host_queued_start": 1585586547.951217, "device_queued": -1, "device_end": -1, "host_queued_end": 1585586547.961313}, "device": "gpu", "nd_range": {"device_start": 1585586482.5537589, "device_end": 1585586482.5541205}, "cmdq": 3, "read": {"device_start": -1, "device_end": -1}}, "FFC_sans_bias51": {"write": {"device_start": -1, "host_queued_start": 1585586547.956014, "device_queued": -1, "device_end": -1, "host_queued_end": 1585586547.961313}, "device": "gpu", "nd_range": {"device_start": 1585586482.5582955, "device_end": 1585586482.5600588}, "cmdq": 4, "read": {"device_start": -1, "device_end": -1}}, "softmax23": {"write": {"device_start": -1, "host_queued_start": 1585586547.953696, "device_queued": -1, "device_end": -1, "host_queued_end": 1585586547.961313}, "device": "gpu", "nd_range": {"device_start": 1585586482.5552294, "device_end": 1585586482.5564158}, "cmdq": 1, "read": {"device_start": -1, "device_end": -1}}, "FFC_sans_bias37": {"write": {"device_start": 1585586482.5500145, "host_queued_start": 1585586547.945775, "device_queued": 1585586482.547858, "device_end": 1585586482.5500412, "host_queued_end": 1585586547.961313}, "device": "gpu", "nd_range": {"device_start": 1585586482.5500576, "device_end": 1585586482.5522954}, "cmdq": 0, "read": {"device_start": -1, "device_end": -1}}, "softmax41": {"write": {"device_start": -1, "host_queued_start": 1585586547.954183, "device_queued": -1, "device_end": -1, "host_queued_end": 1585586547.961313}, "device": "gpu", "nd_range": {"device_start": 1585586482.5561893, "device_end": 1585586482.556885}, "cmdq": 3, "read": {"device_start": -1, "device_end": -1}}, "FFC_sans_bias11": {"write": {"device_start": 1585586482.5470543, "host_queued_start": 1585586547.937422, "device_queued": 1585586482.5469682, "device_end": 1585586482.5471163, "host_queued_end": 1585586547.961313}, "device": "gpu", "nd_range": {"device_start": 1585586482.5472343, "device_end": 1585586482.5484593}, "cmdq": 2, "read": {"device_start": -1, "device_end": -1}}, "FFC_sans_bias10": {"write": {"device_start": 1585586482.5469122, "host_queued_start": 1585586547.936395, "device_queued": 1585586482.5467904, "device_end": 1585586482.546946, "host_queued_end": 1585586547.961313}, "device": "gpu", "nd_range": {"device_start": 1585586482.5470319, "device_end": 1585586482.547898}, "cmdq": 1, "read": {"device_start": -1, "device_end": -1}}, "coalesced_transpose3": {"write": {"device_start": -1, "host_queued_start": 1585586547.967371, "device_queued": -1, "device_end": -1, "host_queued_end": 1585586547.96948}, "device": "cpu", "nd_range": {"device_start": 2254322.171532946, "device_end": 2254322.171621688}, "cmdq": 0, "read": {"device_start": -1, "device_end": -1}}, "FFC_sans_bias34": {"write": {"device_start": 1585586482.5583448, "host_queued_start": 1585586547.959133, "device_queued": 1585586482.549514, "device_end": 1585586482.5583706, "host_queued_end": 1585586547.961313}, "device": "gpu", "nd_range": {"device_start": 1585586482.5583751, "device_end": 1585586482.5605369}, "cmdq": 2, "read": {"device_start": 1585586482.560542, "device_end": 1585586482.5605648}}, "FFC_sans_bias15": {"write": {"device_start": -1, "host_queued_start": 1585586547.954773, "device_queued": -1, "device_end": -1, "host_queued_end": 1585586547.961313}, "device": "gpu", "nd_range": {"device_start": 1585586482.5566173, "device_end": 1585586482.5581276}, "cmdq": 0, "read": {"device_start": -1, "device_end": -1}}, "FFC_sans_bias31": {"write": {"device_start": -1, "host_queued_start": 1585586547.952573, "device_queued": -1, "device_end": -1, "host_queued_end": 1585586547.961313}, "device": "gpu", "nd_range": {"device_start": 1585586482.5541065, "device_end": 1585586482.5556898}, "cmdq": 2, "read": {"device_start": -1, "device_end": -1}}, "FFC_sans_bias16": {"write": {"device_start": 1585586482.5582104, "host_queued_start": 1585586547.957017, "device_queued": 1585586482.5493062, "device_end": 1585586482.5582418, "host_queued_end": 1585586547.961313}, "device": "gpu", "nd_range": {"device_start": 1585586482.5582492, "device_end": 1585586482.5595791}, "cmdq": 0, "read": {"device_start": 1585586482.5595834, "device_end": 1585586482.559609}}, "FFC_sans_bias19": {"write": {"device_start": 1585586482.5472257, "host_queued_start": 1585586547.939524, "device_queued": 1585586482.5470002, "device_end": 1585586482.5472567, "host_queued_end": 1585586547.961313}, "device": "gpu", "nd_range": {"device_start": 1585586482.5472734, "device_end": 1585586482.5494094}, "cmdq": 4, "read": {"device_start": -1, "device_end": -1}}, "FFC_sans_bias18": {"write": {"device_start": 1585586482.5471423, "host_queued_start": 1585586547.938447, "device_queued": 1585586482.5469863, "device_end": 1585586482.547204, "host_queued_end": 1585586547.961313}, "device": "gpu", "nd_range": {"device_start": 1585586482.5472584, "device_end": 1585586482.5488858}, "cmdq": 3, "read": {"device_start": -1, "device_end": -1}}, "coalesced_transpose30": {"write": {"device_start": -1, "host_queued_start": 1585586547.950923, "device_queued": -1, "device_end": -1, "host_queued_end": 1585586547.961313}, "device": "gpu", "nd_range": {"device_start": 1585586482.5532598,