{"FFC_sans_bias4": {"write": {"device_start": -1, "host_queued_start": 1585586345.6222, "device_queued": -1, "device_end": -1, "host_queued_end": 1585586345.629816}, "device": "cpu", "nd_range": {"device_start": 2254119.88212136, "device_end": 2254119.889268312}, "cmdq": 0, "read": {"device_start": -1, "device_end": -1}}, "FFC_sans_bias7": {"write": {"device_start": -1, "host_queued_start": 1585586345.626794, "device_queued": -1, "device_end": -1, "host_queued_end": 1585586345.629816}, "device": "cpu", "nd_range": {"device_start": 2254119.906384911, "device_end": 2254119.918486062}, "cmdq": 2, "read": {"device_start": -1, "device_end": -1}}, "FFC_sans_bias6": {"write": {"device_start": -1, "host_queued_start": 1585586345.624723, "device_queued": -1, "device_end": -1, "host_queued_end": 1585586345.629816}, "device": "cpu", "nd_range": {"device_start": 2254119.896816539, "device_end": 2254119.905428523}, "cmdq": 3, "read": {"device_start": -1, "device_end": -1}}, "FFC_sans_bias1": {"write": {"device_start": -1, "host_queued_start": 1585586345.609679, "device_queued": -1, "device_end": -1, "host_queued_end": 1585586345.629816}, "device": "cpu", "nd_range": {"device_start": 2254119.8194513633, "device_end": 2254119.8348676222}, "cmdq": 0, "read": {"device_start": -1, "device_end": -1}}, "FFC_sans_bias0": {"write": {"device_start": -1, "host_queued_start": 1585586345.608506, "device_queued": -1, "device_end": -1, "host_queued_end": 1585586345.629816}, "device": "cpu", "nd_range": {"device_start": 2254119.8194607464, "device_end": 2254119.835580455}, "cmdq": 4, "read": {"device_start": -1, "device_end": -1}}, "FFC_sans_bias2": {"write": {"device_start": -1, "host_queued_start": 1585586345.610854, "device_queued": -1, "device_end": -1, "host_queued_end": 1585586345.629816}, "device": "cpu", "nd_range": {"device_start": 2254119.819452087, "device_end": 2254119.834829557}, "cmdq": 1, "read": {"device_start": -1, "device_end": -1}}, "FFC_sans_bias52": {"write": {"device_start": 1585586280.1991146, "host_queued_start": 1585586345.603237, "device_queued": 1585586280.19518, "device_end": 1585586280.1991456, "host_queued_end": 1585586345.603339}, "device": "gpu", "nd_range": {"device_start": 1585586280.199148, "device_end": 1585586280.1999807}, "cmdq": 1, "read": {"device_start": 1585586280.199985, "device_end": 1585586280.2000082}}, "FFC_sans_bias9": {"write": {"device_start": -1, "host_queued_start": 1585586345.611992, "device_queued": -1, "device_end": -1, "host_queued_end": 1585586345.629816}, "device": "cpu", "nd_range": {"device_start": 2254119.819874018, "device_end": 2254119.8352192733}, "cmdq": 2, "read": {"device_start": -1, "device_end": -1}}, "coalesced_transpose39": {"write": {"device_start": -1, "host_queued_start": 1585586345.599095, "device_queued": -1, "device_end": -1, "host_queued_end": 1585586345.603339}, "device": "gpu", "nd_range": {"device_start": 1585586280.196527, "device_end": 1585586280.1968682}, "cmdq": 0, "read": {"device_start": -1, "device_end": -1}}, "FFC_sans_bias51": {"write": {"device_start": -1, "host_queued_start": 1585586345.601155, "device_queued": -1, "device_end": -1, "host_queued_end": 1585586345.603339}, "device": "gpu", "nd_range": {"device_start": 1585586280.1982877, "device_end": 1585586280.1989982}, "cmdq": 1, "read": {"device_start": -1, "device_end": -1}}, "softmax23": {"write": {"device_start": -1, "host_queued_start": 1585586345.624106, "device_queued": -1, "device_end": -1, "host_queued_end": 1585586345.629816}, "device": "cpu", "nd_range": {"device_start": 2254119.880657955, "device_end": 2254119.880872596}, "cmdq": 1, "read": {"device_start": -1, "device_end": -1}}, "FFC_sans_bias37": {"write": {"device_start": 1585586280.1941335, "host_queued_start": 1585586345.594517, "device_queued": 1585586280.1940308, "device_end": 1585586280.1941638, "host_queued_end": 1585586345.603339}, "device": "gpu", "nd_range": {"device_start": 1585586280.1941664, "device_end": 1585586280.1950135}, "cmdq": 1, "read": {"device_start": -1, "device_end": -1}}, "softmax41": {"write": {"device_start": -1, "host_queued_start": 1585586345.600269, "device_queued": -1, "device_end": -1, "host_queued_end": 1585586345.603339}, "device": "gpu", "nd_range": {"device_start": 1585586280.1974778, "device_end": 1585586280.1979933}, "cmdq": 0, "read": {"device_start": -1, "device_end": -1}}, "FFC_sans_bias11": {"write": {"device_start": -1, "host_queued_start": 1585586345.614134, "device_queued": -1, "device_end": -1, "host_queued_end": 1585586345.629816}, "device": "cpu", "nd_range": {"device_start": 2254119.8505750704, "device_end": 2254119.865813475}, "cmdq": 4, "read": {"device_start": -1, "device_end": -1}}, "FFC_sans_bias10": {"write": {"device_start": -1, "host_queued_start": 1585586345.613071, "device_queued": -1, "device_end": -1, "host_queued_end": 1585586345.629816}, "device": "cpu", "nd_range": {"device_start": 2254119.835830238, "device_end": 2254119.8527271803}, "cmdq": 3, "read": {"device_start": -1, "device_end": -1}}, "coalesced_transpose3": {"write": {"device_start": -1, "host_queued_start": 1585586345.620878, "device_queued": -1, "device_end": -1, "host_queued_end": 1585586345.629816}, "device": "cpu", "nd_range": {"device_start": 2254119.8503191452, "device_end": 2254119.850562578}, "cmdq": 1, "read": {"device_start": -1, "device_end": -1}}, "FFC_sans_bias34": {"write": {"device_start": -1, "host_queued_start": 1585586345.629772, "device_queued": -1, "device_end": -1, "host_queued_end": 1585586345.629816}, "device": "cpu", "nd_range": {"device_start": 2254119.914513751, "device_end": 2254119.928856042}, "cmdq": 0, "read": {"device_start": -1, "device_end": -1}}, "FFC_sans_bias15": {"write": {"device_start": -1, "host_queued_start": 1585586345.625054, "device_queued": -1, "device_end": -1, "host_queued_end": 1585586345.629816}, "device": "cpu", "nd_range": {"device_start": 2254119.8969751, "device_end": 2254119.908477512}, "cmdq": 4, "read": {"device_start": -1, "device_end": -1}}, "FFC_sans_bias31": {"write": {"device_start": -1, "host_queued_start": 1585586345.623277, "device_queued": -1, "device_end": -1, "host_queued_end": 1585586345.629816}, "device": "cpu", "nd_range": {"device_start": 2254119.8804956903, "device_end": 2254119.888063483}, "cmdq": 3, "read": {"device_start": -1, "device_end": -1}}, "FFC_sans_bias16": {"write": {"device_start": -1, "host_queued_start": 1585586345.62778, "device_queued": -1, "device_end": -1, "host_queued_end": 1585586345.629816}, "device": "cpu", "nd_range": {"device_start": 2254119.908745129, "device_end": 2254119.921508267}, "cmdq": 3, "read": {"device_start": -1, "device_end": -1}}, "FFC_sans_bias19": {"write": {"device_start": -1, "host_queued_start": 1585586345.616296, "device_queued": -1, "device_end": -1, "host_queued_end": 1585586345.629816}, "device": "cpu", "nd_range": {"device_start": 2254119.834884549, "device_end": 2254119.850189912}, "cmdq": 1, "read": {"device_start": -1, "device_end": -1}}, "FFC_sans_bias18": {"write": {"device_start": -1, "host_queued_start": 1585586345.615257, "device_queued": -1, "device_end": -1, "host_queued_end": 1585586345.629816}, "device": "cpu", "nd_range": {"device_start": 2254119.838400546, "device_end": 2254119.859489173}, "cmdq": 0, "read": {"device_start": -1, "device_end": -1}}, "coalesced_transpose30": {"write": {"device_start": -1, "host_queued_start": 1585586345.621861, "device_queued": -1, "device_end": -1, "host_queued_end": 1585586345.629816}, "device": "cpu", "nd_range": {"device_start": 2254119.880331093, "device_end": 2254119.880484799}, "cmdq": 4, "read": {"device_start": -1, "device_end": -1}}, "FFC_sans_bias38": {"write": {"device_start": 1585586280.1947227, "host_queued_start": 1585586345.595579, "device_queued": 1585586280.194083, "device_end": 1585586280.194754, "host_queued_end": 1585586345.603339}, "device": "gpu", "nd_range": {"device_start": 1585586280.1947577, "device_end": 1585586280.1955671}, "cmdq": 0,