{"FFC_sans_bias4": {"write": {"device_start": -1, "host_queued_start": 1585586621.896989, "device_queued": -1, "device_end": -1, "host_queued_end": 1585586621.908369}, "device": "gpu", "nd_range": {"device_start": 1585586556.5009942, "device_end": 1585586556.5016005}, "cmdq": 0, "read": {"device_start": -1, "device_end": -1}}, "FFC_sans_bias7": {"write": {"device_start": 1585586556.5067606, "host_queued_start": 1585586621.903023, "device_queued": 1585586556.4955056, "device_end": 1585586556.5067914, "host_queued_end": 1585586621.908369}, "device": "gpu", "nd_range": {"device_start": 1585586556.5068052, "device_end": 1585586556.5091074}, "cmdq": 3, "read": {"device_start": 1585586556.509111, "device_end": 1585586556.5091345}}, "FFC_sans_bias6": {"write": {"device_start": -1, "host_queued_start": 1585586621.900389, "device_queued": -1, "device_end": -1, "host_queued_end": 1585586621.908369}, "device": "gpu", "nd_range": {"device_start": 1585586556.50465, "device_end": 1585586556.5062177}, "cmdq": 2, "read": {"device_start": -1, "device_end": -1}}, "FFC_sans_bias1": {"write": {"device_start": 1585586556.4921732, "host_queued_start": 1585586621.877921, "device_queued": 1585586556.4919682, "device_end": 1585586556.492203, "host_queued_end": 1585586621.908369}, "device": "gpu", "nd_range": {"device_start": 1585586556.492307, "device_end": 1585586556.493293}, "cmdq": 2, "read": {"device_start": -1, "device_end": -1}}, "FFC_sans_bias0": {"write": {"device_start": 1585586556.4920778, "host_queued_start": 1585586621.876883, "device_queued": 1585586556.4919457, "device_end": 1585586556.492133, "host_queued_end": 1585586621.908369}, "device": "gpu", "nd_range": {"device_start": 1585586556.4922783, "device_end": 1585586556.4928877}, "cmdq": 1, "read": {"device_start": -1, "device_end": -1}}, "FFC_sans_bias2": {"write": {"device_start": 1585586556.492308, "host_queued_start": 1585586621.878987, "device_queued": 1585586556.4922152, "device_end": 1585586556.492368, "host_queued_end": 1585586621.908369}, "device": "gpu", "nd_range": {"device_start": 1585586556.4924798, "device_end": 1585586556.4938505}, "cmdq": 3, "read": {"device_start": -1, "device_end": -1}}, "FFC_sans_bias52": {"write": {"device_start": 1585586556.5093157, "host_queued_start": 1585586621.908243, "device_queued": 1585586556.4961774, "device_end": 1585586556.5093455, "host_queued_end": 1585586621.908369}, "device": "gpu", "nd_range": {"device_start": 1585586556.5093567, "device_end": 1585586556.5105226}, "cmdq": 3, "read": {"device_start": 1585586556.5105307, "device_end": 1585586556.5105526}}, "FFC_sans_bias9": {"write": {"device_start": 1585586556.4923923, "host_queued_start": 1585586621.880044, "device_queued": 1585586556.4922416, "device_end": 1585586556.4924212, "host_queued_end": 1585586621.908369}, "device": "gpu", "nd_range": {"device_start": 1585586556.4924953, "device_end": 1585586556.4942882}, "cmdq": 4, "read": {"device_start": -1, "device_end": -1}}, "coalesced_transpose39": {"write": {"device_start": -1, "host_queued_start": 1585586621.896375, "device_queued": -1, "device_end": -1, "host_queued_end": 1585586621.908369}, "device": "gpu", "nd_range": {"device_start": 1585586556.5011125, "device_end": 1585586556.501433}, "cmdq": 3, "read": {"device_start": -1, "device_end": -1}}, "FFC_sans_bias51": {"write": {"device_start": -1, "host_queued_start": 1585586621.901972, "device_queued": -1, "device_end": -1, "host_queued_end": 1585586621.908369}, "device": "gpu", "nd_range": {"device_start": 1585586556.5062258, "device_end": 1585586556.508165}, "cmdq": 2, "read": {"device_start": -1, "device_end": -1}}, "softmax23": {"write": {"device_start": -1, "host_queued_start": 1585586621.899329, "device_queued": -1, "device_end": -1, "host_queued_end": 1585586621.908369}, "device": "gpu", "nd_range": {"device_start": 1585586556.5035706, "device_end": 1585586556.504617}, "cmdq": 3, "read": {"device_start": -1, "device_end": -1}}, "FFC_sans_bias37": {"write": {"device_start": 1585586556.4968214, "host_queued_start": 1585586621.890509, "device_queued": 1585586556.4933512, "device_end": 1585586556.4968476, "host_queued_end": 1585586621.908369}, "device": "gpu", "nd_range": {"device_start": 1585586556.4968636, "device_end": 1585586556.4991622}, "cmdq": 4, "read": {"device_start": -1, "device_end": -1}}, "softmax41": {"write": {"device_start": -1, "host_queued_start": 1585586621.899822, "device_queued": -1, "device_end": -1, "host_queued_end": 1585586621.908369}, "device": "gpu", "nd_range": {"device_start": 1585586556.503984, "device_end": 1585586556.5041935}, "cmdq": 0, "read": {"device_start": -1, "device_end": -1}}, "FFC_sans_bias11": {"write": {"device_start": 1585586556.4930248, "host_queued_start": 1585586621.882132, "device_queued": 1585586556.4926662, "device_end": 1585586556.4930553, "host_queued_end": 1585586621.908369}, "device": "gpu", "nd_range": {"device_start": 1585586556.4930594, "device_end": 1585586556.4952762}, "cmdq": 1, "read": {"device_start": -1, "device_end": -1}}, "FFC_sans_bias10": {"write": {"device_start": 1585586556.4925866, "host_queued_start": 1585586621.881093, "device_queued": 1585586556.492501, "device_end": 1585586556.4926157, "host_queued_end": 1585586621.908369}, "device": "gpu", "nd_range": {"device_start": 1585586556.492621, "device_end": 1585586556.4948115}, "cmdq": 0, "read": {"device_start": -1, "device_end": -1}}, "coalesced_transpose3": {"write": {"device_start": -1, "host_queued_start": 1585586621.895053, "device_queued": -1, "device_end": -1, "host_queued_end": 1585586621.908369}, "device": "gpu", "nd_range": {"device_start": 1585586556.4991634, "device_end": 1585586556.5009604}, "cmdq": 4, "read": {"device_start": -1, "device_end": -1}}, "FFC_sans_bias34": {"write": {"device_start": 1585586556.5073051, "host_queued_start": 1585586621.906141, "device_queued": 1585586556.4959474, "device_end": 1585586556.5073366, "host_queued_end": 1585586621.908369}, "device": "gpu", "nd_range": {"device_start": 1585586556.507348, "device_end": 1585586556.5095623}, "cmdq": 1, "read": {"device_start": 1585586556.5095744, "device_end": 1585586556.5095968}}, "FFC_sans_bias15": {"write": {"device_start": -1, "host_queued_start": 1585586621.900715, "device_queued": -1, "device_end": -1, "host_queued_end": 1585586621.908369}, "device": "gpu", "nd_range": {"device_start": 1585586556.504658, "device_end": 1585586556.5066361}, "cmdq": 3, "read": {"device_start": -1, "device_end": -1}}, "FFC_sans_bias31": {"write": {"device_start": -1, "host_queued_start": 1585586621.897929, "device_queued": -1, "device_end": -1, "host_queued_end": 1585586621.908369}, "device": "gpu", "nd_range": {"device_start": 1585586556.5014431, "device_end": 1585586556.5030298}, "cmdq": 3, "read": {"device_start": -1, "device_end": -1}}, "FFC_sans_bias16": {"write": {"device_start": 1585586556.5053587, "host_queued_start": 1585586621.904069, "device_queued": 1585586556.4954658, "device_end": 1585586556.5053895, "host_queued_end": 1585586621.908369}, "device": "gpu", "nd_range": {"device_start": 1585586556.5066543, "device_end": 1585586556.5085855}, "cmdq": 4, "read": {"device_start": 1585586556.5085914, "device_end": 1585586556.5086148}}, "FFC_sans_bias19": {"write": {"device_start": 1585586556.493936, "host_queued_start": 1585586621.884222, "device_queued": 1585586556.4927092, "device_end": 1585586556.493967, "host_queued_end": 1585586621.908369}, "device": "gpu", "nd_range": {"device_start": 1585586556.493972, "device_end": 1585586556.4962656}, "cmdq": 3, "read": {"device_start": -1, "device_end": -1}}, "FFC_sans_bias18": {"write": {"device_start": 1585586556.493425, "host_queued_start": 1585586621.883191, "device_queued": 1585586556.492695, "device_end": 1585586556.4934492, "host_queued_end": 1585586621.908369}, "device": "gpu", "nd_range": {"device_start": 1585586556.4934585, "device_end": 1585586556.4957626}, "cmdq": 2, "read": {"device_start": -1, "device_end": -1}},