{"FFC_sans_bias4": {"write": {"device_start": -1, "host_queued_start": 1585586258.247708, "device_queued": -1, "device_end": -1, "host_queued_end": 1585586258.259065}, "device": "gpu", "nd_range": {"device_start": 1585586192.8612702, "device_end": 1585586192.8618724}, "cmdq": 0, "read": {"device_start": -1, "device_end": -1}}, "FFC_sans_bias7": {"write": {"device_start": 1585586192.8674438, "host_queued_start": 1585586258.253695, "device_queued": 1585586192.8555431, "device_end": 1585586192.8674734, "host_queued_end": 1585586258.259065}, "device": "gpu", "nd_range": {"device_start": 1585586192.8674774, "device_end": 1585586192.8682978}, "cmdq": 0, "read": {"device_start": 1585586192.8683078, "device_end": 1585586192.8683326}}, "FFC_sans_bias6": {"write": {"device_start": -1, "host_queued_start": 1585586258.251095, "device_queued": -1, "device_end": -1, "host_queued_end": 1585586258.259065}, "device": "gpu", "nd_range": {"device_start": 1585586192.8647525, "device_end": 1585586192.8653564}, "cmdq": 0, "read": {"device_start": -1, "device_end": -1}}, "FFC_sans_bias1": {"write": {"device_start": 1585586192.8525636, "host_queued_start": 1585586258.22872, "device_queued": 1585586192.8524504, "device_end": 1585586192.8525887, "host_queued_end": 1585586258.259065}, "device": "gpu", "nd_range": {"device_start": 1585586192.852592, "device_end": 1585586192.85354}, "cmdq": 1, "read": {"device_start": -1, "device_end": -1}}, "FFC_sans_bias0": {"write": {"device_start": 1585586192.8524616, "host_queued_start": 1585586258.227678, "device_queued": 1585586192.8522413, "device_end": 1585586192.8525257, "host_queued_end": 1585586258.259065}, "device": "gpu", "nd_range": {"device_start": 1585586192.8525307, "device_end": 1585586192.8531377}, "cmdq": 0, "read": {"device_start": -1, "device_end": -1}}, "FFC_sans_bias2": {"write": {"device_start": 1585586192.8533113, "host_queued_start": 1585586258.229764, "device_queued": 1585586192.8525007, "device_end": 1585586192.8533423, "host_queued_end": 1585586258.259065}, "device": "gpu", "nd_range": {"device_start": 1585586192.8533447, "device_end": 1585586192.854119}, "cmdq": 0, "read": {"device_start": -1, "device_end": -1}}, "FFC_sans_bias52": {"write": {"device_start": 1585586192.8698738, "host_queued_start": 1585586258.258966, "device_queued": 1585586192.8562558, "device_end": 1585586192.8699028, "host_queued_end": 1585586258.259065}, "device": "gpu", "nd_range": {"device_start": 1585586192.8699064, "device_end": 1585586192.870673}, "cmdq": 1, "read": {"device_start": 1585586192.870682, "device_end": 1585586192.87071}}, "FFC_sans_bias9": {"write": {"device_start": 1585586192.8536448, "host_queued_start": 1585586258.230835, "device_queued": 1585586192.8526456, "device_end": 1585586192.8536758, "host_queued_end": 1585586258.259065}, "device": "gpu", "nd_range": {"device_start": 1585586192.8536782, "device_end": 1585586192.8545394}, "cmdq": 1, "read": {"device_start": -1, "device_end": -1}}, "coalesced_transpose39": {"write": {"device_start": -1, "host_queued_start": 1585586258.247089, "device_queued": -1, "device_end": -1, "host_queued_end": 1585586258.259065}, "device": "gpu", "nd_range": {"device_start": 1585586192.861253, "device_end": 1585586192.8612685}, "cmdq": 0, "read": {"device_start": -1, "device_end": -1}}, "FFC_sans_bias51": {"write": {"device_start": -1, "host_queued_start": 1585586258.252675, "device_queued": -1, "device_end": -1, "host_queued_end": 1585586258.259065}, "device": "gpu", "nd_range": {"device_start": 1585586192.866754, "device_end": 1585586192.8677344}, "cmdq": 1, "read": {"device_start": -1, "device_end": -1}}, "softmax23": {"write": {"device_start": -1, "host_queued_start": 1585586258.250047, "device_queued": -1, "device_end": -1, "host_queued_end": 1585586258.259065}, "device": "gpu", "nd_range": {"device_start": 1585586192.8643436, "device_end": 1585586192.864547}, "cmdq": 0, "read": {"device_start": -1, "device_end": -1}}, "FFC_sans_bias37": {"write": {"device_start": 1585586192.8586009, "host_queued_start": 1585586258.241198, "device_queued": 1585586192.8537416, "device_end": 1585586192.8586264, "host_queued_end": 1585586258.259065}, "device": "gpu", "nd_range": {"device_start": 1585586192.8586304, "device_end": 1585586192.8594463}, "cmdq": 1, "read": {"device_start": -1, "device_end": -1}}, "softmax41": {"write": {"device_start": -1, "host_queued_start": 1585586258.250536, "device_queued": -1, "device_end": -1, "host_queued_end": 1585586258.259065}, "device": "gpu", "nd_range": {"device_start": 1585586192.8645487, "device_end": 1585586192.8647516}, "cmdq": 0, "read": {"device_start": -1, "device_end": -1}}, "FFC_sans_bias11": {"write": {"device_start": 1585586192.8546891, "host_queued_start": 1585586258.232894, "device_queued": 1585586192.8528378, "device_end": 1585586192.8547208, "host_queued_end": 1585586258.259065}, "device": "gpu", "nd_range": {"device_start": 1585586192.8547308, "device_end": 1585586192.855534}, "cmdq": 1, "read": {"device_start": -1, "device_end": -1}}, "FFC_sans_bias10": {"write": {"device_start": 1585586192.8543065, "host_queued_start": 1585586258.23186, "device_queued": 1585586192.8526995, "device_end": 1585586192.8543384, "host_queued_end": 1585586258.259065}, "device": "gpu", "nd_range": {"device_start": 1585586192.854343, "device_end": 1585586192.855065}, "cmdq": 0, "read": {"device_start": -1, "device_end": -1}}, "coalesced_transpose3": {"write": {"device_start": -1, "host_queued_start": 1585586258.245745, "device_queued": -1, "device_end": -1, "host_queued_end": 1585586258.259065}, "device": "gpu", "nd_range": {"device_start": 1585586192.860893, "device_end": 1585586192.861218}, "cmdq": 0, "read": {"device_start": -1, "device_end": -1}}, "FFC_sans_bias34": {"write": {"device_start": 1585586192.8689218, "host_queued_start": 1585586258.256878, "device_queued": 1585586192.8559387, "device_end": 1585586192.8689518, "host_queued_end": 1585586258.259065}, "device": "gpu", "nd_range": {"device_start": 1585586192.8689559, "device_end": 1585586192.8697007}, "cmdq": 1, "read": {"device_start": 1585586192.8697045, "device_end": 1585586192.8697276}}, "FFC_sans_bias15": {"write": {"device_start": -1, "host_queued_start": 1585586258.251417, "device_queued": -1, "device_end": -1, "host_queued_end": 1585586258.259065}, "device": "gpu", "nd_range": {"device_start": 1585586192.864977, "device_end": 1585586192.8657598}, "cmdq": 1, "read": {"device_start": -1, "device_end": -1}}, "FFC_sans_bias31": {"write": {"device_start": -1, "host_queued_start": 1585586258.248661, "device_queued": -1, "device_end": -1, "host_queued_end": 1585586258.259065}, "device": "gpu", "nd_range": {"device_start": 1585586192.862388, "device_end": 1585586192.863363}, "cmdq": 1, "read": {"device_start": -1, "device_end": -1}}, "FFC_sans_bias16": {"write": {"device_start": 1585586192.8678572, "host_queued_start": 1585586258.254771, "device_queued": 1585586192.8557196, "device_end": 1585586192.8678882, "host_queued_end": 1585586258.259065}, "device": "gpu", "nd_range": {"device_start": 1585586192.8678913, "device_end": 1585586192.8687189}, "cmdq": 1, "read": {"device_start": 1585586192.8687239, "device_end": 1585586192.8687482}}, "FFC_sans_bias19": {"write": {"device_start": 1585586192.8556497, "host_queued_start": 1585586258.234982, "device_queued": 1585586192.8530288, "device_end": 1585586192.855682, "host_queued_end": 1585586258.259065}, "device": "gpu", "nd_range": {"device_start": 1585586192.8556874, "device_end": 1585586192.8565347}, "cmdq": 1, "read": {"device_start": -1, "device_end": -1}}, "FFC_sans_bias18": {"write": {"device_start": 1585586192.8552074, "host_queued_start": 1585586258.233923, "device_queued": 1585586192.8528817, "device_end": 1585586192.8552399, "host_queued_end": 1585586258.259065}, "device": "gpu", "nd_range": {"device_start": 1585586192.8552437, "device_end": 1585586192.8560112}, "cmdq": 0, "read": {"device_start": -1, "device_end": -1}},