{"FFC_sans_bias4": {"write": {"device_start": -1, "host_queued_start": 1585586288.158433, "device_queued": -1, "device_end": -1, "host_queued_end": 1585586288.166053}, "device": "cpu", "nd_range": {"device_start": 2254062.408313144, "device_end": 2254062.417412896}, "cmdq": 0, "read": {"device_start": -1, "device_end": -1}}, "FFC_sans_bias7": {"write": {"device_start": -1, "host_queued_start": 1585586288.163041, "device_queued": -1, "device_end": -1, "host_queued_end": 1585586288.166053}, "device": "cpu", "nd_range": {"device_start": 2254062.4442278612, "device_end": 2254062.457274403}, "cmdq": 0, "read": {"device_start": -1, "device_end": -1}}, "FFC_sans_bias6": {"write": {"device_start": -1, "host_queued_start": 1585586288.160938, "device_queued": -1, "device_end": -1, "host_queued_end": 1585586288.166053}, "device": "cpu", "nd_range": {"device_start": 2254062.427783769, "device_end": 2254062.435869772}, "cmdq": 0, "read": {"device_start": -1, "device_end": -1}}, "FFC_sans_bias1": {"write": {"device_start": -1, "host_queued_start": 1585586288.145921, "device_queued": -1, "device_end": -1, "host_queued_end": 1585586288.166053}, "device": "cpu", "nd_range": {"device_start": 2254062.355685992, "device_end": 2254062.364841963}, "cmdq": 1, "read": {"device_start": -1, "device_end": -1}}, "FFC_sans_bias0": {"write": {"device_start": -1, "host_queued_start": 1585586288.144777, "device_queued": -1, "device_end": -1, "host_queued_end": 1585586288.166053}, "device": "cpu", "nd_range": {"device_start": 2254062.355687273, "device_end": 2254062.363339603}, "cmdq": 0, "read": {"device_start": -1, "device_end": -1}}, "FFC_sans_bias2": {"write": {"device_start": -1, "host_queued_start": 1585586288.147105, "device_queued": -1, "device_end": -1, "host_queued_end": 1585586288.166053}, "device": "cpu", "nd_range": {"device_start": 2254062.3636599053, "device_end": 2254062.369379897}, "cmdq": 0, "read": {"device_start": -1, "device_end": -1}}, "FFC_sans_bias52": {"write": {"device_start": 1585586222.73703, "host_queued_start": 1585586288.139576, "device_queued": 1585586222.7330837, "device_end": 1585586222.737061, "host_queued_end": 1585586288.139689}, "device": "gpu", "nd_range": {"device_start": 1585586222.7370641, "device_end": 1585586222.7378745}, "cmdq": 1, "read": {"device_start": 1585586222.7378871, "device_end": 1585586222.7379158}}, "FFC_sans_bias9": {"write": {"device_start": -1, "host_queued_start": 1585586288.14815, "device_queued": -1, "device_end": -1, "host_queued_end": 1585586288.166053}, "device": "cpu", "nd_range": {"device_start": 2254062.364851442, "device_end": 2254062.372918475}, "cmdq": 1, "read": {"device_start": -1, "device_end": -1}}, "coalesced_transpose39": {"write": {"device_start": -1, "host_queued_start": 1585586288.135374, "device_queued": -1, "device_end": -1, "host_queued_end": 1585586288.139689}, "device": "gpu", "nd_range": {"device_start": 1585586222.734428, "device_end": 1585586222.7347355}, "cmdq": 0, "read": {"device_start": -1, "device_end": -1}}, "FFC_sans_bias51": {"write": {"device_start": -1, "host_queued_start": 1585586288.13744, "device_queued": -1, "device_end": -1, "host_queued_end": 1585586288.139689}, "device": "gpu", "nd_range": {"device_start": 1585586222.7362168, "device_end": 1585586222.7369125}, "cmdq": 1, "read": {"device_start": -1, "device_end": -1}}, "softmax23": {"write": {"device_start": -1, "host_queued_start": 1585586288.160325, "device_queued": -1, "device_end": -1, "host_queued_end": 1585586288.166053}, "device": "cpu", "nd_range": {"device_start": 2254062.427473261, "device_end": 2254062.427677464}, "cmdq": 0, "read": {"device_start": -1, "device_end": -1}}, "FFC_sans_bias37": {"write": {"device_start": 1585586222.7320185, "host_queued_start": 1585586288.130872, "device_queued": 1585586222.7319157, "device_end": 1585586222.7320485, "host_queued_end": 1585586288.139689}, "device": "gpu", "nd_range": {"device_start": 1585586222.732052, "device_end": 1585586222.732898}, "cmdq": 1, "read": {"device_start": -1, "device_end": -1}}, "softmax41": {"write": {"device_start": -1, "host_queued_start": 1585586288.136568, "device_queued": -1, "device_end": -1, "host_queued_end": 1585586288.139689}, "device": "gpu", "nd_range": {"device_start": 1585586222.7353559, "device_end": 1585586222.7358823}, "cmdq": 0, "read": {"device_start": -1, "device_end": -1}}, "FFC_sans_bias11": {"write": {"device_start": -1, "host_queued_start": 1585586288.150405, "device_queued": -1, "device_end": -1, "host_queued_end": 1585586288.166053}, "device": "cpu", "nd_range": {"device_start": 2254062.3730349652, "device_end": 2254062.380524017}, "cmdq": 1, "read": {"device_start": -1, "device_end": -1}}, "FFC_sans_bias10": {"write": {"device_start": -1, "host_queued_start": 1585586288.149199, "device_queued": -1, "device_end": -1, "host_queued_end": 1585586288.166053}, "device": "cpu", "nd_range": {"device_start": 2254062.3709438504, "device_end": 2254062.377604987}, "cmdq": 0, "read": {"device_start": -1, "device_end": -1}}, "coalesced_transpose3": {"write": {"device_start": -1, "host_queued_start": 1585586288.157094, "device_queued": -1, "device_end": -1, "host_queued_end": 1585586288.166053}, "device": "cpu", "nd_range": {"device_start": 2254062.406886321, "device_end": 2254062.4071130604}, "cmdq": 0, "read": {"device_start": -1, "device_end": -1}}, "FFC_sans_bias34": {"write": {"device_start": -1, "host_queued_start": 1585586288.166008, "device_queued": -1, "device_end": -1, "host_queued_end": 1585586288.166053}, "device": "cpu", "nd_range": {"device_start": 2254062.4482205734, "device_end": 2254062.4565972183}, "cmdq": 1, "read": {"device_start": -1, "device_end": -1}}, "FFC_sans_bias15": {"write": {"device_start": -1, "host_queued_start": 1585586288.161281, "device_queued": -1, "device_end": -1, "host_queued_end": 1585586288.166053}, "device": "cpu", "nd_range": {"device_start": 2254062.424341233, "device_end": 2254062.431975203}, "cmdq": 1, "read": {"device_start": -1, "device_end": -1}}, "FFC_sans_bias31": {"write": {"device_start": -1, "host_queued_start": 1585586288.159487, "device_queued": -1, "device_end": -1, "host_queued_end": 1585586288.166053}, "device": "cpu", "nd_range": {"device_start": 2254062.415681935, "device_end": 2254062.423583142}, "cmdq": 1, "read": {"device_start": -1, "device_end": -1}}, "FFC_sans_bias16": {"write": {"device_start": -1, "host_queued_start": 1585586288.164028, "device_queued": -1, "device_end": -1, "host_queued_end": 1585586288.166053}, "device": "cpu", "nd_range": {"device_start": 2254062.440568046, "device_end": 2254062.4482162613}, "cmdq": 1, "read": {"device_start": -1, "device_end": -1}}, "FFC_sans_bias19": {"write": {"device_start": -1, "host_queued_start": 1585586288.152529, "device_queued": -1, "device_end": -1, "host_queued_end": 1585586288.166053}, "device": "cpu", "nd_range": {"device_start": 2254062.380530994, "device_end": 2254062.3862086963}, "cmdq": 1, "read": {"device_start": -1, "device_end": -1}}, "FFC_sans_bias18": {"write": {"device_start": -1, "host_queued_start": 1585586288.151488, "device_queued": -1, "device_end": -1, "host_queued_end": 1585586288.166053}, "device": "cpu", "nd_range": {"device_start": 2254062.3843917754, "device_end": 2254062.39103763}, "cmdq": 0, "read": {"device_start": -1, "device_end": -1}}, "coalesced_transpose30": {"write": {"device_start": -1, "host_queued_start": 1585586288.158083, "device_queued": -1, "device_end": -1, "host_queued_end": 1585586288.166053}, "device": "cpu", "nd_range": {"device_start": 2254062.406884415, "device_end": 2254062.40708473}, "cmdq": 1, "read": {"device_start": -1, "device_end": -1}}, "FFC_sans_bias38": {"write": {"device_start": 1585586222.7326355, "host_queued_start": 1585586288.131913, "device_queued": 1585586222.7319741, "device_end": 1585586222.732667, "host_queued_end": 1585586288.139689}, "device": "gpu", "nd_range": {"device_start": 1585586222.7326708, "device_end": 1585586222.7334738}, "cmdq": 0,