{"FFC_sans_bias4": {"write": {"device_start": -1, "host_queued_start": 1585586329.255682, "device_queued": -1, "device_end": -1, "host_queued_end": 1585586329.265305}, "device": "cpu", "nd_range": {"device_start": 2254103.536661021, "device_end": 2254103.545255658}, "cmdq": 1, "read": {"device_start": -1, "device_end": -1}}, "FFC_sans_bias7": {"write": {"device_start": -1, "host_queued_start": 1585586329.261236, "device_queued": -1, "device_end": -1, "host_queued_end": 1585586329.265305}, "device": "cpu", "nd_range": {"device_start": 2254103.558385507, "device_end": 2254103.565983722}, "cmdq": 0, "read": {"device_start": -1, "device_end": -1}}, "FFC_sans_bias6": {"write": {"device_start": -1, "host_queued_start": 1585586329.258818, "device_queued": -1, "device_end": -1, "host_queued_end": 1585586329.265305}, "device": "cpu", "nd_range": {"device_start": 2254103.547023143, "device_end": 2254103.558275706}, "cmdq": 3, "read": {"device_start": -1, "device_end": -1}}, "FFC_sans_bias1": {"write": {"device_start": -1, "host_queued_start": 1585586329.239851, "device_queued": -1, "device_end": -1, "host_queued_end": 1585586329.265305}, "device": "cpu", "nd_range": {"device_start": 2254103.454940678, "device_end": 2254103.4704844053}, "cmdq": 2, "read": {"device_start": -1, "device_end": -1}}, "FFC_sans_bias0": {"write": {"device_start": -1, "host_queued_start": 1585586329.238808, "device_queued": -1, "device_end": -1, "host_queued_end": 1585586329.265305}, "device": "cpu", "nd_range": {"device_start": 2254103.4549593823, "device_end": 2254103.470492322}, "cmdq": 1, "read": {"device_start": -1, "device_end": -1}}, "FFC_sans_bias2": {"write": {"device_start": -1, "host_queued_start": 1585586329.240903, "device_queued": -1, "device_end": -1, "host_queued_end": 1585586329.265305}, "device": "cpu", "nd_range": {"device_start": 2254103.4549847553, "device_end": 2254103.4711368294}, "cmdq": 3, "read": {"device_start": -1, "device_end": -1}}, "FFC_sans_bias52": {"write": {"device_start": 1585586263.8265402, "host_queued_start": 1585586329.23295, "device_queued": 1585586263.824383, "device_end": 1585586263.8265653, "host_queued_end": 1585586329.23306}, "device": "gpu", "nd_range": {"device_start": 1585586263.827057, "device_end": 1585586263.827654}, "cmdq": 0, "read": {"device_start": 1585586263.8276627, "device_end": 1585586263.8276854}}, "FFC_sans_bias9": {"write": {"device_start": -1, "host_queued_start": 1585586329.241948, "device_queued": -1, "device_end": -1, "host_queued_end": 1585586329.265305}, "device": "cpu", "nd_range": {"device_start": 2254103.455155915, "device_end": 2254103.470388497}, "cmdq": 0, "read": {"device_start": -1, "device_end": -1}}, "coalesced_transpose39": {"write": {"device_start": -1, "host_queued_start": 1585586329.255326, "device_queued": -1, "device_end": -1, "host_queued_end": 1585586329.265305}, "device": "cpu", "nd_range": {"device_start": 2254103.513115865, "device_end": 2254103.513253853}, "cmdq": 0, "read": {"device_start": -1, "device_end": -1}}, "FFC_sans_bias51": {"write": {"device_start": -1, "host_queued_start": 1585586329.231939, "device_queued": -1, "device_end": -1, "host_queued_end": 1585586329.23306}, "device": "gpu", "nd_range": {"device_start": 1585586263.8264537, "device_end": 1585586263.8270538}, "cmdq": 1, "read": {"device_start": -1, "device_end": -1}}, "softmax23": {"write": {"device_start": -1, "host_queued_start": 1585586329.257921, "device_queued": -1, "device_end": -1, "host_queued_end": 1585586329.265305}, "device": "cpu", "nd_range": {"device_start": 2254103.527650615, "device_end": 2254103.527865834}, "cmdq": 0, "read": {"device_start": -1, "device_end": -1}}, "FFC_sans_bias37": {"write": {"device_start": -1, "host_queued_start": 1585586329.252587, "device_queued": -1, "device_end": -1, "host_queued_end": 1585586329.265305}, "device": "cpu", "nd_range": {"device_start": 2254103.501193237, "device_end": 2254103.5097894752}, "cmdq": 2, "read": {"device_start": -1, "device_end": -1}}, "softmax41": {"write": {"device_start": -1, "host_queued_start": 1585586329.258473, "device_queued": -1, "device_end": -1, "host_queued_end": 1585586329.265305}, "device": "cpu", "nd_range": {"device_start": 2254103.559546823, "device_end": 2254103.559757444}, "cmdq": 2, "read": {"device_start": -1, "device_end": -1}}, "FFC_sans_bias11": {"write": {"device_start": -1, "host_queued_start": 1585586329.244063, "device_queued": -1, "device_end": -1, "host_queued_end": 1585586329.265305}, "device": "cpu", "nd_range": {"device_start": 2254103.47051509, "device_end": 2254103.4857113874}, "cmdq": 2, "read": {"device_start": -1, "device_end": -1}}, "FFC_sans_bias10": {"write": {"device_start": -1, "host_queued_start": 1585586329.24301, "device_queued": -1, "device_end": -1, "host_queued_end": 1585586329.265305}, "device": "cpu", "nd_range": {"device_start": 2254103.474012888, "device_end": 2254103.4992118003}, "cmdq": 1, "read": {"device_start": -1, "device_end": -1}}, "coalesced_transpose3": {"write": {"device_start": -1, "host_queued_start": 1585586329.253973, "device_queued": -1, "device_end": -1, "host_queued_end": 1585586329.265305}, "device": "cpu", "nd_range": {"device_start": 2254103.501317794, "device_end": 2254103.5015707193}, "cmdq": 0, "read": {"device_start": -1, "device_end": -1}}, "FFC_sans_bias34": {"write": {"device_start": -1, "host_queued_start": 1585586329.264241, "device_queued": -1, "device_end": -1, "host_queued_end": 1585586329.265305}, "device": "cpu", "nd_range": {"device_start": 2254103.578401408, "device_end": 2254103.5927337552}, "cmdq": 3, "read": {"device_start": -1, "device_end": -1}}, "FFC_sans_bias15": {"write": {"device_start": -1, "host_queued_start": 1585586329.25915, "device_queued": -1, "device_end": -1, "host_queued_end": 1585586329.265305}, "device": "cpu", "nd_range": {"device_start": 2254103.543838759, "device_end": 2254103.5544423154}, "cmdq": 0, "read": {"device_start": -1, "device_end": -1}}, "FFC_sans_bias31": {"write": {"device_start": -1, "host_queued_start": 1585586329.256751, "device_queued": -1, "device_end": -1, "host_queued_end": 1585586329.265305}, "device": "cpu", "nd_range": {"device_start": 2254103.515579897, "device_end": 2254103.527527998}, "cmdq": 0, "read": {"device_start": -1, "device_end": -1}}, "FFC_sans_bias16": {"write": {"device_start": -1, "host_queued_start": 1585586329.26223, "device_queued": -1, "device_end": -1, "host_queued_end": 1585586329.265305}, "device": "cpu", "nd_range": {"device_start": 2254103.5742980894, "device_end": 2254103.590473513}, "cmdq": 1, "read": {"device_start": -1, "device_end": -1}}, "FFC_sans_bias19": {"write": {"device_start": -1, "host_queued_start": 1585586329.246146, "device_queued": -1, "device_end": -1, "host_queued_end": 1585586329.265305}, "device": "cpu", "nd_range": {"device_start": 2254103.470530292, "device_end": 2254103.485775685}, "cmdq": 0, "read": {"device_start": -1, "device_end": -1}}, "FFC_sans_bias18": {"write": {"device_start": -1, "host_queued_start": 1585586329.245103, "device_queued": -1, "device_end": -1, "host_queued_end": 1585586329.265305}, "device": "cpu", "nd_range": {"device_start": 2254103.471268576, "device_end": 2254103.487678164}, "cmdq": 3, "read": {"device_start": -1, "device_end": -1}}, "coalesced_transpose30": {"write": {"device_start": -1, "host_queued_start": 1585586329.254999, "device_queued": -1, "device_end": -1, "host_queued_end": 1585586329.265305}, "device": "cpu", "nd_range": {"device_start": 2254103.515291322, "device_end": 2254103.5154486}, "cmdq": 3, "read": {"device_start": -1, "device_end": -1}}, "FFC_sans_bias38": {"write": {"device_start": -1, "host_queued_start": 1585586329.253638, "device_queued": -1, "device_end": -1, "host_queued_end": 1585586329.265305}, "device": "cpu", "nd_range": {"device_start": 2254103.5031252303, "device_end": 2254103.515284048}, "cmdq": 3, "read": {"device_start": -1, "device_end": -1}}, "empty26": {"write": {"device_start": -1,