{"FFC_sans_bias4": {"write": {"device_start": -1, "host_queued_start": 1585586463.139694, "device_queued": -1, "device_end": -1, "host_queued_end": 1585586463.149284}, "device": "cpu", "nd_range": {"device_start": 2254237.407789646, "device_end": 2254237.412091766}, "cmdq": 0, "read": {"device_start": -1, "device_end": -1}}, "FFC_sans_bias7": {"write": {"device_start": -1, "host_queued_start": 1585586463.145255, "device_queued": -1, "device_end": -1, "host_queued_end": 1585586463.149284}, "device": "cpu", "nd_range": {"device_start": 2254237.45574988, "device_end": 2254237.460137125}, "cmdq": 0, "read": {"device_start": -1, "device_end": -1}}, "FFC_sans_bias6": {"write": {"device_start": -1, "host_queued_start": 1585586463.142798, "device_queued": -1, "device_end": -1, "host_queued_end": 1585586463.149284}, "device": "cpu", "nd_range": {"device_start": 2254237.4326761393, "device_end": 2254237.437219304}, "cmdq": 0, "read": {"device_start": -1, "device_end": -1}}, "FFC_sans_bias1": {"write": {"device_start": -1, "host_queued_start": 1585586463.123753, "device_queued": -1, "device_end": -1, "host_queued_end": 1585586463.149284}, "device": "cpu", "nd_range": {"device_start": 2254237.3433287214, "device_end": 2254237.3472804553}, "cmdq": 0, "read": {"device_start": -1, "device_end": -1}}, "FFC_sans_bias0": {"write": {"device_start": -1, "host_queued_start": 1585586463.122699, "device_queued": -1, "device_end": -1, "host_queued_end": 1585586463.149284}, "device": "cpu", "nd_range": {"device_start": 2254237.338933016, "device_end": 2254237.3433088143}, "cmdq": 0, "read": {"device_start": -1, "device_end": -1}}, "FFC_sans_bias2": {"write": {"device_start": -1, "host_queued_start": 1585586463.12482, "device_queued": -1, "device_end": -1, "host_queued_end": 1585586463.149284}, "device": "cpu", "nd_range": {"device_start": 2254237.347303377, "device_end": 2254237.3513495093}, "cmdq": 0, "read": {"device_start": -1, "device_end": -1}}, "FFC_sans_bias52": {"write": {"device_start": 1585586397.7060647, "host_queued_start": 1585586463.116874, "device_queued": 1585586397.7047348, "device_end": 1585586397.706095, "host_queued_end": 1585586463.116982}, "device": "gpu", "nd_range": {"device_start": 1585586397.7074478, "device_end": 1585586397.7080443}, "cmdq": 0, "read": {"device_start": 1585586397.7080524, "device_end": 1585586397.7080748}}, "FFC_sans_bias9": {"write": {"device_start": -1, "host_queued_start": 1585586463.125878, "device_queued": -1, "device_end": -1, "host_queued_end": 1585586463.149284}, "device": "cpu", "nd_range": {"device_start": 2254237.351355508, "device_end": 2254237.355449921}, "cmdq": 0, "read": {"device_start": -1, "device_end": -1}}, "coalesced_transpose39": {"write": {"device_start": -1, "host_queued_start": 1585586463.139343, "device_queued": -1, "device_end": -1, "host_queued_end": 1585586463.149284}, "device": "cpu", "nd_range": {"device_start": 2254237.4075843333, "device_end": 2254237.407683439}, "cmdq": 0, "read": {"device_start": -1, "device_end": -1}}, "FFC_sans_bias51": {"write": {"device_start": -1, "host_queued_start": 1585586463.115857, "device_queued": -1, "device_end": -1, "host_queued_end": 1585586463.116982}, "device": "gpu", "nd_range": {"device_start": 1585586397.7068453, "device_end": 1585586397.7074444}, "cmdq": 3, "read": {"device_start": -1, "device_end": -1}}, "softmax23": {"write": {"device_start": -1, "host_queued_start": 1585586463.141905, "device_queued": -1, "device_end": -1, "host_queued_end": 1585586463.149284}, "device": "cpu", "nd_range": {"device_start": 2254237.4320415873, "device_end": 2254237.432155836}, "cmdq": 0, "read": {"device_start": -1, "device_end": -1}}, "FFC_sans_bias37": {"write": {"device_start": -1, "host_queued_start": 1585586463.136589, "device_queued": -1, "device_end": -1, "host_queued_end": 1585586463.149284}, "device": "cpu", "nd_range": {"device_start": 2254237.397533522, "device_end": 2254237.4020963553}, "cmdq": 0, "read": {"device_start": -1, "device_end": -1}}, "softmax41": {"write": {"device_start": -1, "host_queued_start": 1585586463.142452, "device_queued": -1, "device_end": -1, "host_queued_end": 1585586463.149284}, "device": "cpu", "nd_range": {"device_start": 2254237.4324745294, "device_end": 2254237.432565845}, "cmdq": 0, "read": {"device_start": -1, "device_end": -1}}, "FFC_sans_bias11": {"write": {"device_start": -1, "host_queued_start": 1585586463.128045, "device_queued": -1, "device_end": -1, "host_queued_end": 1585586463.149284}, "device": "cpu", "nd_range": {"device_start": 2254237.360347343, "device_end": 2254237.364651591}, "cmdq": 0, "read": {"device_start": -1, "device_end": -1}}, "FFC_sans_bias10": {"write": {"device_start": -1, "host_queued_start": 1585586463.126991, "device_queued": -1, "device_end": -1, "host_queued_end": 1585586463.149284}, "device": "cpu", "nd_range": {"device_start": 2254237.3554549604, "device_end": 2254237.3603421813}, "cmdq": 0, "read": {"device_start": -1, "device_end": -1}}, "coalesced_transpose3": {"write": {"device_start": -1, "host_queued_start": 1585586463.137977, "device_queued": -1, "device_end": -1, "host_queued_end": 1585586463.149284}, "device": "cpu", "nd_range": {"device_start": 2254237.406619775, "device_end": 2254237.406775435}, "cmdq": 0, "read": {"device_start": -1, "device_end": -1}}, "FFC_sans_bias34": {"write": {"device_start": -1, "host_queued_start": 1585586463.148243, "device_queued": -1, "device_end": -1, "host_queued_end": 1585586463.149284}, "device": "cpu", "nd_range": {"device_start": 2254237.4691022, "device_end": 2254237.4742720784}, "cmdq": 0, "read": {"device_start": -1, "device_end": -1}}, "FFC_sans_bias15": {"write": {"device_start": -1, "host_queued_start": 1585586463.143148, "device_queued": -1, "device_end": -1, "host_queued_end": 1585586463.149284}, "device": "cpu", "nd_range": {"device_start": 2254237.4372251523, "device_end": 2254237.441992781}, "cmdq": 0, "read": {"device_start": -1, "device_end": -1}}, "FFC_sans_bias31": {"write": {"device_start": -1, "host_queued_start": 1585586463.140739, "device_queued": -1, "device_end": -1, "host_queued_end": 1585586463.149284}, "device": "cpu", "nd_range": {"device_start": 2254237.4228630383, "device_end": 2254237.4271838553}, "cmdq": 0, "read": {"device_start": -1, "device_end": -1}}, "FFC_sans_bias16": {"write": {"device_start": -1, "host_queued_start": 1585586463.146248, "device_queued": -1, "device_end": -1, "host_queued_end": 1585586463.149284}, "device": "cpu", "nd_range": {"device_start": 2254237.4601405524, "device_end": 2254237.46465358}, "cmdq": 0, "read": {"device_start": -1, "device_end": -1}}, "FFC_sans_bias19": {"write": {"device_start": -1, "host_queued_start": 1585586463.130138, "device_queued": -1, "device_end": -1, "host_queued_end": 1585586463.149284}, "device": "cpu", "nd_range": {"device_start": 2254237.369316184, "device_end": 2254237.374230135}, "cmdq": 0, "read": {"device_start": -1, "device_end": -1}}, "FFC_sans_bias18": {"write": {"device_start": -1, "host_queued_start": 1585586463.12909, "device_queued": -1, "device_end": -1, "host_queued_end": 1585586463.149284}, "device": "cpu", "nd_range": {"device_start": 2254237.36465704, "device_end": 2254237.369310682}, "cmdq": 0, "read": {"device_start": -1, "device_end": -1}}, "coalesced_transpose30": {"write": {"device_start": -1, "host_queued_start": 1585586463.139013, "device_queued": -1, "device_end": -1, "host_queued_end": 1585586463.149284}, "device": "cpu", "nd_range": {"device_start": 2254237.4073642083, "device_end": 2254237.407468166}, "cmdq": 0, "read": {"device_start": -1, "device_end": -1}}, "FFC_sans_bias38": {"write": {"device_start": -1, "host_queued_start": 1585586463.137642, "device_queued": -1, "device_end": -1, "host_queued_end": 1585586463.149284}, "device": "cpu", "nd_range": {"device_start": 2254237.402102047, "device_end": 2254237.40661436}, "cmdq": 0, "read": {"device_start": -1, "device_end": -1}}, "empty26": {"write": {"device_start": -1,