{"FFC_sans_bias4": {"write": {"device_start": -1, "host_queued_start": 1585586471.404325, "device_queued": -1, "device_end": -1, "host_queued_end": 1585586471.406076}, "device": "cpu", "nd_range": {"device_start": 2254245.607855413, "device_end": 2254245.61176613}, "cmdq": 1, "read": {"device_start": -1, "device_end": -1}}, "FFC_sans_bias7": {"write": {"device_start": -1, "host_queued_start": 1585586471.406028, "device_queued": -1, "device_end": -1, "host_queued_end": 1585586471.406076}, "device": "cpu", "nd_range": {"device_start": 2254245.617137243, "device_end": 2254245.621579699}, "cmdq": 0, "read": {"device_start": -1, "device_end": -1}}, "FFC_sans_bias6": {"write": {"device_start": -1, "host_queued_start": 1585586471.404956, "device_queued": -1, "device_end": -1, "host_queued_end": 1585586471.406076}, "device": "cpu", "nd_range": {"device_start": 2254245.61214153, "device_end": 2254245.617117696}, "cmdq": 1, "read": {"device_start": -1, "device_end": -1}}, "FFC_sans_bias1": {"write": {"device_start": -1, "host_queued_start": 1585586471.402188, "device_queued": -1, "device_end": -1, "host_queued_end": 1585586471.406076}, "device": "cpu", "nd_range": {"device_start": 2254245.595647197, "device_end": 2254245.6037936322}, "cmdq": 0, "read": {"device_start": -1, "device_end": -1}}, "FFC_sans_bias0": {"write": {"device_start": -1, "host_queued_start": 1585586471.400762, "device_queued": -1, "device_end": -1, "host_queued_end": 1585586471.406076}, "device": "cpu", "nd_range": {"device_start": 2254245.5956476172, "device_end": 2254245.603525773}, "cmdq": 1, "read": {"device_start": -1, "device_end": -1}}, "FFC_sans_bias2": {"write": {"device_start": -1, "host_queued_start": 1585586471.403514, "device_queued": -1, "device_end": -1, "host_queued_end": 1585586471.406076}, "device": "cpu", "nd_range": {"device_start": 2254245.60379291, "device_end": 2254245.60784652}, "cmdq": 1, "read": {"device_start": -1, "device_end": -1}}, "FFC_sans_bias52": {"write": {"device_start": 1585586405.9987905, "host_queued_start": 1585586471.397654, "device_queued": 1585586405.9884346, "device_end": 1585586405.9988148, "host_queued_end": 1585586471.397752}, "device": "gpu", "nd_range": {"device_start": 1585586405.9988241, "device_end": 1585586406.0005825}, "cmdq": 0, "read": {"device_start": 1585586406.0005853, "device_end": 1585586406.000609}}, "FFC_sans_bias9": {"write": {"device_start": 1585586405.9853878, "host_queued_start": 1585586471.371858, "device_queued": 1585586405.9852412, "device_end": 1585586405.9854558, "host_queued_end": 1585586471.397752}, "device": "gpu", "nd_range": {"device_start": 1585586405.9854932, "device_end": 1585586405.9860983}, "cmdq": 1, "read": {"device_start": -1, "device_end": -1}}, "coalesced_transpose39": {"write": {"device_start": -1, "host_queued_start": 1585586471.387704, "device_queued": -1, "device_end": -1, "host_queued_end": 1585586471.397752}, "device": "gpu", "nd_range": {"device_start": 1585586405.9928362, "device_end": 1585586405.9928634}, "cmdq": 3, "read": {"device_start": -1, "device_end": -1}}, "FFC_sans_bias51": {"write": {"device_start": -1, "host_queued_start": 1585586471.392497, "device_queued": -1, "device_end": -1, "host_queued_end": 1585586471.397752}, "device": "gpu", "nd_range": {"device_start": 1585586405.9962494, "device_end": 1585586405.9982066}, "cmdq": 3, "read": {"device_start": -1, "device_end": -1}}, "softmax23": {"write": {"device_start": -1, "host_queued_start": 1585586471.390181, "device_queued": -1, "device_end": -1, "host_queued_end": 1585586471.397752}, "device": "gpu", "nd_range": {"device_start": 1585586405.9944336, "device_end": 1585586405.9954221}, "cmdq": 3, "read": {"device_start": -1, "device_end": -1}}, "FFC_sans_bias37": {"write": {"device_start": 1585586405.9890785, "host_queued_start": 1585586471.382256, "device_queued": 1585586405.9862204, "device_end": 1585586405.9891117, "host_queued_end": 1585586471.397752}, "device": "gpu", "nd_range": {"device_start": 1585586405.989126, "device_end": 1585586405.990899}, "cmdq": 3, "read": {"device_start": -1, "device_end": -1}}, "softmax41": {"write": {"device_start": -1, "host_queued_start": 1585586471.390687, "device_queued": -1, "device_end": -1, "host_queued_end": 1585586471.397752}, "device": "gpu", "nd_range": {"device_start": 1585586405.9953368, "device_end": 1585586405.9955482}, "cmdq": 1, "read": {"device_start": -1, "device_end": -1}}, "FFC_sans_bias11": {"write": {"device_start": 1585586405.9856136, "host_queued_start": 1585586471.373922, "device_queued": 1585586405.9852753, "device_end": 1585586405.9856799, "host_queued_end": 1585586471.397752}, "device": "gpu", "nd_range": {"device_start": 1585586405.985684, "device_end": 1585586405.9870594}, "cmdq": 3, "read": {"device_start": -1, "device_end": -1}}, "FFC_sans_bias10": {"write": {"device_start": 1585586405.9855027, "host_queued_start": 1585586471.372892, "device_queued": 1585586405.985259, "device_end": 1585586405.9855645, "host_queued_end": 1585586471.397752}, "device": "gpu", "nd_range": {"device_start": 1585586405.985571, "device_end": 1585586405.9865081}, "cmdq": 2, "read": {"device_start": -1, "device_end": -1}}, "coalesced_transpose3": {"write": {"device_start": -1, "host_queued_start": 1585586471.403942, "device_queued": -1, "device_end": -1, "host_queued_end": 1585586471.406076}, "device": "cpu", "nd_range": {"device_start": 2254245.60402633, "device_end": 2254245.604262386}, "cmdq": 0, "read": {"device_start": -1, "device_end": -1}}, "FFC_sans_bias34": {"write": {"device_start": 1585586405.9977124, "host_queued_start": 1585586471.395581, "device_queued": 1585586405.9881055, "device_end": 1585586405.997738, "host_queued_end": 1585586471.397752}, "device": "gpu", "nd_range": {"device_start": 1585586405.9977496, "device_end": 1585586405.999598}, "cmdq": 2, "read": {"device_start": 1585586405.99961, "device_end": 1585586405.9996321}}, "FFC_sans_bias15": {"write": {"device_start": -1, "host_queued_start": 1585586471.391238, "device_queued": -1, "device_end": -1, "host_queued_end": 1585586471.397752}, "device": "gpu", "nd_range": {"device_start": 1585586405.9956372, "device_end": 1585586405.9962425}, "cmdq": 3, "read": {"device_start": -1, "device_end": -1}}, "FFC_sans_bias31": {"write": {"device_start": -1, "host_queued_start": 1585586471.389048, "device_queued": -1, "device_end": -1, "host_queued_end": 1585586471.397752}, "device": "gpu", "nd_range": {"device_start": 1585586405.992873, "device_end": 1585586405.9944265}, "cmdq": 3, "read": {"device_start": -1, "device_end": -1}}, "FFC_sans_bias16": {"write": {"device_start": 1585586405.9967453, "host_queued_start": 1585586471.393506, "device_queued": 1585586405.987912, "device_end": 1585586405.996771, "host_queued_end": 1585586471.397752}, "device": "gpu", "nd_range": {"device_start": 1585586405.9967828, "device_end": 1585586405.9986176}, "cmdq": 0, "read": {"device_start": 1585586405.9986253, "device_end": 1585586405.9986484}}, "FFC_sans_bias19": {"write": {"device_start": 1585586405.9862351, "host_queued_start": 1585586471.376022, "device_queued": 1585586405.9857595, "device_end": 1585586405.9862587, "host_queued_end": 1585586471.397752}, "device": "gpu", "nd_range": {"device_start": 1585586405.9862692, "device_end": 1585586405.9880157}, "cmdq": 1, "read": {"device_start": -1, "device_end": -1}}, "FFC_sans_bias18": {"write": {"device_start": 1585586405.9857025, "host_queued_start": 1585586471.374995, "device_queued": 1585586405.9855568, "device_end": 1585586405.985728, "host_queued_end": 1585586471.397752}, "device": "gpu", "nd_range": {"device_start": 1585586405.9857526, "device_end": 1585586405.987504}, "cmdq": 0, "read": {"device_start": -1, "device_end": -1}}, "coalesced_transpose30": {"write": {"device_start": -1, "host_queued_start": 1585586471.387406, "device_queued": -1, "device_end": -1, "host_queued_end": 1585586471.397752}, "device": "gpu", "nd_range": {"device_start": 1585586405.992337, "device_end": 1585586405.9927168},