{"FFC_sans_bias4": {"write": {"device_start": -1, "host_queued_start": 1585586378.385898, "device_queued": -1, "device_end": -1, "host_queued_end": 1585586378.389872}, "device": "cpu", "nd_range": {"device_start": 2254152.6088784663, "device_end": 2254152.614948138}, "cmdq": 0, "read": {"device_start": -1, "device_end": -1}}, "FFC_sans_bias7": {"write": {"device_start": -1, "host_queued_start": 1585586378.388793, "device_queued": -1, "device_end": -1, "host_queued_end": 1585586378.389872}, "device": "cpu", "nd_range": {"device_start": 2254152.622075327, "device_end": 2254152.627782932}, "cmdq": 0, "read": {"device_start": -1, "device_end": -1}}, "FFC_sans_bias6": {"write": {"device_start": -1, "host_queued_start": 1585586378.387302, "device_queued": -1, "device_end": -1, "host_queued_end": 1585586378.389872}, "device": "cpu", "nd_range": {"device_start": 2254152.615285791, "device_end": 2254152.622069098}, "cmdq": 0, "read": {"device_start": -1, "device_end": -1}}, "FFC_sans_bias1": {"write": {"device_start": -1, "host_queued_start": 1585586378.380643, "device_queued": -1, "device_end": -1, "host_queued_end": 1585586378.389872}, "device": "cpu", "nd_range": {"device_start": 2254152.5794852884, "device_end": 2254152.587639226}, "cmdq": 1, "read": {"device_start": -1, "device_end": -1}}, "FFC_sans_bias0": {"write": {"device_start": -1, "host_queued_start": 1585586378.379497, "device_queued": -1, "device_end": -1, "host_queued_end": 1585586378.389872}, "device": "cpu", "nd_range": {"device_start": 2254152.5794852814, "device_end": 2254152.587638697}, "cmdq": 0, "read": {"device_start": -1, "device_end": -1}}, "FFC_sans_bias2": {"write": {"device_start": -1, "host_queued_start": 1585586378.381739, "device_queued": -1, "device_end": -1, "host_queued_end": 1585586378.389872}, "device": "cpu", "nd_range": {"device_start": 2254152.587655663, "device_end": 2254152.5938451923}, "cmdq": 0, "read": {"device_start": -1, "device_end": -1}}, "FFC_sans_bias52": {"write": {"device_start": 1585586312.976596, "host_queued_start": 1585586378.375739, "device_queued": 1585586312.968184, "device_end": 1585586312.9766288, "host_queued_end": 1585586378.375842}, "device": "gpu", "nd_range": {"device_start": 1585586312.9766412, "device_end": 1585586312.977834}, "cmdq": 2, "read": {"device_start": 1585586312.977837, "device_end": 1585586312.9778602}}, "FFC_sans_bias9": {"write": {"device_start": -1, "host_queued_start": 1585586378.382818, "device_queued": -1, "device_end": -1, "host_queued_end": 1585586378.389872}, "device": "cpu", "nd_range": {"device_start": 2254152.587670206, "device_end": 2254152.596801876}, "cmdq": 1, "read": {"device_start": -1, "device_end": -1}}, "coalesced_transpose39": {"write": {"device_start": -1, "host_queued_start": 1585586378.367685, "device_queued": -1, "device_end": -1, "host_queued_end": 1585586378.375842}, "device": "gpu", "nd_range": {"device_start": 1585586312.9717906, "device_end": 1585586312.9718049}, "cmdq": 0, "read": {"device_start": -1, "device_end": -1}}, "FFC_sans_bias51": {"write": {"device_start": -1, "host_queued_start": 1585586378.371615, "device_queued": -1, "device_end": -1, "host_queued_end": 1585586378.375842}, "device": "gpu", "nd_range": {"device_start": 1585586312.9744754, "device_end": 1585586312.9758704}, "cmdq": 1, "read": {"device_start": -1, "device_end": -1}}, "softmax23": {"write": {"device_start": -1, "host_queued_start": 1585586378.369485, "device_queued": -1, "device_end": -1, "host_queued_end": 1585586378.375842}, "device": "gpu", "nd_range": {"device_start": 1585586312.972816, "device_end": 1585586312.973815}, "cmdq": 0, "read": {"device_start": -1, "device_end": -1}}, "FFC_sans_bias37": {"write": {"device_start": 1585586312.9685075, "host_queued_start": 1585586378.362604, "device_queued": 1585586312.9663801, "device_end": 1585586312.9685335, "host_queued_end": 1585586378.375842}, "device": "gpu", "nd_range": {"device_start": 1585586312.9685385, "device_end": 1585586312.9698744}, "cmdq": 2, "read": {"device_start": -1, "device_end": -1}}, "softmax41": {"write": {"device_start": -1, "host_queued_start": 1585586378.369986, "device_queued": -1, "device_end": -1, "host_queued_end": 1585586378.375842}, "device": "gpu", "nd_range": {"device_start": 1585586312.9738026, "device_end": 1585586312.9741282}, "cmdq": 2, "read": {"device_start": -1, "device_end": -1}}, "FFC_sans_bias11": {"write": {"device_start": -1, "host_queued_start": 1585586378.384905, "device_queued": -1, "device_end": -1, "host_queued_end": 1585586378.389872}, "device": "cpu", "nd_range": {"device_start": 2254152.5969191683, "device_end": 2254152.604498934}, "cmdq": 1, "read": {"device_start": -1, "device_end": -1}}, "FFC_sans_bias10": {"write": {"device_start": -1, "host_queued_start": 1585586378.383869, "device_queued": -1, "device_end": -1, "host_queued_end": 1585586378.389872}, "device": "cpu", "nd_range": {"device_start": 2254152.593980194, "device_end": 2254152.608626175}, "cmdq": 0, "read": {"device_start": -1, "device_end": -1}}, "coalesced_transpose3": {"write": {"device_start": -1, "host_queued_start": 1585586378.385229, "device_queued": -1, "device_end": -1, "host_queued_end": 1585586378.389872}, "device": "cpu", "nd_range": {"device_start": 2254152.6086485223, "device_end": 2254152.6088650143}, "cmdq": 0, "read": {"device_start": -1, "device_end": -1}}, "FFC_sans_bias34": {"write": {"device_start": 1585586312.9755921, "host_queued_start": 1585586378.373667, "device_queued": 1585586312.9679456, "device_end": 1585586312.9756289, "host_queued_end": 1585586378.375842}, "device": "gpu", "nd_range": {"device_start": 1585586312.9756384, "device_end": 1585586312.976857}, "cmdq": 0, "read": {"device_start": 1585586312.976864, "device_end": 1585586312.9768882}}, "FFC_sans_bias15": {"write": {"device_start": -1, "host_queued_start": 1585586378.387659, "device_queued": -1, "device_end": -1, "host_queued_end": 1585586378.389872}, "device": "cpu", "nd_range": {"device_start": 2254152.6243261644, "device_end": 2254152.630433286}, "cmdq": 1, "read": {"device_start": -1, "device_end": -1}}, "FFC_sans_bias31": {"write": {"device_start": -1, "host_queued_start": 1585586378.368607, "device_queued": -1, "device_end": -1, "host_queued_end": 1585586378.375842}, "device": "gpu", "nd_range": {"device_start": 1585586312.9718127, "device_end": 1585586312.9728093}, "cmdq": 0, "read": {"device_start": -1, "device_end": -1}}, "FFC_sans_bias16": {"write": {"device_start": -1, "host_queued_start": 1585586378.389828, "device_queued": -1, "device_end": -1, "host_queued_end": 1585586378.389872}, "device": "cpu", "nd_range": {"device_start": 2254152.63044117, "device_end": 2254152.635682581}, "cmdq": 1, "read": {"device_start": -1, "device_end": -1}}, "FFC_sans_bias19": {"write": {"device_start": 1585586312.9659035, "host_queued_start": 1585586378.356327, "device_queued": 1585586312.9657333, "device_end": 1585586312.9659362, "host_queued_end": 1585586378.375842}, "device": "gpu", "nd_range": {"device_start": 1585586312.9659386, "device_end": 1585586312.9669077}, "cmdq": 2, "read": {"device_start": -1, "device_end": -1}}, "FFC_sans_bias18": {"write": {"device_start": 1585586312.9658127, "host_queued_start": 1585586378.355291, "device_queued": 1585586312.9657073, "device_end": 1585586312.9658847, "host_queued_end": 1585586378.375842}, "device": "gpu", "nd_range": {"device_start": 1585586312.9658911, "device_end": 1585586312.966495}, "cmdq": 1, "read": {"device_start": -1, "device_end": -1}}, "coalesced_transpose30": {"write": {"device_start": -1, "host_queued_start": 1585586378.367386, "device_queued": -1, "device_end": -1, "host_queued_end": 1585586378.375842}, "device": "gpu", "nd_range": {"device_start": 1585586312.9712903, "device_end": 1585586312.9716892}, "cmdq": 2, "read": {"device_start": -1, "device_end": -1}}, "FFC_sans_bias38": {"write": {"device_start": 1585586312.9689841, "host_queued_start": 1585586378.363643, "device_queued": 1585586312.966585,