{"FFC_sans_bias4": {"write": {"device_start": -1, "host_queued_start": 1585586501.415671, "device_queued": -1, "device_end": -1, "host_queued_end": 1585586501.425161}, "device": "cpu", "nd_range": {"device_start": 2254275.6896855873, "device_end": 2254275.697792632}, "cmdq": 1, "read": {"device_start": -1, "device_end": -1}}, "FFC_sans_bias7": {"write": {"device_start": -1, "host_queued_start": 1585586501.421134, "device_queued": -1, "device_end": -1, "host_queued_end": 1585586501.425161}, "device": "cpu", "nd_range": {"device_start": 2254275.7371314513, "device_end": 2254275.746365404}, "cmdq": 1, "read": {"device_start": -1, "device_end": -1}}, "FFC_sans_bias6": {"write": {"device_start": -1, "host_queued_start": 1585586501.418732, "device_queued": -1, "device_end": -1, "host_queued_end": 1585586501.425161}, "device": "cpu", "nd_range": {"device_start": 2254275.72011665, "device_end": 2254275.7371244472}, "cmdq": 2, "read": {"device_start": -1, "device_end": -1}}, "FFC_sans_bias1": {"write": {"device_start": -1, "host_queued_start": 1585586501.399794, "device_queued": -1, "device_end": -1, "host_queued_end": 1585586501.425161}, "device": "cpu", "nd_range": {"device_start": 2254275.614803269, "device_end": 2254275.635466812}, "cmdq": 0, "read": {"device_start": -1, "device_end": -1}}, "FFC_sans_bias0": {"write": {"device_start": -1, "host_queued_start": 1585586501.398754, "device_queued": -1, "device_end": -1, "host_queued_end": 1585586501.425161}, "device": "cpu", "nd_range": {"device_start": 2254275.614798659, "device_end": 2254275.622689694}, "cmdq": 2, "read": {"device_start": -1, "device_end": -1}}, "FFC_sans_bias2": {"write": {"device_start": -1, "host_queued_start": 1585586501.40084, "device_queued": -1, "device_end": -1, "host_queued_end": 1585586501.425161}, "device": "cpu", "nd_range": {"device_start": 2254275.614838501, "device_end": 2254275.627200806}, "cmdq": 1, "read": {"device_start": -1, "device_end": -1}}, "FFC_sans_bias52": {"write": {"device_start": 1585586435.9811227, "host_queued_start": 1585586501.392972, "device_queued": 1585586435.9797764, "device_end": 1585586435.9811535, "host_queued_end": 1585586501.393082}, "device": "gpu", "nd_range": {"device_start": 1585586435.9826012, "device_end": 1585586435.983203}, "cmdq": 0, "read": {"device_start": 1585586435.9832113, "device_end": 1585586435.983237}}, "FFC_sans_bias9": {"write": {"device_start": -1, "host_queued_start": 1585586501.401881, "device_queued": -1, "device_end": -1, "host_queued_end": 1585586501.425161}, "device": "cpu", "nd_range": {"device_start": 2254275.622802517, "device_end": 2254275.6313467002}, "cmdq": 2, "read": {"device_start": -1, "device_end": -1}}, "coalesced_transpose39": {"write": {"device_start": -1, "host_queued_start": 1585586501.415325, "device_queued": -1, "device_end": -1, "host_queued_end": 1585586501.425161}, "device": "cpu", "nd_range": {"device_start": 2254275.6855264893, "device_end": 2254275.6857416253}, "cmdq": 0, "read": {"device_start": -1, "device_end": -1}}, "FFC_sans_bias51": {"write": {"device_start": -1, "host_queued_start": 1585586501.391931, "device_queued": -1, "device_end": -1, "host_queued_end": 1585586501.393082}, "device": "gpu", "nd_range": {"device_start": 1585586435.9820015, "device_end": 1585586435.9825976}, "cmdq": 3, "read": {"device_start": -1, "device_end": -1}}, "softmax23": {"write": {"device_start": -1, "host_queued_start": 1585586501.417852, "device_queued": -1, "device_end": -1, "host_queued_end": 1585586501.425161}, "device": "cpu", "nd_range": {"device_start": 2254275.718798289, "device_end": 2254275.720106883}, "cmdq": 2, "read": {"device_start": -1, "device_end": -1}}, "FFC_sans_bias37": {"write": {"device_start": -1, "host_queued_start": 1585586501.412582, "device_queued": -1, "device_end": -1, "host_queued_end": 1585586501.425161}, "device": "cpu", "nd_range": {"device_start": 2254275.673688843, "device_end": 2254275.685332431}, "cmdq": 0, "read": {"device_start": -1, "device_end": -1}}, "softmax41": {"write": {"device_start": -1, "host_queued_start": 1585586501.418392, "device_queued": -1, "device_end": -1, "host_queued_end": 1585586501.425161}, "device": "cpu", "nd_range": {"device_start": 2254275.718785815, "device_end": 2254275.718942347}, "cmdq": 1, "read": {"device_start": -1, "device_end": -1}}, "FFC_sans_bias11": {"write": {"device_start": -1, "host_queued_start": 1585586501.404013, "device_queued": -1, "device_end": -1, "host_queued_end": 1585586501.425161}, "device": "cpu", "nd_range": {"device_start": 2254275.6272085253, "device_end": 2254275.6353544733}, "cmdq": 1, "read": {"device_start": -1, "device_end": -1}}, "FFC_sans_bias10": {"write": {"device_start": -1, "host_queued_start": 1585586501.402965, "device_queued": -1, "device_end": -1, "host_queued_end": 1585586501.425161}, "device": "cpu", "nd_range": {"device_start": 2254275.6355740763, "device_end": 2254275.6525696763}, "cmdq": 0, "read": {"device_start": -1, "device_end": -1}}, "coalesced_transpose3": {"write": {"device_start": -1, "host_queued_start": 1585586501.413983, "device_queued": -1, "device_end": -1, "host_queued_end": 1585586501.425161}, "device": "cpu", "nd_range": {"device_start": 2254275.6853384613, "device_end": 2254275.6860297173}, "cmdq": 2, "read": {"device_start": -1, "device_end": -1}}, "FFC_sans_bias34": {"write": {"device_start": -1, "host_queued_start": 1585586501.42413, "device_queued": -1, "device_end": -1, "host_queued_end": 1585586501.425161}, "device": "cpu", "nd_range": {"device_start": 2254275.746369893, "device_end": 2254275.755218916}, "cmdq": 1, "read": {"device_start": -1, "device_end": -1}}, "FFC_sans_bias15": {"write": {"device_start": -1, "host_queued_start": 1585586501.419073, "device_queued": -1, "device_end": -1, "host_queued_end": 1585586501.425161}, "device": "cpu", "nd_range": {"device_start": 2254275.705689792, "device_end": 2254275.7133452552}, "cmdq": 0, "read": {"device_start": -1, "device_end": -1}}, "FFC_sans_bias31": {"write": {"device_start": -1, "host_queued_start": 1585586501.416696, "device_queued": -1, "device_end": -1, "host_queued_end": 1585586501.425161}, "device": "cpu", "nd_range": {"device_start": 2254275.697929744, "device_end": 2254275.703667912}, "cmdq": 1, "read": {"device_start": -1, "device_end": -1}}, "FFC_sans_bias16": {"write": {"device_start": -1, "host_queued_start": 1585586501.422124, "device_queued": -1, "device_end": -1, "host_queued_end": 1585586501.425161}, "device": "cpu", "nd_range": {"device_start": 2254275.744899774, "device_end": 2254275.7524984}, "cmdq": 2, "read": {"device_start": -1, "device_end": -1}}, "FFC_sans_bias19": {"write": {"device_start": -1, "host_queued_start": 1585586501.406092, "device_queued": -1, "device_end": -1, "host_queued_end": 1585586501.425161}, "device": "cpu", "nd_range": {"device_start": 2254275.6525992, "device_end": 2254275.6657505953}, "cmdq": 0, "read": {"device_start": -1, "device_end": -1}}, "FFC_sans_bias18": {"write": {"device_start": -1, "host_queued_start": 1585586501.405052, "device_queued": -1, "device_end": -1, "host_queued_end": 1585586501.425161}, "device": "cpu", "nd_range": {"device_start": 2254275.635757251, "device_end": 2254275.652569511}, "cmdq": 2, "read": {"device_start": -1, "device_end": -1}}, "coalesced_transpose30": {"write": {"device_start": -1, "host_queued_start": 1585586501.414999, "device_queued": -1, "device_end": -1, "host_queued_end": 1585586501.425161}, "device": "cpu", "nd_range": {"device_start": 2254275.6861530263, "device_end": 2254275.686391234}, "cmdq": 2, "read": {"device_start": -1, "device_end": -1}}, "FFC_sans_bias38": {"write": {"device_start": -1, "host_queued_start": 1585586501.413652, "device_queued": -1, "device_end": -1, "host_queued_end": 1585586501.425161}, "device": "cpu", "nd_range": {"device_start": 2254275.65408015, "device_end": 2254275.667840415}, "cmdq": 1, "read": {"device_start": -1, "device_end": -1}}, "empty26": {"write": {"device_start": -1,