{"FFC_sans_bias4": {"write": {"device_start": -1, "host_queued_start": 1585586476.75252, "device_queued": -1, "device_end": -1, "host_queued_end": 1585586476.758138}, "device": "cpu", "nd_range": {"device_start": 2254250.994267315, "device_end": 2254251.001917708}, "cmdq": 1, "read": {"device_start": -1, "device_end": -1}}, "FFC_sans_bias7": {"write": {"device_start": -1, "host_queued_start": 1585586476.75611, "device_queued": -1, "device_end": -1, "host_queued_end": 1585586476.758138}, "device": "cpu", "nd_range": {"device_start": 2254251.0241310312, "device_end": 2254251.031512223}, "cmdq": 0, "read": {"device_start": -1, "device_end": -1}}, "FFC_sans_bias6": {"write": {"device_start": -1, "host_queued_start": 1585586476.754373, "device_queued": -1, "device_end": -1, "host_queued_end": 1585586476.758138}, "device": "cpu", "nd_range": {"device_start": 2254251.0139940633, "device_end": 2254251.020798886}, "cmdq": 1, "read": {"device_start": -1, "device_end": -1}}, "FFC_sans_bias1": {"write": {"device_start": -1, "host_queued_start": 1585586476.743438, "device_queued": -1, "device_end": -1, "host_queued_end": 1585586476.758138}, "device": "cpu", "nd_range": {"device_start": 2254250.9477677722, "device_end": 2254250.953818}, "cmdq": 0, "read": {"device_start": -1, "device_end": -1}}, "FFC_sans_bias0": {"write": {"device_start": -1, "host_queued_start": 1585586476.742387, "device_queued": -1, "device_end": -1, "host_queued_end": 1585586476.758138}, "device": "cpu", "nd_range": {"device_start": 2254250.9477581293, "device_end": 2254250.956746968}, "cmdq": 1, "read": {"device_start": -1, "device_end": -1}}, "FFC_sans_bias2": {"write": {"device_start": -1, "host_queued_start": 1585586476.744488, "device_queued": -1, "device_end": -1, "host_queued_end": 1585586476.758138}, "device": "cpu", "nd_range": {"device_start": 2254250.9568664692, "device_end": 2254250.964305582}, "cmdq": 1, "read": {"device_start": -1, "device_end": -1}}, "FFC_sans_bias52": {"write": {"device_start": 1585586411.3328013, "host_queued_start": 1585586476.737418, "device_queued": 1585586411.3266208, "device_end": 1585586411.3328333, "host_queued_end": 1585586476.737612}, "device": "gpu", "nd_range": {"device_start": 1585586411.3328388, "device_end": 1585586411.3340793}, "cmdq": 2, "read": {"device_start": 1585586411.3340847, "device_end": 1585586411.3341076}}, "FFC_sans_bias9": {"write": {"device_start": -1, "host_queued_start": 1585586476.745621, "device_queued": -1, "device_end": -1, "host_queued_end": 1585586476.758138}, "device": "cpu", "nd_range": {"device_start": 2254250.9539220333, "device_end": 2254250.96159316}, "cmdq": 0, "read": {"device_start": -1, "device_end": -1}}, "coalesced_transpose39": {"write": {"device_start": -1, "host_queued_start": 1585586476.731368, "device_queued": -1, "device_end": -1, "host_queued_end": 1585586476.737612}, "device": "gpu", "nd_range": {"device_start": 1585586411.3283405, "device_end": 1585586411.329201}, "cmdq": 1, "read": {"device_start": -1, "device_end": -1}}, "FFC_sans_bias51": {"write": {"device_start": -1, "host_queued_start": 1585586476.734297, "device_queued": -1, "device_end": -1, "host_queued_end": 1585586476.737612}, "device": "gpu", "nd_range": {"device_start": 1585586411.3311033, "device_end": 1585586411.3317065}, "cmdq": 3, "read": {"device_start": -1, "device_end": -1}}, "softmax23": {"write": {"device_start": -1, "host_queued_start": 1585586476.754037, "device_queued": -1, "device_end": -1, "host_queued_end": 1585586476.758138}, "device": "cpu", "nd_range": {"device_start": 2254251.013806919, "device_end": 2254251.0139475493}, "cmdq": 0, "read": {"device_start": -1, "device_end": -1}}, "FFC_sans_bias37": {"write": {"device_start": 1585586411.3256125, "host_queued_start": 1585586476.726473, "device_queued": 1585586411.32507, "device_end": 1585586411.325643, "host_queued_end": 1585586476.737612}, "device": "gpu", "nd_range": {"device_start": 1585586411.325648, "device_end": 1585586411.327387}, "cmdq": 3, "read": {"device_start": -1, "device_end": -1}}, "softmax41": {"write": {"device_start": -1, "host_queued_start": 1585586476.733114, "device_queued": -1, "device_end": -1, "host_queued_end": 1585586476.737612}, "device": "gpu", "nd_range": {"device_start": 1585586411.3303142, "device_end": 1585586411.3310988}, "cmdq": 3, "read": {"device_start": -1, "device_end": -1}}, "FFC_sans_bias11": {"write": {"device_start": -1, "host_queued_start": 1585586476.747996, "device_queued": -1, "device_end": -1, "host_queued_end": 1585586476.758138}, "device": "cpu", "nd_range": {"device_start": 2254250.961707104, "device_end": 2254250.968515371}, "cmdq": 0, "read": {"device_start": -1, "device_end": -1}}, "FFC_sans_bias10": {"write": {"device_start": -1, "host_queued_start": 1585586476.746802, "device_queued": -1, "device_end": -1, "host_queued_end": 1585586476.758138}, "device": "cpu", "nd_range": {"device_start": 2254250.968810949, "device_end": 2254250.97758569}, "cmdq": 1, "read": {"device_start": -1, "device_end": -1}}, "coalesced_transpose3": {"write": {"device_start": -1, "host_queued_start": 1585586476.751517, "device_queued": -1, "device_end": -1, "host_queued_end": 1585586476.758138}, "device": "cpu", "nd_range": {"device_start": 2254250.974472743, "device_end": 2254250.974716498}, "cmdq": 0, "read": {"device_start": -1, "device_end": -1}}, "FFC_sans_bias34": {"write": {"device_start": 1585586411.3312204, "host_queued_start": 1585586476.735338, "device_queued": 1585586411.3263958, "device_end": 1585586411.3312511, "host_queued_end": 1585586476.737612}, "device": "gpu", "nd_range": {"device_start": 1585586411.332131, "device_end": 1585586411.333116}, "cmdq": 0, "read": {"device_start": 1585586411.3331265, "device_end": 1585586411.3331578}}, "FFC_sans_bias15": {"write": {"device_start": -1, "host_queued_start": 1585586476.754726, "device_queued": -1, "device_end": -1, "host_queued_end": 1585586476.758138}, "device": "cpu", "nd_range": {"device_start": 2254251.0140894833, "device_end": 2254251.024122998}, "cmdq": 0, "read": {"device_start": -1, "device_end": -1}}, "FFC_sans_bias31": {"write": {"device_start": -1, "host_queued_start": 1585586476.731986, "device_queued": -1, "device_end": -1, "host_queued_end": 1585586476.737612}, "device": "gpu", "nd_range": {"device_start": 1585586411.3292994, "device_end": 1585586411.3299117}, "cmdq": 3, "read": {"device_start": -1, "device_end": -1}}, "FFC_sans_bias16": {"write": {"device_start": -1, "host_queued_start": 1585586476.757106, "device_queued": -1, "device_end": -1, "host_queued_end": 1585586476.758138}, "device": "cpu", "nd_range": {"device_start": 2254251.028884379, "device_end": 2254251.0374391503}, "cmdq": 1, "read": {"device_start": -1, "device_end": -1}}, "FFC_sans_bias19": {"write": {"device_start": -1, "host_queued_start": 1585586476.750112, "device_queued": -1, "device_end": -1, "host_queued_end": 1585586476.758138}, "device": "cpu", "nd_range": {"device_start": 2254250.968626942, "device_end": 2254250.974359644}, "cmdq": 0, "read": {"device_start": -1, "device_end": -1}}, "FFC_sans_bias18": {"write": {"device_start": -1, "host_queued_start": 1585586476.74907, "device_queued": -1, "device_end": -1, "host_queued_end": 1585586476.758138}, "device": "cpu", "nd_range": {"device_start": 2254250.978505933, "device_end": 2254250.986190705}, "cmdq": 1, "read": {"device_start": -1, "device_end": -1}}, "coalesced_transpose30": {"write": {"device_start": -1, "host_queued_start": 1585586476.731066, "device_queued": -1, "device_end": -1, "host_queued_end": 1585586476.737612}, "device": "gpu", "nd_range": {"device_start": 1585586411.3278801, "device_end": 1585586411.3291745}, "cmdq": 0, "read": {"device_start": -1, "device_end": -1}}, "FFC_sans_bias38": {"write": {"device_start": 1585586411.3260548, "host_queued_start": 1585586476.727553, "device_queued": 1585586411.3252993, "device_end": 1585586411.326086, "host_queued_end": 1585586476.737612}, "device": "gpu",