{"FFC_sans_bias4": {"write": {"device_start": -1, "host_queued_start": 1585586167.846167, "device_queued": -1, "device_end": -1, "host_queued_end": 1585586167.849868}, "device": "cpu", "nd_range": {"device_start": 2253942.07589269, "device_end": 2253942.0831077644}, "cmdq": 0, "read": {"device_start": -1, "device_end": -1}}, "FFC_sans_bias7": {"write": {"device_start": -1, "host_queued_start": 1585586167.848832, "device_queued": -1, "device_end": -1, "host_queued_end": 1585586167.849868}, "device": "cpu", "nd_range": {"device_start": 2253942.0997166433, "device_end": 2253942.1037828783}, "cmdq": 0, "read": {"device_start": -1, "device_end": -1}}, "FFC_sans_bias6": {"write": {"device_start": -1, "host_queued_start": 1585586167.847456, "device_queued": -1, "device_end": -1, "host_queued_end": 1585586167.849868}, "device": "cpu", "nd_range": {"device_start": 2253942.0913319243, "device_end": 2253942.095645612}, "cmdq": 0, "read": {"device_start": -1, "device_end": -1}}, "FFC_sans_bias1": {"write": {"device_start": -1, "host_queued_start": 1585586167.840517, "device_queued": -1, "device_end": -1, "host_queued_end": 1585586167.849868}, "device": "cpu", "nd_range": {"device_start": 2253942.043435635, "device_end": 2253942.047610381}, "cmdq": 0, "read": {"device_start": -1, "device_end": -1}}, "FFC_sans_bias0": {"write": {"device_start": -1, "host_queued_start": 1585586167.839406, "device_queued": -1, "device_end": -1, "host_queued_end": 1585586167.849868}, "device": "cpu", "nd_range": {"device_start": 2253942.039486748, "device_end": 2253942.043427587}, "cmdq": 0, "read": {"device_start": -1, "device_end": -1}}, "FFC_sans_bias2": {"write": {"device_start": -1, "host_queued_start": 1585586167.84169, "device_queued": -1, "device_end": -1, "host_queued_end": 1585586167.849868}, "device": "cpu", "nd_range": {"device_start": 2253942.047623846, "device_end": 2253942.0515605663}, "cmdq": 0, "read": {"device_start": -1, "device_end": -1}}, "FFC_sans_bias52": {"write": {"device_start": 1585586102.451273, "host_queued_start": 1585586167.835629, "device_queued": 1585586102.4333873, "device_end": 1585586102.4512968, "host_queued_end": 1585586167.835731}, "device": "gpu", "nd_range": {"device_start": 1585586102.4512997, "device_end": 1585586102.4518986}, "cmdq": 0, "read": {"device_start": 1585586102.451906, "device_end": 1585586102.4519277}}, "FFC_sans_bias9": {"write": {"device_start": -1, "host_queued_start": 1585586167.842824, "device_queued": -1, "device_end": -1, "host_queued_end": 1585586167.849868}, "device": "cpu", "nd_range": {"device_start": 2253942.0515657463, "device_end": 2253942.0597782712}, "cmdq": 0, "read": {"device_start": -1, "device_end": -1}}, "coalesced_transpose39": {"write": {"device_start": -1, "host_queued_start": 1585586167.827442, "device_queued": -1, "device_end": -1, "host_queued_end": 1585586167.835731}, "device": "gpu", "nd_range": {"device_start": 1585586102.4413948, "device_end": 1585586102.4414034}, "cmdq": 0, "read": {"device_start": -1, "device_end": -1}}, "FFC_sans_bias51": {"write": {"device_start": -1, "host_queued_start": 1585586167.8314, "device_queued": -1, "device_end": -1, "host_queued_end": 1585586167.835731}, "device": "gpu", "nd_range": {"device_start": 1585586102.4464774, "device_end": 1585586102.447074}, "cmdq": 0, "read": {"device_start": -1, "device_end": -1}}, "softmax23": {"write": {"device_start": -1, "host_queued_start": 1585586167.82926, "device_queued": -1, "device_end": -1, "host_queued_end": 1585586167.835731}, "device": "gpu", "nd_range": {"device_start": 1585586102.4438128, "device_end": 1585586102.444025}, "cmdq": 0, "read": {"device_start": -1, "device_end": -1}}, "FFC_sans_bias37": {"write": {"device_start": 1585586102.4369214, "host_queued_start": 1585586167.822243, "device_queued": 1585586102.4318159, "device_end": 1585586102.4369514, "host_queued_end": 1585586167.835731}, "device": "gpu", "nd_range": {"device_start": 1585586102.4369545, "device_end": 1585586102.4375515}, "cmdq": 0, "read": {"device_start": -1, "device_end": -1}}, "softmax41": {"write": {"device_start": -1, "host_queued_start": 1585586167.829756, "device_queued": -1, "device_end": -1, "host_queued_end": 1585586167.835731}, "device": "gpu", "nd_range": {"device_start": 1585586102.4442375, "device_end": 1585586102.444449}, "cmdq": 0, "read": {"device_start": -1, "device_end": -1}}, "FFC_sans_bias11": {"write": {"device_start": -1, "host_queued_start": 1585586167.8451, "device_queued": -1, "device_end": -1, "host_queued_end": 1585586167.849868}, "device": "cpu", "nd_range": {"device_start": 2253942.0674950234, "device_end": 2253942.0751613793}, "cmdq": 0, "read": {"device_start": -1, "device_end": -1}}, "FFC_sans_bias10": {"write": {"device_start": -1, "host_queued_start": 1585586167.843982, "device_queued": -1, "device_end": -1, "host_queued_end": 1585586167.849868}, "device": "cpu", "nd_range": {"device_start": 2253942.0597830103, "device_end": 2253942.067490042}, "cmdq": 0, "read": {"device_start": -1, "device_end": -1}}, "coalesced_transpose3": {"write": {"device_start": -1, "host_queued_start": 1585586167.845466, "device_queued": -1, "device_end": -1, "host_queued_end": 1585586167.849868}, "device": "cpu", "nd_range": {"device_start": 2253942.0751670273, "device_end": 2253942.075280373}, "cmdq": 0, "read": {"device_start": -1, "device_end": -1}}, "FFC_sans_bias34": {"write": {"device_start": 1585586102.4497166, "host_queued_start": 1585586167.833466, "device_queued": 1585586102.4331439, "device_end": 1585586102.4497404, "host_queued_end": 1585586167.835731}, "device": "gpu", "nd_range": {"device_start": 1585586102.4497433, "device_end": 1585586102.45034}, "cmdq": 0, "read": {"device_start": 1585586102.450342, "device_end": 1585586102.4503636}}, "FFC_sans_bias15": {"write": {"device_start": -1, "host_queued_start": 1585586167.847794, "device_queued": -1, "device_end": -1, "host_queued_end": 1585586167.849868}, "device": "cpu", "nd_range": {"device_start": 2253942.095651064, "device_end": 2253942.099587414}, "cmdq": 0, "read": {"device_start": -1, "device_end": -1}}, "FFC_sans_bias31": {"write": {"device_start": -1, "host_queued_start": 1585586167.828375, "device_queued": -1, "device_end": -1, "host_queued_end": 1585586167.835731}, "device": "gpu", "nd_range": {"device_start": 1585586102.4420092, "device_end": 1585586102.4426074}, "cmdq": 0, "read": {"device_start": -1, "device_end": -1}}, "FFC_sans_bias16": {"write": {"device_start": -1, "host_queued_start": 1585586167.849825, "device_queued": -1, "device_end": -1, "host_queued_end": 1585586167.849868}, "device": "cpu", "nd_range": {"device_start": 2253942.103786524, "device_end": 2253942.10919418}, "cmdq": 0, "read": {"device_start": -1, "device_end": -1}}, "FFC_sans_bias19": {"write": {"device_start": 1585586102.4324548, "host_queued_start": 1585586167.816007, "device_queued": 1585586102.4311855, "device_end": 1585586102.432484, "host_queued_end": 1585586167.835731}, "device": "gpu", "nd_range": {"device_start": 1585586102.4324996, "device_end": 1585586102.433098}, "cmdq": 0, "read": {"device_start": -1, "device_end": -1}}, "FFC_sans_bias18": {"write": {"device_start": 1585586102.4316835, "host_queued_start": 1585586167.815032, "device_queued": 1585586102.4311283, "device_end": 1585586102.4317129, "host_queued_end": 1585586167.835731}, "device": "gpu", "nd_range": {"device_start": 1585586102.4317153, "device_end": 1585586102.4323144}, "cmdq": 0, "read": {"device_start": -1, "device_end": -1}}, "coalesced_transpose30": {"write": {"device_start": -1, "host_queued_start": 1585586167.827134, "device_queued": -1, "device_end": -1, "host_queued_end": 1585586167.835731}, "device": "gpu", "nd_range": {"device_start": 1585586102.4413855, "device_end": 1585586102.4413939}, "cmdq": 0, "read": {"device_start": -1, "device_end": -1}}, "FFC_sans_bias38": {"write": {"device_start": 1585586102.437677, "host_queued_start": 1585586167.823329, "device_queued": 1585586102.431976,