{"FFC_sans_bias4": {"write": {"device_start": -1, "host_queued_start": 1585586545.316767, "device_queued": -1, "device_end": -1, "host_queued_end": 1585586545.328116}, "device": "gpu", "nd_range": {"device_start": 1585586479.9226203, "device_end": 1585586479.9232244}, "cmdq": 0, "read": {"device_start": -1, "device_end": -1}}, "FFC_sans_bias7": {"write": {"device_start": 1585586479.9279482, "host_queued_start": 1585586545.322804, "device_queued": 1585586479.9171205, "device_end": 1585586479.9279785, "host_queued_end": 1585586545.328116}, "device": "gpu", "nd_range": {"device_start": 1585586479.9282854, "device_end": 1585586479.9297545}, "cmdq": 3, "read": {"device_start": 1585586479.9297602, "device_end": 1585586479.9297833}}, "FFC_sans_bias6": {"write": {"device_start": -1, "host_queued_start": 1585586545.320156, "device_queued": -1, "device_end": -1, "host_queued_end": 1585586545.328116}, "device": "gpu", "nd_range": {"device_start": 1585586479.9262671, "device_end": 1585586479.927255}, "cmdq": 2, "read": {"device_start": -1, "device_end": -1}}, "FFC_sans_bias1": {"write": {"device_start": 1585586479.9139524, "host_queued_start": 1585586545.297777, "device_queued": 1585586479.9136653, "device_end": 1585586479.914016, "host_queued_end": 1585586545.328116}, "device": "gpu", "nd_range": {"device_start": 1585586479.9140203, "device_end": 1585586479.9149256}, "cmdq": 2, "read": {"device_start": -1, "device_end": -1}}, "FFC_sans_bias0": {"write": {"device_start": 1585586479.9138494, "host_queued_start": 1585586545.296743, "device_queued": 1585586479.9136493, "device_end": 1585586479.9139006, "host_queued_end": 1585586545.328116}, "device": "gpu", "nd_range": {"device_start": 1585586479.91391, "device_end": 1585586479.9145203}, "cmdq": 1, "read": {"device_start": -1, "device_end": -1}}, "FFC_sans_bias2": {"write": {"device_start": 1585586479.914041, "host_queued_start": 1585586545.298859, "device_queued": 1585586479.913844, "device_end": 1585586479.9141042, "host_queued_end": 1585586545.328116}, "device": "gpu", "nd_range": {"device_start": 1585586479.914147, "device_end": 1585586479.9154925}, "cmdq": 3, "read": {"device_start": -1, "device_end": -1}}, "FFC_sans_bias52": {"write": {"device_start": 1585586479.9299343, "host_queued_start": 1585586545.328015, "device_queued": 1585586479.9178462, "device_end": 1585586479.9299583, "host_queued_end": 1585586545.328116}, "device": "gpu", "nd_range": {"device_start": 1585586479.9299676, "device_end": 1585586479.9321046}, "cmdq": 3, "read": {"device_start": 1585586479.9321074, "device_end": 1585586479.9321296}}, "FFC_sans_bias9": {"write": {"device_start": 1585586479.914118, "host_queued_start": 1585586545.299893, "device_queued": 1585586479.91387, "device_end": 1585586479.9141486, "host_queued_end": 1585586545.328116}, "device": "gpu", "nd_range": {"device_start": 1585586479.9141686, "device_end": 1585586479.9159267}, "cmdq": 4, "read": {"device_start": -1, "device_end": -1}}, "coalesced_transpose39": {"write": {"device_start": -1, "host_queued_start": 1585586545.316146, "device_queued": -1, "device_end": -1, "host_queued_end": 1585586545.328116}, "device": "gpu", "nd_range": {"device_start": 1585586479.9227002, "device_end": 1585586479.9230564}, "cmdq": 3, "read": {"device_start": -1, "device_end": -1}}, "FFC_sans_bias51": {"write": {"device_start": -1, "host_queued_start": 1585586545.321762, "device_queued": -1, "device_end": -1, "host_queued_end": 1585586545.328116}, "device": "gpu", "nd_range": {"device_start": 1585586479.9282763, "device_end": 1585586479.9292512}, "cmdq": 2, "read": {"device_start": -1, "device_end": -1}}, "softmax23": {"write": {"device_start": -1, "host_queued_start": 1585586545.319098, "device_queued": -1, "device_end": -1, "host_queued_end": 1585586545.328116}, "device": "gpu", "nd_range": {"device_start": 1585586479.925194, "device_end": 1585586479.92627}, "cmdq": 3, "read": {"device_start": -1, "device_end": -1}}, "FFC_sans_bias37": {"write": {"device_start": 1585586479.918487, "host_queued_start": 1585586545.31031, "device_queued": 1585586479.915166, "device_end": 1585586479.9185195, "host_queued_end": 1585586545.328116}, "device": "gpu", "nd_range": {"device_start": 1585586479.9185357, "device_end": 1585586479.9208148}, "cmdq": 4, "read": {"device_start": -1, "device_end": -1}}, "softmax41": {"write": {"device_start": -1, "host_queued_start": 1585586545.319604, "device_queued": -1, "device_end": -1, "host_queued_end": 1585586545.328116}, "device": "gpu", "nd_range": {"device_start": 1585586479.9256053, "device_end": 1585586479.9258227}, "cmdq": 0, "read": {"device_start": -1, "device_end": -1}}, "FFC_sans_bias11": {"write": {"device_start": 1585586479.9146235, "host_queued_start": 1585586545.302024, "device_queued": 1585586479.9143698, "device_end": 1585586479.9146538, "host_queued_end": 1585586545.328116}, "device": "gpu", "nd_range": {"device_start": 1585586479.9146593, "device_end": 1585586479.916908}, "cmdq": 1, "read": {"device_start": -1, "device_end": -1}}, "FFC_sans_bias10": {"write": {"device_start": 1585586479.9143167, "host_queued_start": 1585586545.300925, "device_queued": 1585586479.914187, "device_end": 1585586479.9143467, "host_queued_end": 1585586545.328116}, "device": "gpu", "nd_range": {"device_start": 1585586479.9143512, "device_end": 1585586479.9164565}, "cmdq": 0, "read": {"device_start": -1, "device_end": -1}}, "coalesced_transpose3": {"write": {"device_start": -1, "host_queued_start": 1585586545.314816, "device_queued": -1, "device_end": -1, "host_queued_end": 1585586545.328116}, "device": "gpu", "nd_range": {"device_start": 1585586479.9208162, "device_end": 1585586479.922593}, "cmdq": 4, "read": {"device_start": -1, "device_end": -1}}, "FFC_sans_bias34": {"write": {"device_start": 1585586479.9289162, "host_queued_start": 1585586545.325933, "device_queued": 1585586479.917598, "device_end": 1585586479.9289463, "host_queued_end": 1585586545.328116}, "device": "gpu", "nd_range": {"device_start": 1585586479.9289572, "device_end": 1585586479.9312124}, "cmdq": 1, "read": {"device_start": 1585586479.9312243, "device_end": 1585586479.9312472}}, "FFC_sans_bias15": {"write": {"device_start": -1, "host_queued_start": 1585586545.320466, "device_queued": -1, "device_end": -1, "host_queued_end": 1585586545.328116}, "device": "gpu", "nd_range": {"device_start": 1585586479.9262784, "device_end": 1585586479.927821}, "cmdq": 3, "read": {"device_start": -1, "device_end": -1}}, "FFC_sans_bias31": {"write": {"device_start": -1, "host_queued_start": 1585586545.317706, "device_queued": -1, "device_end": -1, "host_queued_end": 1585586545.328116}, "device": "gpu", "nd_range": {"device_start": 1585586479.9230678, "device_end": 1585586479.9246516}, "cmdq": 3, "read": {"device_start": -1, "device_end": -1}}, "FFC_sans_bias16": {"write": {"device_start": 1585586479.9283826, "host_queued_start": 1585586545.323857, "device_queued": 1585586479.9170835, "device_end": 1585586479.9284127, "host_queued_end": 1585586545.328116}, "device": "gpu", "nd_range": {"device_start": 1585586479.9284332, "device_end": 1585586479.9302402}, "cmdq": 4, "read": {"device_start": 1585586479.9302413, "device_end": 1585586479.9302657}}, "FFC_sans_bias19": {"write": {"device_start": 1585586479.915628, "host_queued_start": 1585586545.304112, "device_queued": 1585586479.9144182, "device_end": 1585586479.9156532, "host_queued_end": 1585586545.328116}, "device": "gpu", "nd_range": {"device_start": 1585586479.9156575, "device_end": 1585586479.9178965}, "cmdq": 3, "read": {"device_start": -1, "device_end": -1}}, "FFC_sans_bias18": {"write": {"device_start": 1585586479.9150827, "host_queued_start": 1585586545.303082, "device_queued": 1585586479.9144025, "device_end": 1585586479.9151075, "host_queued_end": 1585586545.328116}, "device": "gpu", "nd_range": {"device_start": 1585586479.9151103, "device_end": 1585586479.9173954}, "cmdq": 2, "read": {"device_start": -1, "device_end": -1}},