{"FFC_sans_bias4": {"write": {"device_start": -1, "host_queued_start": 1585586443.979654, "device_queued": -1, "device_end": -1, "host_queued_end": 1585586443.989228}, "device": "cpu", "nd_range": {"device_start": 2254218.273625955, "device_end": 2254218.2888550214}, "cmdq": 0, "read": {"device_start": -1, "device_end": -1}}, "FFC_sans_bias7": {"write": {"device_start": -1, "host_queued_start": 1585586443.985225, "device_queued": -1, "device_end": -1, "host_queued_end": 1585586443.989228}, "device": "cpu", "nd_range": {"device_start": 2254218.303612283, "device_end": 2254218.312893319}, "cmdq": 0, "read": {"device_start": -1, "device_end": -1}}, "FFC_sans_bias6": {"write": {"device_start": -1, "host_queued_start": 1585586443.982772, "device_queued": -1, "device_end": -1, "host_queued_end": 1585586443.989228}, "device": "cpu", "nd_range": {"device_start": 2254218.289764388, "device_end": 2254218.303604899}, "cmdq": 0, "read": {"device_start": -1, "device_end": -1}}, "FFC_sans_bias1": {"write": {"device_start": -1, "host_queued_start": 1585586443.963873, "device_queued": -1, "device_end": -1, "host_queued_end": 1585586443.989228}, "device": "cpu", "nd_range": {"device_start": 2254218.178860357, "device_end": 2254218.2126963483}, "cmdq": 1, "read": {"device_start": -1, "device_end": -1}}, "FFC_sans_bias0": {"write": {"device_start": -1, "host_queued_start": 1585586443.962827, "device_queued": -1, "device_end": -1, "host_queued_end": 1585586443.989228}, "device": "cpu", "nd_range": {"device_start": 2254218.178860839, "device_end": 2254218.1955845}, "cmdq": 0, "read": {"device_start": -1, "device_end": -1}}, "FFC_sans_bias2": {"write": {"device_start": -1, "host_queued_start": 1585586443.964921, "device_queued": -1, "device_end": -1, "host_queued_end": 1585586443.989228}, "device": "cpu", "nd_range": {"device_start": 2254218.179101459, "device_end": 2254218.1946588713}, "cmdq": 2, "read": {"device_start": -1, "device_end": -1}}, "FFC_sans_bias52": {"write": {"device_start": 1585586378.5472233, "host_queued_start": 1585586443.956877, "device_queued": 1585586378.5452065, "device_end": 1585586378.5472538, "host_queued_end": 1585586443.956993}, "device": "gpu", "nd_range": {"device_start": 1585586378.5479248, "device_end": 1585586378.548521}, "cmdq": 2, "read": {"device_start": 1585586378.5485263, "device_end": 1585586378.5485487}}, "FFC_sans_bias9": {"write": {"device_start": -1, "host_queued_start": 1585586443.965958, "device_queued": -1, "device_end": -1, "host_queued_end": 1585586443.989228}, "device": "cpu", "nd_range": {"device_start": 2254218.195329693, "device_end": 2254218.2106047953}, "cmdq": 3, "read": {"device_start": -1, "device_end": -1}}, "coalesced_transpose39": {"write": {"device_start": -1, "host_queued_start": 1585586443.979313, "device_queued": -1, "device_end": -1, "host_queued_end": 1585586443.989228}, "device": "cpu", "nd_range": {"device_start": 2254218.260976625, "device_end": 2254218.261228823}, "cmdq": 4, "read": {"device_start": -1, "device_end": -1}}, "FFC_sans_bias51": {"write": {"device_start": -1, "host_queued_start": 1585586443.955872, "device_queued": -1, "device_end": -1, "host_queued_end": 1585586443.956993}, "device": "gpu", "nd_range": {"device_start": 1585586378.5473242, "device_end": 1585586378.5479214}, "cmdq": 1, "read": {"device_start": -1, "device_end": -1}}, "softmax23": {"write": {"device_start": -1, "host_queued_start": 1585586443.981866, "device_queued": -1, "device_end": -1, "host_queued_end": 1585586443.989228}, "device": "cpu", "nd_range": {"device_start": 2254218.2422112604, "device_end": 2254218.2424256573}, "cmdq": 2, "read": {"device_start": -1, "device_end": -1}}, "FFC_sans_bias37": {"write": {"device_start": -1, "host_queued_start": 1585586443.976611, "device_queued": -1, "device_end": -1, "host_queued_end": 1585586443.989228}, "device": "cpu", "nd_range": {"device_start": 2254218.226021965, "device_end": 2254218.241269898}, "cmdq": 3, "read": {"device_start": -1, "device_end": -1}}, "softmax41": {"write": {"device_start": -1, "host_queued_start": 1585586443.982424, "device_queued": -1, "device_end": -1, "host_queued_end": 1585586443.989228}, "device": "cpu", "nd_range": {"device_start": 2254218.278025974, "device_end": 2254218.278232561}, "cmdq": 4, "read": {"device_start": -1, "device_end": -1}}, "FFC_sans_bias11": {"write": {"device_start": -1, "host_queued_start": 1585586443.968072, "device_queued": -1, "device_end": -1, "host_queued_end": 1585586443.989228}, "device": "cpu", "nd_range": {"device_start": 2254218.195713986, "device_end": 2254218.21181568}, "cmdq": 0, "read": {"device_start": -1, "device_end": -1}}, "FFC_sans_bias10": {"write": {"device_start": -1, "host_queued_start": 1585586443.967024, "device_queued": -1, "device_end": -1, "host_queued_end": 1585586443.989228}, "device": "cpu", "nd_range": {"device_start": 2254218.178900911, "device_end": 2254218.195116735}, "cmdq": 4, "read": {"device_start": -1, "device_end": -1}}, "coalesced_transpose3": {"write": {"device_start": -1, "host_queued_start": 1585586443.977992, "device_queued": -1, "device_end": -1, "host_queued_end": 1585586443.989228}, "device": "cpu", "nd_range": {"device_start": 2254218.273255528, "device_end": 2254218.273505141}, "cmdq": 0, "read": {"device_start": -1, "device_end": -1}}, "FFC_sans_bias34": {"write": {"device_start": -1, "host_queued_start": 1585586443.98819, "device_queued": -1, "device_end": -1, "host_queued_end": 1585586443.989228}, "device": "cpu", "nd_range": {"device_start": 2254218.272912016, "device_end": 2254218.28827678}, "cmdq": 3, "read": {"device_start": -1, "device_end": -1}}, "FFC_sans_bias15": {"write": {"device_start": -1, "host_queued_start": 1585586443.983113, "device_queued": -1, "device_end": -1, "host_queued_end": 1585586443.989228}, "device": "cpu", "nd_range": {"device_start": 2254218.303019856, "device_end": 2254218.311839779}, "cmdq": 1, "read": {"device_start": -1, "device_end": -1}}, "FFC_sans_bias31": {"write": {"device_start": -1, "host_queued_start": 1585586443.980676, "device_queued": -1, "device_end": -1, "host_queued_end": 1585586443.989228}, "device": "cpu", "nd_range": {"device_start": 2254218.241829837, "device_end": 2254218.257159439}, "cmdq": 3, "read": {"device_start": -1, "device_end": -1}}, "FFC_sans_bias16": {"write": {"device_start": -1, "host_queued_start": 1585586443.986211, "device_queued": -1, "device_end": -1, "host_queued_end": 1585586443.989228}, "device": "cpu", "nd_range": {"device_start": 2254218.3118458213, "device_end": 2254218.315843902}, "cmdq": 1, "read": {"device_start": -1, "device_end": -1}}, "FFC_sans_bias19": {"write": {"device_start": -1, "host_queued_start": 1585586443.970155, "device_queued": -1, "device_end": -1, "host_queued_end": 1585586443.989228}, "device": "cpu", "nd_range": {"device_start": 2254218.194985641, "device_end": 2254218.210316853}, "cmdq": 2, "read": {"device_start": -1, "device_end": -1}}, "FFC_sans_bias18": {"write": {"device_start": -1, "host_queued_start": 1585586443.969116, "device_queued": -1, "device_end": -1, "host_queued_end": 1585586443.989228}, "device": "cpu", "nd_range": {"device_start": 2254218.2280211602, "device_end": 2254218.251683237}, "cmdq": 1, "read": {"device_start": -1, "device_end": -1}}, "coalesced_transpose30": {"write": {"device_start": -1, "host_queued_start": 1585586443.978991, "device_queued": -1, "device_end": -1, "host_queued_end": 1585586443.989228}, "device": "cpu", "nd_range": {"device_start": 2254218.241440304, "device_end": 2254218.24171259}, "cmdq": 3, "read": {"device_start": -1, "device_end": -1}}, "FFC_sans_bias38": {"write": {"device_start": -1, "host_queued_start": 1585586443.977659, "device_queued": -1, "device_end": -1, "host_queued_end": 1585586443.989228}, "device": "cpu", "nd_range": {"device_start": 2254218.244702734, "device_end": 2254218.260855175}, "cmdq": 4, "read": {"device_start": -1, "device_end": -1}}, "empty26": {"write": {"device_start": -1,