{"FFC_sans_bias4": {"write": {"device_start": -1, "host_queued_start": 1585586583.648932, "device_queued": -1, "device_end": -1, "host_queued_end": 1585586583.660241}, "device": "gpu", "nd_range": {"device_start": 1585586518.2537858, "device_end": 1585586518.2543974}, "cmdq": 0, "read": {"device_start": -1, "device_end": -1}}, "FFC_sans_bias7": {"write": {"device_start": 1585586518.2591176, "host_queued_start": 1585586583.654941, "device_queued": 1585586518.2482128, "device_end": 1585586518.2591474, "host_queued_end": 1585586583.660241}, "device": "gpu", "nd_range": {"device_start": 1585586518.2594585, "device_end": 1585586518.260905}, "cmdq": 3, "read": {"device_start": 1585586518.2609074, "device_end": 1585586518.2609303}}, "FFC_sans_bias6": {"write": {"device_start": -1, "host_queued_start": 1585586583.652341, "device_queued": -1, "device_end": -1, "host_queued_end": 1585586583.660241}, "device": "gpu", "nd_range": {"device_start": 1585586518.2574308, "device_end": 1585586518.2584238}, "cmdq": 2, "read": {"device_start": -1, "device_end": -1}}, "FFC_sans_bias1": {"write": {"device_start": 1585586518.2451217, "host_queued_start": 1585586583.629895, "device_queued": 1585586518.2447195, "device_end": 1585586518.2451985, "host_queued_end": 1585586583.660241}, "device": "gpu", "nd_range": {"device_start": 1585586518.2452028, "device_end": 1585586518.2461004}, "cmdq": 2, "read": {"device_start": -1, "device_end": -1}}, "FFC_sans_bias0": {"write": {"device_start": 1585586518.2450185, "host_queued_start": 1585586583.628837, "device_queued": 1585586518.2447038, "device_end": 1585586518.2450752, "host_queued_end": 1585586583.660241}, "device": "gpu", "nd_range": {"device_start": 1585586518.2450883, "device_end": 1585586518.2456946}, "cmdq": 1, "read": {"device_start": -1, "device_end": -1}}, "FFC_sans_bias2": {"write": {"device_start": 1585586518.245229, "host_queued_start": 1585586583.631015, "device_queued": 1585586518.2449052, "device_end": 1585586518.2452874, "host_queued_end": 1585586583.660241}, "device": "gpu", "nd_range": {"device_start": 1585586518.2452905, "device_end": 1585586518.2466648}, "cmdq": 3, "read": {"device_start": -1, "device_end": -1}}, "FFC_sans_bias52": {"write": {"device_start": 1585586518.2610867, "host_queued_start": 1585586583.660139, "device_queued": 1585586518.2489915, "device_end": 1585586518.2611117, "host_queued_end": 1585586583.660241}, "device": "gpu", "nd_range": {"device_start": 1585586518.2611241, "device_end": 1585586518.2633195}, "cmdq": 3, "read": {"device_start": 1585586518.2633247, "device_end": 1585586518.2633467}}, "FFC_sans_bias9": {"write": {"device_start": 1585586518.2453275, "host_queued_start": 1585586583.632047, "device_queued": 1585586518.2449315, "device_end": 1585586518.245389, "host_queued_end": 1585586583.660241}, "device": "gpu", "nd_range": {"device_start": 1585586518.2453952, "device_end": 1585586518.2470832}, "cmdq": 4, "read": {"device_start": -1, "device_end": -1}}, "coalesced_transpose39": {"write": {"device_start": -1, "host_queued_start": 1585586583.648325, "device_queued": -1, "device_end": -1, "host_queued_end": 1585586583.660241}, "device": "gpu", "nd_range": {"device_start": 1585586518.253872, "device_end": 1585586518.2542286}, "cmdq": 3, "read": {"device_start": -1, "device_end": -1}}, "FFC_sans_bias51": {"write": {"device_start": -1, "host_queued_start": 1585586583.653913, "device_queued": -1, "device_end": -1, "host_queued_end": 1585586583.660241}, "device": "gpu", "nd_range": {"device_start": 1585586518.2594507, "device_end": 1585586518.2604215}, "cmdq": 2, "read": {"device_start": -1, "device_end": -1}}, "softmax23": {"write": {"device_start": -1, "host_queued_start": 1585586583.651291, "device_queued": -1, "device_end": -1, "host_queued_end": 1585586583.660241}, "device": "gpu", "nd_range": {"device_start": 1585586518.256353, "device_end": 1585586518.2573974}, "cmdq": 3, "read": {"device_start": -1, "device_end": -1}}, "FFC_sans_bias37": {"write": {"device_start": 1585586518.24964, "host_queued_start": 1585586583.642475, "device_queued": 1585586518.2460806, "device_end": 1585586518.2496676, "host_queued_end": 1585586583.660241}, "device": "gpu", "nd_range": {"device_start": 1585586518.249684, "device_end": 1585586518.2519557}, "cmdq": 4, "read": {"device_start": -1, "device_end": -1}}, "softmax41": {"write": {"device_start": -1, "host_queued_start": 1585586583.651782, "device_queued": -1, "device_end": -1, "host_queued_end": 1585586583.660241}, "device": "gpu", "nd_range": {"device_start": 1585586518.2567875, "device_end": 1585586518.256991}, "cmdq": 0, "read": {"device_start": -1, "device_end": -1}}, "FFC_sans_bias11": {"write": {"device_start": 1585586518.2458766, "host_queued_start": 1585586583.634114, "device_queued": 1585586518.2454016, "device_end": 1585586518.245901, "host_queued_end": 1585586583.660241}, "device": "gpu", "nd_range": {"device_start": 1585586518.2459137, "device_end": 1585586518.2480712}, "cmdq": 1, "read": {"device_start": -1, "device_end": -1}}, "FFC_sans_bias10": {"write": {"device_start": 1585586518.2454042, "host_queued_start": 1585586583.633072, "device_queued": 1585586518.2451687, "device_end": 1585586518.2454283, "host_queued_end": 1585586583.660241}, "device": "gpu", "nd_range": {"device_start": 1585586518.2454333, "device_end": 1585586518.2476442}, "cmdq": 0, "read": {"device_start": -1, "device_end": -1}}, "coalesced_transpose3": {"write": {"device_start": -1, "host_queued_start": 1585586583.646998, "device_queued": -1, "device_end": -1, "host_queued_end": 1585586583.660241}, "device": "gpu", "nd_range": {"device_start": 1585586518.251957, "device_end": 1585586518.2537596}, "cmdq": 4, "read": {"device_start": -1, "device_end": -1}}, "FFC_sans_bias34": {"write": {"device_start": 1585586518.2600973, "host_queued_start": 1585586583.65805, "device_queued": 1585586518.2487748, "device_end": 1585586518.2601228, "host_queued_end": 1585586583.660241}, "device": "gpu", "nd_range": {"device_start": 1585586518.260134, "device_end": 1585586518.262371}, "cmdq": 1, "read": {"device_start": 1585586518.2623835, "device_end": 1585586518.2624063}}, "FFC_sans_bias15": {"write": {"device_start": -1, "host_queued_start": 1585586583.652656, "device_queued": -1, "device_end": -1, "host_queued_end": 1585586583.660241}, "device": "gpu", "nd_range": {"device_start": 1585586518.257441, "device_end": 1585586518.2589927}, "cmdq": 3, "read": {"device_start": -1, "device_end": -1}}, "FFC_sans_bias31": {"write": {"device_start": -1, "host_queued_start": 1585586583.64988, "device_queued": -1, "device_end": -1, "host_queued_end": 1585586583.660241}, "device": "gpu", "nd_range": {"device_start": 1585586518.2542393, "device_end": 1585586518.255824}, "cmdq": 3, "read": {"device_start": -1, "device_end": -1}}, "FFC_sans_bias16": {"write": {"device_start": 1585586518.259559, "host_queued_start": 1585586583.655987, "device_queued": 1585586518.2481713, "device_end": 1585586518.2595894, "host_queued_end": 1585586583.660241}, "device": "gpu", "nd_range": {"device_start": 1585586518.2596095, "device_end": 1585586518.2614121}, "cmdq": 4, "read": {"device_start": 1585586518.2614193, "device_end": 1585586518.2614427}}, "FFC_sans_bias19": {"write": {"device_start": 1585586518.2468438, "host_queued_start": 1585586583.636191, "device_queued": 1585586518.2454407, "device_end": 1585586518.2468746, "host_queued_end": 1585586583.660241}, "device": "gpu", "nd_range": {"device_start": 1585586518.2468808, "device_end": 1585586518.2490778}, "cmdq": 3, "read": {"device_start": -1, "device_end": -1}}, "FFC_sans_bias18": {"write": {"device_start": 1585586518.246247, "host_queued_start": 1585586583.635161, "device_queued": 1585586518.2454257, "device_end": 1585586518.2462773, "host_queued_end": 1585586583.660241}, "device": "gpu", "nd_range": {"device_start": 1585586518.2462804, "device_end": 1585586518.2485836}, "cmdq": 2, "read": {"device_start": -1, "device_end": -1}},