{"FFC_sans_bias4": {"write": {"device_start": -1, "host_queued_start": 1585586192.525872, "device_queued": -1, "device_end": -1, "host_queued_end": 1585586192.53352}, "device": "cpu", "nd_range": {"device_start": 2253966.778268256, "device_end": 2253966.7916583703}, "cmdq": 0, "read": {"device_start": -1, "device_end": -1}}, "FFC_sans_bias7": {"write": {"device_start": -1, "host_queued_start": 1585586192.530458, "device_queued": -1, "device_end": -1, "host_queued_end": 1585586192.53352}, "device": "cpu", "nd_range": {"device_start": 2253966.822075765, "device_end": 2253966.82756438}, "cmdq": 0, "read": {"device_start": -1, "device_end": -1}}, "FFC_sans_bias6": {"write": {"device_start": -1, "host_queued_start": 1585586192.528357, "device_queued": -1, "device_end": -1, "host_queued_end": 1585586192.53352}, "device": "cpu", "nd_range": {"device_start": 2253966.80848281, "device_end": 2253966.8142383574}, "cmdq": 0, "read": {"device_start": -1, "device_end": -1}}, "FFC_sans_bias1": {"write": {"device_start": -1, "host_queued_start": 1585586192.513375, "device_queued": -1, "device_end": -1, "host_queued_end": 1585586192.53352}, "device": "cpu", "nd_range": {"device_start": 2253966.723150644, "device_end": 2253966.732364544}, "cmdq": 1, "read": {"device_start": -1, "device_end": -1}}, "FFC_sans_bias0": {"write": {"device_start": -1, "host_queued_start": 1585586192.512332, "device_queued": -1, "device_end": -1, "host_queued_end": 1585586192.53352}, "device": "cpu", "nd_range": {"device_start": 2253966.723150249, "device_end": 2253966.7289402373}, "cmdq": 0, "read": {"device_start": -1, "device_end": -1}}, "FFC_sans_bias2": {"write": {"device_start": -1, "host_queued_start": 1585586192.514424, "device_queued": -1, "device_end": -1, "host_queued_end": 1585586192.53352}, "device": "cpu", "nd_range": {"device_start": 2253966.729159351, "device_end": 2253966.736383722}, "cmdq": 0, "read": {"device_start": -1, "device_end": -1}}, "FFC_sans_bias52": {"write": {"device_start": 1585586127.1102083, "host_queued_start": 1585586192.507085, "device_queued": 1585586127.1028092, "device_end": 1585586127.110237, "host_queued_end": 1585586192.507193}, "device": "gpu", "nd_range": {"device_start": 1585586127.1102457, "device_end": 1585586127.1108403}, "cmdq": 0, "read": {"device_start": 1585586127.1108458, "device_end": 1585586127.1108692}}, "FFC_sans_bias9": {"write": {"device_start": -1, "host_queued_start": 1585586192.515576, "device_queued": -1, "device_end": -1, "host_queued_end": 1585586192.53352}, "device": "cpu", "nd_range": {"device_start": 2253966.7324905163, "device_end": 2253966.739942131}, "cmdq": 1, "read": {"device_start": -1, "device_end": -1}}, "coalesced_transpose39": {"write": {"device_start": -1, "host_queued_start": 1585586192.502945, "device_queued": -1, "device_end": -1, "host_queued_end": 1585586192.507193}, "device": "gpu", "nd_range": {"device_start": 1585586127.1063917, "device_end": 1585586127.1063998}, "cmdq": 0, "read": {"device_start": -1, "device_end": -1}}, "FFC_sans_bias51": {"write": {"device_start": -1, "host_queued_start": 1585586192.505001, "device_queued": -1, "device_end": -1, "host_queued_end": 1585586192.507193}, "device": "gpu", "nd_range": {"device_start": 1585586127.1086147, "device_end": 1585586127.1092143}, "cmdq": 0, "read": {"device_start": -1, "device_end": -1}}, "softmax23": {"write": {"device_start": -1, "host_queued_start": 1585586192.527752, "device_queued": -1, "device_end": -1, "host_queued_end": 1585586192.53352}, "device": "cpu", "nd_range": {"device_start": 2253966.8081713524, "device_end": 2253966.808375865}, "cmdq": 0, "read": {"device_start": -1, "device_end": -1}}, "FFC_sans_bias37": {"write": {"device_start": 1585586127.1027527, "host_queued_start": 1585586192.498391, "device_queued": 1585586127.1018975, "device_end": 1585586127.102782, "host_queued_end": 1585586192.507193}, "device": "gpu", "nd_range": {"device_start": 1585586127.1027915, "device_end": 1585586127.1033924}, "cmdq": 0, "read": {"device_start": -1, "device_end": -1}}, "softmax41": {"write": {"device_start": -1, "host_queued_start": 1585586192.504142, "device_queued": -1, "device_end": -1, "host_queued_end": 1585586192.507193}, "device": "gpu", "nd_range": {"device_start": 1585586127.1076114, "device_end": 1585586127.1078131}, "cmdq": 0, "read": {"device_start": -1, "device_end": -1}}, "FFC_sans_bias11": {"write": {"device_start": -1, "host_queued_start": 1585586192.5179, "device_queued": -1, "device_end": -1, "host_queued_end": 1585586192.53352}, "device": "cpu", "nd_range": {"device_start": 2253966.740070716, "device_end": 2253966.750692345}, "cmdq": 1, "read": {"device_start": -1, "device_end": -1}}, "FFC_sans_bias10": {"write": {"device_start": -1, "host_queued_start": 1585586192.516683, "device_queued": -1, "device_end": -1, "host_queued_end": 1585586192.53352}, "device": "cpu", "nd_range": {"device_start": 2253966.737584295, "device_end": 2253966.750692213}, "cmdq": 0, "read": {"device_start": -1, "device_end": -1}}, "coalesced_transpose3": {"write": {"device_start": -1, "host_queued_start": 1585586192.524554, "device_queued": -1, "device_end": -1, "host_queued_end": 1585586192.53352}, "device": "cpu", "nd_range": {"device_start": 2253966.7775733434, "device_end": 2253966.77775349}, "cmdq": 0, "read": {"device_start": -1, "device_end": -1}}, "FFC_sans_bias34": {"write": {"device_start": -1, "host_queued_start": 1585586192.533475, "device_queued": -1, "device_end": -1, "host_queued_end": 1585586192.53352}, "device": "cpu", "nd_range": {"device_start": 2253966.81085434, "device_end": 2253966.8260482023}, "cmdq": 1, "read": {"device_start": -1, "device_end": -1}}, "FFC_sans_bias15": {"write": {"device_start": -1, "host_queued_start": 1585586192.528702, "device_queued": -1, "device_end": -1, "host_queued_end": 1585586192.53352}, "device": "cpu", "nd_range": {"device_start": 2253966.7915830933, "device_end": 2253966.798212623}, "cmdq": 1, "read": {"device_start": -1, "device_end": -1}}, "FFC_sans_bias31": {"write": {"device_start": -1, "host_queued_start": 1585586192.526926, "device_queued": -1, "device_end": -1, "host_queued_end": 1585586192.53352}, "device": "cpu", "nd_range": {"device_start": 2253966.783750214, "device_end": 2253966.7908746973}, "cmdq": 1, "read": {"device_start": -1, "device_end": -1}}, "FFC_sans_bias16": {"write": {"device_start": -1, "host_queued_start": 1585586192.531484, "device_queued": -1, "device_end": -1, "host_queued_end": 1585586192.53352}, "device": "cpu", "nd_range": {"device_start": 2253966.8048485983, "device_end": 2253966.810849764}, "cmdq": 1, "read": {"device_start": -1, "device_end": -1}}, "FFC_sans_bias19": {"write": {"device_start": -1, "host_queued_start": 1585586192.520029, "device_queued": -1, "device_end": -1, "host_queued_end": 1585586192.53352}, "device": "cpu", "nd_range": {"device_start": 2253966.7506984253, "device_end": 2253966.759645032}, "cmdq": 1, "read": {"device_start": -1, "device_end": -1}}, "FFC_sans_bias18": {"write": {"device_start": -1, "host_queued_start": 1585586192.518993, "device_queued": -1, "device_end": -1, "host_queued_end": 1585586192.53352}, "device": "cpu", "nd_range": {"device_start": 2253966.7511851573, "device_end": 2253966.766046648}, "cmdq": 0, "read": {"device_start": -1, "device_end": -1}}, "coalesced_transpose30": {"write": {"device_start": -1, "host_queued_start": 1585586192.525529, "device_queued": -1, "device_end": -1, "host_queued_end": 1585586192.53352}, "device": "cpu", "nd_range": {"device_start": 2253966.7775612064, "device_end": 2253966.7777642803}, "cmdq": 1, "read": {"device_start": -1, "device_end": -1}}, "FFC_sans_bias38": {"write": {"device_start": 1585586127.1034899, "host_queued_start": 1585586192.499466, "device_queued": 1585586127.1019418, "device_end": 1585586127.103519, "host_queued_end": 1585586192.507193}, "device": "gpu", "nd_range": {"device_start": 1585586127.1035275, "device_end": 1585586127.1041248}, "cmdq": 0,