{"FFC_sans_bias4": {"write": {"device_start": -1, "host_queued_start": 1585586176.09559, "device_queued": -1, "device_end": -1, "host_queued_end": 1585586176.105572}, "device": "cpu", "nd_range": {"device_start": 2253950.363697578, "device_end": 2253950.367765869}, "cmdq": 0, "read": {"device_start": -1, "device_end": -1}}, "FFC_sans_bias7": {"write": {"device_start": -1, "host_queued_start": 1585586176.101275, "device_queued": -1, "device_end": -1, "host_queued_end": 1585586176.105572}, "device": "cpu", "nd_range": {"device_start": 2253950.408824305, "device_end": 2253950.4131133193}, "cmdq": 0, "read": {"device_start": -1, "device_end": -1}}, "FFC_sans_bias6": {"write": {"device_start": -1, "host_queued_start": 1585586176.098736, "device_queued": -1, "device_end": -1, "host_queued_end": 1585586176.105572}, "device": "cpu", "nd_range": {"device_start": 2253950.38646361, "device_end": 2253950.3909285683}, "cmdq": 0, "read": {"device_start": -1, "device_end": -1}}, "FFC_sans_bias1": {"write": {"device_start": -1, "host_queued_start": 1585586176.079806, "device_queued": -1, "device_end": -1, "host_queued_end": 1585586176.105572}, "device": "cpu", "nd_range": {"device_start": 2253950.299273955, "device_end": 2253950.3035460063}, "cmdq": 0, "read": {"device_start": -1, "device_end": -1}}, "FFC_sans_bias0": {"write": {"device_start": -1, "host_queued_start": 1585586176.078764, "device_queued": -1, "device_end": -1, "host_queued_end": 1585586176.105572}, "device": "cpu", "nd_range": {"device_start": 2253950.295175462, "device_end": 2253950.299256949}, "cmdq": 0, "read": {"device_start": -1, "device_end": -1}}, "FFC_sans_bias2": {"write": {"device_start": -1, "host_queued_start": 1585586176.08085, "device_queued": -1, "device_end": -1, "host_queued_end": 1585586176.105572}, "device": "cpu", "nd_range": {"device_start": 2253950.303564221, "device_end": 2253950.3075931473}, "cmdq": 0, "read": {"device_start": -1, "device_end": -1}}, "FFC_sans_bias52": {"write": {"device_start": 1585586110.67162, "host_queued_start": 1585586176.072833, "device_queued": 1585586110.6682563, "device_end": 1585586110.6716483, "host_queued_end": 1585586176.072944}, "device": "gpu", "nd_range": {"device_start": 1585586110.6716542, "device_end": 1585586110.6721578}, "cmdq": 0, "read": {"device_start": 1585586110.6721628, "device_end": 1585586110.6721854}}, "FFC_sans_bias9": {"write": {"device_start": -1, "host_queued_start": 1585586176.081886, "device_queued": -1, "device_end": -1, "host_queued_end": 1585586176.105572}, "device": "cpu", "nd_range": {"device_start": 2253950.307598851, "device_end": 2253950.311560218}, "cmdq": 0, "read": {"device_start": -1, "device_end": -1}}, "coalesced_transpose39": {"write": {"device_start": -1, "host_queued_start": 1585586176.095247, "device_queued": -1, "device_end": -1, "host_queued_end": 1585586176.105572}, "device": "cpu", "nd_range": {"device_start": 2253950.3634823333, "device_end": 2253950.3635811983}, "cmdq": 0, "read": {"device_start": -1, "device_end": -1}}, "FFC_sans_bias51": {"write": {"device_start": -1, "host_queued_start": 1585586176.071825, "device_queued": -1, "device_end": -1, "host_queued_end": 1585586176.072944}, "device": "gpu", "nd_range": {"device_start": 1585586110.6709366, "device_end": 1585586110.6715233}, "cmdq": 0, "read": {"device_start": -1, "device_end": -1}}, "softmax23": {"write": {"device_start": -1, "host_queued_start": 1585586176.097793, "device_queued": -1, "device_end": -1, "host_queued_end": 1585586176.105572}, "device": "cpu", "nd_range": {"device_start": 2253950.386121327, "device_end": 2253950.3862354523}, "cmdq": 0, "read": {"device_start": -1, "device_end": -1}}, "FFC_sans_bias37": {"write": {"device_start": -1, "host_queued_start": 1585586176.092534, "device_queued": -1, "device_end": -1, "host_queued_end": 1585586176.105572}, "device": "cpu", "nd_range": {"device_start": 2253950.352889295, "device_end": 2253950.357892833}, "cmdq": 0, "read": {"device_start": -1, "device_end": -1}}, "softmax41": {"write": {"device_start": -1, "host_queued_start": 1585586176.098364, "device_queued": -1, "device_end": -1, "host_queued_end": 1585586176.105572}, "device": "cpu", "nd_range": {"device_start": 2253950.386352849, "device_end": 2253950.3864580463}, "cmdq": 0, "read": {"device_start": -1, "device_end": -1}}, "FFC_sans_bias11": {"write": {"device_start": -1, "host_queued_start": 1585586176.084003, "device_queued": -1, "device_end": -1, "host_queued_end": 1585586176.105572}, "device": "cpu", "nd_range": {"device_start": 2253950.316582253, "device_end": 2253950.3209079793}, "cmdq": 0, "read": {"device_start": -1, "device_end": -1}}, "FFC_sans_bias10": {"write": {"device_start": -1, "host_queued_start": 1585586176.082958, "device_queued": -1, "device_end": -1, "host_queued_end": 1585586176.105572}, "device": "cpu", "nd_range": {"device_start": 2253950.3115652953, "device_end": 2253950.3165776203}, "cmdq": 0, "read": {"device_start": -1, "device_end": -1}}, "coalesced_transpose3": {"write": {"device_start": -1, "host_queued_start": 1585586176.093905, "device_queued": -1, "device_end": -1, "host_queued_end": 1585586176.105572}, "device": "cpu", "nd_range": {"device_start": 2253950.362500451, "device_end": 2253950.3626567493}, "cmdq": 0, "read": {"device_start": -1, "device_end": -1}}, "FFC_sans_bias34": {"write": {"device_start": -1, "host_queued_start": 1585586176.104467, "device_queued": -1, "device_end": -1, "host_queued_end": 1585586176.105572}, "device": "cpu", "nd_range": {"device_start": 2253950.422243686, "device_end": 2253950.426878528}, "cmdq": 0, "read": {"device_start": -1, "device_end": -1}}, "FFC_sans_bias15": {"write": {"device_start": -1, "host_queued_start": 1585586176.099077, "device_queued": -1, "device_end": -1, "host_queued_end": 1585586176.105572}, "device": "cpu", "nd_range": {"device_start": 2253950.390933786, "device_end": 2253950.395889845}, "cmdq": 0, "read": {"device_start": -1, "device_end": -1}}, "FFC_sans_bias31": {"write": {"device_start": -1, "host_queued_start": 1585586176.096618, "device_queued": -1, "device_end": -1, "host_queued_end": 1585586176.105572}, "device": "cpu", "nd_range": {"device_start": 2253950.376927257, "device_end": 2253950.381441805}, "cmdq": 0, "read": {"device_start": -1, "device_end": -1}}, "FFC_sans_bias16": {"write": {"device_start": -1, "host_queued_start": 1585586176.102369, "device_queued": -1, "device_end": -1, "host_queued_end": 1585586176.105572}, "device": "cpu", "nd_range": {"device_start": 2253950.4131168863, "device_end": 2253950.417918054}, "cmdq": 0, "read": {"device_start": -1, "device_end": -1}}, "FFC_sans_bias19": {"write": {"device_start": -1, "host_queued_start": 1585586176.086091, "device_queued": -1, "device_end": -1, "host_queued_end": 1585586176.105572}, "device": "cpu", "nd_range": {"device_start": 2253950.325741691, "device_end": 2253950.3301870353}, "cmdq": 0, "read": {"device_start": -1, "device_end": -1}}, "FFC_sans_bias18": {"write": {"device_start": -1, "host_queued_start": 1585586176.085044, "device_queued": -1, "device_end": -1, "host_queued_end": 1585586176.105572}, "device": "cpu", "nd_range": {"device_start": 2253950.3209121563, "device_end": 2253950.325728123}, "cmdq": 0, "read": {"device_start": -1, "device_end": -1}}, "coalesced_transpose30": {"write": {"device_start": -1, "host_queued_start": 1585586176.094922, "device_queued": -1, "device_end": -1, "host_queued_end": 1585586176.105572}, "device": "cpu", "nd_range": {"device_start": 2253950.3632598263, "device_end": 2253950.363364919}, "cmdq": 0, "read": {"device_start": -1, "device_end": -1}}, "FFC_sans_bias38": {"write": {"device_start": -1, "host_queued_start": 1585586176.093579, "device_queued": -1, "device_end": -1, "host_queued_end": 1585586176.105572}, "device": "cpu", "nd_range": {"device_start": 2253950.357898008, "device_end": 2253950.362495495}, "cmdq": 0, "read": {"device_start": -1, "device_end": -1}}, "empty26": {"write": {"device_start": -1,