{"FFC_sans_bias4": {"write": {"device_start": -1, "host_queued_start": 1585586340.194325, "device_queued": -1, "device_end": -1, "host_queued_end": 1585586340.198384}, "device": "cpu", "nd_range": {"device_start": 2254114.414922253, "device_end": 2254114.4214560413}, "cmdq": 0, "read": {"device_start": -1, "device_end": -1}}, "FFC_sans_bias7": {"write": {"device_start": -1, "host_queued_start": 1585586340.197327, "device_queued": -1, "device_end": -1, "host_queued_end": 1585586340.198384}, "device": "cpu", "nd_range": {"device_start": 2254114.429115648, "device_end": 2254114.439175495}, "cmdq": 1, "read": {"device_start": -1, "device_end": -1}}, "FFC_sans_bias6": {"write": {"device_start": -1, "host_queued_start": 1585586340.195786, "device_queued": -1, "device_end": -1, "host_queued_end": 1585586340.198384}, "device": "cpu", "nd_range": {"device_start": 2254114.421787363, "device_end": 2254114.428014281}, "cmdq": 4, "read": {"device_start": -1, "device_end": -1}}, "FFC_sans_bias1": {"write": {"device_start": -1, "host_queued_start": 1585586340.18882, "device_queued": -1, "device_end": -1, "host_queued_end": 1585586340.198384}, "device": "cpu", "nd_range": {"device_start": 2254114.388021386, "device_end": 2254114.4033266883}, "cmdq": 3, "read": {"device_start": -1, "device_end": -1}}, "FFC_sans_bias0": {"write": {"device_start": -1, "host_queued_start": 1585586340.187481, "device_queued": -1, "device_end": -1, "host_queued_end": 1585586340.198384}, "device": "cpu", "nd_range": {"device_start": 2254114.388063549, "device_end": 2254114.4032691633}, "cmdq": 2, "read": {"device_start": -1, "device_end": -1}}, "FFC_sans_bias2": {"write": {"device_start": -1, "host_queued_start": 1585586340.190165, "device_queued": -1, "device_end": -1, "host_queued_end": 1585586340.198384}, "device": "cpu", "nd_range": {"device_start": 2254114.3879675143, "device_end": 2254114.4031925392}, "cmdq": 4, "read": {"device_start": -1, "device_end": -1}}, "FFC_sans_bias52": {"write": {"device_start": 1585586274.7861028, "host_queued_start": 1585586340.183625, "device_queued": 1585586274.7770646, "device_end": 1585586274.7861335, "host_queued_end": 1585586340.183729}, "device": "gpu", "nd_range": {"device_start": 1585586274.786138, "device_end": 1585586274.7868407}, "cmdq": 1, "read": {"device_start": 1585586274.786844, "device_end": 1585586274.7868671}}, "FFC_sans_bias9": {"write": {"device_start": -1, "host_queued_start": 1585586340.191251, "device_queued": -1, "device_end": -1, "host_queued_end": 1585586340.198384}, "device": "cpu", "nd_range": {"device_start": 2254114.403297971, "device_end": 2254114.4148018}, "cmdq": 0, "read": {"device_start": -1, "device_end": -1}}, "coalesced_transpose39": {"write": {"device_start": -1, "host_queued_start": 1585586340.175436, "device_queued": -1, "device_end": -1, "host_queued_end": 1585586340.183729}, "device": "gpu", "nd_range": {"device_start": 1585586274.7806048, "device_end": 1585586274.7806194}, "cmdq": 0, "read": {"device_start": -1, "device_end": -1}}, "FFC_sans_bias51": {"write": {"device_start": -1, "host_queued_start": 1585586340.179396, "device_queued": -1, "device_end": -1, "host_queued_end": 1585586340.183729}, "device": "gpu", "nd_range": {"device_start": 1585586274.7838953, "device_end": 1585586274.7848756}, "cmdq": 1, "read": {"device_start": -1, "device_end": -1}}, "softmax23": {"write": {"device_start": -1, "host_queued_start": 1585586340.177243, "device_queued": -1, "device_end": -1, "host_queued_end": 1585586340.183729}, "device": "gpu", "nd_range": {"device_start": 1585586274.7822073, "device_end": 1585586274.782674}, "cmdq": 0, "read": {"device_start": -1, "device_end": -1}}, "FFC_sans_bias37": {"write": {"device_start": 1585586274.7779315, "host_queued_start": 1585586340.170295, "device_queued": 1585586274.775254, "device_end": 1585586274.777964, "host_queued_end": 1585586340.183729}, "device": "gpu", "nd_range": {"device_start": 1585586274.7779682, "device_end": 1585586274.778791}, "cmdq": 1, "read": {"device_start": -1, "device_end": -1}}, "softmax41": {"write": {"device_start": -1, "host_queued_start": 1585586340.17773, "device_queued": -1, "device_end": -1, "host_queued_end": 1585586340.183729}, "device": "gpu", "nd_range": {"device_start": 1585586274.7826755, "device_end": 1585586274.7828805}, "cmdq": 0, "read": {"device_start": -1, "device_end": -1}}, "FFC_sans_bias11": {"write": {"device_start": -1, "host_queued_start": 1585586340.193334, "device_queued": -1, "device_end": -1, "host_queued_end": 1585586340.198384}, "device": "cpu", "nd_range": {"device_start": 2254114.4033331163, "device_end": 2254114.412378683}, "cmdq": 2, "read": {"device_start": -1, "device_end": -1}}, "FFC_sans_bias10": {"write": {"device_start": -1, "host_queued_start": 1585586340.192288, "device_queued": -1, "device_end": -1, "host_queued_end": 1585586340.198384}, "device": "cpu", "nd_range": {"device_start": 2254114.3879789473, "device_end": 2254114.40349101}, "cmdq": 1, "read": {"device_start": -1, "device_end": -1}}, "coalesced_transpose3": {"write": {"device_start": -1, "host_queued_start": 1585586340.19366, "device_queued": -1, "device_end": -1, "host_queued_end": 1585586340.198384}, "device": "cpu", "nd_range": {"device_start": 2254114.4033450442, "device_end": 2254114.403846369}, "cmdq": 3, "read": {"device_start": -1, "device_end": -1}}, "FFC_sans_bias34": {"write": {"device_start": 1585586274.7850296, "host_queued_start": 1585586340.181456, "device_queued": 1585586274.7767494, "device_end": 1585586274.7850654, "host_queued_end": 1585586340.183729}, "device": "gpu", "nd_range": {"device_start": 1585586274.785068, "device_end": 1585586274.7858706}, "cmdq": 1, "read": {"device_start": 1585586274.7858725, "device_end": 1585586274.7858963}}, "FFC_sans_bias15": {"write": {"device_start": -1, "host_queued_start": 1585586340.196172, "device_queued": -1, "device_end": -1, "host_queued_end": 1585586340.198384}, "device": "cpu", "nd_range": {"device_start": 2254114.425273971, "device_end": 2254114.439174973}, "cmdq": 0, "read": {"device_start": -1, "device_end": -1}}, "FFC_sans_bias31": {"write": {"device_start": -1, "host_queued_start": 1585586340.176368, "device_queued": -1, "device_end": -1, "host_queued_end": 1585586340.183729}, "device": "gpu", "nd_range": {"device_start": 1585586274.781064, "device_end": 1585586274.781675}, "cmdq": 1, "read": {"device_start": -1, "device_end": -1}}, "FFC_sans_bias16": {"write": {"device_start": -1, "host_queued_start": 1585586340.198338, "device_queued": -1, "device_end": -1, "host_queued_end": 1585586340.198384}, "device": "cpu", "nd_range": {"device_start": 2254114.439181759, "device_end": 2254114.443166261}, "cmdq": 2, "read": {"device_start": -1, "device_end": -1}}, "FFC_sans_bias19": {"write": {"device_start": 1585586274.7748158, "host_queued_start": 1585586340.164074, "device_queued": 1585586274.7746732, "device_end": 1585586274.7748444, "host_queued_end": 1585586340.183729}, "device": "gpu", "nd_range": {"device_start": 1585586274.774848, "device_end": 1585586274.7758024}, "cmdq": 1, "read": {"device_start": -1, "device_end": -1}}, "FFC_sans_bias18": {"write": {"device_start": 1585586274.774724, "host_queued_start": 1585586340.16304, "device_queued": 1585586274.7746239, "device_end": 1585586274.7747877, "host_queued_end": 1585586340.183729}, "device": "gpu", "nd_range": {"device_start": 1585586274.774793, "device_end": 1585586274.7753994}, "cmdq": 0, "read": {"device_start": -1, "device_end": -1}}, "coalesced_transpose30": {"write": {"device_start": -1, "host_queued_start": 1585586340.17513, "device_queued": -1, "device_end": -1, "host_queued_end": 1585586340.183729}, "device": "gpu", "nd_range": {"device_start": 1585586274.7807164, "device_end": 1585586274.7810376}, "cmdq": 1, "read": {"device_start": -1, "device_end": -1}}, "FFC_sans_bias38": {"write": {"device_start": 1585586274.7784095, "host_queued_start": 1585586340.17136, "device_queued": 1585586274.775381,