{"FFC_sans_bias4": {"write": {"device_start": -1, "host_queued_start": 1585586334.836848, "device_queued": -1, "device_end": -1, "host_queued_end": 1585586334.848122}, "device": "gpu", "nd_range": {"device_start": 1585586269.4483047, "device_end": 1585586269.44891}, "cmdq": 0, "read": {"device_start": -1, "device_end": -1}}, "FFC_sans_bias7": {"write": {"device_start": 1585586269.4545043, "host_queued_start": 1585586334.842825, "device_queued": 1585586269.4423876, "device_end": 1585586269.454536, "host_queued_end": 1585586334.848122}, "device": "gpu", "nd_range": {"device_start": 1585586269.4545393, "device_end": 1585586269.4553103}, "cmdq": 0, "read": {"device_start": 1585586269.455318, "device_end": 1585586269.455343}}, "FFC_sans_bias6": {"write": {"device_start": -1, "host_queued_start": 1585586334.84024, "device_queued": -1, "device_end": -1, "host_queued_end": 1585586334.848122}, "device": "gpu", "nd_range": {"device_start": 1585586269.4518163, "device_end": 1585586269.4524205}, "cmdq": 0, "read": {"device_start": -1, "device_end": -1}}, "FFC_sans_bias1": {"write": {"device_start": 1585586269.439594, "host_queued_start": 1585586334.817805, "device_queued": 1585586269.439485, "device_end": 1585586269.4396195, "host_queued_end": 1585586334.848122}, "device": "gpu", "nd_range": {"device_start": 1585586269.4396214, "device_end": 1585586269.4405627}, "cmdq": 1, "read": {"device_start": -1, "device_end": -1}}, "FFC_sans_bias0": {"write": {"device_start": 1585586269.4394867, "host_queued_start": 1585586334.816734, "device_queued": 1585586269.4392643, "device_end": 1585586269.4395518, "host_queued_end": 1585586334.848122}, "device": "gpu", "nd_range": {"device_start": 1585586269.4395578, "device_end": 1585586269.4401636}, "cmdq": 0, "read": {"device_start": -1, "device_end": -1}}, "FFC_sans_bias2": {"write": {"device_start": 1585586269.4403563, "host_queued_start": 1585586334.818884, "device_queued": 1585586269.4395406, "device_end": 1585586269.440383, "host_queued_end": 1585586334.848122}, "device": "gpu", "nd_range": {"device_start": 1585586269.4403868, "device_end": 1585586269.4411244}, "cmdq": 0, "read": {"device_start": -1, "device_end": -1}}, "FFC_sans_bias52": {"write": {"device_start": 1585586269.4569733, "host_queued_start": 1585586334.84802, "device_queued": 1585586269.4430642, "device_end": 1585586269.4570036, "host_queued_end": 1585586334.848122}, "device": "gpu", "nd_range": {"device_start": 1585586269.457007, "device_end": 1585586269.457706}, "cmdq": 1, "read": {"device_start": 1585586269.4577146, "device_end": 1585586269.4577367}}, "FFC_sans_bias9": {"write": {"device_start": 1585586269.440686, "host_queued_start": 1585586334.819935, "device_queued": 1585586269.4396782, "device_end": 1585586269.440712, "host_queued_end": 1585586334.848122}, "device": "gpu", "nd_range": {"device_start": 1585586269.4407148, "device_end": 1585586269.441558}, "cmdq": 1, "read": {"device_start": -1, "device_end": -1}}, "coalesced_transpose39": {"write": {"device_start": -1, "host_queued_start": 1585586334.836232, "device_queued": -1, "device_end": -1, "host_queued_end": 1585586334.848122}, "device": "gpu", "nd_range": {"device_start": 1585586269.4482863, "device_end": 1585586269.4483035}, "cmdq": 0, "read": {"device_start": -1, "device_end": -1}}, "FFC_sans_bias51": {"write": {"device_start": -1, "host_queued_start": 1585586334.841798, "device_queued": -1, "device_end": -1, "host_queued_end": 1585586334.848122}, "device": "gpu", "nd_range": {"device_start": 1585586269.4538224, "device_end": 1585586269.4548118}, "cmdq": 1, "read": {"device_start": -1, "device_end": -1}}, "softmax23": {"write": {"device_start": -1, "host_queued_start": 1585586334.839204, "device_queued": -1, "device_end": -1, "host_queued_end": 1585586334.848122}, "device": "gpu", "nd_range": {"device_start": 1585586269.4514046, "device_end": 1585586269.4516098}, "cmdq": 0, "read": {"device_start": -1, "device_end": -1}}, "FFC_sans_bias37": {"write": {"device_start": 1585586269.4456449, "host_queued_start": 1585586334.830383, "device_queued": 1585586269.440725, "device_end": 1585586269.445678, "host_queued_end": 1585586334.848122}, "device": "gpu", "nd_range": {"device_start": 1585586269.4456832, "device_end": 1585586269.4464006}, "cmdq": 1, "read": {"device_start": -1, "device_end": -1}}, "softmax41": {"write": {"device_start": -1, "host_queued_start": 1585586334.839689, "device_queued": -1, "device_end": -1, "host_queued_end": 1585586334.848122}, "device": "gpu", "nd_range": {"device_start": 1585586269.4516113, "device_end": 1585586269.4518147}, "cmdq": 0, "read": {"device_start": -1, "device_end": -1}}, "FFC_sans_bias11": {"write": {"device_start": 1585586269.441786, "host_queued_start": 1585586334.822036, "device_queued": 1585586269.4398675, "device_end": 1585586269.4418178, "host_queued_end": 1585586334.848122}, "device": "gpu", "nd_range": {"device_start": 1585586269.4418223, "device_end": 1585586269.4425461}, "cmdq": 1, "read": {"device_start": -1, "device_end": -1}}, "FFC_sans_bias10": {"write": {"device_start": 1585586269.4412434, "host_queued_start": 1585586334.820995, "device_queued": 1585586269.4397213, "device_end": 1585586269.4412704, "host_queued_end": 1585586334.848122}, "device": "gpu", "nd_range": {"device_start": 1585586269.4412751, "device_end": 1585586269.4420843}, "cmdq": 0, "read": {"device_start": -1, "device_end": -1}}, "coalesced_transpose3": {"write": {"device_start": -1, "host_queued_start": 1585586334.834915, "device_queued": -1, "device_end": -1, "host_queued_end": 1585586334.848122}, "device": "gpu", "nd_range": {"device_start": 1585586269.44792, "device_end": 1585586269.4482558}, "cmdq": 0, "read": {"device_start": -1, "device_end": -1}}, "FFC_sans_bias34": {"write": {"device_start": 1585586269.455996, "host_queued_start": 1585586334.84593, "device_queued": 1585586269.4428217, "device_end": 1585586269.4560277, "host_queued_end": 1585586334.848122}, "device": "gpu", "nd_range": {"device_start": 1585586269.4560304, "device_end": 1585586269.456773}, "cmdq": 1, "read": {"device_start": 1585586269.45678, "device_end": 1585586269.4568026}}, "FFC_sans_bias15": {"write": {"device_start": -1, "host_queued_start": 1585586334.840554, "device_queued": -1, "device_end": -1, "host_queued_end": 1585586334.848122}, "device": "gpu", "nd_range": {"device_start": 1585586269.4520125, "device_end": 1585586269.4528258}, "cmdq": 1, "read": {"device_start": -1, "device_end": -1}}, "FFC_sans_bias31": {"write": {"device_start": -1, "host_queued_start": 1585586334.837834, "device_queued": -1, "device_end": -1, "host_queued_end": 1585586334.848122}, "device": "gpu", "nd_range": {"device_start": 1585586269.4493885, "device_end": 1585586269.4503753}, "cmdq": 1, "read": {"device_start": -1, "device_end": -1}}, "FFC_sans_bias16": {"write": {"device_start": 1585586269.4549336, "host_queued_start": 1585586334.84387, "device_queued": 1585586269.4425373, "device_end": 1585586269.4549644, "host_queued_end": 1585586334.848122}, "device": "gpu", "nd_range": {"device_start": 1585586269.454967, "device_end": 1585586269.4557905}, "cmdq": 1, "read": {"device_start": 1585586269.4558, "device_end": 1585586269.4558249}}, "FFC_sans_bias19": {"write": {"device_start": 1585586269.4426417, "host_queued_start": 1585586334.824155, "device_queued": 1585586269.4400566, "device_end": 1585586269.4426684, "host_queued_end": 1585586334.848122}, "device": "gpu", "nd_range": {"device_start": 1585586269.4426732, "device_end": 1585586269.443531}, "cmdq": 1, "read": {"device_start": -1, "device_end": -1}}, "FFC_sans_bias18": {"write": {"device_start": 1585586269.4422183, "host_queued_start": 1585586334.823122, "device_queued": 1585586269.4399118, "device_end": 1585586269.442251, "host_queued_end": 1585586334.848122}, "device": "gpu", "nd_range": {"device_start": 1585586269.4422548, "device_end": 1585586269.4430315}, "cmdq": 0, "read": {"device_start": -1, "device_end": -1}},