{"FFC_sans_bias4": {"write": {"device_start": -1, "host_queued_start": 1585586222.708015, "device_queued": -1, "device_end": -1, "host_queued_end": 1585586222.709877}, "device": "cpu", "nd_range": {"device_start": 2253996.9120000293, "device_end": 2253996.9160558623}, "cmdq": 1, "read": {"device_start": -1, "device_end": -1}}, "FFC_sans_bias7": {"write": {"device_start": -1, "host_queued_start": 1585586222.709832, "device_queued": -1, "device_end": -1, "host_queued_end": 1585586222.709877}, "device": "cpu", "nd_range": {"device_start": 2253996.9212227133, "device_end": 2253996.925393624}, "cmdq": 0, "read": {"device_start": -1, "device_end": -1}}, "FFC_sans_bias6": {"write": {"device_start": -1, "host_queued_start": 1585586222.70866, "device_queued": -1, "device_end": -1, "host_queued_end": 1585586222.709877}, "device": "cpu", "nd_range": {"device_start": 2253996.916293439, "device_end": 2253996.9212142383}, "cmdq": 3, "read": {"device_start": -1, "device_end": -1}}, "FFC_sans_bias1": {"write": {"device_start": -1, "host_queued_start": 1585586222.706057, "device_queued": -1, "device_end": -1, "host_queued_end": 1585586222.709877}, "device": "cpu", "nd_range": {"device_start": 2253996.899484916, "device_end": 2253996.911631113}, "cmdq": 2, "read": {"device_start": -1, "device_end": -1}}, "FFC_sans_bias0": {"write": {"device_start": -1, "host_queued_start": 1585586222.704772, "device_queued": -1, "device_end": -1, "host_queued_end": 1585586222.709877}, "device": "cpu", "nd_range": {"device_start": 2253996.8994740173, "device_end": 2253996.908170123}, "cmdq": 1, "read": {"device_start": -1, "device_end": -1}}, "FFC_sans_bias2": {"write": {"device_start": -1, "host_queued_start": 1585586222.707228, "device_queued": -1, "device_end": -1, "host_queued_end": 1585586222.709877}, "device": "cpu", "nd_range": {"device_start": 2253996.899490078, "device_end": 2253996.911443774}, "cmdq": 3, "read": {"device_start": -1, "device_end": -1}}, "FFC_sans_bias52": {"write": {"device_start": 1585586157.3176703, "host_queued_start": 1585586222.701816, "device_queued": 1585586157.2987115, "device_end": 1585586157.3176937, "host_queued_end": 1585586222.701923}, "device": "gpu", "nd_range": {"device_start": 1585586157.3176968, "device_end": 1585586157.3182967}, "cmdq": 0, "read": {"device_start": 1585586157.318303, "device_end": 1585586157.318325}}, "FFC_sans_bias9": {"write": {"device_start": 1585586157.2965333, "host_queued_start": 1585586222.675846, "device_queued": 1585586157.295959, "device_end": 1585586157.296564, "host_queued_end": 1585586222.701923}, "device": "gpu", "nd_range": {"device_start": 1585586157.2965667, "device_end": 1585586157.2971659}, "cmdq": 0, "read": {"device_start": -1, "device_end": -1}}, "coalesced_transpose39": {"write": {"device_start": -1, "host_queued_start": 1585586222.691802, "device_queued": -1, "device_end": -1, "host_queued_end": 1585586222.701923}, "device": "gpu", "nd_range": {"device_start": 1585586157.3073933, "device_end": 1585586157.3074014}, "cmdq": 0, "read": {"device_start": -1, "device_end": -1}}, "FFC_sans_bias51": {"write": {"device_start": -1, "host_queued_start": 1585586222.696595, "device_queued": -1, "device_end": -1, "host_queued_end": 1585586222.701923}, "device": "gpu", "nd_range": {"device_start": 1585586157.3138661, "device_end": 1585586157.3144655}, "cmdq": 0, "read": {"device_start": -1, "device_end": -1}}, "softmax23": {"write": {"device_start": -1, "host_queued_start": 1585586222.694272, "device_queued": -1, "device_end": -1, "host_queued_end": 1585586222.701923}, "device": "gpu", "nd_range": {"device_start": 1585586157.310615, "device_end": 1585586157.3108258}, "cmdq": 0, "read": {"device_start": -1, "device_end": -1}}, "FFC_sans_bias37": {"write": {"device_start": 1585586157.303946, "host_queued_start": 1585586222.686381, "device_queued": 1585586157.2970128, "device_end": 1585586157.3039703, "host_queued_end": 1585586222.701923}, "device": "gpu", "nd_range": {"device_start": 1585586157.3039749, "device_end": 1585586157.3045764}, "cmdq": 0, "read": {"device_start": -1, "device_end": -1}}, "softmax41": {"write": {"device_start": -1, "host_queued_start": 1585586222.694791, "device_queued": -1, "device_end": -1, "host_queued_end": 1585586222.701923}, "device": "gpu", "nd_range": {"device_start": 1585586157.3110375, "device_end": 1585586157.3112473}, "cmdq": 0, "read": {"device_start": -1, "device_end": -1}}, "FFC_sans_bias11": {"write": {"device_start": 1585586157.298049, "host_queued_start": 1585586222.677961, "device_queued": 1585586157.2962003, "device_end": 1585586157.2980788, "host_queued_end": 1585586222.701923}, "device": "gpu", "nd_range": {"device_start": 1585586157.2980893, "device_end": 1585586157.2986836}, "cmdq": 0, "read": {"device_start": -1, "device_end": -1}}, "FFC_sans_bias10": {"write": {"device_start": 1585586157.2972994, "host_queued_start": 1585586222.676927, "device_queued": 1585586157.2960012, "device_end": 1585586157.2973287, "host_queued_end": 1585586222.701923}, "device": "gpu", "nd_range": {"device_start": 1585586157.2973356, "device_end": 1585586157.2979364}, "cmdq": 0, "read": {"device_start": -1, "device_end": -1}}, "coalesced_transpose3": {"write": {"device_start": -1, "host_queued_start": 1585586222.707637, "device_queued": -1, "device_end": -1, "host_queued_end": 1585586222.709877}, "device": "cpu", "nd_range": {"device_start": 2253996.9117860533, "device_end": 2253996.911860445}, "cmdq": 0, "read": {"device_start": -1, "device_end": -1}}, "FFC_sans_bias34": {"write": {"device_start": 1585586157.3161137, "host_queued_start": 1585586222.699742, "device_queued": 1585586157.2984927, "device_end": 1585586157.3161383, "host_queued_end": 1585586222.701923}, "device": "gpu", "nd_range": {"device_start": 1585586157.3161414, "device_end": 1585586157.3167381}, "cmdq": 0, "read": {"device_start": 1585586157.3167467, "device_end": 1585586157.316769}}, "FFC_sans_bias15": {"write": {"device_start": -1, "host_queued_start": 1585586222.695347, "device_queued": -1, "device_end": -1, "host_queued_end": 1585586222.701923}, "device": "gpu", "nd_range": {"device_start": 1585586157.3114603, "device_end": 1585586157.3120587}, "cmdq": 0, "read": {"device_start": -1, "device_end": -1}}, "FFC_sans_bias31": {"write": {"device_start": -1, "host_queued_start": 1585586222.693134, "device_queued": -1, "device_end": -1, "host_queued_end": 1585586222.701923}, "device": "gpu", "nd_range": {"device_start": 1585586157.3086112, "device_end": 1585586157.3092103}, "cmdq": 0, "read": {"device_start": -1, "device_end": -1}}, "FFC_sans_bias16": {"write": {"device_start": 1585586157.3145435, "host_queued_start": 1585586222.69763, "device_queued": 1585586157.2982728, "device_end": 1585586157.3145669, "host_queued_end": 1585586222.701923}, "device": "gpu", "nd_range": {"device_start": 1585586157.3145719, "device_end": 1585586157.3151686}, "cmdq": 0, "read": {"device_start": 1585586157.3151772, "device_end": 1585586157.3152025}}, "FFC_sans_bias19": {"write": {"device_start": 1585586157.2995398, "host_queued_start": 1585586222.680082, "device_queued": 1585586157.296437, "device_end": 1585586157.299563, "host_queued_end": 1585586222.701923}, "device": "gpu", "nd_range": {"device_start": 1585586157.2995682, "device_end": 1585586157.3001695}, "cmdq": 0, "read": {"device_start": -1, "device_end": -1}}, "FFC_sans_bias18": {"write": {"device_start": 1585586157.2988036, "host_queued_start": 1585586222.679053, "device_queued": 1585586157.2962427, "device_end": 1585586157.298829, "host_queued_end": 1585586222.701923}, "device": "gpu", "nd_range": {"device_start": 1585586157.2988324, "device_end": 1585586157.2994285}, "cmdq": 0, "read": {"device_start": -1, "device_end": -1}}, "coalesced_transpose30": {"write": {"device_start": -1, "host_queued_start": 1585586222.691503, "device_queued": -1, "device_end": -1, "host_queued_end": 1585586222.701923}, "device": "gpu", "nd_range": {"device_start": 1585586157.3073843,