{"mm3_kernel10": {"write": {"device_start": 1586204744.5953412, "host_queued_start": 1586204827.772484, "device_queued": 1586204744.5950289, "device_end": 1586204744.5961647, "host_queued_end": 1586204827.772869}, "device": "gpu", "nd_range": {"device_start": 1586204744.596169, "device_end": 1586204744.598858}, "cmdq": 0, "read": {"device_start": 1586204744.5988667, "device_end": 1586204744.5989516}}}