{"mm3_kernel10": {"write": {"device_start": 1586235787.1707544, "host_queued_start": 1586235871.243284, "device_queued": 1586235787.1704807, "device_end": 1586235787.174015, "host_queued_end": 1586235871.24374}, "device": "gpu", "nd_range": {"device_start": 1586235787.1740208, "device_end": 1586235787.1925433}, "cmdq": 0, "read": {"device_start": 1586235787.192547, "device_end": 1586235787.193404}}}