{"mm3_kernel10": {"write": {"device_start": 1586199818.401392, "host_queued_start": 1586199901.440302, "device_queued": 1586199818.401377, "device_end": 1586199818.4014115, "host_queued_end": 1586199901.440664}, "device": "gpu", "nd_range": {"device_start": 1586199818.401417, "device_end": 1586199818.4014373}, "cmdq": 0, "read": {"device_start": 1586199818.4014404, "device_end": 1586199818.4014423}}}