{"mm3_kernel10": {"write": {"device_start": 1586204749.7942271, "host_queued_start": 1586204832.971543, "device_queued": 1586204749.79392, "device_end": 1586204749.7950706, "host_queued_end": 1586204832.971926}, "device": "gpu", "nd_range": {"device_start": 1586204749.7950733, "device_end": 1586204749.7977004}, "cmdq": 0, "read": {"device_start": 1586204749.7977087, "device_end": 1586204749.7977934}}}