{"mm3_kernel10": {"write": {"device_start": 1586199927.6509068, "host_queued_start": 1586200010.692786, "device_queued": 1586199927.6508822, "device_end": 1586199927.6509538, "host_queued_end": 1586200010.693157}, "device": "gpu", "nd_range": {"device_start": 1586199927.6509552, "device_end": 1586199927.6510313}, "cmdq": 0, "read": {"device_start": 1586199927.6510327, "device_end": 1586199927.6510408}}}