{"mm3_kernel10": {"write": {"device_start": 1586204723.6399949, "host_queued_start": 1586204806.81655, "device_queued": 1586204723.6396644, "device_end": 1586204723.640862, "host_queued_end": 1586204806.816943}, "device": "gpu", "nd_range": {"device_start": 1586204723.6408648, "device_end": 1586204723.6431863}, "cmdq": 0, "read": {"device_start": 1586204723.6431942, "device_end": 1586204723.6432793}}}