{"mm3_kernel10": {"write": {"device_start": 1586199839.2168732, "host_queued_start": 1586199922.256374, "device_queued": 1586199839.2168562, "device_end": 1586199839.216898, "host_queued_end": 1586199922.256739}, "device": "gpu", "nd_range": {"device_start": 1586199839.2169023, "device_end": 1586199839.2169294}, "cmdq": 0, "read": {"device_start": 1586199839.2169402, "device_end": 1586199839.2169433}}}