{"mm3_kernel10": {"write": {"device_start": 1586204741.975473, "host_queued_start": 1586204825.152565, "device_queued": 1586204741.9751616, "device_end": 1586204741.9762723, "host_queued_end": 1586204825.152953}, "device": "gpu", "nd_range": {"device_start": 1586204741.9762774, "device_end": 1586204741.9789581}, "cmdq": 0, "read": {"device_start": 1586204741.9789639, "device_end": 1586204741.9790485}}}