{"mm3_kernel10": {"write": {"device_start": 1586204747.191306, "host_queued_start": 1586204830.368527, "device_queued": 1586204747.1909895, "device_end": 1586204747.192162, "host_queued_end": 1586204830.36892}, "device": "gpu", "nd_range": {"device_start": 1586204747.1921668, "device_end": 1586204747.194756}, "cmdq": 0, "read": {"device_start": 1586204747.194758, "device_end": 1586204747.1948433}}}