{"mm3_kernel10": {"write": {"device_start": 1586199919.786933, "host_queued_start": 1586200002.828647, "device_queued": 1586199919.7869086, "device_end": 1586199919.7869816, "host_queued_end": 1586200002.829006}, "device": "gpu", "nd_range": {"device_start": 1586199919.7869825, "device_end": 1586199919.7870584}, "cmdq": 0, "read": {"device_start": 1586199919.787064, "device_end": 1586199919.7870724}}}