{"mm3_kernel10": {"write": {"device_start": 1586199789.7822785, "host_queued_start": 1586199872.820319, "device_queued": 1586199789.7822628, "device_end": 1586199789.7823038, "host_queued_end": 1586199872.820681}, "device": "gpu", "nd_range": {"device_start": 1586199789.7823114, "device_end": 1586199789.782331}, "cmdq": 0, "read": {"device_start": 1586199789.782334, "device_end": 1586199789.782336}}}