{"mm3_kernel10": {"write": {"device_start": 1586199823.6052632, "host_queued_start": 1586199906.644301, "device_queued": 1586199823.605247, "device_end": 1586199823.605286, "host_queued_end": 1586199906.644673}, "device": "gpu", "nd_range": {"device_start": 1586199823.6052914, "device_end": 1586199823.6053114}, "cmdq": 0, "read": {"device_start": 1586199823.605316, "device_end": 1586199823.605318}}}