{"mm3_kernel10": {"write": {"device_start": 1586204689.6743135, "host_queued_start": 1586204772.850163, "device_queued": 1586204689.67423, "device_end": 1586204689.6746247, "host_queued_end": 1586204772.850534}, "device": "gpu", "nd_range": {"device_start": 1586204689.6746285, "device_end": 1586204689.6750143}, "cmdq": 0, "read": {"device_start": 1586204689.6750212, "device_end": 1586204689.6750438}}}