{"mm3_kernel10": {"write": {"device_start": 1586204700.1139448, "host_queued_start": 1586204783.290143, "device_queued": 1586204700.1138663, "device_end": 1586204700.1142468, "host_queued_end": 1586204783.290503}, "device": "gpu", "nd_range": {"device_start": 1586204700.1142552, "device_end": 1586204700.1146448}, "cmdq": 0, "read": {"device_start": 1586204700.1146479, "device_end": 1586204700.1146708}}}