{"mm3_kernel10": {"write": {"device_start": 1586199794.9540596, "host_queued_start": 1586199877.99229, "device_queued": 1586199794.9540443, "device_end": 1586199794.954079, "host_queued_end": 1586199877.992649}, "device": "gpu", "nd_range": {"device_start": 1586199794.9540846, "device_end": 1586199794.9541042}, "cmdq": 0, "read": {"device_start": 1586199794.9541094, "device_end": 1586199794.9541116}}}