{"mm3_kernel10": {"write": {"device_start": 1586204674.0306687, "host_queued_start": 1586204757.206091, "device_queued": 1586204674.030582, "device_end": 1586204674.0309846, "host_queued_end": 1586204757.206455}, "device": "gpu", "nd_range": {"device_start": 1586204674.0309927, "device_end": 1586204674.031324}, "cmdq": 0, "read": {"device_start": 1586204674.0313282, "device_end": 1586204674.031351}}}