{"mm3_kernel10": {"write": {"device_start": 1586235811.7633073, "host_queued_start": 1586235895.836489, "device_queued": 1586235811.7629974, "device_end": 1586235811.76679, "host_queued_end": 1586235895.836899}, "device": "gpu", "nd_range": {"device_start": 1586235811.766795, "device_end": 1586235811.786323}, "cmdq": 0, "read": {"device_start": 1586235811.7863243, "device_end": 1586235811.7872372}}}