{"mm3_kernel10": {"write": {"device_start": 1586199899.019653, "host_queued_start": 1586199982.060805, "device_queued": 1586199899.0196273, "device_end": 1586199899.0197067, "host_queued_end": 1586199982.061179}, "device": "gpu", "nd_range": {"device_start": 1586199899.019717, "device_end": 1586199899.0197713}, "cmdq": 0, "read": {"device_start": 1586199899.0197728, "device_end": 1586199899.01978}}}