{"mm3_kernel10": {"write": {"device_start": 1586235795.2346601, "host_queued_start": 1586235879.307458, "device_queued": 1586235795.2343874, "device_end": 1586235795.238038, "host_queued_end": 1586235879.307881}, "device": "gpu", "nd_range": {"device_start": 1586235795.2380412, "device_end": 1586235795.256585}, "cmdq": 0, "read": {"device_start": 1586235795.2565868, "device_end": 1586235795.2575176}}}