{"mm3_kernel10": {"write": {"device_start": 1586199873.0360708, "host_queued_start": 1586199956.076513, "device_queued": 1586199873.0360518, "device_end": 1586199873.0360987, "host_queued_end": 1586199956.07688}, "device": "gpu", "nd_range": {"device_start": 1586199873.036103, "device_end": 1586199873.0361419}, "cmdq": 0, "read": {"device_start": 1586199873.0361507, "device_end": 1586199873.036155}}}