{"mm3_kernel10": {"write": {"device_start": 1586204666.2390034, "host_queued_start": 1586204749.414192, "device_queued": 1586204666.2389193, "device_end": 1586204666.2392917, "host_queued_end": 1586204749.414565}, "device": "gpu", "nd_range": {"device_start": 1586204666.2393, "device_end": 1586204666.2396336}, "cmdq": 0, "read": {"device_start": 1586204666.2396352, "device_end": 1586204666.239658}}}