{"FFC_sans_bias0": {"write": {"device_start": 1585477466.6931138, "host_queued_start": 1585477528.954256, "device_queued": 1585477466.6928022, "device_end": 1585477466.6935804, "host_queued_end": 1585477528.954654}, "device": "gpu", "nd_range": {"device_start": 1585477466.6935842, "device_end": 1585477466.6975024}, "cmdq": 0, "read": {"device_start": 1585477466.6975107, "device_end": 1585477466.6975951}}}