{"MatVecMulUncoalesced10": {"write": {"device_start": 1586197547.2161098, "host_queued_start": 1586197630.18927, "device_queued": 1586197547.216086, "device_end": 1586197547.2161388, "host_queued_end": 1586197630.189619}, "device": "gpu", "nd_range": {"device_start": 1586197547.2162561, "device_end": 1586197547.216278}, "cmdq": 0, "read": {"device_start": 1586197547.21628, "device_end": 1586197547.2162817}}}