{"MatVecMulUncoalesced10": {"write": {"device_start": 1586202219.5270672, "host_queued_start": 1586202302.634411, "device_queued": 1586202219.5269723, "device_end": 1586202219.5272484, "host_queued_end": 1586202302.634794}, "device": "gpu", "nd_range": {"device_start": 1586202219.5272572, "device_end": 1586202219.527299}, "cmdq": 0, "read": {"device_start": 1586202219.527304, "device_end": 1586202219.5273058}}}