{"MatVecMulUncoalesced10": {"write": {"device_start": 1586234013.6174858, "host_queued_start": 1586234097.637556, "device_queued": 1586234013.6171618, "device_end": 1586234013.6196046, "host_queued_end": 1586234097.637933}, "device": "gpu", "nd_range": {"device_start": 1586234013.6196082, "device_end": 1586234013.6197517}, "cmdq": 0, "read": {"device_start": 1586234013.6197548, "device_end": 1586234013.6197572}}}