{"MatVecMulUncoalesced10": {"write": {"device_start": 1586202250.9285057, "host_queued_start": 1586202334.036618, "device_queued": 1586202250.9282484, "device_end": 1586202250.9289863, "host_queued_end": 1586202334.03699}, "device": "gpu", "nd_range": {"device_start": 1586202250.9290366, "device_end": 1586202250.9290943}, "cmdq": 0, "read": {"device_start": 1586202250.9291008, "device_end": 1586202250.929103}}}