{"MatVecMulUncoalesced10": {"write": {"device_start": 1586197523.7686155, "host_queued_start": 1586197606.741038, "device_queued": 1586197523.7685976, "device_end": 1586197523.7686312, "host_queued_end": 1586197606.741382}, "device": "gpu", "nd_range": {"device_start": 1586197523.7687569, "device_end": 1586197523.7687743}, "cmdq": 0, "read": {"device_start": 1586197523.768779, "device_end": 1586197523.768781}}}