{"MatVecMulUncoalesced10": {"write": {"device_start": 1586234050.4175777, "host_queued_start": 1586234134.43875, "device_queued": 1586234050.4172924, "device_end": 1586234050.4197977, "host_queued_end": 1586234134.439215}, "device": "gpu", "nd_range": {"device_start": 1586234050.4198003, "device_end": 1586234050.4199421}, "cmdq": 0, "read": {"device_start": 1586234050.4199464, "device_end": 1586234050.4199486}}}