{"MatVecMulUncoalesced10": {"write": {"device_start": 1586234103.0866268, "host_queued_start": 1586234187.109532, "device_queued": 1586234103.0863469, "device_end": 1586234103.088764, "host_queued_end": 1586234187.1099}, "device": "gpu", "nd_range": {"device_start": 1586234103.0887694, "device_end": 1586234103.0892777}, "cmdq": 0, "read": {"device_start": 1586234103.089285, "device_end": 1586234103.0892873}}}