{"MatVecMulUncoalesced10": {"write": {"device_start": 1586202227.3707786, "host_queued_start": 1586202310.478395, "device_queued": 1586202227.3706968, "device_end": 1586202227.3710146, "host_queued_end": 1586202310.478769}, "device": "gpu", "nd_range": {"device_start": 1586202227.3710217, "device_end": 1586202227.3710635}, "cmdq": 0, "read": {"device_start": 1586202227.3710704, "device_end": 1586202227.371072}}}