{"MatVecMulUncoalesced10": {"write": {"device_start": 1586202196.0758936, "host_queued_start": 1586202279.18259, "device_queued": 1586202196.075797, "device_end": 1586202196.0760343, "host_queued_end": 1586202279.182937}, "device": "gpu", "nd_range": {"device_start": 1586202196.0760646, "device_end": 1586202196.0760956}, "cmdq": 0, "read": {"device_start": 1586202196.0761046, "device_end": 1586202196.0761063}}}