{"MatVecMulUncoalesced10": {"write": {"device_start": 1586234066.2206104, "host_queued_start": 1586234150.24233, "device_queued": 1586234066.220323, "device_end": 1586234066.2228022, "host_queued_end": 1586234150.242744}, "device": "gpu", "nd_range": {"device_start": 1586234066.2228067, "device_end": 1586234066.2230654}, "cmdq": 0, "read": {"device_start": 1586234066.223069, "device_end": 1586234066.2230713}}}