{"MatVecMulUncoalesced10": {"write": {"device_start": 1586202203.9495053, "host_queued_start": 1586202287.056425, "device_queued": 1586202203.949401, "device_end": 1586202203.9497554, "host_queued_end": 1586202287.056784}, "device": "gpu", "nd_range": {"device_start": 1586202203.949802, "device_end": 1586202203.9498289}, "cmdq": 0, "read": {"device_start": 1586202203.9498334, "device_end": 1586202203.949835}}}