{"MatVecMulUncoalesced10": {"write": {"device_start": 1586202193.4571118, "host_queued_start": 1586202276.563736, "device_queued": 1586202193.457019, "device_end": 1586202193.4572392, "host_queued_end": 1586202276.564101}, "device": "gpu", "nd_range": {"device_start": 1586202193.4572425, "device_end": 1586202193.4572678}, "cmdq": 0, "read": {"device_start": 1586202193.4572737, "device_end": 1586202193.4572754}}}