{"MatVecMulUncoalesced10": {"write": {"device_start": 1586234074.1877348, "host_queued_start": 1586234158.209657, "device_queued": 1586234074.187453, "device_end": 1586234074.1898956, "host_queued_end": 1586234158.210058}, "device": "gpu", "nd_range": {"device_start": 1586234074.1898994, "device_end": 1586234074.1901577}, "cmdq": 0, "read": {"device_start": 1586234074.1901648, "device_end": 1586234074.1901672}}}