{"MatVecMulUncoalesced10": {"write": {"device_start": 1586234068.8526847, "host_queued_start": 1586234152.874467, "device_queued": 1586234068.8524075, "device_end": 1586234068.8548613, "host_queued_end": 1586234152.874904}, "device": "gpu", "nd_range": {"device_start": 1586234068.8548696, "device_end": 1586234068.8551347}, "cmdq": 0, "read": {"device_start": 1586234068.8551393, "device_end": 1586234068.8551416}}}