{"MatVecMulUncoalesced10": {"write": {"device_start": 1586234042.5111275, "host_queued_start": 1586234126.532098, "device_queued": 1586234042.5108511, "device_end": 1586234042.513383, "host_queued_end": 1586234126.532503}, "device": "gpu", "nd_range": {"device_start": 1586234042.513392, "device_end": 1586234042.5135343}, "cmdq": 0, "read": {"device_start": 1586234042.5135388, "device_end": 1586234042.5135412}}}