{"MatVecMulUncoalesced10": {"write": {"device_start": 1586202229.9708207, "host_queued_start": 1586202313.078516, "device_queued": 1586202229.9707422, "device_end": 1586202229.9710553, "host_queued_end": 1586202313.078898}, "device": "gpu", "nd_range": {"device_start": 1586202229.971059, "device_end": 1586202229.971101}, "cmdq": 0, "read": {"device_start": 1586202229.9711077, "device_end": 1586202229.9711094}}}