{"MatVecMulUncoalesced10": {"write": {"device_start": 1586202271.782189, "host_queued_start": 1586202354.890869, "device_queued": 1586202271.7819126, "device_end": 1586202271.7826486, "host_queued_end": 1586202354.891237}, "device": "gpu", "nd_range": {"device_start": 1586202271.7826543, "device_end": 1586202271.7827237}, "cmdq": 0, "read": {"device_start": 1586202271.7827275, "device_end": 1586202271.7827296}}}