{"MatVecMulUncoalesced10": {"write": {"device_start": 1586197531.584428, "host_queued_start": 1586197614.55708, "device_queued": 1586197531.5844107, "device_end": 1586197531.584444, "host_queued_end": 1586197614.557432}, "device": "gpu", "nd_range": {"device_start": 1586197531.5845697, "device_end": 1586197531.5845873}, "cmdq": 0, "read": {"device_start": 1586197531.5845923, "device_end": 1586197531.584594}}}