{"MatVecMulUncoalesced10": {"write": {"device_start": 1586202175.1649535, "host_queued_start": 1586202258.271004, "device_queued": 1586202175.1648636, "device_end": 1586202175.1651247, "host_queued_end": 1586202258.271357}, "device": "gpu", "nd_range": {"device_start": 1586202175.1651523, "device_end": 1586202175.1651845}, "cmdq": 0, "read": {"device_start": 1586202175.165193, "device_end": 1586202175.1651947}}}