{"bicgKernel10": {"write": {"device_start": 1586202926.060842, "host_queued_start": 1586203009.188052, "device_queued": 1586202926.0608268, "device_end": 1586202926.0608544, "host_queued_end": 1586203009.188394}, "device": "gpu", "nd_range": {"device_start": 1586202926.0608623, "device_end": 1586202926.0610185}, "cmdq": 0, "read": {"device_start": 1586202926.061021, "device_end": 1586202926.061023}}}