{"bicgKernel10": {"write": {"device_start": 1586197987.9653249, "host_queued_start": 1586198070.952007, "device_queued": 1586197987.9653094, "device_end": 1586197987.965339, "host_queued_end": 1586198070.95236}, "device": "gpu", "nd_range": {"device_start": 1586197987.9653475, "device_end": 1586197987.965395}, "cmdq": 0, "read": {"device_start": 1586197987.965402, "device_end": 1586197987.9654038}}}