{"bicgKernel10": {"write": {"device_start": 1586202942.296439, "host_queued_start": 1586203025.424086, "device_queued": 1586202942.2964234, "device_end": 1586202942.2964504, "host_queued_end": 1586203025.424433}, "device": "gpu", "nd_range": {"device_start": 1586202942.296459, "device_end": 1586202942.2966216}, "cmdq": 0, "read": {"device_start": 1586202942.296628, "device_end": 1586202942.2966301}}}