{"bicgKernel10": {"write": {"device_start": 1586202907.2653759, "host_queued_start": 1586202990.392105, "device_queued": 1586202907.2653608, "device_end": 1586202907.2653875, "host_queued_end": 1586202990.39246}, "device": "gpu", "nd_range": {"device_start": 1586202907.2653959, "device_end": 1586202907.2655468}, "cmdq": 0, "read": {"device_start": 1586202907.265551, "device_end": 1586202907.2655532}}}