{"bicgKernel10": {"write": {"device_start": 1586202871.4023283, "host_queued_start": 1586202954.52803, "device_queued": 1586202871.402313, "device_end": 1586202871.40234, "host_queued_end": 1586202954.528376}, "device": "gpu", "nd_range": {"device_start": 1586202871.4023483, "device_end": 1586202871.402431}, "cmdq": 0, "read": {"device_start": 1586202871.4024343, "device_end": 1586202871.4024363}}}