{"bicgKernel10": {"write": {"device_start": 1586202933.960672, "host_queued_start": 1586203017.088118, "device_queued": 1586202933.9606562, "device_end": 1586202933.9606829, "host_queued_end": 1586203017.088461}, "device": "gpu", "nd_range": {"device_start": 1586202933.9606915, "device_end": 1586202933.9608479}, "cmdq": 0, "read": {"device_start": 1586202933.9608502, "device_end": 1586202933.9608524}}}