{"mm0": {"write": {"device_start": -1, "host_queued_start": 1586204240.673376, "device_queued": -1, "device_end": -1, "host_queued_end": 1586204240.673636}, "device": "cpu", "nd_range": {"device_start": 2872014.8631154383, "device_end": 2872014.8641313533}, "cmdq": 0, "read": {"device_start": -1, "device_end": -1}}}