{"mm0": {"write": {"device_start": -1, "host_queued_start": 1586199322.536353, "device_queued": -1, "device_end": -1, "host_queued_end": 1586199322.536613}, "device": "cpu", "nd_range": {"device_start": 2867096.7260984024, "device_end": 2867096.7270363844}, "cmdq": 0, "read": {"device_start": -1, "device_end": -1}}}