{"mm0": {"write": {"device_start": 1586199218.664944, "host_queued_start": 1586199301.687026, "device_queued": 1586199218.6649265, "device_end": 1586199218.664961, "host_queued_end": 1586199301.687374}, "device": "gpu", "nd_range": {"device_start": 1586199218.664968, "device_end": 1586199218.664991}, "cmdq": 0, "read": {"device_start": 1586199218.664992, "device_end": 1586199218.6649954}}}