{"mm0": {"write": {"device_start": 1586204251.442477, "host_queued_start": 1586204334.605806, "device_queued": 1586204251.4421601, "device_end": 1586204251.4429743, "host_queued_end": 1586204334.606171}, "device": "gpu", "nd_range": {"device_start": 1586204251.4429781, "device_end": 1586204251.444862}, "cmdq": 0, "read": {"device_start": 1586204251.44487, "device_end": 1586204251.4449556}}}