{"mm0": {"write": {"device_start": 1586204256.6979449, "host_queued_start": 1586204339.861396, "device_queued": 1586204256.6976187, "device_end": 1586204256.6984358, "host_queued_end": 1586204339.861787}, "device": "gpu", "nd_range": {"device_start": 1586204256.6984441, "device_end": 1586204256.700329}, "cmdq": 0, "read": {"device_start": 1586204256.7003338, "device_end": 1586204256.7004223}}}