{"mm0": {"write": {"device_start": 1586199192.6270418, "host_queued_start": 1586199275.648403, "device_queued": 1586199192.6270244, "device_end": 1586199192.6270583, "host_queued_end": 1586199275.648751}, "device": "gpu", "nd_range": {"device_start": 1586199192.6270657, "device_end": 1586199192.6270852}, "cmdq": 0, "read": {"device_start": 1586199192.6270905, "device_end": 1586199192.6270936}}}