{"mm0": {"write": {"device_start": 1586199148.312005, "host_queued_start": 1586199231.332086, "device_queued": 1586199148.3119898, "device_end": 1586199148.3120174, "host_queued_end": 1586199231.332435}, "device": "gpu", "nd_range": {"device_start": 1586199148.3120255, "device_end": 1586199148.3120475}, "cmdq": 0, "read": {"device_start": 1586199148.3120618, "device_end": 1586199148.312064}}}