{"mm0": {"write": {"device_start": 1586199216.0621781, "host_queued_start": 1586199299.084169, "device_queued": 1586199216.0621603, "device_end": 1586199216.062198, "host_queued_end": 1586199299.084517}, "device": "gpu", "nd_range": {"device_start": 1586199216.0622056, "device_end": 1586199216.0622284}, "cmdq": 0, "read": {"device_start": 1586199216.0622396, "device_end": 1586199216.0622435}}}