{"mm0": {"write": {"device_start": 1586199163.9155028, "host_queued_start": 1586199246.936031, "device_queued": 1586199163.915487, "device_end": 1586199163.9155154, "host_queued_end": 1586199246.936377}, "device": "gpu", "nd_range": {"device_start": 1586199163.9155238, "device_end": 1586199163.9155402}, "cmdq": 0, "read": {"device_start": 1586199163.9155467, "device_end": 1586199163.915549}}}