{"mm0": {"write": {"device_start": 1586199275.9246767, "host_queued_start": 1586199358.94835, "device_queued": 1586199275.9246514, "device_end": 1586199275.924705, "host_queued_end": 1586199358.948702}, "device": "gpu", "nd_range": {"device_start": 1586199275.9247096, "device_end": 1586199275.9247763}, "cmdq": 0, "read": {"device_start": 1586199275.9247832, "device_end": 1586199275.9247906}}}