{"mm0": {"write": {"device_start": 1586204233.1231446, "host_queued_start": 1586204316.285962, "device_queued": 1586204233.122853, "device_end": 1586204233.123634, "host_queued_end": 1586204316.286324}, "device": "gpu", "nd_range": {"device_start": 1586204233.1236365, "device_end": 1586204233.125101}, "cmdq": 0, "read": {"device_start": 1586204233.125103, "device_end": 1586204233.1251886}}}