{"mm0": {"write": {"device_start": 1586199197.7986531, "host_queued_start": 1586199280.820148, "device_queued": 1586199197.798635, "device_end": 1586199197.798672, "host_queued_end": 1586199280.820493}, "device": "gpu", "nd_range": {"device_start": 1586199197.7986803, "device_end": 1586199197.7986996}, "cmdq": 0, "read": {"device_start": 1586199197.798705, "device_end": 1586199197.7987084}}}