{"mm0": {"write": {"device_start": 1586199270.6767824, "host_queued_start": 1586199353.700327, "device_queued": 1586199270.6767592, "device_end": 1586199270.6768107, "host_queued_end": 1586199353.70068}, "device": "gpu", "nd_range": {"device_start": 1586199270.676815, "device_end": 1586199270.6768806}, "cmdq": 0, "read": {"device_start": 1586199270.6768844, "device_end": 1586199270.6768918}}}