{"mm0": {"write": {"device_start": 1586235446.1678529, "host_queued_start": 1586235530.230389, "device_queued": 1586235446.167523, "device_end": 1586235446.1700675, "host_queued_end": 1586235530.230773}, "device": "gpu", "nd_range": {"device_start": 1586235446.1700757, "device_end": 1586235446.1815963}, "cmdq": 0, "read": {"device_start": 1586235446.181601, "device_end": 1586235446.182462}}}