{"mm0": {"write": {"device_start": 1586199273.312724, "host_queued_start": 1586199356.336337, "device_queued": 1586199273.3127003, "device_end": 1586199273.3127582, "host_queued_end": 1586199356.336684}, "device": "gpu", "nd_range": {"device_start": 1586199273.3127666, "device_end": 1586199273.3128345}, "cmdq": 0, "read": {"device_start": 1586199273.3128386, "device_end": 1586199273.312846}}}