{"mm0": {"write": {"device_start": 1586199242.1058314, "host_queued_start": 1586199325.128577, "device_queued": 1586199242.1058078, "device_end": 1586199242.1058605, "host_queued_end": 1586199325.128921}, "device": "gpu", "nd_range": {"device_start": 1586199242.1058643, "device_end": 1586199242.1059031}, "cmdq": 0, "read": {"device_start": 1586199242.105909, "device_end": 1586199242.1059196}}}