{"mm0": {"write": {"device_start": 1586204227.9512594, "host_queued_start": 1586204311.113953, "device_queued": 1586204227.9509704, "device_end": 1586204227.9517233, "host_queued_end": 1586204311.114342}, "device": "gpu", "nd_range": {"device_start": 1586204227.9517264, "device_end": 1586204227.9531994}, "cmdq": 0, "read": {"device_start": 1586204227.9532073, "device_end": 1586204227.9532924}}}