{"mm0": {"write": {"device_start": 1586199247.3061972, "host_queued_start": 1586199330.329088, "device_queued": 1586199247.3061724, "device_end": 1586199247.306226, "host_queued_end": 1586199330.329438}, "device": "gpu", "nd_range": {"device_start": 1586199247.30623, "device_end": 1586199247.306269}, "cmdq": 0, "read": {"device_start": 1586199247.3062747, "device_end": 1586199247.306285}}}