{"mm0": {"write": {"device_start": 1586204254.0905778, "host_queued_start": 1586204337.253995, "device_queued": 1586204254.0902734, "device_end": 1586204254.0910277, "host_queued_end": 1586204337.254362}, "device": "gpu", "nd_range": {"device_start": 1586204254.0910342, "device_end": 1586204254.0929132}, "cmdq": 0, "read": {"device_start": 1586204254.0929177, "device_end": 1586204254.0930033}}}