{"MatVecMulCoalesced10": {"write": {"device_start": 1586233772.26979, "host_queued_start": 1586233856.282391, "device_queued": 1586233772.269479, "device_end": 1586233772.2719781, "host_queued_end": 1586233856.282811}, "device": "gpu", "nd_range": {"device_start": 1586233772.2719862, "device_end": 1586233772.2735167}, "cmdq": 0, "read": {"device_start": 1586233772.2735245, "device_end": 1586233772.273527}}}