{"MatVecMulCoalesced10": {"write": {"device_start": 1586201821.7417662, "host_queued_start": 1586201904.836996, "device_queued": 1586201821.7414994, "device_end": 1586201821.7422473, "host_queued_end": 1586201904.837422}, "device": "gpu", "nd_range": {"device_start": 1586201821.7422547, "device_end": 1586201821.7425306}, "cmdq": 0, "read": {"device_start": 1586201821.742539, "device_end": 1586201821.742541}}}