{"MatVecMulCoalesced10": {"write": {"device_start": 1586197255.0255249, "host_queued_start": 1586197337.989742, "device_queued": 1586197255.025507, "device_end": 1586197255.0255527, "host_queued_end": 1586197337.990088}, "device": "gpu", "nd_range": {"device_start": 1586197255.025688, "device_end": 1586197255.0257936}, "cmdq": 0, "read": {"device_start": 1586197255.025795, "device_end": 1586197255.0257967}}}