{"MatVecMulCoalesced10": {"write": {"device_start": 1586197275.8461502, "host_queued_start": 1586197358.810959, "device_queued": 1586197275.8461163, "device_end": 1586197275.8461826, "host_queued_end": 1586197358.811311}, "device": "gpu", "nd_range": {"device_start": 1586197275.8462894, "device_end": 1586197275.8464105}, "cmdq": 0, "read": {"device_start": 1586197275.8464162, "device_end": 1586197275.846418}}}