{"MatVecMulCoalesced10": {"write": {"device_start": 1586201863.7271304, "host_queued_start": 1586201946.823618, "device_queued": 1586201863.7268088, "device_end": 1586201863.7276053, "host_queued_end": 1586201946.823988}, "device": "gpu", "nd_range": {"device_start": 1586201863.7276144, "device_end": 1586201863.7282622}, "cmdq": 0, "read": {"device_start": 1586201863.728269, "device_end": 1586201863.7282712}}}