{"MatVecMulCoalesced10": {"write": {"device_start": 1586197247.1895518, "host_queued_start": 1586197330.153527, "device_queued": 1586197247.1895337, "device_end": 1586197247.1895711, "host_queued_end": 1586197330.153893}, "device": "gpu", "nd_range": {"device_start": 1586197247.1896913, "device_end": 1586197247.1897974}, "cmdq": 0, "read": {"device_start": 1586197247.1898048, "device_end": 1586197247.1898067}}}