{"MatVecMulCoalesced10": {"write": {"device_start": 1586201811.2806113, "host_queued_start": 1586201894.375567, "device_queued": 1586201811.2803144, "device_end": 1586201811.2810614, "host_queued_end": 1586201894.375965}, "device": "gpu", "nd_range": {"device_start": 1586201811.2810683, "device_end": 1586201811.2813442}, "cmdq": 0, "read": {"device_start": 1586201811.2813463, "device_end": 1586201811.2813485}}}