{"MatVecMulCoalesced10": {"write": {"device_start": 1586233690.541184, "host_queued_start": 1586233774.551358, "device_queued": 1586233690.5409186, "device_end": 1586233690.5433714, "host_queued_end": 1586233774.551725}, "device": "gpu", "nd_range": {"device_start": 1586233690.5433798, "device_end": 1586233690.5438492}, "cmdq": 0, "read": {"device_start": 1586233690.5438545, "device_end": 1586233690.5438566}}}