{"MatVecMulCoalesced10": {"write": {"device_start": 1586233693.1842508, "host_queued_start": 1586233777.194609, "device_queued": 1586233693.1839933, "device_end": 1586233693.1864762, "host_queued_end": 1586233777.195015}, "device": "gpu", "nd_range": {"device_start": 1586233693.1864805, "device_end": 1586233693.1869493}, "cmdq": 0, "read": {"device_start": 1586233693.1869552, "device_end": 1586233693.1869576}}}