{"MatVecMulCoalesced10": {"write": {"device_start": 1586233761.722462, "host_queued_start": 1586233845.734851, "device_queued": 1586233761.7221773, "device_end": 1586233761.724676, "host_queued_end": 1586233845.735238}, "device": "gpu", "nd_range": {"device_start": 1586233761.7246788, "device_end": 1586233761.726207}, "cmdq": 0, "read": {"device_start": 1586233761.7262099, "device_end": 1586233761.7262123}}}