{"MatVecMulCoalesced10": {"write": {"device_start": 1586201735.2864838, "host_queued_start": 1586201818.379323, "device_queued": 1586201735.2864046, "device_end": 1586201735.286677, "host_queued_end": 1586201818.379765}, "device": "gpu", "nd_range": {"device_start": 1586201735.2866833, "device_end": 1586201735.2868292}, "cmdq": 0, "read": {"device_start": 1586201735.2868304, "device_end": 1586201735.2868326}}}