{"MatVecMulCoalesced10": {"write": {"device_start": 1586197281.0433872, "host_queued_start": 1586197364.008119, "device_queued": 1586197281.0433044, "device_end": 1586197281.0434053, "host_queued_end": 1586197364.008573}, "device": "gpu", "nd_range": {"device_start": 1586197281.043538, "device_end": 1586197281.0436532}, "cmdq": 0, "read": {"device_start": 1586197281.0436585, "device_end": 1586197281.0436604}}}