{"MatVecMulCoalesced10": {"write": {"device_start": 1586201732.6426744, "host_queued_start": 1586201815.735501, "device_queued": 1586201732.6425877, "device_end": 1586201732.6428568, "host_queued_end": 1586201815.735872}, "device": "gpu", "nd_range": {"device_start": 1586201732.6428878, "device_end": 1586201732.6430397}, "cmdq": 0, "read": {"device_start": 1586201732.6430483, "device_end": 1586201732.6430502}}}