{"MatVecMulCoalesced10": {"write": {"device_start": 1586197252.4133039, "host_queued_start": 1586197335.377405, "device_queued": 1586197252.4132857, "device_end": 1586197252.4133217, "host_queued_end": 1586197335.377754}, "device": "gpu", "nd_range": {"device_start": 1586197252.413456, "device_end": 1586197252.4135616}, "cmdq": 0, "read": {"device_start": 1586197252.4135668, "device_end": 1586197252.4135685}}}