{"MatVecMulCoalesced10": {"write": {"device_start": 1586201837.4958386, "host_queued_start": 1586201920.591541, "device_queued": 1586201837.495518, "device_end": 1586201837.49627, "host_queued_end": 1586201920.591912}, "device": "gpu", "nd_range": {"device_start": 1586201837.4962783, "device_end": 1586201837.4966679}, "cmdq": 0, "read": {"device_start": 1586201837.496671, "device_end": 1586201837.496673}}}