{"MatVecMulCoalesced10": {"write": {"device_start": 1586201790.3060877, "host_queued_start": 1586201873.400661, "device_queued": 1586201790.306008, "device_end": 1586201790.306218, "host_queued_end": 1586201873.40101}, "device": "gpu", "nd_range": {"device_start": 1586201790.3062496, "device_end": 1586201790.3067563}, "cmdq": 0, "read": {"device_start": 1586201790.3067575, "device_end": 1586201790.3067594}}}