{"MatVecMulCoalesced10": {"write": {"device_start": 1586201769.4008634, "host_queued_start": 1586201852.494802, "device_queued": 1586201769.400785, "device_end": 1586201769.4009914, "host_queued_end": 1586201852.495153}, "device": "gpu", "nd_range": {"device_start": 1586201769.4010255, "device_end": 1586201769.401283}, "cmdq": 0, "read": {"device_start": 1586201769.4012885, "device_end": 1586201769.4012904}}}