{"MatVecMulCoalesced10": {"write": {"device_start": 1586201737.8940947, "host_queued_start": 1586201820.987052, "device_queued": 1586201737.8940122, "device_end": 1586201737.8942502, "host_queued_end": 1586201820.987423}, "device": "gpu", "nd_range": {"device_start": 1586201737.89431, "device_end": 1586201737.8944614}, "cmdq": 0, "read": {"device_start": 1586201737.8944664, "device_end": 1586201737.8944683}}}