{"MatVecMulCoalesced10": {"write": {"device_start": 1586233719.5470078, "host_queued_start": 1586233803.558039, "device_queued": 1586233719.5467234, "device_end": 1586233719.5492172, "host_queued_end": 1586233803.55847}, "device": "gpu", "nd_range": {"device_start": 1586233719.5492222, "device_end": 1586233719.5498114}, "cmdq": 0, "read": {"device_start": 1586233719.5498197, "device_end": 1586233719.549822}}}