{"mvt_kernel10": {"write": {"device_start": 1586236039.9634736, "host_queued_start": 1586236124.043499, "device_queued": 1586236039.9632158, "device_end": 1586236039.965642, "host_queued_end": 1586236124.043963}, "device": "gpu", "nd_range": {"device_start": 1586236039.9656432, "device_end": 1586236039.966016}, "cmdq": 0, "read": {"device_start": 1586236039.9660234, "device_end": 1586236039.966026}}}