{"mvt_kernel10": {"write": {"device_start": 1586200246.0853994, "host_queued_start": 1586200329.136152, "device_queued": 1586200246.0853415, "device_end": 1586200246.0855272, "host_queued_end": 1586200329.136513}, "device": "gpu", "nd_range": {"device_start": 1586200246.0855346, "device_end": 1586200246.0855858}, "cmdq": 0, "read": {"device_start": 1586200246.0855918, "device_end": 1586200246.0855937}}}