{"mvt_kernel10": {"write": {"device_start": 1586236063.5860093, "host_queued_start": 1586236147.666769, "device_queued": 1586236063.5857556, "device_end": 1586236063.5880506, "host_queued_end": 1586236147.66719}, "device": "gpu", "nd_range": {"device_start": 1586236063.5880518, "device_end": 1586236063.5884542}, "cmdq": 0, "read": {"device_start": 1586236063.5884557, "device_end": 1586236063.5884585}}}