{"mvt_kernel10": {"write": {"device_start": 1586236021.5066674, "host_queued_start": 1586236105.586133, "device_queued": 1586236021.5064049, "device_end": 1586236021.5087502, "host_queued_end": 1586236105.586564}, "device": "gpu", "nd_range": {"device_start": 1586236021.5087512, "device_end": 1586236021.5091283}, "cmdq": 0, "read": {"device_start": 1586236021.5091372, "device_end": 1586236021.5091398}}}