{"mvt_kernel10": {"write": {"device_start": 1586205073.1209497, "host_queued_start": 1586205156.307451, "device_queued": 1586205073.1206849, "device_end": 1586205073.1212976, "host_queued_end": 1586205156.307835}, "device": "gpu", "nd_range": {"device_start": 1586205073.1212986, "device_end": 1586205073.1214857}, "cmdq": 0, "read": {"device_start": 1586205073.1214888, "device_end": 1586205073.1214912}}}