{"mvt_kernel10": {"write": {"device_start": 1586236066.2337565, "host_queued_start": 1586236150.314679, "device_queued": 1586236066.2335024, "device_end": 1586236066.2358584, "host_queued_end": 1586236150.315057}, "device": "gpu", "nd_range": {"device_start": 1586236066.2358596, "device_end": 1586236066.2362535}, "cmdq": 0, "read": {"device_start": 1586236066.2362552, "device_end": 1586236066.2362578}}}