{"mvt_kernel10": {"write": {"device_start": 1586205018.5557077, "host_queued_start": 1586205101.740859, "device_queued": 1586205018.5555806, "device_end": 1586205018.5557983, "host_queued_end": 1586205101.741222}, "device": "gpu", "nd_range": {"device_start": 1586205018.5558064, "device_end": 1586205018.5559037}, "cmdq": 0, "read": {"device_start": 1586205018.5559058, "device_end": 1586205018.5559077}}}