{"mvt_kernel10": {"write": {"device_start": 1586236016.2588055, "host_queued_start": 1586236100.338085, "device_queued": 1586236016.258573, "device_end": 1586236016.2608788, "host_queued_end": 1586236100.338552}, "device": "gpu", "nd_range": {"device_start": 1586236016.26088, "device_end": 1586236016.2612514}, "cmdq": 0, "read": {"device_start": 1586236016.2612572, "device_end": 1586236016.2612596}}}