{"mvt_kernel10": {"write": {"device_start": 1586200282.4604323, "host_queued_start": 1586200365.512142, "device_queued": 1586200282.4603648, "device_end": 1586200282.460559, "host_queued_end": 1586200365.512499}, "device": "gpu", "nd_range": {"device_start": 1586200282.4605672, "device_end": 1586200282.4606185}, "cmdq": 0, "read": {"device_start": 1586200282.4606247, "device_end": 1586200282.4606266}}}