{"mvt_kernel10": {"write": {"device_start": 1586205003.012063, "host_queued_start": 1586205086.196782, "device_queued": 1586205003.0119371, "device_end": 1586205003.0121515, "host_queued_end": 1586205086.197165}, "device": "gpu", "nd_range": {"device_start": 1586205003.0121596, "device_end": 1586205003.0122507}, "cmdq": 0, "read": {"device_start": 1586205003.0122588, "device_end": 1586205003.0122604}}}