{"mvt_kernel10": {"write": {"device_start": 1586236068.853505, "host_queued_start": 1586236152.934384, "device_queued": 1586236068.8532515, "device_end": 1586236068.855609, "host_queued_end": 1586236152.934801}, "device": "gpu", "nd_range": {"device_start": 1586236068.8556104, "device_end": 1586236068.8560047}, "cmdq": 0, "read": {"device_start": 1586236068.8560138, "device_end": 1586236068.8560162}}}