{"mvt_kernel10": {"write": {"device_start": 1586205125.3514197, "host_queued_start": 1586205208.539316, "device_queued": 1586205125.3511188, "device_end": 1586205125.3517964, "host_queued_end": 1586205208.539692}, "device": "gpu", "nd_range": {"device_start": 1586205125.3517976, "device_end": 1586205125.351992}, "cmdq": 0, "read": {"device_start": 1586205125.3519952, "device_end": 1586205125.3519976}}}