{"mvt_kernel10": {"write": {"device_start": 1586236090.0247471, "host_queued_start": 1586236174.106283, "device_queued": 1586236090.0244818, "device_end": 1586236090.0268264, "host_queued_end": 1586236174.10671}, "device": "gpu", "nd_range": {"device_start": 1586236090.0268273, "device_end": 1586236090.0274441}, "cmdq": 0, "read": {"device_start": 1586236090.0274522, "device_end": 1586236090.0274549}}}