{"mvt_kernel10": {"write": {"device_start": 1586236010.934449, "host_queued_start": 1586236095.013387, "device_queued": 1586236010.9340737, "device_end": 1586236010.9368298, "host_queued_end": 1586236095.013874}, "device": "gpu", "nd_range": {"device_start": 1586236010.936831, "device_end": 1586236010.9372027}, "cmdq": 0, "read": {"device_start": 1586236010.9372087, "device_end": 1586236010.9372115}}}