{"mvt_kernel10": {"write": {"device_start": 1586200251.261239, "host_queued_start": 1586200334.312099, "device_queued": 1586200251.2611809, "device_end": 1586200251.2613928, "host_queued_end": 1586200334.312461}, "device": "gpu", "nd_range": {"device_start": 1586200251.2614007, "device_end": 1586200251.261452}, "cmdq": 0, "read": {"device_start": 1586200251.2614572, "device_end": 1586200251.261459}}}